1728053248,1728120063,AU
1728120064,1728120319,SG
1728120320,1728120575,IN
1728120576,1728120831,AU
1728120832,1728121855,CN
1728121856,1728123903,HK
1728123904,1728125951,CN
1728125952,1728126975,LA
1728126976,1728130047,HK
1728131072,1728131583,IN
1728131584,1728132095,ID
1728132096,1728135167,AU
1728135168,1728136191,HK
1728136192,1728137215,MY
1728137216,1728138239,CN
1728138240,1728139263,AU
1728139264,1728140287,IN
1728140288,1728141311,SG
1728141312,1728142335,CN
1728142336,1728143359,NP
1728143360,1728144383,GU
1728144384,1728145407,IN
1728145408,1728146431,MY
1728146432,1728147455,AU
1728147456,1728148479,IN
1728148480,1728149503,PH
1728149504,1728150527,JP
1728150528,1728152575,IN
1728152576,1728153599,MY
1728153600,1728154623,SG
1728154624,1728155647,JP
1728155648,1728157695,MY
1728157696,1728158719,HK
1728158720,1728159231,ID
1728159232,1728159743,HK
1728159744,1728161791,TH
1728161792,1728162815,CN
1728162816,1728163839,SG
1728163840,1728164863,LK
1728164864,1728165887,FJ
1728165888,1728168959,AU
1728168960,1728169215,IN
1728169216,1728169471,AR
1728169472,1728169727,IN
1728169728,1728169983,BR
1728169984,1728171007,VN
1728171008,1728172031,AU
1728172032,1728173055,VN
1728173056,1728175103,AU
1728175104,1728176127,TW
1728176128,1728176895,JP
1728176896,1728177151,HK
1728177152,1728178175,AU
1728178176,1728179199,LA
1728179200,1728180223,VN
1728180224,1728181247,AU
1728181248,1728203775,JP
1728203776,1728204799,KR
1728204800,1728205823,MY
1728205824,1728206847,KR
1728206848,1728207871,SB
1728207872,1728208895,KR
1728208896,1728210943,JP
1728210944,1728211967,SG
1728211968,1728212991,CN
1728212992,1728214015,TH
1728214016,1728215039,AU
1728215040,1728216063,NZ
1728216064,1728218111,JP
1728218112,1728219135,IN
1728219136,1728220159,JP
1728220160,1728221183,NZ
1728221184,1728222207,ID
1728222208,1728224255,LK
1728224256,1728225279,CN
1728225280,1728226303,JP
1728226304,1728227327,CN
1728227328,1728230399,AU
1728230400,1728231423,SG
1728231424,1728232447,NC
1728232448,1728232959,CN
1728232960,1728233471,IN
1728233472,1728235519,AU
1728235520,1728239615,CN
1728239616,1728240639,TW
1728240640,1728243711,VN
1728243712,1728245759,IN
1728245760,1728246783,AU
1728246784,1728254975,JP
1728254976,1728255999,MY
1728256000,1728257023,SG
1728257024,1728258047,KH
1728258048,1728259071,IN
1728259072,1728260095,KR
1728260096,1728261119,IN
1728261120,1728262143,ID
1728262144,1728264191,JP
1728264192,1728265215,ID
1728265216,1728266239,SG
1728266240,1728267263,TH
1728267264,1728268287,ID
1728268288,1728269311,MY
1728269312,1728270335,ID
1728270336,1728271359,PH
1728271360,1728286719,CN
1728286720,1728287743,AU
1728287744,1728290815,CN
1728291840,1728292863,SG
1728292864,1728293887,PG
1728293888,1728294399,SG
1728294400,1728294911,MY
1728294912,1728295935,TH
1728295936,1728299007,JP
1728299008,1728300031,TW
1728300032,1728301055,AU
1728301056,1728302079,SG
1728302080,1728303103,IN
1728303104,1728305151,ID
1728305152,1728306175,AU
1728306176,1728307199,ID
1728307200,1728308223,BD
1728308224,1728309247,IN
1728309248,1728309759,ID
1728309760,1728310271,IN
1728310272,1728311295,AU
1728311296,1728312319,GU
1728312320,1728315391,VN
1728315392,1728316415,ID
1728316416,1728317439,MY
1728317440,1728319487,JP
1728319488,1728320511,AU
1728320512,1728322559,HK
1728322560,1728323583,MY
1728323584,1728324607,JP
1728324608,1728325631,SG
1728325632,1728326655,JP
1728326656,1728327679,MY
1728327680,1728328703,KR
1728328704,1728329471,ID
1728329472,1728329727,AU
1728329728,1728330751,CN
1728330752,1728331775,AU
1728331776,1728332799,BD
1728332800,1728333823,JP
1728333824,1728334847,PF
1728334848,1728335359,ID
1728335360,1728335871,SG
1728335872,1728336895,ID
1728336896,1728337919,AU
1728337920,1728338943,MY
1728338944,1728339967,PK
1728339968,1728340991,SG
1728340992,1728341503,ID
1728341504,1728342015,PK
1728342016,1728343039,TW
1728344064,1728344575,HK
1728344576,1728345087,SG
1728345088,1728346111,BD
1728346112,1728346367,AU
1728346368,1728346623,NZ
1728346624,1728347135,AU
1728347136,1728348159,SG
1728348160,1728349183,VN
1728349184,1728349695,AU
1728349696,1728350207,ID
1728350208,1728351231,NZ
1728351232,1728352255,MY
1728352256,1728353279,BD
1728353280,1728354303,KR
1728354304,1728355327,NZ
1728355328,1728356351,TH
1728356352,1728357375,AU
1728357376,1728358399,ID
1728358400,1728359423,CN
1728359424,1728359935,AU
1728359936,1728360447,ID
1728360448,1728362495,KR
1728362496,1728363519,CN
1728363520,1728364543,BN
1728364544,1728365567,US
1728365568,1728366591,SG
1728366592,1728367615,JP
1728367616,1728367871,IN
1728368128,1728368639,ID
1728368640,1728369663,IN
1728369664,1728370687,AU
1728370688,1728371711,TH
1728371712,1728372735,IN
1728372736,1728373759,CN
1728373760,1728374783,TH
1728374784,1728375039,SG
1728375040,1728375295,IN
1728375296,1728376831,AU
1728376832,1728377855,ID
1728377856,1728378879,HK
1728378880,1728379903,US
1728379904,1728380927,IN
1728380928,1728382975,PH
1728384000,1728385023,HK
1728385024,1728386047,IN
1728386048,1728387071,JP
1728387072,1728388095,TH
1728388096,1728388351,NZ
1728388352,1728388607,AU
1728388608,1728389119,VN
1728389120,1728390143,TW
1728390144,1728391167,CN
1728391168,1728392191,HK
1728392192,1728393215,TW
1728393216,1728394239,ID
1728394240,1728396287,CN
1728396288,1728397311,PH
1728397312,1728398335,JP
1728398336,1728398847,AU
1728398848,1728399103,IN
1728399104,1728400383,NZ
1728400384,1728400895,AU
1728400896,1728401151,IN
1728401152,1728401407,HK
1728401408,1728402431,NZ
1728402432,1728403455,IN
1728403456,1728406527,AU
1728406528,1728407551,TW
1728407552,1728407807,IN
1728407808,1728408063,MY
1728408064,1728408319,AU
1728408320,1728408575,ID
1728408576,1728409599,NZ
1728409600,1728410623,IN
1728410624,1728411647,JP
1728411648,1728412159,MM
1728412160,1728412671,TH
1728412672,1728413695,KH
1728413696,1728414719,KR
1728414720,1728415743,IN
1728416768,1728417791,JP
1728417792,1728418815,KR
1728418816,1728419327,ID
1728419328,1728419583,NP
1728419584,1728419839,SG
1728419840,1728420863,CN
1728420864,1728421887,NZ
1728421888,1728422911,JP
1728422912,1728423935,AU
1728423936,1728424959,CN
1728424960,1728425983,AF
1728425984,1728427007,JP
1728427008,1728428031,MY
1728428032,1728429055,IN
1728429056,1728430079,US
1728430080,1728431103,CN
1728431872,1728432127,SG
1728432128,1728432895,IN
1728432896,1728433151,BG
1728433152,1728435199,VN
1728435200,1728435967,AU
1728435968,1728436223,ID
1728436224,1728436735,BD
1728436736,1728437247,MO
1728437248,1728438271,HK
1728438272,1728439295,NZ
1728439296,1728439807,NP
1728439808,1728440319,KH
1728440320,1728441343,BD
1728441344,1728442367,MY
1728442368,1728443391,SG
1728443392,1728444415,IN
1728444416,1728445439,JP
1728445440,1728446463,CN
1728446464,1728446975,ID
1728446976,1728447231,IN
1728447232,1728447487,AU
1728447488,1728448511,HK
1728448512,1728449535,KH
1728449536,1728450559,AU
1728450560,1728452607,JP
1728452608,1728453119,AU
1728453120,1728453631,IN
1728453632,1728454655,NZ
1728454656,1728455167,IN
1728455168,1728455423,ID
1728455680,1728457727,ID
1728457728,1728458751,JP
1728458752,1728459775,HK
1728459776,1728460799,ID
1728460800,1728462847,JP
1728462848,1728463871,SG
1728463872,1728464895,JP
1728464896,1728465919,KR
1728465920,1728466943,CN
1728466944,1728467967,KR
1728467968,1728468735,HK
1728468736,1728469247,IN
1728469248,1728469503,PH
1728469504,1728470015,IN
1728470016,1728471039,JP
1728471040,1728472063,PH
1728472064,1728473087,KR
1728473088,1728473343,PH
1728473344,1728473599,AU
1728473600,1728474111,SG
1728474112,1728475135,CN
1728475136,1728476159,JP
1728476160,1728476415,AU
1728476416,1728476927,ID
1728476928,1728477183,MY
1728477184,1728477695,IN
1728477696,1728478207,BD
1728478208,1728479231,TW
1728479232,1728480255,HK
1728480256,1728481279,IN
1728481280,1728483327,HK
1728483328,1728484351,NZ
1728484352,1728485375,SG
1728485376,1728486399,HK
1728486400,1728487423,IN
1728487424,1728487935,BD
1728487936,1728488191,TH
1728488192,1728488447,MY
1728488448,1728488703,IN
1728488704,1728488959,TH
1728488960,1728489215,ID
1728489216,1728489471,IN
1728489472,1728489983,SG
1728489984,1728490495,AU
1728490496,1728491519,KR
1728491520,1728492543,HK
1728492544,1728492799,ID
1728492800,1728493055,PH
1728493056,1728493567,HK
1728493568,1728494591,IN
1728494592,1728495615,AU
1728495616,1728496639,HK
1728496640,1728497663,MY
1728497664,1728499711,ID
1728499712,1728500735,AU
1728500736,1728501247,NZ
1728501248,1728501503,ID
1728501504,1728502783,AU
1728502784,1728503807,CN
1728504832,1728505855,CN
1728505856,1728506367,IN
1728506368,1728506879,VN
1728506880,1728507903,MY
1728507904,1728508927,JP
1728508928,1728509951,MY
1728509952,1728510463,VN
1728510464,1728510975,BD
1728510976,1728511999,AU
1728512000,1728512511,ID
1728512512,1728512767,AU
1728512768,1728513023,IN
1728513024,1728513535,BD
1728513536,1728514047,VN
1728514048,1728515071,SG
1728515072,1728516095,ID
1728517120,1728518143,JP
1728518144,1728519167,KH
1728519168,1728520191,CN
1728520192,1728521215,KR
1728521216,1728523263,VN
1728524288,1728525311,AU
1728525312,1728525823,ID
1728525824,1728526079,NL
1728526080,1728526335,DE
1728526336,1728527359,TH
1728527360,1728528383,PK
1728528384,1728529407,IN
1728529408,1728529919,HK
1728529920,1728530431,TW
1728530432,1728531455,AU
1728531456,1728532479,PK
1728532480,1728533503,IN
1728533504,1728534527,ID
1728534528,1728536575,JP
1728536576,1728537087,NZ
1728537088,1728537599,AU
1728537600,1728538623,GU
1728538624,1728539647,ID
1728539648,1728540671,IN
1728540672,1728541695,BD
1728541696,1728542719,JP
1728542720,1728543743,BD
1728543744,1728544767,SG
1728544768,1728545791,IN
1728545792,1728546559,JP
1728546560,1728546815,DO
1728546816,1728547839,AU
1728547840,1728548863,CN
1728548864,1728549119,KH
1728549120,1728549375,IN
1728549632,1728549887,AU
1728549888,1728550911,IN
1728550912,1728551935,JP
1728551936,1728552959,SG
1728552960,1728553983,HK
1728553984,1728555007,AU
1728555008,1728556031,NZ
1728556032,1728556287,VN
1728556288,1728556543,ID
1728556544,1728557055,VN
1728557056,1728557311,ID
1728557312,1728557567,VN
1728557568,1728558079,ID
1728558080,1728559103,IN
1728559104,1728560127,ID
1728560128,1728560639,AU
1728560640,1728561151,KR
1728561152,1728561663,BD
1728561664,1728562175,ID
1728562176,1728562431,VN
1728562432,1728562687,VU
1728562688,1728563199,JP
1728563200,1728564223,SG
1728564224,1728565247,GB
1728565248,1728566271,JP
1728566272,1728569343,CN
1728569344,1728569599,PH
1728569600,1728571391,ID
1728572416,1728573439,JP
1728573440,1728574463,HK
1728574464,1728575487,KR
1728575488,1728576511,BD
1728576512,1728577535,BT
1728577536,1728580607,CN
1728580608,1728580863,ID
1728580864,1728581119,VN
1728581120,1728581631,PK
1728581632,1728582655,NZ
1728582656,1728583679,KH
1728583680,1728584703,MY
1728584704,1728585215,AU
1728585216,1728585727,SG
1728585728,1728586751,CN
1728586752,1728589823,IN
1728589824,1728590847,JP
1728590848,1728591871,CN
1728591872,1728592895,ID
1728592896,1728593151,MN
1728593152,1728593407,AU
1728593408,1728593663,IN
1728593664,1728594943,ID
1728594944,1728595967,CN
1728595968,1728596479,NZ
1728596480,1728598015,ID
1728598016,1728599039,NZ
1728599040,1728601087,JP
1728601088,1728602111,DO
1728602112,1728603135,ID
1728603136,1728604159,KR
1728605184,1728606207,CN
1728606208,1728607231,PK
1728607232,1728608255,IN
1728608256,1728608511,SG
1728608512,1728608767,BD
1728608768,1728609023,ID
1728609024,1728610303,IN
1728610304,1728611327,TH
1728611328,1728613375,AU
1728613376,1728614399,NZ
1728614400,1728615423,MY
1728615424,1728616447,IN
1728616448,1728617471,SG
1728617472,1728618495,CN
1728618496,1728619519,MY
1728619520,1728620543,IN
1728620544,1728622591,AU
1728622592,1728624639,JP
1728624640,1728625663,ID
1728625664,1728626175,IN
1728626176,1728626431,AU
1728626432,1728626687,HK
1728626688,1728627711,ID
1728627712,1728628735,JP
1728628736,1728630783,CN
1728630784,1728631807,TH
1728631808,1728632319,SG
1728632320,1728632575,PK
1728632576,1728632831,HK
1728632832,1728633855,IN
1728633856,1728634879,CN
1728634880,1728636159,ID
1728636160,1728636415,AU
1728636416,1728636671,KR
1728636672,1728636927,PK
1728636928,1728637951,NZ
1728637952,1728638463,AU
1728638464,1728638719,ID
1728638720,1728638975,US
1728638976,1728639999,KH
1728640000,1728641023,ID
1728641024,1728642047,IN
1728642048,1728643071,NZ
1728643072,1728645119,VN
1728645120,1728646143,CN
1728646144,1728647167,IN
1728647168,1728648703,AU
1728648704,1728648959,ID
1728648960,1728649215,PK
1728649216,1728650239,CN
1728650240,1728651263,JP
1728651264,1728652287,KR
1728652288,1728653311,ID
1728653312,1728654335,NZ
1728654336,1728655359,ID
1728655360,1728655871,AU
1728655872,1728656127,SB
1728656128,1728656383,MY
1728656384,1728661503,AU
1728661504,1728662527,IN
1728662528,1728665599,VN
1728665600,1728666623,MN
1728666624,1728668671,JP
1728668672,1728669695,SG
1728669696,1728670207,BD
1728670208,1728670463,NZ
1728670464,1728670719,ID
1728670720,1728671743,CN
1728671744,1728672767,BD
1728672768,1728673791,TW
1728673792,1728674815,JP
1728674816,1728675839,ID
1728675840,1728676863,KR
1728676864,1728678911,BD
1728678912,1728679423,ID
1728679936,1728680959,ID
1728680960,1728681983,MY
1728681984,1728683007,CN
1728683008,1728684031,VN
1728684032,1728685055,AU
1728685056,1728686079,JP
1728686080,1728687103,AU
1728687104,1728688127,JP
1728689152,1728689407,JP
1728689408,1728689663,BD
1728689664,1728689919,PK
1728689920,1728690175,ID
1728690176,1728691199,BD
1728691200,1728692223,KH
1728692224,1728693247,HK
1728693248,1728698367,VN
1728698368,1728699391,NZ
1728699904,1728700415,IN
1728700416,1728700671,BD
1728700672,1728700927,IN
1728700928,1728701183,PG
1728701184,1728701439,ID
1728701440,1728702463,WS
1728702464,1728703487,IN
1728703488,1728704511,NZ
1728704512,1728705535,AU
1728705536,1728706559,HK
1728706560,1728709631,CN
1728709632,1728710655,TW
1728710656,1728710911,AU
1728710912,1728711167,IN
1728711424,1728711679,AU
1728711680,1728712703,HK
1728712704,1728713727,CN
1728713728,1728714751,MN
1728714752,1728715775,IN
1728715776,1728716799,NP
1728716800,1728717823,AU
1728717824,1728718847,JP
1728718848,1728719871,MY
1728719872,1728720895,VN
1728720896,1728721407,AU
1728721664,1728721919,AU
1728721920,1728722943,BD
1728722944,1728723199,ID
1728723200,1728723455,MY
1728723456,1728726015,ID
1728726016,1728726527,VN
1728726528,1728727039,ID
1728727040,1728728063,AU
1728728064,1728728575,IN
1728728576,1728729087,MY
1728729088,1728729599,ID
1728729600,1728729855,AU
1728730112,1728731135,CN
1728731136,1728732159,VN
1728732160,1728733183,KR
1728733184,1728734207,ID
1728734208,1728735231,SG
1728735232,1728736255,ID
1728736256,1728736511,AU
1728736512,1728736767,IN
1728736768,1728737279,ID
1728737280,1728738303,JP
1728738304,1728739327,IN
1728739328,1728740351,ID
1728740352,1728740863,HK
1728740864,1728741119,AU
1728741120,1728741375,US
1728741376,1728742399,ID
1728742400,1728743423,IN
1728743424,1728744447,ID
1728744448,1728745471,CN
1728745472,1728747519,ID
1728748544,1728750591,MY
1728750592,1728751615,JP
1728751616,1728751871,IN
1728751872,1728752639,ID
1728752640,1728753663,HK
1728753664,1728754687,PH
1728754688,1728755711,IN
1728755712,1728756735,ID
1728756736,1728757759,IN
1728757760,1728758271,ID
1728758272,1728758783,BD
1728758784,1728759807,HK
1728759808,1728760831,PH
1728760832,1728761855,TW
1728761856,1728762879,IN
1728762880,1728763903,VN
1728763904,1728764927,KR
1728764928,1728765439,SG
1728765440,1728765695,IN
1728765696,1728765951,ID
1728765952,1728766975,IN
1728766976,1728767999,TH
1728768000,1728768255,AU
1728768256,1728768511,NZ
1728768512,1728769023,IN
1728769024,1728770047,HK
1728770048,1728772095,JP
1728772096,1728773375,IN
1728773376,1728773631,ID
1728774144,1728775167,PK
1728775168,1728776191,JP
1728776192,1728777215,AU
1728777216,1728778239,TH
1728778240,1728779263,CN
1728779264,1728779519,IN
1728779520,1728780287,ID
1728780288,1728781311,KR
1728781312,1728782335,ID
1728782336,1728783359,LK
1728784384,1728785407,PH
1728785408,1728786431,KR
1728786432,1728787455,SG
1728787456,1728788479,AU
1728788480,1728789503,KR
1728789504,1728790527,PK
1728790528,1728791551,US
1728791552,1728792575,PK
1728792576,1728793087,HK
1728793088,1728793599,ID
1728793600,1728794623,AU
1728794624,1728796671,IN
1728796672,1728798719,HK
1728798720,1728799743,ID
1728799744,1728800767,HK
1728801280,1728801791,ID
1728801792,1728802815,HK
1728802816,1728803839,PH
1728803840,1728804863,IN
1728804864,1728805887,JP
1728805888,1728806911,NZ
1728806912,1728807935,KR
1728807936,1728808959,ID
1728808960,1728809983,BD
1728809984,1728810495,SG
1728810496,1728810751,AU
1728810752,1728811007,SG
1728811008,1728812031,AU
1728812032,1728812543,ID
1728812544,1728813055,SG
1728813056,1728814079,IN
1728814080,1728815103,JP
1728815104,1728816127,PG
1728816128,1728817151,AU
1728817152,1728818175,CN
1728818176,1728819199,VN
1728819200,1728819711,ID
1728819712,1728819967,NZ
1728819968,1728820223,ID
1728820224,1728821247,CN
1728821248,1728821759,AU
1728821760,1728822271,ID
1728822272,1728823295,SG
1728823296,1728824319,MN
1728824320,1728824831,BD
1728824832,1728825343,VN
1728825344,1728826367,SG
1728826368,1728827391,AU
1728827392,1728828415,JP
1728828416,1728829439,AU
1728829440,1728830463,KH
1728830464,1728830719,PK
1728830720,1728830975,JP
1728830976,1728831487,ID
1728831488,1728832511,IN
1728832512,1728833535,HK
1728833536,1728834559,IN
1728834560,1728835583,JP
1728835584,1728836607,NZ
1728836608,1728837631,IN
1728837632,1728838655,KR
1728838656,1728839679,ID
1728839680,1728839935,JP
1728839936,1728840191,IN
1728840192,1728840447,SG
1728840448,1728842751,AU
1728842752,1728843775,ID
1728843776,1728844799,JP
1728844800,1728845311,ID
1728845312,1728845567,AU
1728845568,1728845823,ID
1728845824,1728846847,IN
1728846848,1728847871,ID
1728847872,1728848895,CN
1728848896,1728849919,AU
1728849920,1728850943,PK
1728850944,1728851967,BD
1728851968,1728852991,HK
1728852992,1728854015,JP
1728854016,1728854527,NP
1728854528,1728854783,PK
1728854784,1728855039,AU
1728855040,1728857087,MY
1728858112,1728859135,BD
1728859136,1728859647,VN
1728859648,1728860159,PK
1728860160,1728860671,ID
1728860672,1728861183,BD
1728861184,1728861439,ID
1728861440,1728861695,IN
1728861696,1728862207,AU
1728862208,1728863231,PH
1728863232,1728864255,CN
1728864256,1728864767,AU
1728864768,1728865279,CN
1728865280,1728866303,AU
1728866304,1728867327,VN
1728867328,1728868351,AU
1728868352,1728869375,ID
1728869376,1728870399,IN
1728870400,1728871423,PK
1728871424,1728872447,IN
1728872448,1728873471,AU
1728873472,1728874495,IN
1728874496,1728875519,CN
1728875520,1728877567,MY
1728877568,1728878591,HK
1728878592,1728879615,MY
1728879616,1728880127,IN
1728880128,1728880383,JP
1728880384,1728880639,AU
1728880640,1728881663,KH
1728881664,1728881919,ID
1728881920,1728882175,AU
1728882176,1728882431,BD
1728882432,1728882687,ID
1728882688,1728883711,IN
1728883712,1728885759,BD
1728885760,1728886271,PK
1728886272,1728886783,SG
1728886784,1728887807,CN
1728887808,1728888831,AU
1728888832,1728889855,IN
1728889856,1728890879,PK
1728890880,1728891903,AU
1728891904,1728892415,BD
1728892416,1728892927,ID
1728892928,1728893439,BN
1728893440,1728893951,IN
1728893952,1728894975,US
1728894976,1728895999,HK
1728896000,1728898047,ID
1728898048,1728899071,BD
1728899072,1728900095,CN
1728900096,1728901119,BD
1728901120,1728901375,ID
1728901376,1728901631,AU
1728901632,1728902143,ID
1728902144,1728902911,IN
1728902912,1728903167,BD
1728903168,1728905215,KR
1728905216,1728905471,IN
1728905472,1728905727,PK
1728905728,1728906239,IN
1728906240,1728907263,ID
1728907264,1728908287,NZ
1728908288,1728909311,CN
1728909312,1728912383,JP
1728912384,1728913407,TH
1728913408,1728914431,MM
1728914432,1728915199,ID
1728915200,1728915455,NZ
1728915456,1728916479,IN
1728916480,1728917503,JP
1728917504,1728918527,HK
1728918528,1728919551,KR
1728919552,1728920575,AU
1728920576,1728921599,JP
1728921600,1728922623,AF
1728922624,1728923647,AU
1728923648,1728924159,IN
1728924160,1728924671,MY
1728924672,1728925695,VN
1728925696,1728927743,AU
1728927744,1728928767,LA
1728928768,1728929791,JP
1728929792,1728930815,IN
1728930816,1728931839,AU
1728931840,1728934911,IN
1728934912,1728935935,NZ
1728935936,1728936959,MY
1728936960,1728937983,CN
1728937984,1728939007,SG
1728939008,1728939519,BD
1728939520,1728939775,PH
1728939776,1728940031,IN
1728940032,1728941055,ID
1728941056,1728942079,JP
1728942080,1728943103,US
1728943104,1728944127,BD
1728944128,1728945151,JP
1728945152,1728946175,BD
1728946176,1728947199,KR
1728947200,1728947711,ID
1728947712,1728948223,AU
1728948224,1728949247,JP
1728949248,1728950271,SG
1728950272,1728950783,HK
1728950784,1728951551,IN
1728951552,1728951807,ID
1728951808,1728952063,PH
1728952064,1728952319,IN
1728952320,1728952831,PH
1728952832,1728953343,AU
1728953344,1728954111,US
1728954112,1728954367,HK
1728954368,1728954879,BD
1728954880,1728955391,NP
1728955392,1728956415,CN
1728956416,1728958463,ID
1728958464,1728958975,GB
1728958976,1728959231,NL
1728959232,1728959487,DE
1728959488,1728960511,TH
1728960512,1728961023,AU
1728961024,1728961279,BE
1728961280,1728961535,IN
1728961536,1728962559,HK
1728962560,1728963583,BD
1728963584,1728964607,TH
1728964608,1728965631,ID
1728965632,1728966655,BD
1728966656,1728967679,IN
1728967680,1728968703,CN
1728968704,1728970751,JP
1728970752,1728971007,IN
1728971008,1728971263,TR
1728971264,1728971519,ID
1728971520,1728971775,NZ
1728971776,1728972799,US
1728972800,1728973823,TH
1728973824,1728974847,JP
1728974848,1728976383,ID
1728976384,1728976895,BD
1728976896,1728977151,TH
1728977152,1728977407,AU
1728977408,1728977919,US
1728977920,1728978943,MY
1728978944,1728979967,SG
1728979968,1728980991,MN
1728980992,1728982015,NZ
1728982016,1728982527,ID
1728982528,1728982783,IN
1728982784,1728983039,AU
1728983040,1728983551,VN
1728983552,1728984063,IN
1728984064,1728985599,AU
1728985600,1728986111,IN
1728986112,1728987135,PH
1728987136,1728988159,AU
1728988160,1728989183,NZ
1728989184,1728989695,BD
1728989696,1728990207,ID
1728990208,1728991231,SG
1728991232,1728992255,JP
1728992256,1728993279,CN
1728993280,1728994303,PG
1728994304,1728994815,SG
1728994816,1728995327,AU
1728995328,1728996095,IN
1728996096,1728996351,SG
1728996352,1728997375,HK
1728997376,1728998399,IL
1728998400,1728998655,ID
1728998656,1728998911,BD
1728998912,1728999423,ID
1728999424,1729001471,HK
1729001472,1729003519,IN
1729003520,1729004543,BD
1729004544,1729006591,CN
1729006592,1729007615,NZ
1729007616,1729008127,BD
1729008128,1729008639,VN
1729008640,1729008895,IN
1729009152,1729009663,BD
1729009664,1729010175,IN
1729010176,1729010687,VN
1729010688,1729011711,CN
1729011712,1729012735,IN
1729012736,1729013759,TH
1729013760,1729014271,BD
1729014272,1729014783,TW
1729014784,1729015807,AU
1729015808,1729016831,JP
1729016832,1729017855,IN
1729017856,1729018111,MY
1729018112,1729018367,SG
1729018368,1729018879,AU
1729018880,1729019903,IN
1729019904,1729020159,ID
1729020160,1729020415,BD
1729020416,1729020671,PH
1729020672,1729020927,ID
1729020928,1729021951,IN
1729022976,1729023999,BD
1729024000,1729025023,QA
1729025024,1729026047,SG
1729026048,1729027071,NZ
1729027072,1729028095,HK
1729028096,1729029119,VN
1729029120,1729029375,AU
1729029376,1729029631,ID
1729029632,1729029887,AU
1729029888,1729030143,ID
1729030144,1729031167,IN
1729031168,1729032191,SG
1729032192,1729033215,CN
1729033216,1729034239,SG
1729034240,1729035263,KH
1729035264,1729036287,AU
1729036288,1729037311,JP
1729037312,1729039359,CN
1729039360,1729040383,ID
1729040384,1729041407,CN
1729041408,1729044479,HK
1729044480,1729045503,JP
1729045504,1729046015,ID
1729046016,1729046271,AF
1729046272,1729046527,JP
1729046528,1729047551,BD
1729048576,1729049599,VN
1729049600,1729050623,MV
1729050624,1729053695,IN
1729053696,1729054719,JP
1729054720,1729055231,AU
1729055232,1729055487,IN
1729055744,1729056767,JP
1729056768,1729057791,IN
1729057792,1729058815,HK
1729058816,1729059839,VN
1729059840,1729060351,JP
1729060352,1729060863,VN
1729060864,1729061887,CN
1729061888,1729062911,SG
1729062912,1729063935,MY
1729063936,1729064959,JP
1729064960,1729065983,PG
1729065984,1729067007,JP
1729067008,1729068031,HK
1729068032,1729068287,IN
1729068288,1729068543,US
1729068544,1729069055,NZ
1729069056,1729070079,AU
1729070080,1729071103,HK
1729071104,1729072127,MY
1729072128,1729072895,BD
1729072896,1729073151,ID
1729073152,1729074175,TH
1729074176,1729075199,AU
1729075200,1729076223,NZ
1729076224,1729076735,IN
1729076736,1729076991,US
1729076992,1729077247,IN
1729077248,1729077759,ID
1729077760,1729078271,AU
1729078272,1729079295,BD
1729079296,1729080319,AU
1729080320,1729081343,ID
1729081344,1729081599,IN
1729081856,1729082111,AU
1729082112,1729082367,IN
1729082368,1729083391,HK
1729083392,1729085439,JP
1729085440,1729087487,HK
1729087488,1729088511,CN
1729088512,1729090559,AU
1729090560,1729091071,BD
1729091072,1729091583,ID
1729091584,1729093119,HK
1729093120,1729093631,VN
1729093632,1729094143,BD
1729094144,1729094399,ID
1729094400,1729094655,SG
1729094656,1729095679,IN
1729095680,1729096703,SG
1729096704,1729097215,AU
1729097216,1729097727,AF
1729097728,1729098751,ID
1729098752,1729099775,BD
1729100288,1729100543,IN
1729100544,1729100799,ID
1729100800,1729101823,IN
1729101824,1729102847,VN
1729102848,1729103359,NZ
1729103360,1729103871,IN
1729103872,1729104895,JP
1729104896,1729105663,IN
1729105920,1729106943,SG
1729106944,1729107967,NZ
1729107968,1729108479,BD
1729108480,1729108991,HK
1729108992,1729111039,IN
1729111040,1729112063,JP
1729112064,1729113087,MY
1729113088,1729114111,IN
1729114112,1729114623,ID
1729114624,1729114879,IN
1729114880,1729115135,AU
1729115136,1729116159,CN
1729116160,1729117183,IN
1729117184,1729118207,KH
1729118208,1729119231,AU
1729119232,1729120255,IN
1729120256,1729121279,BD
1729121280,1729121535,IN
1729121536,1729122303,ID
1729122304,1729125375,CN
1729125376,1729127423,AU
1729127424,1729127935,IN
1729127936,1729128447,SG
1729128448,1729129471,IN
1729129472,1729130495,CN
1729130496,1729132543,ID
1729132544,1729133567,BN
1729133568,1729134591,CN
1729134592,1729135615,AU
1729135616,1729136127,ID
1729136128,1729136639,AU
1729136640,1729137663,ID
1729137664,1729139711,IN
1729139712,1729140735,AU
1729140736,1729141759,BD
1729141760,1729142783,PG
1729142784,1729143295,VN
1729143808,1729144831,IN
1729144832,1729145855,PH
1729145856,1729146879,NZ
1729146880,1729147903,IN
1729147904,1729148415,NZ
1729148416,1729148927,MY
1729149952,1729150975,ID
1729150976,1729151999,AU
1729152000,1729152255,IN
1729152256,1729153023,ID
1729153024,1729154047,IN
1729154048,1729155071,TH
1729155072,1729155583,NP
1729155584,1729156095,AU
1729156096,1729157119,VN
1729157120,1729158143,JP
1729158144,1729158399,ID
1729158400,1729158911,IN
1729158912,1729159167,ID
1729159168,1729159679,VN
1729159680,1729160191,BD
1729160192,1729161215,HK
1729161216,1729162239,ID
1729162240,1729163263,JP
1729163264,1729165311,TW
1729165312,1729166335,BD
1729166336,1729166847,SG
1729166848,1729167359,HK
1729167360,1729168383,QA
1729168384,1729169407,HK
1729169408,1729170431,TW
1729170432,1729171455,IN
1729171456,1729171967,AU
1729171968,1729172223,IN
1729172224,1729172479,MY
1729172480,1729173503,PH
1729173504,1729174527,BN
1729174528,1729174783,HK
1729174784,1729175039,SG
1729175040,1729175551,HK
1729175552,1729176575,ID
1729176576,1729177599,BD
1729177600,1729178623,CN
1729178624,1729179647,NC
1729179648,1729180671,IN
1729180672,1729181695,ID
1729181696,1729182207,AU
1729182208,1729182463,ID
1729182464,1729182719,AU
1729182720,1729183743,AF
1729183744,1729184767,CN
1729184768,1729185791,BD
1729185792,1729186815,HK
1729186816,1729187327,ID
1729187328,1729187583,MY
1729187584,1729187839,ID
1729187840,1729189887,IN
1729189888,1729190911,VN
1729190912,1729191935,HK
1729191936,1729192191,BT
1729192192,1729192959,AU
1729192960,1729195007,IN
1729195008,1729195519,MN
1729195520,1729196031,IN
1729196032,1729197055,GU
1729197056,1729198079,HK
1729198080,1729199103,CN
1729199104,1729199615,MY
1729199616,1729199871,JP
1729199872,1729200127,TH
1729200128,1729201151,IN
1729201152,1729202175,AU
1729202176,1729203199,CN
1729203200,1729203711,VN
1729203712,1729204223,ID
1729204224,1729205247,SG
1729205248,1729205759,PH
1729205760,1729206271,BD
1729206272,1729206527,US
1729206528,1729206783,PL
1729206784,1729207295,US
1729207296,1729208319,IN
1729208320,1729209343,CN
1729209344,1729209599,ID
1729209600,1729210367,AF
1729210368,1729211391,MY
1729211392,1729212415,ID
1729212416,1729212927,BD
1729212928,1729213439,ID
1729213440,1729213951,BD
1729213952,1729214463,ID
1729214464,1729216511,JP
1729216512,1729216767,ID
1729216768,1729217535,IN
1729217536,1729217791,JP
1729217792,1729218047,VN
1729218048,1729218175,MY
1729218176,1729218303,SG
1729218304,1729218431,JP
1729218432,1729218559,KR
1729218560,1729218815,PK
1729218816,1729219071,IT
1729219072,1729219583,DE
1729219584,1729220607,CN
1729220608,1729221631,MY
1729221632,1729222655,KH
1729222656,1729225727,AU
1729225728,1729226751,CN
1729226752,1729227775,AU
1729227776,1729228799,VN
1729228800,1729229823,TW
1729229824,1729231103,ID
1729231104,1729231359,TH
1729231360,1729232895,AU
1729232896,1729233919,MY
1729233920,1729234943,VN
1729234944,1729236991,PK
1729236992,1729238015,ID
1729238016,1729239039,PK
1729239040,1729240063,JP
1729240064,1729242111,ID
1729242112,1729244159,AU
1729244160,1729245183,ID
1729245184,1729247231,AU
1729247232,1729248255,NZ
1729248256,1729249279,JP
1729249280,1729250303,PH
1729250304,1729252351,IN
1729252352,1729253375,ID
1729253376,1729254399,BD
1729254400,1729255423,AU
1729255424,1729257471,MY
1729257472,1729258495,ID
1729258496,1729259519,JP
1729259520,1729260543,IN
1729260544,1729261567,AU
1729261568,1729262591,ID
1729262592,1729262847,PK
1729262848,1729263103,ID
1729263104,1729263615,NZ
1729263616,1729264639,IN
1729264640,1729265663,AU
1729265664,1729266687,TW
1729266688,1729267711,ID
1729267712,1729268735,NZ
1729268736,1729269759,IN
1729269760,1729270783,ID
1729270784,1729271807,AU
1729272064,1729272319,ID
1729272320,1729272831,AU
1729272832,1729273855,IN
1729273856,1729274879,AF
1729274880,1729276927,IN
1729276928,1729277951,BN
1729277952,1729278975,VN
1729278976,1729279231,BD
1729279232,1729279487,ID
1729279488,1729279999,HK
1729280000,1729280511,ID
1729280512,1729281023,CN
1729281024,1729281279,ID
1729281280,1729281535,AU
1729281536,1729282047,ID
1729282048,1729283071,CN
1729283072,1729284095,AU
1729284096,1729285119,NZ
1729285120,1729285631,BD
1729285632,1729288191,CN
1729288192,1729289215,IN
1729289216,1729290239,ID
1729290240,1729291263,CN
1729291264,1729292287,PH
1729292288,1729292799,ID
1729292800,1729293311,AU
1729293312,1729294591,ID
1729294592,1729294847,AU
1729294848,1729295103,IN
1729295104,1729295359,PK
1729295360,1729296383,MY
1729297408,1729298431,AU
1729298432,1729299455,JP
1729299456,1729300479,NZ
1729300480,1729300991,SG
1729300992,1729301503,NZ
1729301504,1729302527,CN
1729302528,1729302783,PH
1729302784,1729303551,IN
1729303552,1729304575,SG
1729304576,1729305599,HK
1729305600,1729306623,VN
1729306624,1729307647,PH
1729307648,1729307903,BD
1729307904,1729308159,ID
1729308160,1729308415,HK
1729308672,1729310719,CN
1729310720,1729311231,PK
1729311232,1729311743,JP
1729311744,1729312767,IN
1729312768,1729313791,ID
1729313792,1729314815,AU
1729314816,1729317887,CN
1729317888,1729319423,ID
1729319424,1729319935,SG
1729319936,1729320959,US
1729320960,1729321983,IN
1729321984,1729323007,AU
1729323008,1729324031,VN
1729324032,1729325055,NZ
1729325056,1729326079,TH
1729326080,1729327103,ID
1729327104,1729328127,AU
1729328128,1729329151,JP
1729329152,1729329663,IN
1729329664,1729330175,BD
1729330176,1729331199,KR
1729331200,1729331711,IN
1729331712,1729332223,BD
1729332224,1729335295,IN
1729335296,1729336319,AU
1729336320,1729338367,IN
1729338368,1729339391,ID
1729339392,1729340415,JP
1729340416,1729341439,VN
1729341440,1729341951,IN
1729341952,1729343487,AU
1729343488,1729346559,ID
1729346560,1729347583,HK
1729347584,1729348607,AU
1729348608,1729350655,IN
1729350656,1729352703,ID
1729352704,1729353727,IN
1729353728,1729353983,AU
1729353984,1729354239,IN
1729354240,1729354495,AU
1729354496,1729354751,MY
1729354752,1729355775,VN
1729355776,1729356799,MV
1729356800,1729357823,ID
1729357824,1729358847,CN
1729358848,1729359871,HK
1729359872,1729360895,JP
1729360896,1729361919,GB
1729361920,1729362943,IN
1729362944,1729363967,BD
1729363968,1729364991,PK
1729364992,1729367039,JP
1729367040,1729368063,CN
1729368064,1729368319,ID
1729368320,1729368575,AU
1729369088,1729369343,AU
1729369344,1729369599,ID
1729369600,1729370111,AU
1729370112,1729371135,BN
1729371136,1729372159,IN
1729372160,1729373183,CN
1729373184,1729374207,JP
1729374208,1729375231,TW
1729375232,1729376255,CN
1729376256,1729376767,AU
1729376768,1729377279,ID
1729377280,1729378303,BD
1729378304,1729378559,AU
1729378560,1729378815,IN
1729379328,1729380351,HK
1729380352,1729381375,IN
1729381376,1729382399,CN
1729382400,1729383423,JP
1729383424,1729384447,PG
1729384448,1729385471,KH
1729385472,1729386751,ID
1729386752,1729387007,BD
1729387008,1729387519,ID
1729387520,1729388543,SG
1729388544,1729389055,VN
1729389056,1729389567,TW
1729389568,1729389823,AU
1729389824,1729390079,US
1729390080,1729390591,VN
1729390592,1729391103,IN
1729391104,1729392127,ID
1729392128,1729392639,BD
1729392640,1729393663,CN
1729393664,1729394687,KR
1729394688,1729395711,TH
1729395712,1729395967,NR
1729395968,1729396735,IN
1729396736,1729397759,CN
1729397760,1729398783,PK
1729398784,1729399807,NZ
1729399808,1729400831,BD
1729400832,1729402879,VN
1729402880,1729403903,MN
1729403904,1729404927,KH
1729404928,1729405951,CN
1729405952,1729406207,IN
1729406208,1729406463,HK
1729406464,1729406975,ID
1729406976,1729407999,SG
1729408000,1729409023,FR
1729409024,1729410047,TW
1729410048,1729411071,BD
1729411072,1729413119,ID
1729413120,1729414143,HK
1729414144,1729414655,ID
1729414656,1729415167,JP
1729415168,1729416191,AU
1729416192,1729417215,TH
1729417216,1729418239,AU
1729418240,1729419263,IN
1729419264,1729419519,AU
1729419776,1729420031,IN
1729420032,1729420287,ID
1729420288,1729421311,HK
1729422336,1729422847,BD
1729422848,1729423359,IN
1729423360,1729423871,VU
1729423872,1729424383,US
1729424384,1729425407,HK
1729425408,1729425919,MY
1729425920,1729426431,BD
1729426432,1729426687,IN
1729426944,1729427455,AU
1729427456,1729428479,CN
1729428480,1729431039,AU
1729431040,1729431551,IN
1729431552,1729432575,HK
1729432576,1729433599,PH
1729433600,1729433855,IN
1729433856,1729434111,AU
1729434112,1729434623,IN
1729434624,1729435647,AU
1729435648,1729436671,TH
1729436672,1729437695,SG
1729437696,1729438719,MY
1729438720,1729439743,JP
1729439744,1729440767,BD
1729440768,1729441791,MY
1729441792,1729442815,AU
1729442816,1729443839,IN
1729443840,1729444351,SG
1729444352,1729444863,AE
1729444864,1729445887,TW
1729445888,1729446399,ID
1729446400,1729447935,IN
1729447936,1729448959,BD
1729448960,1729449983,IN
1729449984,1729450239,SG
1729450240,1729450495,US
1729450496,1729451007,IN
1729451008,1729452031,ID
1729452032,1729453055,MY
1729453056,1729454079,ID
1729454080,1729454591,VN
1729454592,1729455103,CN
1729455104,1729455615,VN
1729455616,1729456127,CN
1729456128,1729457151,JP
1729457152,1729458175,AU
1729458176,1729460223,CN
1729460224,1729461247,VN
1729461248,1729462271,IN
1729462272,1729464319,AU
1729464320,1729464831,CN
1729464832,1729465087,ID
1729465088,1729466367,CN
1729466368,1729467391,AU
1729467392,1729468415,VN
1729468416,1729469439,MY
1729469440,1729470463,AU
1729470464,1729471487,IN
1729471488,1729472511,LK
1729472512,1729473535,PH
1729473536,1729474559,NZ
1729474560,1729475583,CN
1729475584,1729476607,MY
1729476608,1729477631,IN
1729477632,1729478655,KR
1729478656,1729478911,HK
1729478912,1729479423,NZ
1729479424,1729479679,ID
1729480704,1729481727,KR
1729481728,1729482751,ID
1729482752,1729483775,CN
1729483776,1729485823,ID
1729485824,1729486335,CA
1729486336,1729486847,BD
1729486848,1729488383,ID
1729488384,1729488895,SB
1729488896,1729489919,IN
1729489920,1729490943,DE
1729490944,1729491967,CN
1729491968,1729492991,US
1729492992,1729494015,SB
1729494016,1729495039,MY
1729495040,1729519615,CN
1729519616,1729520127,BD
1729520128,1729520639,ID
1729520640,1729527807,CN
1729527808,1729528831,HK
1729528832,1729530879,ID
1729530880,1729531903,IN
1729531904,1729532927,AU
1729532928,1729533951,MY
1729533952,1729534975,JP
1729534976,1729535999,PH
1729536000,1729537023,MY
1729537024,1729537791,ID
1729537792,1729538047,JP
1729538048,1729539071,SG
1729539072,1729540095,IN
1729541120,1729542143,TH
1729542144,1729543167,AU
1729543168,1729544191,CN
1729544192,1729544447,PE
1729544448,1729544703,US
1729544704,1729544959,LU
1729544960,1729545215,HU
1729545216,1729546239,AU
1729546240,1729546495,SG
1729546496,1729547007,JP
1729547008,1729547263,HK
1729547264,1729548287,ID
1729548544,1729549311,AU
1729549312,1729550335,TW
1729550336,1729550847,ID
1729550848,1729551359,VN
1729551360,1729552383,KR
1729552384,1729553407,AU
1729553408,1729554431,CN
1729554432,1729554943,ID
1729554944,1729555455,NZ
1729555456,1729556479,IN
1729556480,1729557503,ID
1729557504,1729558527,NZ
1729558528,1729559551,ID
1729559552,1729560575,CN
1729560576,1729561599,AU
1729561600,1729562623,JP
1729562624,1729563647,CN
1729563648,1729564671,JP
1729564672,1729565695,NZ
1729565696,1729566719,ID
1729566720,1729567743,IN
1729567744,1729567999,ID
1729568000,1729568255,IN
1729568256,1729568511,ID
1729568512,1729568767,BD
1729568768,1729569791,ID
1729569792,1729570815,AF
1729570816,1729571839,BD
1729571840,1729572863,MY
1729572864,1729573887,MN
1729573888,1729574911,NC
1729574912,1729575935,CN
1729575936,1729576447,ES
1729576448,1729576959,EC
1729576960,1729577983,AU
1729577984,1729578495,JP
1729578496,1729578751,AU
1729578752,1729579007,NZ
1729579008,1729580031,JP
1729580032,1729581055,SG
1729581056,1729583103,KR
1729583104,1729584127,VN
1729584128,1729584639,IN
1729584640,1729584895,PH
1729584896,1729585151,BD
1729585152,1729587199,ID
1729587200,1729588223,AU
1729588224,1729589247,TW
1729589248,1729590271,US
1729590272,1729590783,ID
1729590784,1729591295,IN
1729591296,1729592319,TH
1729592320,1729593343,QA
1729593344,1729594367,JP
1729594368,1729595391,MM
1729595392,1729596415,KH
1729596416,1729596671,IN
1729596672,1729596927,ID
1729596928,1729597439,NZ
1729597440,1729598463,VN
1729598464,1729598975,HK
1729598976,1729599231,IN
1729599232,1729599487,ID
1729599488,1729600511,AU
1729600512,1729601535,VN
1729601536,1729603583,CN
1729603584,1729604607,HK
1729604608,1729605119,GB
1729605120,1729605375,AU
1729605376,1729605631,ID
1729605632,1729606655,CN
1729606656,1729607679,ID
1729607680,1729609727,AU
1729609728,1729610751,HK
1729610752,1729612799,ID
1729612800,1729613823,BD
1729613824,1729614847,SG
1729615104,1729615359,KH
1729615360,1729615615,IN
1729615616,1729615871,MY
1729615872,1729616895,AU
1729616896,1729617919,JP
1729617920,1729618943,ID
1729618944,1729619967,CN
1729619968,1729620991,ID
1729620992,1729622015,IN
1729622016,1729623295,ID
1729623296,1729623551,AU
1729623552,1729623807,US
1729624064,1729625087,JP
1729625088,1729625599,PK
1729625600,1729626111,BD
1729626112,1729627135,HK
1729627136,1729628159,SG
1729628160,1729629183,KR
1729629184,1729629695,ID
1729629696,1729629951,AU
1729630208,1729630719,BD
1729630720,1729631231,KH
1729631232,1729632255,IN
1729632256,1729633279,CN
1729633280,1729634303,NZ
1729634304,1729635327,KH
1729635328,1729636351,IN
1729636352,1729637375,NZ
1729637888,1729638143,IN
1729638144,1729638399,AU
1729638400,1729639423,ID
1729639936,1729640447,TW
1729640448,1729641471,ID
1729641472,1729642495,IN
1729642496,1729643519,AU
1729643520,1729644031,BD
1729644032,1729644543,PK
1729644544,1729645823,ID
1729645824,1729646079,SG
1729646080,1729646591,BD
1729646592,1729648639,IN
1729648640,1729649151,BD
1729649152,1729649663,VN
1729649664,1729650687,HK
1729650688,1729651711,PK
1729652736,1729653759,ID
1729653760,1729654783,IN
1729654784,1729655807,NC
1729655808,1729656831,CN
1729656832,1729657855,AU
1729657856,1729658879,IN
1729658880,1729659903,CN
1729659904,1729660415,AU
1729660416,1729660671,MY
1729660672,1729660927,IN
1729660928,1729662975,NZ
1729662976,1729663999,CN
1729664000,1729665023,ID
1729665024,1729666047,HK
1729666048,1729667071,SG
1729667072,1729668095,JP
1729668096,1729669119,SG
1729669120,1729670143,JP
1729670144,1729671167,IN
1729671168,1729672191,CN
1729672192,1729673215,IN
1729673216,1729674239,CN
1729674240,1729675263,IN
1729675264,1729675775,MY
1729675776,1729676287,JP
1729676288,1729677311,ID
1729677312,1729678335,IN
1729678336,1729679359,JP
1729679360,1729680383,AU
1729680384,1729681407,ID
1729681408,1729682431,HK
1729682432,1729683455,CN
1729683456,1729684479,ID
1729684480,1729685503,CN
1729685504,1729686527,IN
1729686528,1729687551,ES
1729687552,1729688575,AU
1729688576,1729689599,VN
1729689600,1729690623,HK
1729690624,1729691647,CN
1729691648,1729692671,IN
1729693696,1729694207,CN
1729694208,1729694719,PH
1729694720,1729695743,MM
1729695744,1729696767,KR
1729696768,1729702911,CN
1729702912,1729703935,IN
1729703936,1729704959,CN
1729704960,1729705215,SG
1729705216,1729705471,AU
1729705472,1729705983,ID
1729705984,1729707007,AU
1729707008,1729708031,HK
1729708032,1729710079,CN
1729710080,1729711103,HK
1729711104,1729712127,MM
1729712128,1729713151,BD
1729713152,1729714175,AU
1729714176,1729715199,JP
1729715200,1729716223,KH
1729717248,1729718271,JP
1729718272,1729719295,HK
1729719296,1729720319,ID
1729720320,1729721343,AU
1729721344,1729722367,NZ
1729722368,1729723391,BD
1729723392,1729724159,IN
1729724160,1729724415,SG
1729724416,1729726463,IN
1729726464,1729727487,PK
1729727488,1729728511,PG
1729728512,1729729535,US
1729729536,1729730559,CN
1729730560,1729731583,IN
1729731584,1729732607,CN
1729732608,1729733631,AU
1729733632,1729733887,IN
1729733888,1729734655,ID
1729734656,1729736703,IN
1729736704,1729737727,PH
1729737728,1729738751,AU
1729738752,1729739775,ID
1729739776,1729740799,NZ
1729740800,1729742335,ID
1729742336,1729742847,PH
1729742848,1729743871,SG
1729743872,1729744895,IN
1729744896,1729745919,ID
1729745920,1729746943,AU
1729746944,1729747967,CN
1729747968,1729748223,PH
1729748224,1729748479,AU
1729748480,1729748991,ID
1729748992,1729750015,IN
1729750016,1729750527,VU
1729750528,1729750783,US
1729750784,1729751039,IN
1729751040,1729753087,TW
1729753088,1729754111,MM
1729754112,1729755135,NZ
1729755136,1729756159,BD
1729756160,1729757183,HK
1729757184,1729758207,CN
1729758208,1729759231,ID
1729759232,1729759487,SG
1729759488,1729760255,IN
1729760256,1729761279,ID
1729761280,1729762303,NZ
1729762304,1729763327,TH
1729763328,1729764351,JP
1729764352,1729764607,BD
1729764608,1729764863,ID
1729764864,1729765375,MM
1729765376,1729766399,JP
1729766400,1729767423,PH
1729767424,1729768447,SG
1729768448,1729769471,MY
1729769472,1729772543,IN
1729772544,1729773567,AU
1729773568,1729774591,CN
1729774592,1729775615,AU
1729775616,1729776127,IN
1729776128,1729776639,MY
1729776640,1729777663,CN
1729777664,1729779711,PK
1729779712,1729780735,AU
1729780736,1729781503,HK
1729781504,1729781759,TL
1729781760,1729782783,IN
1729782784,1729783551,ID
1729783552,1729783807,LA
1729783808,1729785855,IN
1729785856,1729786879,BD
1729786880,1729787903,ID
1729787904,1729788927,HK
1729788928,1729789951,IT
1729789952,1729790975,ID
1729790976,1729791999,CN
1729792000,1729793023,BD
1729793024,1729794047,CA
1729794048,1729795071,GB
1729795072,1729796095,MY
1729796096,1729797119,JP
1729797120,1729799167,CN
1729799168,1729800191,JP
1729800192,1729800703,IN
1729800704,1729801215,MY
1729801216,1729802239,AU
1729802240,1729803263,ID
1729803264,1729804287,TH
1729804288,1729805311,PK
1729805312,1729805823,ID
1729805824,1729806079,MY
1729806080,1729806335,ID
1729806336,1729807359,MN
1729807360,1729808383,MY
1729808384,1729808639,ES
1729808640,1729808895,IN
1729808896,1729809407,NZ
1729809408,1729810431,IN
1729810432,1729812479,ID
1729812480,1729813503,IN
1729813504,1729814527,SG
1729814528,1729815551,IN
1729815552,1729816575,CN
1729816576,1729817599,IN
1729817600,1729818111,AU
1729818112,1729818623,PK
1729818624,1729819647,CN
1729819648,1729820671,BD
1729820672,1729821695,MY
1729821696,1729822719,VN
1729822720,1729822975,HK
1729822976,1729823231,AU
1729823232,1729823487,IN
1729823488,1729823743,ID
1729823744,1729824767,CN
1729824768,1729825791,IN
1729825792,1729826815,CN
1729826816,1729827839,IN
1729827840,1729828863,PK
1729828864,1729829887,CN
1729829888,1729831935,AU
1729831936,1729832191,ID
1729832192,1729832447,NZ
1729832448,1729832959,AU
1729832960,1729833983,JP
1729833984,1729835007,US
1729835008,1729836031,IN
1729836032,1729837055,NZ
1729837056,1729838079,CN
1729838080,1729840127,VN
1729840128,1729841151,HK
1729841152,1729842175,MY
1729842176,1729843199,HK
1729843200,1729844223,JP
1729844224,1729845247,IN
1729845248,1729846271,NZ
1729846272,1729847295,AU
1729847296,1729848319,CN
1729848320,1729849343,TH
1729849344,1729850367,MY
1729850368,1729851391,HK
1729851392,1729852415,MY
1729852416,1729853439,MM
1729853440,1729853695,IN
1729853952,1729854463,PH
1729854464,1729855487,HK
1729855488,1729856511,KR
1729856512,1729857535,US
1729857536,1729858559,JP
1729858560,1729859583,IN
1729859584,1729860607,PS
1729860608,1729861631,KR
1729861632,1729862655,AU
1729862656,1729863167,DE
1729863168,1729863423,CY
1729863424,1729863679,FR
1729863680,1729864447,AU
1729864448,1729864703,US
1729864704,1729866751,IN
1729866752,1729867775,AU
1729867776,1729868799,HK
1729869824,1729870847,CN
1729870848,1729871871,AU
1729871872,1729872895,ID
1729872896,1729873919,AU
1729873920,1729874943,TH
1729875456,1729875967,ID
1729876992,1729878015,CN
1729878016,1729879039,NZ
1729879040,1729879295,AU
1729879296,1729879423,KR
1729879424,1729879551,JP
1729879552,1729879807,AU
1729879808,1729879935,JP
1729879936,1729880063,KR
1729880064,1729880831,AU
1729880832,1729881087,NZ
1729881088,1729881215,PH
1729881216,1729881343,TH
1729881344,1729881471,ID
1729881472,1729881599,VN
1729881600,1729881727,TH
1729881728,1729881855,PH
1729881856,1729881983,VN
1729881984,1729882111,ID
1729882112,1729883135,IN
1729883136,1729884159,VN
1729884160,1729885183,CN
1729885184,1729886207,JP
1729886208,1729887743,ID
1729887744,1729887999,JP
1729888000,1729888255,MY
1729888256,1729889279,KH
1729889280,1729891327,CN
1729891328,1729892863,ID
1729892864,1729893375,TW
1729893376,1729893631,AU
1729893632,1729894399,ID
1729894400,1729896447,JP
1729896448,1729898495,VN
1729898496,1729899519,AU
1729899520,1729900543,HK
1729900544,1729901567,AU
1729901568,1729902079,ID
1729902080,1729902591,SG
1729902592,1729903615,ID
1729903616,1729905663,KR
1729905664,1729905919,HK
1729905920,1729906175,SG
1729906176,1729906687,US
1729906688,1729906943,AU
1729906944,1729907199,JP
1729907200,1729907711,ID
1729907712,1729908735,HK
1729908736,1729909759,ID
1729909760,1729910783,NP
1729910784,1729911295,HK
1729911296,1729911807,MY
1729911808,1729912063,AU
1729912064,1729912831,ID
1729912832,1729913855,JP
1729913856,1729914879,TH
1729914880,1729915135,ID
1729915392,1729918975,ID
1729918976,1729919999,BD
1729920000,1729921023,TH
1729921024,1729922047,AU
1729922048,1729923071,AF
1729923072,1729924095,VN
1729924096,1729925119,IN
1729925120,1729926143,HK
1729926144,1729926655,ID
1729926656,1729928191,PK
1729928192,1729929215,IN
1729929216,1729929471,AU
1729929472,1729929727,ID
1729929728,1729929983,MY
1729929984,1729930239,ID
1729930240,1729932287,JP
1729932288,1729933311,VN
1729933312,1729934335,ID
1729934336,1729935359,IN
1729935360,1729936383,CN
1729936384,1729938431,ID
1729938432,1729939455,AU
1729939456,1729939967,TW
1729939968,1729940479,PH
1729940480,1729941503,CN
1729941504,1729942527,SG
1729942528,1729943551,CN
1729943552,1729944063,AU
1729944064,1729946623,ID
1729946624,1729949695,JP
1729949696,1729950207,TH
1729950208,1729950719,KH
1729950720,1729951743,IN
1729951744,1729952767,JP
1729952768,1729953791,IN
1729953792,1729954815,VN
1729954816,1729955839,ID
1729955840,1729956351,BD
1729956352,1729956863,ID
1729956864,1729957887,HK
1729957888,1729958911,CN
1729958912,1729959935,PH
1729959936,1729960447,CN
1729960448,1729960959,VN
1729960960,1729961215,IN
1729961216,1729961471,CN
1729961472,1729961983,NZ
1729961984,1729964031,IN
1729964032,1729964543,AU
1729964800,1729965055,AU
1729965056,1729966079,IN
1729966080,1729967103,JP
1729967104,1729968127,AU
1729968128,1729968383,MY
1729968384,1729968639,SG
1729968640,1729969151,MY
1729969152,1729969663,BD
1729969664,1729970175,IN
1729970176,1729971199,AU
1729971200,1729972223,JP
1729972224,1729973247,HK
1729973248,1729974271,AU
1729974272,1729974783,IN
1729974784,1729976831,AU
1729976832,1729977343,MM
1729977344,1729978367,HK
1729978368,1729979391,IN
1729979392,1729980415,AU
1729980416,1729980927,BD
1729980928,1729982463,SG
1729982464,1729982719,AU
1729982720,1729982975,JP
1729982976,1729983231,NP
1729983488,1729984511,IN
1729984512,1729985535,ID
1729985536,1729986559,BD
1729986560,1729989631,CN
1729989632,1729990655,HK
1729990656,1729991679,MN
1729991680,1729992703,ID
1729992704,1729993727,NC
1729993728,1729994751,IN
1729994752,1729995519,AU
1729995520,1729995775,PK
1729995776,1729996799,ID
1729996800,1729997311,AU
1729997312,1729997823,ID
1729997824,1729998847,AU
1729998848,1729999871,JP
1729999872,1730000383,BD
1730000384,1730000895,PK
1730000896,1730001919,ID
1730001920,1730002943,TH
1730002944,1730003967,AU
1730003968,1730004223,ID
1730004224,1730004479,IN
1730004480,1730004735,MY
1730004736,1730004991,MN
1730004992,1730007039,AU
1730007040,1730008063,IN
1730008064,1730009087,ID
1730009088,1730010111,AU
1730010112,1730011135,IN
1730011136,1730012159,BT
1730012160,1730013183,ID
1730013184,1730014207,IN
1730014208,1730014719,CN
1730014720,1730015231,BD
1730015232,1730016255,MY
1730016256,1730017279,NZ
1730017536,1730017791,IN
1730017792,1730018303,PH
1730019328,1730020351,ID
1730020352,1730021375,HK
1730021376,1730021887,PH
1730021888,1730022399,VN
1730022400,1730024191,US
1730024192,1730024447,HK
1730024448,1730025471,CN
1730025472,1730025983,IN
1730026496,1730027519,BD
1730027520,1730028543,SG
1730028544,1730029567,VN
1730029568,1730030591,HK
1730030592,1730031615,TW
1730031616,1730032639,HK
1730032640,1730033663,JP
1730033664,1730034687,ID
1730034688,1730035711,BD
1730035712,1730036735,IN
1730036736,1730037759,HK
1730037760,1730038783,IN
1730038784,1730039807,HK
1730039808,1730040831,IN
1730040832,1730043903,ID
1730043904,1730044927,CN
1730044928,1730045951,HK
1730045952,1730046975,CN
1730046976,1730047999,KR
1730048000,1730049023,TL
1730049024,1730050047,IN
1730050048,1730050303,AU
1730050304,1730050559,SG
1730050560,1730051071,ID
1730051072,1730052095,TH
1730054144,1730055167,AF
1730055168,1730056191,IN
1730056192,1730057215,ID
1730057216,1730058239,CN
1730058240,1730059263,IN
1730060288,1730061311,KR
1730061312,1730062335,JP
1730062336,1730062591,AU
1730062592,1730062847,BD
1730062848,1730064383,ID
1730064384,1730065407,IN
1730065408,1730066431,ID
1730066432,1730067455,AU
1730067456,1730068479,BD
1730068480,1730069503,ID
1730069504,1730070527,KH
1730070528,1730071551,CN
1730071552,1730072575,KR
1730073088,1730073343,IT
1730073344,1730073599,AU
1730073600,1730073855,ID
1730073856,1730074111,MY
1730074112,1730074367,AU
1730074368,1730074623,SG
1730074624,1730075647,AU
1730075648,1730076671,ID
1730076672,1730077183,IN
1730077184,1730077695,PL
1730077696,1730078719,CN
1730078720,1730079743,AU
1730079744,1730080767,CN
1730080768,1730081791,JP
1730081792,1730082815,ID
1730082816,1730083839,PW
1730083840,1730084863,HK
1730084864,1730085887,CN
1730085888,1730086911,US
1730086912,1730087423,IN
1730087424,1730087935,BD
1730087936,1730088959,JP
1730088960,1730091007,HK
1730091008,1730091519,SG
1730091520,1730091775,AU
1730091776,1730092031,MY
1730092032,1730093055,AU
1730093056,1730093567,ID
1730093568,1730094079,MY
1730094080,1730095103,ID
1730095104,1730095615,IN
1730095616,1730097151,ID
1730097152,1730103295,CN
1730103296,1730104319,PH
1730104320,1730104575,DE
1730104576,1730104831,PL
1730104832,1730105343,CY
1730105344,1730106367,PK
1730106368,1730107391,MV
1730107392,1730108415,AU
1730108416,1730109439,PK
1730109440,1730110463,HK
1730110464,1730112511,PK
1730112512,1730112767,BD
1730112768,1730113535,ID
1730113536,1730114559,AU
1730114560,1730115071,US
1730115072,1730115583,ID
1730115584,1730117631,VN
1730117632,1730118655,KH
1730118656,1730119679,ID
1730119680,1730120703,HK
1730120704,1730122751,IN
1730122752,1730123775,CN
1730123776,1730124799,BD
1730124800,1730125823,ID
1730125824,1730126847,CN
1730126848,1730127871,ID
1730127872,1730128895,CN
1730128896,1730129919,SG
1730129920,1730130943,BD
1730130944,1730131967,KR
1730131968,1730132991,HK
1730132992,1730134015,IN
1730134016,1730135039,JP
1730135040,1730136063,TW
1730136064,1730137087,CN
1730137088,1730138111,ID
1730138112,1730139135,BD
1730139136,1730140159,IN
1730140160,1730141183,JP
1730141184,1730141695,IN
1730141696,1730142207,MM
1730142208,1730143231,ID
1730143232,1730144255,SG
1730144256,1730145279,ID
1730145280,1730146303,CN
1730146304,1730146815,ID
1730146816,1730147327,CN
1730147328,1730148351,JP
1730148352,1730149375,ID
1730149376,1730150399,JP
1730150400,1730360319,CN
1730360320,1730361343,IN
1730361344,1730362367,GB
1730362368,1730363391,JP
1730363392,1730364415,VN
1730364416,1730365439,IN
1730365440,1730367487,HK
1730367488,1730368511,AU
1730368512,1730369535,HK
1730369536,1730370047,NZ
1730370048,1730370303,IN
1730370304,1730370559,SG
1730370560,1730371583,AU
1730371584,1730372607,TH
1730372608,1730373631,IN
1730373632,1730374655,CN
1730374656,1730375679,BD
1730375680,1730376191,AU
1730376192,1730376703,IN
1730376704,1730377727,CN
1730377728,1730378239,IN
1730378240,1730378495,HK
1730378496,1730378751,IN
1730378752,1730379775,US
1730380288,1730380799,AU
1730380800,1730381823,IN
1730381824,1730382847,MY
1730382848,1730383359,ID
1730383360,1730383615,IN
1730383616,1730383871,MY
1730383872,1730385919,HK
1730385920,1730386943,ID
1730386944,1730387967,BD
1730387968,1730388991,LV
1730388992,1730389503,IN
1730389504,1730390015,ID
1730390016,1730391039,BD
1730391040,1730392063,HK
1730392064,1730392575,BD
1730393088,1730394111,CN
1730394112,1730395135,HK
1730395136,1730396159,US
1730396160,1730398207,IN
1730399232,1730400255,TW
1730400256,1730402303,PK
1730402304,1730402559,ID
1730402560,1730402815,IN
1730402816,1730403327,ID
1730403328,1730404351,CN
1730404352,1730406399,AU
1730406400,1730407423,IN
1730407424,1730408447,ID
1730408448,1730410495,IN
1730410496,1730410751,SG
1730410752,1730411007,US
1730411008,1730411263,HK
1730411264,1730411519,SG
1730411520,1730412543,HK
1730412544,1730414591,AU
1730414592,1730415615,ID
1730415616,1730416127,AU
1730416128,1730416639,ID
1730416640,1730417663,PH
1730417664,1730418687,HK
1730418688,1730419199,TW
1730419200,1730419711,IN
1730419712,1730420735,CN
1730420736,1730421759,ID
1730421760,1730422783,CN
1730422784,1730423807,ID
1730423808,1730425855,IN
1730425856,1730426367,ID
1730426368,1730426623,JP
1730426624,1730426879,US
1730426880,1730429951,CN
1730429952,1730430207,ID
1730430208,1730430463,AU
1730430464,1730430719,ID
1730430720,1730430975,IN
1730430976,1730431999,CN
1730432000,1730435071,IN
1730435072,1730435583,BD
1730435584,1730437119,SG
1730437120,1730438143,CN
1730438144,1730439167,BD
1730439168,1730440191,IN
1730440192,1730441215,AU
1730441216,1730442239,HK
1730442240,1730443263,TW
1730443264,1730445311,IN
1730445312,1730445567,NZ
1730445568,1730446335,AU
1730446336,1730448383,CN
1730448384,1730449407,JP
1730449408,1730450431,VU
1730450432,1730450687,AU
1730450688,1730450943,IN
1730450944,1730451455,NR
1730451456,1730452479,AU
1730452480,1730453503,IN
1730453504,1730476031,CN
1730476032,1730476543,AU
1730476544,1730476799,ID
1730476800,1730477055,IN
1730477056,1730477567,JP
1730477568,1730478079,BD
1730478080,1730479103,US
1730479104,1730479615,TW
1730479616,1730480127,IT
1730480128,1730480639,AU
1730480640,1730481151,JP
1730481152,1730483199,CN
1730483200,1730484223,IN
1730484224,1730485247,CN
1730485248,1730487295,VN
1730487296,1730488319,TW
1730488320,1730489343,HK
1730489344,1730490367,CN
1730490368,1730491391,PH
1730491392,1730493439,CN
1730493440,1730493951,VN
1730493952,1730494463,AU
1730494464,1730495487,JP
1730495488,1730496511,AU
1730496512,1730497535,CN
1730497536,1730499583,IN
1730499584,1730500607,PS
1730500608,1730501119,JP
1730501120,1730501631,AU
1730501632,1730502655,JP
1730502656,1730503679,IN
1730503680,1730505727,CN
1730505728,1730508799,JP
1730508800,1730509823,AU
1730509824,1730510335,ID
1730510336,1730510847,BD
1730510848,1730511871,AU
1730511872,1730512895,JP
1730512896,1730521087,CN
1730521088,1730522111,ID
1730522112,1730524159,CN
1730524160,1730525183,IN
1730525184,1730525695,BD
1730526208,1730527231,CN
1730527232,1730528255,HK
1730528256,1730529279,SG
1730529280,1730529791,IN
1730529792,1730530303,BD
1730530304,1730531327,NZ
1730531328,1730535423,CN
1730535424,1730536447,ID
1730536448,1730536703,AU
1730536704,1730537471,ID
1730537472,1730538495,HK
1730538496,1730539519,KH
1730539520,1730540543,JP
1730540544,1730541567,ID
1730541568,1730542591,HK
1730542592,1730544639,CN
1730544640,1730545663,IN
1730545664,1730545919,MM
1730545920,1730546687,AU
1730546688,1730547711,IN
1730547712,1730548735,BD
1730548736,1730549759,MY
1730549760,1730550783,KR
1730550784,1730551807,HK
1730551808,1730552831,CN
1730552832,1730553855,IN
1730553856,1730555903,CN
1730555904,1730557439,IN
1730557440,1730557951,BD
1730557952,1730558975,CN
1730558976,1730559999,MY
1730560000,1730561023,HK
1730561024,1730562047,IN
1730562048,1730563071,SG
1730563072,1730564095,CN
1730564096,1730565119,HK
1730565120,1730566143,CN
1730566144,1730566655,IN
1730566656,1730567167,HK
1730567168,1730569215,CN
1730569216,1730572287,ID
1730573312,1730574335,CN
1730574336,1730575359,AU
1730575360,1730577407,IN
1730577408,1730578431,CN
1730578432,1730579455,VN
1730579456,1730580479,CN
1730580480,1730580735,HK
1730580992,1730581503,TW
1730582016,1730582271,IN
1730582272,1730582527,PH
1730582528,1730585599,HK
1730585600,1730586623,NZ
1730586624,1730587647,HK
1730587648,1730588671,PH
1730588672,1730589695,IN
1730589696,1730590207,VN
1730590208,1730590719,IN
1730590720,1730591743,SG
1730591744,1730591999,PH
1730592256,1730592767,IN
1730592768,1730593791,MY
1730593792,1730594815,NP
1730594816,1730596863,IN
1730597376,1730597887,JP
1730597888,1730598911,PH
1730598912,1730599423,ID
1730599424,1730599935,IN
1730599936,1730600191,NZ
1730600192,1730600447,SG
1730600448,1730600959,IN
1730600960,1730604031,CN
1730604032,1730605055,VN
1730605056,1730606079,IN
1730606080,1730607103,VN
1730607104,1730607615,NP
1730607616,1730607871,TH
1730607872,1730608127,PH
1730608128,1730609151,HK
1730609152,1730610687,IN
1730610944,1730611199,SG
1730611200,1730612223,IN
1730612224,1730613247,ID
1730613248,1730614271,US
1730614272,1730615295,NZ
1730615296,1730616319,HK
1730616320,1730617855,IN
1730618368,1730619391,KR
1730619392,1730619903,GB
1730619904,1730620415,SG
1730620416,1730621439,NZ
1730621440,1730622719,ID
1730622720,1730622975,AU
1730623232,1730623487,AU
1730623488,1730624511,HK
1730624512,1730625535,AU
1730625536,1730626559,CN
1730626560,1730628607,ID
1730628608,1730629631,HK
1730629632,1730630655,PK
1730630656,1730631679,AU
1730631680,1730632703,CN
1730632704,1730634751,VN
1730634752,1730636799,CN
1730636800,1730637823,HK
1730637824,1730638079,AU
1730638080,1730638335,JP
1730638336,1730638847,NZ
1730638848,1730639871,IN
1730639872,1730640383,BD
1730640384,1730640895,MY
1730640896,1730641407,VN
1730641408,1730643967,IN
1730643968,1730644735,AU
1730644736,1730644991,IN
1730644992,1730646015,MY
1730646016,1730646527,IN
1730646528,1730647039,PH
1730647040,1730649087,HK
1730649088,1730650111,IN
1730650112,1730658303,CN
1730658304,1730659327,JP
1730659328,1730659839,BD
1730659840,1730660351,ID
1730660352,1730669567,CN
1730669568,1730670079,IN
1730670080,1730670591,AU
1730670592,1730672639,IN
1730672640,1730672895,AU
1730673152,1730673407,AU
1730673408,1730673663,IN
1730673664,1730674687,FM
1730674688,1730675199,ID
1730675200,1730675711,PH
1730675712,1730676735,HK
1730676736,1730677759,SG
1730677760,1730686975,CN
1730686976,1730687999,IN
1730688000,1730688511,BD
1730688512,1730689023,ID
1730689024,1730692095,IN
1730692096,1730692607,ID
1730692608,1730693119,AU
1730693120,1730694143,IN
1730694144,1730695167,HK
1730695168,1730695423,IN
1730695424,1730695679,NZ
1730695680,1730696191,BD
1730696192,1730697215,AU
1730697216,1730698239,CN
1730698240,1730699263,ID
1730699264,1730700287,JP
1730700288,1730701311,TR
1730701312,1730702335,JP
1730702336,1730702591,ID
1730702592,1730702847,AU
1730702848,1730704383,HK
1730704384,1730705407,TH
1730705408,1730706431,ID
1730706432,1730708479,JP
1730708480,1730713599,TH
1730713600,1730714623,HK
1730714624,1730715135,BD
1730715136,1730715647,CN
1730715648,1730716671,HK
1730717184,1730717695,BD
1730717696,1730718719,IN
1730718720,1730719231,HK
1730719232,1730719743,CN
1730719744,1730720767,HK
1730720768,1730723839,TH
1730723840,1730724863,CN
1730724864,1730726911,IN
1730726912,1730727935,MY
1730727936,1730728959,SG
1730728960,1730729983,CN
1730729984,1730731007,JP
1730731008,1730732031,CN
1730732032,1730732287,AU
1730732544,1730733055,BD
1730733056,1730741247,CN
1730741248,1730742271,HK
1730742272,1730742783,PH
1730742784,1730743295,IN
1730743296,1730744319,SG
1730744320,1730745343,CN
1730745344,1730751487,IN
1730751488,1730752511,US
1730752512,1730753535,HK
1730753536,1730754559,CN
1730754560,1730755071,IN
1730755072,1730755583,TH
1730755584,1730756607,JP
1730756608,1730757631,HK
1730757632,1730758655,SG
1730758656,1730760191,IN
1730760192,1730760703,ID
1730760704,1730761727,HK
1730761728,1730762751,TH
1730762752,1730763775,IN
1730763776,1730764287,MN
1730764288,1730764799,BD
1730764800,1730766847,IN
1730766848,1730767871,HK
1730767872,1730768127,AU
1730768128,1730768639,ID
1730768640,1730768895,BD
1730768896,1730769407,MN
1730769408,1730769919,BD
1730769920,1730770943,CN
1730770944,1730771967,ID
1730771968,1730772991,HK
1730772992,1730774015,SG
1730774016,1730775039,HK
1730775040,1730776063,JP
1730776064,1730777087,CN
1730777088,1730778111,IN
1730778112,1730780159,CN
1730780160,1730781183,AU
1730781184,1730783231,CN
1730783232,1730783487,NZ
1730783488,1730783743,ID
1730783744,1730783999,IN
1730784000,1730784255,ID
1730784256,1730785279,NP
1730785280,1730786303,AU
1730786304,1730788351,HK
1730788352,1730790399,ID
1730790400,1730791423,IN
1730791424,1730794495,ID
1730794496,1730795007,BD
1730795008,1730795519,IN
1730795520,1730796543,AU
1730796544,1730800639,CN
1730800640,1730801663,ES
1730801664,1730802687,JP
1730802688,1730803199,BD
1730803200,1730804735,ID
1730804736,1730805759,JP
1730805760,1730806783,AF
1730806784,1730807295,BD
1730807296,1730807807,NZ
1730807808,1730808831,CN
1730808832,1730809343,IN
1730809856,1730810367,IN
1730810368,1730810623,HK
1730810624,1730811903,AU
1730811904,1730814975,CN
1730814976,1730815999,HK
1730816000,1730817023,ID
1730817024,1730818047,JP
1730818048,1730818559,AU
1730818560,1730819071,IN
1730819072,1730819583,BD
1730819584,1730821119,VN
1730821120,1730821631,KR
1730821632,1730822143,AU
1730822144,1730824191,CN
1730824192,1730825215,IN
1730825216,1730826239,CN
1730826240,1730827263,JP
1730827264,1730829311,IN
1730829312,1730831359,PH
1730831360,1730832383,HK
1730832384,1730833407,CN
1730833408,1730834431,AU
1730834432,1730834943,TW
1730834944,1730835199,IN
1730835200,1730835455,MM
1730835456,1730837503,ID
1730837504,1730839039,IN
1730839040,1730839551,JP
1730839552,1730840575,AU
1730840576,1730841599,PH
1730841600,1730842623,AU
1730842624,1730844671,TW
1730844672,1730845695,BD
1730845696,1730848767,IN
1730848768,1730849791,JP
1730849792,1730850815,IN
1730850816,1730851839,HK
1730851840,1730852863,CN
1730852864,1730853887,KR
1730853888,1730854143,IN
1730854144,1730854399,AU
1730854400,1730854655,NZ
1730854912,1730857471,IN
1730857472,1730857983,BD
1730857984,1730858239,TH
1730858240,1730858495,ID
1730858496,1730859007,MY
1730859008,1730860031,BN
1730860032,1730861055,MY
1730861056,1730862079,MM
1730862080,1730862591,IN
1730862592,1730863103,BD
1730863104,1730864127,AU
1730864128,1730864639,BD
1730864640,1730865151,GB
1730865152,1730866175,CN
1730866176,1730866431,NZ
1730866432,1730867199,AU
1730867200,1730867455,NL
1730867456,1730869247,ID
1730869248,1730870271,IN
1730870272,1730871807,ID
1730871808,1730873343,IN
1730873344,1730874367,HK
1730875392,1730876415,CN
1730876416,1730877439,HK
1730877440,1730878463,ID
1730878464,1730879487,HK
1730879488,1730881023,IN
1730881024,1730881535,AU
1730881536,1730882559,IT
1730882560,1730883583,ID
1730883584,1730884607,TW
1730884608,1730885631,BD
1730885632,1730887679,ID
1730887680,1730887935,KR
1730887936,1730888191,IN
1730888192,1730888703,ID
1730888704,1730889727,US
1730889728,1730890751,AU
1730890752,1730891775,LA
1730891776,1730892799,IN
1730892800,1730893823,HK
1730893824,1730894847,AU
1730895104,1730895871,BD
1730895872,1730898943,CN
1730898944,1730899967,MY
1730899968,1730900991,IN
1730900992,1730902015,AU
1730902016,1730903039,KR
1730903040,1730904063,CN
1730904064,1730905087,ID
1730905088,1730906111,CN
1730906112,1730906367,TH
1730906368,1730906623,AU
1730907136,1730908159,JP
1730908160,1730909183,PG
1730909184,1730910207,BD
1730910208,1730911231,US
1730911232,1730912255,NC
1730912256,1730913279,HK
1730913280,1730913791,ID
1730914304,1730915327,NP
1730915328,1730916351,HK
1730916352,1730917375,AU
1730918400,1730919423,CN
1730919424,1730920447,SG
1730920448,1730922495,CN
1730922496,1730923519,IN
1730923520,1730924031,NF
1730924032,1730924543,NZ
1730924544,1730925567,CN
1730925568,1730926591,PH
1730926592,1730927615,HK
1730927616,1730929663,CN
1730929664,1730929919,IN
1730929920,1730930175,TH
1730930176,1730930431,BD
1730930432,1730930687,IN
1730930688,1730931711,IT
1730932736,1730933759,CN
1730933760,1730934783,HK
1730934784,1730936063,IN
1730936064,1730936831,AU
1730936832,1730937855,IN
1730937856,1730938879,SG
1730938880,1730939903,ID
1730939904,1730940927,IN
1730940928,1730941439,JP
1730941440,1730941695,IN
1730941696,1730941951,ID
1730942976,1730943487,AU
1730943488,1730943999,ID
1730944000,1730945023,HK
1730945024,1730946047,AU
1730946048,1730947071,ID
1730947072,1730948095,AU
1730948096,1730948351,TH
1730948352,1730948607,NZ
1730948608,1730949119,AU
1730949120,1730951167,IN
1730951168,1730952191,CN
1730952192,1730954239,HK
1730954240,1730955263,SG
1730955264,1730956287,PR
1730956288,1730957311,BD
1730957312,1730958335,CN
1730958336,1730959359,JP
1730959360,1730960383,US
1730960384,1730961407,ID
1730961408,1730962431,IN
1730962432,1730962687,ID
1730962688,1730962943,AU
1730962944,1730963455,JP
1730963456,1730964479,IN
1730964480,1730964735,MY
1730964736,1730964991,JP
1730964992,1730965503,NZ
1730965504,1730966527,SG
1730966528,1730967551,IN
1730967552,1730969599,CN
1730969600,1730970623,JP
1730970624,1730971647,CN
1730971648,1730973695,IN
1730973696,1730974719,CN
1730974720,1730974975,AU
1730974976,1730975231,ID
1730975232,1730975743,BD
1730975744,1730976767,ID
1730976768,1730977791,IN
1730977792,1730978815,HK
1730978816,1730979839,NZ
1730979840,1730980863,CN
1730980864,1730981887,IN
1730981888,1730990079,CN
1730990080,1730991103,JP
1730991104,1730992127,IN
1730992128,1730993151,TH
1730993152,1730993407,SG
1730993408,1730993663,IN
1730993664,1730993919,NZ
1730993920,1730994175,US
1730994176,1730995199,CN
1730995200,1730996223,AU
1730996224,1730997247,HK
1730997248,1731018751,CN
1731018752,1731020799,HK
1731020800,1731060735,CN
1731060736,1731063807,VN
1731063808,1731064831,NZ
1731064832,1731065087,IL
1731065088,1731065343,ES
1731065344,1731065599,SE
1731065600,1731065855,NL
1731065856,1731066879,CN
1731066880,1731067391,PH
1731067392,1731067903,AU
1731067904,1731068927,CN
1731068928,1731070975,ID
1731070976,1731103743,CN
1731103744,1731104255,HK
1731104256,1731104767,PK
1731104768,1731105791,TW
1731105792,1731106815,BD
1731106816,1731115007,CN
1731115008,1731115519,HK
1731115520,1731116031,ID
1731116032,1731117055,TW
1731117056,1731118591,IN
1731118592,1731118847,ID
1731118848,1731120127,IN
1731120128,1731121151,JP
1731121152,1731122175,AF
1731122176,1731123199,AU
1731123200,1731124223,PF
1731124224,1731125247,AU
1731125248,1731126271,US
1731126272,1731127295,AU
1731127296,1731130367,IN
1731130368,1731132415,CN
1731132416,1731133951,AU
1731133952,1731134207,JP
1731134208,1731134463,NZ
1731134464,1731135487,CN
1731135488,1731136511,ID
1731136512,1731138559,IN
1731138560,1731139583,CN
1731139584,1731140607,HK
1731140608,1731141631,SG
1731141632,1731142655,IN
1731142656,1731144703,CN
1731144704,1731145727,IN
1731145728,1731146751,CN
1731146752,1731148031,US
1731148032,1731148287,DE
1731148288,1731148799,US
1731148800,1731149055,ID
1731149312,1731149823,US
1731149824,1731150847,IN
1731150848,1731151871,PS
1731151872,1731152895,IN
1731152896,1731153407,HK
1731153408,1731153919,IN
1731153920,1731154943,CN
1731154944,1731155967,TH
1731155968,1731156479,HK
1731156480,1731158015,IN
1731158016,1731159039,CN
1731159040,1731159551,SG
1731159552,1731160063,BD
1731160064,1731161087,IN
1731161088,1731162111,CN
1731162112,1731163135,HK
1731163136,1731165183,CN
1731165184,1731166719,IN
1731166720,1731167231,MY
1731167232,1731168255,ID
1731168256,1731170303,CN
1731170304,1731171327,PK
1731171328,1731172351,IN
1731172608,1731172863,IN
1731172864,1731173375,MY
1731173376,1731174399,IT
1731174400,1731178495,IN
1731178496,1731179519,HK
1731179520,1731180031,PK
1731180032,1731180543,BD
1731180544,1731181055,MM
1731181056,1731181311,JP
1731181312,1731181567,AU
1731182592,1731183615,VN
1731183616,1731184639,IN
1731184640,1731185663,HK
1731185664,1731186687,NZ
1731186688,1731187711,SG
1731187712,1731188735,CN
1731188736,1731189759,IN
1731189760,1731190783,HK
1731190784,1731191807,SG
1731191808,1731192319,ID
1731192320,1731192831,PH
1731192832,1731193087,SG
1731193088,1731193855,AU
1731193856,1731194879,IN
1731194880,1731196159,SG
1731196160,1731196927,AU
1731196928,1731197951,HK
1731197952,1731198975,MY
1731198976,1731199487,PK
1731199488,1731199999,IN
1731200000,1731201023,HK
1731201024,1731202047,NZ
1731202048,1731202303,TH
1731202304,1731202559,ID
1731203072,1731204095,BD
1731204096,1731204607,AU
1731205120,1731205631,PK
1731205888,1731206143,ID
1731206912,1731207167,JP
1731207168,1731207935,US
1731207936,1731208191,CA
1731208192,1731209727,JP
1731209728,1731211263,IN
1731211264,1731211391,AU
1731211392,1731211519,JP
1731211520,1731211775,HK
1731211776,1731212287,IN
1731212288,1731213311,CN
1731213312,1731218431,IN
1731218432,1731221503,VN
1731221504,1731221759,NP
1731221760,1731222015,AU
1731222016,1731222527,IN
1731222528,1731223551,CN
1731223552,1731228671,IN
1731228672,1731228927,MN
1731228928,1731229183,KH
1731229184,1731229439,NZ
1731229440,1731229695,BD
1731229696,1731230719,JP
1731230720,1731231743,IN
1731231744,1731232767,ID
1731232768,1731233791,US
1731233792,1731234815,JP
1731234816,1731235839,HK
1731235840,1731236863,IN
1731236864,1731239935,CN
1731239936,1731240959,BD
1731240960,1731241983,JP
1731241984,1731243007,HK
1731243008,1731244031,SG
1731244032,1731246079,IN
1731246080,1731247103,MN
1731247104,1731249151,VN
1731249152,1731250175,IN
1731250176,1731250431,AU
1731250688,1731251199,CN
1731251200,1731252223,TH
1731252224,1731253247,AU
1731253248,1731253759,IN
1731253760,1731254271,AU
1731254272,1731262463,CN
1731262464,1731263999,JP
1731264000,1731264511,AU
1731264512,1731265535,JP
1731265536,1731266559,AU
1731266560,1731267583,HK
1731267584,1731268607,CN
1731268608,1731269631,AU
1731269632,1731270655,CN
1731270656,1731271679,MY
1731271680,1731272703,ID
1731272704,1731273727,US
1731273728,1731273983,PH
1731273984,1731274239,ID
1731274240,1731274751,AU
1731274752,1731275775,KH
1731275776,1731276799,KR
1731276800,1731277311,IN
1731277312,1731277823,ID
1731277824,1731279871,IN
1731279872,1731280895,HK
1731280896,1731281919,TH
1731281920,1731282175,ID
1731282176,1731282431,PK
1731282432,1731282943,BD
1731282944,1731284991,CN
1731284992,1731286015,AU
1731286016,1731286527,LT
1731286528,1731287039,ES
1731287040,1731288063,JP
1731288064,1731289087,HK
1731289088,1731290111,CN
1731290112,1731290623,BD
1731290624,1731291135,IN
1731291136,1731291647,ID
1731291648,1731292159,AU
1731292160,1731293183,CN
1731293184,1731293695,IN
1731293696,1731294207,BD
1731294208,1731295743,IN
1731295744,1731296255,HK
1731296256,1731296767,IN
1731296768,1731297023,HK
1731297024,1731297279,AU
1731297280,1731297535,HK
1731297536,1731297791,IN
1731297792,1731298047,ID
1731298048,1731298303,IN
1731298304,1731299327,HK
1731299328,1731300351,PK
1731300352,1731301375,JP
1731301376,1731301887,AU
1731301888,1731302143,PH
1731302144,1731302399,IN
1731302400,1731302911,TH
1731303424,1731304447,US
1731304448,1731306495,HK
1731306496,1731307519,IN
1731307520,1731308543,BD
1731308544,1731308799,NZ
1731308800,1731309567,NR
1731309568,1731311615,CN
1731311616,1731314687,ID
1731314688,1731315711,CN
1731315712,1731316735,BD
1731316736,1731316991,IN
1731316992,1731317247,NZ
1731317248,1731317503,IN
1731317504,1731317759,PG
1731317760,1731318783,PS
1731318784,1731319807,HK
1731319808,1731320831,JP
1731320832,1731321855,ID
1731321856,1731322879,IN
1731322880,1731323903,ID
1731323904,1731325439,IN
1731325440,1731325951,ID
1731325952,1731327487,IN
1731327488,1731329023,HK
1731329024,1731330047,IN
1731330048,1731330149,SG
1731330150,1731330151,HK
1731330152,1731330153,JP
1731330154,1731330155,IN
1731330156,1731330157,AU
1731330158,1731330159,PH
1731330160,1731330161,CN
1731330162,1731331071,SG
1731331072,1731332095,IN
1731332096,1731333119,HK
1731333120,1731333631,AU
1731333632,1731334143,FR
1731334144,1731335167,HK
1731335168,1731336191,IN
1731336192,1731337215,ID
1731337216,1731338239,IN
1731338240,1731338254,US
1731338255,1731338255,GB
1731338256,1731338751,US
1731338752,1731339263,AU
1731339264,1731340287,CN
1731340288,1731341311,KR
1731341312,1731349503,CN
1731349504,1731351551,IN
1731351552,1731352575,JP
1731352576,1731354623,US
1731354624,1731355647,HK
1731355648,1731356671,AU
1731356672,1731357695,MV
1731357696,1731362815,CN
1731362816,1731363839,ID
1731363840,1731366911,CN
1731366912,1731368191,IN
1731368192,1731368447,AU
1731368448,1731369983,IN
1731369984,1731371007,PK
1731371008,1731372031,IN
1731372032,1731373055,MY
1731373056,1731374079,BD
1731374080,1731382271,CN
1731382272,1731383295,MN
1731383296,1731385343,IN
1731385344,1731386111,ID
1731386112,1731386367,IN
1731386368,1731394559,CN
1731394560,1731395583,HK
1731395584,1731396095,IN
1731396096,1731396607,BD
1731396608,1731397631,JP
1731397632,1731398143,IN
1731398144,1731398655,TH
1731398656,1731399679,HK
1731399680,1731400703,NP
1731400704,1731403775,IN
1731403776,1731404799,US
1731404800,1731405823,JP
1731405824,1731406079,AU
1731406080,1731406335,MY
1731406336,1731406591,AU
1731406592,1731406847,MY
1731406848,1731407871,ID
1731407872,1731408895,MY
1731408896,1731409407,BD
1731409408,1731410943,IN
1731410944,1731411199,MN
1731411200,1731411455,AU
1731411968,1731412991,TH
1731412992,1731414015,AU
1731414016,1731415039,IN
1731415040,1731416063,ES
1731416064,1731417087,JP
1731417088,1731417599,BD
1731418112,1731419135,TW
1731419136,1731420159,IN
1731420160,1731420671,VN
1731420672,1731421183,ID
1731421184,1731421695,NZ
1731421952,1731422207,ID
1731422208,1731422719,VN
1731422720,1731423231,ID
1731423232,1731424255,HK
1731424256,1731425279,AU
1731425280,1731426303,IN
1731426304,1731426815,VN
1731426816,1731427327,ID
1731428352,1731428863,BD
1731428864,1731429119,AU
1731429120,1731429375,ID
1731429376,1731431423,IN
1731431424,1731432447,TW
1731432448,1731433471,HK
1731433472,1731435519,IN
1731435520,1731436031,NZ
1731436032,1731436287,ID
1731436288,1731436543,AU
1731436544,1731437567,SG
1731437568,1731438591,DE
1731438592,1731441663,KR
1731441664,1731442687,JP
1731442688,1731447807,KR
1731447808,1731448831,ID
1731448832,1731449855,IN
1731449856,1731450879,JP
1731450880,1731451903,IN
1731451904,1731452159,PK
1731452160,1731452415,AU
1731452416,1731452927,IN
1731452928,1731453951,TH
1731453952,1731454975,DE
1731454976,1731457023,IN
1731457024,1731461119,KR
1731461120,1731461375,IN
1731461376,1731461631,AU
1731461632,1731462143,ID
1731462144,1731462655,BD
1731462656,1731463167,ID
1731463168,1731464191,US
1731464192,1731465215,MM
1731465216,1731466239,ID
1731466240,1731467263,JP
1731467264,1731467327,MX
1731467328,1731467391,PY
1731467392,1731467455,US
1731467456,1731467519,GT
1731467520,1731467583,IQ
1731467584,1731467647,MN
1731467648,1731467711,TH
1731467712,1731467775,PH
1731467776,1731467839,MD
1731467840,1731467903,PL
1731467904,1731467967,SK
1731467968,1731468031,RO
1731468032,1731468095,HU
1731468096,1731468159,SI
1731468160,1731468223,DE
1731468224,1731468287,GR
1731468288,1731469311,NP
1731469312,1731469823,IN
1731469824,1731470335,PK
1731470336,1731471359,IN
1731471360,1731472383,CN
1731472384,1731473407,ID
1731473408,1731475455,IN
1731475456,1731476479,MY
1731476480,1731476991,ID
1731476992,1731477247,PH
1731477248,1731477503,BD
1731477504,1731479551,ID
1731479552,1731483647,CN
1731483648,1731484671,FJ
1731484672,1731485695,VN
1731485696,1731488767,CN
1731488768,1731489279,TH
1731489280,1731489791,ID
1731489792,1731490303,VN
1731490304,1731490815,ID
1731490816,1731491839,AU
1731491840,1731492863,ID
1731492864,1731493887,US
1731493888,1731495167,JP
1731495168,1731495423,ID
1731495424,1731495935,BD
1731495936,1731496959,IN
1731496960,1731497983,BD
1731497984,1731499007,ID
1731499008,1731500031,JP
1731500032,1731501055,HK
1731501056,1731502079,NZ
1731502080,1731504127,CN
1731504128,1731504639,AU
1731504640,1731505151,ID
1731505152,1731507199,CN
1731507200,1731508223,IN
1731508224,1731509247,CN
1731509248,1731510271,HK
1731510272,1731510527,MY
1731510528,1731510783,AU
1731510784,1731511295,IN
1731511296,1731512319,CN
1731512320,1731513343,KR
1731513344,1731514367,NZ
1731514368,1731515391,IN
1731515392,1731515903,ID
1731515904,1731517439,HK
1731517440,1731519487,IN
1731519488,1731520511,MM
1731520512,1731523583,JP
1731523584,1731526655,IN
1731526656,1731527679,ID
1731527680,1731528703,PS
1731528704,1731529727,HK
1731529728,1731530751,JP
1731530752,1731531775,AF
1731531776,1731532031,ID
1731532032,1731532287,IN
1731532288,1731532799,NZ
1731532800,1731533823,AF
1731533824,1731534335,ID
1731534336,1731534847,IN
1731534848,1731535871,MY
1731535872,1731537919,IN
1731537920,1731538943,PK
1731538944,1731539967,HK
1731539968,1731540991,IN
1731540992,1731542015,PH
1731542016,1731543039,IN
1731543040,1731545087,CN
1731545088,1731546111,IN
1731546112,1731547135,ID
1731547136,1731547647,JP
1731547648,1731548159,IN
1731548160,1731548671,BD
1731548672,1731549183,IN
1731549184,1731550207,VN
1731550208,1731551231,CN
1731551232,1731552255,JP
1731552256,1731553279,CN
1731553280,1731555839,IN
1731555840,1731556095,KR
1731556096,1731557375,AU
1731557376,1731558399,JP
1731558400,1731564543,CN
1731564544,1731565567,NZ
1731565568,1731566079,HK
1731566080,1731566591,PH
1731566592,1731567103,TH
1731567104,1731567615,VN
1731567616,1731568127,BD
1731568128,1731568639,PK
1731568640,1731569663,IN
1731569664,1731570687,VN
1731570688,1731571711,SG
1731571712,1731572735,PG
1731572736,1731573759,CN
1731573760,1731574271,ID
1731574272,1731574527,MY
1731574528,1731574783,AU
1731574784,1731576831,ID
1731576832,1731577087,AU
1731577088,1731577599,SG
1731577600,1731577855,HK
1731577856,1731578879,AU
1731578880,1731581951,CN
1731581952,1731582975,IN
1731582976,1731583999,PH
1731584000,1731585023,HK
1731585024,1731586047,VN
1731586048,1731587071,IN
1731587072,1731588095,CN
1731588096,1731590143,IN
1731590144,1731591167,CN
1731591168,1731592191,VN
1731592192,1731593215,ID
1731593216,1731594239,HK
1731594240,1731595263,CN
1731595264,1731596287,IN
1731596288,1731597311,NL
1731597312,1731601407,IN
1731601408,1731603455,BD
1731603456,1731604479,US
1731604480,1731605503,CN
1731606528,1731607295,US
1731607296,1731607551,CA
1731607552,1731608575,US
1731608576,1731609599,IN
1731609600,1731610623,AU
1731610624,1731611647,KR
1731611648,1731612159,IN
1731612160,1731612671,TO
1731612672,1731613695,ID
1731613696,1731614719,PH
1731614720,1731615743,TR
1731615744,1731616767,ID
1731616768,1731619839,IN
1731619840,1731620351,BD
1731620352,1731620607,MY
1731620608,1731620863,AU
1731620864,1731621887,KH
1731621888,1731622911,HK
1731623936,1731625983,HK
1731625984,1731626495,AU
1731626496,1731626751,ID
1731626752,1731628543,IN
1731628800,1731629055,US
1731629056,1731630079,IN
1731630080,1731631103,BD
1731631104,1731632127,SG
1731632128,1731633151,JP
1731633152,1731635199,CN
1731635200,1731636479,ID
1731636480,1731639295,IN
1731639296,1731640319,JP
1731640320,1731641343,IN
1731642368,1731643391,IN
1731644416,1731646463,JP
1731646464,1731647487,CN
1731647488,1731648511,ID
1731648512,1731649535,IN
1731649536,1731649791,NZ
1731649792,1731650559,ID
1731650560,1731651071,JP
1731651072,1731651583,IN
1731651584,1731652607,AU
1731652608,1731653119,IN
1731653120,1731653631,AU
1731653632,1731654655,CN
1731654656,1731655679,IN
1731655680,1731657727,VN
1731657728,1731658751,TH
1731658752,1731659263,HK
1731659264,1731659775,IN
1731659776,1731660799,HK
1731660800,1731661823,JP
1731661824,1731662847,AU
1731662848,1731663359,IN
1731663360,1731663871,ID
1731664896,1731665919,ID
1731665920,1731666175,AU
1731666176,1731666431,ID
1731666432,1731666687,AU
1731666688,1731666943,KR
1731666944,1731667967,ID
1731667968,1731668991,IN
1731668992,1731670015,AU
1731670016,1731671039,TL
1731671040,1731671551,AU
1731671552,1731672063,TH
1731672064,1731672575,ID
1731672576,1731672831,AU
1731672832,1731673087,TH
1731673088,1731675135,IN
1731675136,1731676159,PK
1731676160,1731677183,IN
1731677184,1731678207,AU
1731678208,1731679231,CN
1731679232,1731681279,IN
1731681280,1731682303,AU
1731682304,1731683327,IN
1731683328,1731684351,NL
1731684352,1731686399,IN
1731686400,1731686911,HK
1731686912,1731688447,AU
1731688448,1731689471,CN
1731689472,1731690495,SG
1731690496,1731691519,HK
1731691520,1731691775,AU
1731691776,1731692031,PK
1731692032,1731692543,AU
1731692544,1731693055,PK
1731693312,1731693567,ID
1731693568,1731694591,TH
1731694592,1731695615,BD
1731695616,1731696639,AU
1731696640,1731697663,CN
1731697664,1731698175,JP
1731698432,1731698943,ID
1731698944,1731699199,MV
1731699200,1731699711,AU
1731699712,1731699967,HK
1731699968,1731700735,IN
1731701760,1731702783,CN
1731702784,1731703295,AU
1731703296,1731703551,WS
1731703552,1731703807,NZ
1731703808,1731705855,IN
1731705856,1731706879,KR
1731706880,1731708927,JP
1731708928,1731709951,HK
1731709952,1731711999,CN
1731712000,1731712255,AU
1731712256,1731713023,IN
1731713024,1731713279,ID
1731713280,1731713535,AU
1731713536,1731713791,HK
1731713792,1731714047,AU
1731714048,1731716095,ID
1731716096,1731717119,CN
1731717120,1731718143,CH
1731718144,1731719167,CN
1731719168,1731719679,JP
1731719680,1731720191,BD
1731720192,1731721215,IN
1731721216,1731723263,ID
1731723264,1731724287,BD
1731724288,1731725311,PH
1731725312,1731726335,CN
1731726336,1731727359,AU
1731727360,1731729407,CN
1731729408,1731730431,HK
1731730432,1731731199,IN
1731731200,1731731455,AU
1731731456,1731732479,CN
1731732480,1731734527,IN
1731734528,1731735551,HK
1731735552,1731736575,JP
1731736576,1731736831,HK
1731736832,1731737087,AU
1731737088,1731737599,HK
1731737600,1731739647,CN
1731739648,1731741183,IN
1731741184,1731741439,ID
1731741440,1731741695,AU
1731741696,1731743743,CN
1731743744,1731744767,ID
1731744768,1731745023,DE
1731745024,1731745279,IN
1731745280,1731745791,CA
1731745792,1731746815,IN
1731746816,1731747327,ID
1731747328,1731747839,CN
1731747840,1731748863,JP
1731748864,1731750911,CN
1731750912,1731751935,JP
1731751936,1731753983,HK
1731753984,1731755007,IN
1731756032,1731757055,PH
1731757056,1731758079,JP
1731758080,1731759103,ID
1731759104,1731760127,CN
1731760128,1731761663,ID
1731761664,1731762175,AU
1731762176,1731763199,CN
1731763200,1731767295,VN
1731767296,1731767551,NL
1731767552,1731767807,IN
1731768064,1731770367,IN
1731770368,1731771391,CN
1731771392,1731772415,ID
1731772416,1731773439,HK
1731773440,1731774463,IN
1731774464,1731775487,CN
1731775488,1731776511,ID
1731776512,1731777023,BD
1731777024,1731777535,IN
1731777536,1731778559,MM
1731778560,1731779583,HK
1731779584,1731782655,IN
1731782656,1731783679,ID
1731783680,1731788799,IN
1731788800,1731789823,AU
1731789824,1731790847,JP
1731790848,1731791871,ID
1731791872,1731792895,CN
1731792896,1731793919,IN
1731793920,1731794943,BD
1731794944,1731795967,HK
1731795968,1731796991,JP
1731796992,1731798015,AU
1731798016,1731799039,ID
1731799040,1731800063,NL
1731800064,1731802111,JP
1731802112,1731804159,CN
1731804160,1731805183,KR
1731805184,1731806207,IN
1731806208,1731806463,AU
1731806464,1731807231,IN
1731807232,1731808255,SE
1731808256,1731809279,CN
1731809280,1731811583,IN
1731811584,1731811839,AU
1731812096,1731812351,AU
1731812352,1731813375,MN
1731813376,1731813887,IN
1731813888,1731814399,NP
1731814400,1731815423,JP
1731815424,1731816447,VN
1731816448,1731817471,PS
1731817472,1731818495,VN
1731818496,1731819519,IN
1731819520,1731820543,BD
1731820544,1731821567,IN
1731821568,1731822591,VN
1731822592,1731823615,IN
1731823616,1731824639,CN
1731824640,1731825663,IN
1731825664,1731826687,JP
1731826688,1731827199,BD
1731827200,1731827455,IN
1731827456,1731827711,BD
1731827712,1731828735,PK
1731828736,1731829759,FR
1731829760,1731830783,IN
1731830784,1731831807,AU
1731831808,1731832831,PK
1731832832,1731836927,IN
1731836928,1731837439,MY
1731837440,1731837951,SG
1731837952,1731838975,ID
1731838976,1731839999,CN
1731840000,1731841023,US
1731841024,1731842047,MM
1731842048,1731843071,VN
1731843072,1731845119,IN
1731845120,1731846143,VN
1731846144,1731846655,PK
1731846656,1731846911,IN
1731846912,1731847167,PH
1731847168,1731848191,HK
1731848192,1731849215,GU
1731849216,1731852287,IN
1731852288,1731852543,HK
1731852544,1731852799,AU
1731852800,1731853055,CO
1731853056,1731853311,AE
1731853312,1731856383,IN
1731856384,1731857407,FR
1731857408,1731858431,IN
1731858432,1731859455,MY
1731859456,1731860479,FJ
1731860480,1731861503,CN
1731861504,1731862527,IN
1731862528,1731862783,AU
1731862784,1731863039,ID
1731863040,1731863551,AU
1731863552,1731864575,IN
1731864832,1731865087,RU
1731865600,1731871743,IN
1731871744,1731872767,JP
1731872768,1731873791,BD
1731873792,1731877887,IN
1731877888,1731878911,BD
1731878912,1731879935,IN
1731879936,1731881983,ID
1731881984,1731882495,BD
1731882496,1731882751,SG
1731882752,1731883007,ID
1731883008,1731883263,SG
1731883520,1731884799,IN
1731884800,1731885055,AU
1731885056,1731891199,IN
1731891200,1731891711,NP
1731891712,1731892223,ID
1731892224,1731893247,TH
1731893248,1731895295,IN
1731895296,1731896319,ID
1731896320,1731899391,IN
1731900416,1731900927,BD
1731900928,1731901439,HK
1731901440,1731903487,IN
1731903488,1731904511,AU
1731904512,1731905535,ID
1731905536,1731908607,IN
1731908608,1731909631,NZ
1731909632,1731911679,AU
1731912704,1731913727,NZ
1731913728,1731913983,AU
1731913984,1731928063,IN
1731929088,1731930623,BD
1731930624,1731931135,CY
1731931136,1731932159,ID
1731932160,1731933183,HK
1731933184,1731934207,LA
1731934208,1731939327,IN
1731939328,1731940351,CN
1731940352,1731942655,IN
1731942656,1731942911,JP
1731942912,1731943423,HK
1731943424,1731944447,ID
1731944448,1731945471,IN
1731945472,1731946495,CN
1731946496,1731947519,IN
1731947520,1731948543,TW
1731948544,1731953663,CN
1731953664,1731954687,IN
1731954688,1731955711,JP
1731955712,1731956735,IN
1731956736,1731957759,HK
1731957760,1731958783,CN
1731958784,1731959807,IN
1731959808,1731960831,KR
1731960832,1731961343,ID
1731961344,1731961855,MM
1731961856,1731963391,CN
1731964928,1731965951,BD
1731965952,1731966463,IN
1731966720,1731966975,AU
1731966976,1731975167,IN
1731975168,1731975679,PK
1731975680,1731976191,MY
1731976192,1731976703,TW
1731977216,1731979263,IN
1731979520,1731979775,BD
1731979776,1731980287,ID
1731980288,1731986943,IN
1731986944,1731987455,BD
1731987456,1731988479,SG
1731988480,1731989503,US
1731989504,1731990527,VN
1731990528,1731990783,AU
1731990784,1731991039,IN
1731991040,1731991551,AU
1731991552,1731992575,MY
1731992576,1731993599,IN
1731993600,1731994623,CN
1731994624,1731995647,JP
1731995648,1731996671,IN
1731996672,1731997695,CN
1731997696,1731999743,IN
1731999744,1732000767,US
1732000768,1732001791,SG
1732001792,1732002815,HK
1732002816,1732007935,IN
1732007936,1732008703,ID
1732008704,1732008959,AU
1732008960,1732009983,ID
1732009984,1732010239,AU
1732010240,1732010495,ID
1732010496,1732010751,AU
1732010752,1732011007,NZ
1732011008,1732012287,IN
1732012288,1732013055,AU
1732013056,1732014079,HK
1732014080,1732016127,IN
1732016128,1732018175,KR
1732018176,1732019199,IN
1732019200,1732019967,AU
1732019968,1732022271,IN
1732022272,1732023295,US
1732023296,1732024319,HK
1732024320,1732025343,AU
1732025344,1732026367,IN
1732026368,1732027391,BD
1732027392,1732028415,CN
1732028416,1732029439,PH
1732029440,1732030463,BD
1732030464,1732031487,IN
1732031488,1732032511,ID
1732032768,1732033023,TH
1732033024,1732033535,IN
1732033536,1732034047,BD
1732034048,1732034559,HK
1732034560,1732035583,KR
1732035584,1732036607,IN
1732036608,1732037631,AU
1732037632,1732038143,BD
1732038144,1732038655,VN
1732038656,1732040703,IN
1732040704,1732040959,AU
1732040960,1732041215,SG
1732041216,1732041727,IN
1732041728,1732042751,HK
1732042752,1732043775,JP
1732043776,1732044799,CN
1732044800,1732045823,ID
1732045824,1732046847,CN
1732046848,1732047871,VN
1732047872,1732048895,IN
1732048896,1732049919,HK
1732049920,1732050943,PH
1732050944,1732051967,HK
1732051968,1732052991,ID
1732052992,1732054015,MM
1732054016,1732054271,IN
1732054272,1732054783,US
1732054784,1732055039,IN
1732055040,1732055551,ID
1732055552,1732056063,BD
1732056064,1732057087,HK
1732058112,1732059135,HK
1732059136,1732060159,IN
1732060160,1732061183,HK
1732061184,1732061439,AU
1732061440,1732061695,ID
1732061696,1732062207,AU
1732062208,1732064255,VN
1732064256,1732066303,IN
1732066304,1732067327,CN
1732067328,1732068607,IN
1732068608,1732068863,NZ
1732068864,1732069119,AU
1732069120,1732069375,ID
1732069376,1732074495,IN
1732075520,1732076543,AU
1732076544,1732077567,IN
1732077568,1732078591,CN
1732078592,1732080639,IN
1732080640,1732081663,ID
1732081664,1732082687,VN
1732082688,1732083711,MY
1732083712,1732084735,AU
1732084736,1732085759,IN
1732085760,1732086783,TW
1732086784,1732087807,CN
1732087808,1732088831,HK
1732088832,1732089599,IN
1732089600,1732089855,JP
1732089856,1732092927,CN
1732092928,1732093951,IN
1732093952,1732094975,HK
1732094976,1732097023,CN
1732097024,1732098047,IN
1732098048,1732099071,IT
1732099072,1732100095,CN
1732100096,1732100607,SG
1732100608,1732101119,IN
1732101120,1732101375,AU
1732101376,1732101631,AT
1732101632,1732101887,BE
1732101888,1732102143,CA
1732102144,1732107263,IN
1732107264,1732108287,PH
1732108288,1732108799,IN
1732108800,1732109311,ID
1732109312,1732109823,AU
1732109824,1732110335,IN
1732110336,1732111359,ID
1732111360,1732112383,HK
1732112384,1732112895,BD
1732112896,1732113407,IN
1732113408,1732114431,JP
1732114432,1732115455,ID
1732115456,1732116479,IN
1732116480,1732117503,PH
1732117504,1732118527,SG
1732118528,1732119551,VN
1732119552,1732122623,IN
1732122624,1732123647,CN
1732123648,1732124159,AU
1732124160,1732124671,PH
1732124672,1732124927,AU
1732124928,1732125183,JP
1732125184,1732125439,IN
1732125440,1732126719,AU
1732126720,1732127743,US
1732127744,1732128767,HK
1732128768,1732129023,SG
1732129024,1732129024,JP
1732129025,1732129028,GU
1732129029,1732129029,JP
1732129030,1732129030,GU
1732129031,1732129279,JP
1732129280,1732129791,AU
1732129792,1732130047,MY
1732130048,1732130303,ID
1732130304,1732130559,SG
1732130560,1732130815,CN
1732130816,1732134911,IN
1732134912,1732140031,CN
1732140032,1732141055,IN
1732141056,1732151295,CN
1732151296,1732152319,IN
1732152320,1732153855,BD
1732153856,1732154367,IN
1732154368,1732154879,BD
1732154880,1732155391,IN
1732155392,1732156415,PH
1732156416,1732166655,CN
1732166656,1732167167,ID
1732167168,1732167679,IN
1732167680,1732168191,AU
1732168192,1732168703,ID
1732168704,1732174847,CN
1732174848,1732175871,KR
1732175872,1732176895,PK
1732176896,1732177919,IN
1732177920,1732178943,SG
1732178944,1732179967,JP
1732179968,1732182015,IN
1732182016,1732184063,HK
1732184064,1732188159,IN
1732188160,1732188927,ID
1732188928,1732189183,WS
1732189184,1732189439,US
1732189440,1732189695,PT
1732189696,1732189951,CH
1732189952,1732190207,IN
1732190208,1732205567,CN
1732205568,1732206591,NZ
1732206592,1732207615,ID
1732207616,1732207871,AU
1732207872,1732208127,ID
1732208128,1732208383,PH
1732208384,1732208639,AU
1732208640,1732213759,VN
1732213760,1732215807,IN
1732215808,1732217855,HK
1732217856,1732219903,CN
1732219904,1732220927,IN
1732220928,1732221951,CN
1732221952,1732222975,AU
1732222976,1732230143,CN
1732230144,1732230399,LA
1732230400,1732230655,AU
1732230656,1732230911,KH
1732230912,1732231167,ID
1732231168,1732236287,CN
1732236288,1732237311,VN
1732237312,1732238335,TH
1732239360,1732240383,US
1732240384,1732241407,AU
1732241408,1732241663,IN
1732241664,1732241919,ID
1732241920,1732242431,BD
1732242432,1732243455,HK
1732243456,1732249599,CN
1732249600,1732250623,SG
1732250624,1732251135,MY
1732251136,1732251647,ID
1732251648,1732252671,SG
1732252672,1732253695,TW
1732253696,1732280319,CN
1732280320,1732281343,IN
1732281344,1732282367,JP
1732283392,1732285439,CN
1732285440,1732286463,AU
1732286464,1732318207,CN
1732318208,1732318719,IN
1732318720,1732318975,AU
1732318976,1732322303,IN
1732322304,1732324351,HK
1732324352,1732325375,JP
1732325376,1732337663,CN
1732337664,1732338175,ID
1732338176,1732338687,HK
1732338688,1732342783,CN
1732342784,1732343295,PH
1732343296,1732343807,BD
1732343808,1732345855,ID
1732345856,1732346111,AU
1732346112,1732346367,IN
1732346368,1732346879,JP
1732346880,1732347903,BD
1732347904,1732348415,VN
1732348416,1732348927,BD
1732348928,1732349183,AU
1732349184,1732349439,VU
1732349440,1732349951,ID
1732349952,1732358143,CN
1732358144,1732359167,MY
1732359168,1732360191,HK
1732360192,1732361215,PH
1732361216,1732362239,MY
1732362240,1732364287,IN
1732364288,1732364799,NP
1732364800,1732365311,IN
1732365312,1732366335,CN
1732366336,1732367359,JP
1732367360,1732368383,ID
1732368384,1732369919,AU
1732369920,1732370431,PH
1732370432,1732370943,CN
1732370944,1732371455,BD
1732371456,1732372223,US
1732372224,1732372479,NL
1732372480,1732372991,AU
1732372992,1732373503,VN
1732373504,1732374271,ID
1732374272,1732374527,NZ
1732374528,1732375039,BD
1732375040,1732375551,MM
1732375552,1732376575,NZ
1732376576,1732377087,PK
1732377088,1732377599,IN
1732377600,1732378623,AU
1732378624,1732384767,IN
1732384768,1732385279,BD
1732385280,1732385791,AU
1732385792,1732386815,US
1732386816,1732387839,CN
1732387840,1732388095,ID
1732388096,1732388351,AU
1732388352,1732388607,ID
1732388608,1732388863,AU
1732388864,1732389887,CN
1732389888,1732390911,ID
1732390912,1732391935,IN
1732391936,1732392447,AU
1732392448,1732392703,IN
1732392704,1732392959,ID
1732392960,1732393983,GB
1732393984,1732394495,IN
1732394496,1732395007,ID
1732395008,1732395135,CZ
1732395136,1732395263,BG
1732395264,1732395391,HU
1732395392,1732395519,RS
1732395520,1732395647,SI
1732395648,1732395775,BA
1732395776,1732395903,HR
1732395904,1732396031,SK
1732396032,1732397055,ID
1732397056,1732400639,IN
1732400640,1732400895,ID
1732400896,1732401151,IN
1732401152,1732402175,PH
1732402176,1732403199,CN
1732403200,1732404223,IN
1732404224,1732405247,HK
1732405248,1732406271,IN
1732406272,1732407295,CN
1732407296,1732410367,IN
1732410368,1732411391,NZ
1732411392,1732412415,TH
1732412416,1732413439,AU
1732413440,1732414463,IN
1732414464,1732414975,BD
1732414976,1732415487,PH
1732415488,1732416511,IN
1732416512,1732417023,PK
1732417024,1732417535,MY
1732417536,1732418559,VN
1732418560,1732421631,IN
1732421632,1732422143,BD
1732422144,1732422399,AU
1732422400,1732422655,JP
1732422656,1732423679,IN
1732423680,1732424191,BD
1732424192,1732424703,IN
1732424704,1732425727,SG
1732426752,1732428799,KR
1732428800,1732429823,ID
1732429824,1732430847,CN
1732430848,1732433919,IN
1732434944,1732435199,AU
1732435456,1732435967,PH
1732435968,1732436991,IN
1732436992,1732438015,BD
1732438016,1732439551,IN
1732439552,1732440063,LA
1732440064,1732447231,CN
1732447232,1732449279,IN
1732449280,1732449791,AU
1732449792,1732450303,BD
1732450304,1732450815,ID
1732451328,1732452351,JP
1732452864,1732453375,IN
1732453376,1732454399,MY
1732454400,1732455423,ID
1732455936,1732456959,ID
1732456960,1732457471,MM
1732457472,1732457983,CN
1732457984,1732458495,PK
1732458496,1732459007,AU
1732459008,1732459519,KR
1732459520,1732460031,KH
1732460032,1732461567,BD
1732461568,1732461823,AU
1732461824,1732462079,ID
1732462080,1732462591,AU
1732462592,1732463103,TW
1732463104,1732463615,VN
1732463616,1732464127,MM
1732464128,1732466943,ID
1732466944,1732467199,IN
1732467200,1732467711,ID
1732467712,1732468223,IN
1732468224,1732468735,NZ
1732468736,1732469759,IN
1732469760,1732483071,CN
1732483072,1732483839,IN
1732483840,1732484095,AU
1732484096,1732485119,BD
1732485120,1732485631,TW
1732485632,1732486143,VN
1732486144,1732486399,AU
1732486400,1732486655,PH
1732486656,1732486911,PK
1732486912,1732487167,AU
1732487168,1732488191,SG
1732488192,1732489215,CN
1732489216,1732489471,ID
1732489472,1732489727,AU
1732489728,1732491263,IN
1732491264,1732491775,VN
1732491776,1732492287,ID
1732492288,1732493311,IN
1732493312,1732494335,CN
1732494336,1732495359,VN
1732495360,1732496383,US
1732496384,1732497407,TW
1732498432,1732499455,CN
1732499456,1732499711,ID
1732499712,1732499967,IN
1732499968,1732500479,ID
1732500480,1732501503,JP
1732501504,1732502527,HK
1732502528,1732503551,PH
1732503552,1732504063,IN
1732504064,1732504575,PH
1732504576,1732505599,IN
1732505600,1732506879,ID
1732506880,1732507391,IN
1732507392,1732507647,LA
1732507648,1732507903,PH
1732507904,1732508415,AU
1732508416,1732508671,SG
1732508672,1732509695,CN
1732509696,1732510719,ID
1732510720,1732511743,BD
1732511744,1732512767,IN
1732512768,1732513791,JP
1732513792,1732517887,IN
1732517888,1732518911,ES
1732518912,1732520959,IN
1732520960,1732521983,KH
1732521984,1732524543,IN
1732524544,1732525055,NZ
1732525056,1732526079,HK
1732526080,1732527103,CN
1732527104,1732531711,VN
1732531712,1732532223,IN
1732532224,1732533247,CN
1732533248,1732533503,AU
1732533760,1732534015,SG
1732534016,1732534271,IN
1732534272,1732535295,KR
1732535296,1732536319,CN
1732536320,1732536575,BD
1732536576,1732536831,AU
1732536832,1732537087,SG
1732537088,1732537343,MN
1732537344,1732537599,IN
1732537600,1732537855,US
1732537856,1732538111,PL
1732538112,1732538367,US
1732538368,1732539391,IN
1732539392,1732540415,BD
1732540416,1732540927,NZ
1732540928,1732541439,US
1732541440,1732541695,AU
1732541696,1732541951,SG
1732541952,1732542463,IN
1732542464,1732543487,CN
1732543488,1732544511,SG
1732544512,1732545023,ID
1732545024,1732545279,TW
1732545280,1732545535,SG
1732545536,1732546559,IN
1732546560,1732547583,JP
1732547584,1732549631,KR
1732549632,1732550655,PH
1732550656,1732551679,AU
1732551680,1732552703,SG
1732552704,1732554751,HK
1732554752,1732555263,IN
1732555264,1732555775,AU
1732555776,1732556799,HK
1732556800,1732557823,JP
1732557824,1732558847,AU
1732558848,1732559871,CN
1732559872,1732560127,IN
1732560128,1732560383,NZ
1732560384,1732560639,ID
1732560640,1732560895,IN
1732560896,1732561407,SG
1732561408,1732562431,AU
1732562432,1732562943,BR
1732562944,1732563967,AU
1732563968,1732564991,ID
1732564992,1732566527,IN
1732566528,1732566783,AU
1732566784,1732567039,HK
1732568064,1732569087,NZ
1732569088,1732569599,ID
1732569600,1732570111,MM
1732571136,1732575231,VN
1732575232,1732575743,AU
1732575744,1732576255,PK
1732576256,1732579327,IN
1732579328,1732580351,CN
1732580352,1732583167,IN
1732583168,1732583423,AU
1732583424,1732584447,US
1732584448,1732587519,IN
1732587520,1732588031,TW
1732588032,1732588543,IN
1732589568,1732590079,PK
1732590080,1732590591,BD
1732590592,1732591103,ID
1732591104,1732591615,CN
1732591616,1732592639,SG
1732592640,1732593663,KH
1732593664,1732594687,AU
1732594688,1732595199,BD
1732595200,1732595711,VN
1732595712,1732596223,TW
1732596224,1732597759,VN
1732597760,1732598783,IN
1732598784,1732599295,TW
1732599296,1732599807,BD
1732599808,1732601343,VN
1732601344,1732601855,IN
1732601856,1732602367,AU
1732602368,1732602879,ID
1732602880,1732603135,PH
1732603392,1732603903,PK
1732603904,1732604927,IN
1732604928,1732605951,CN
1732605952,1732606975,HK
1732606976,1732607999,NP
1732608000,1732608511,HK
1732608512,1732609023,SG
1732609024,1732611071,HK
1732611072,1732612095,SG
1732612096,1732613119,IN
1732613120,1732614143,BD
1732614144,1732615167,HK
1732615168,1732615423,MX
1732615424,1732615551,SK
1732615552,1732615679,IE
1732615680,1732615807,FI
1732615808,1732615935,SE
1732615936,1732616191,NO
1732616192,1732616703,BD
1732616704,1732617215,IN
1732617216,1732618239,AU
1732618240,1732619263,IN
1732619264,1732620287,MY
1732620288,1732621311,ID
1732621312,1732622335,IN
1732622336,1732623359,HK
1732623360,1732625407,VN
1732625408,1732625663,IN
1732625664,1732625919,ID
1732625920,1732626175,AU
1732626176,1732626431,PH
1732626432,1732627455,IN
1732627456,1732628479,GB
1732628480,1732629503,MY
1732629504,1732630527,SG
1732630528,1732632575,IN
1732632576,1732632831,NL
1732632832,1732633087,FR
1732633088,1732633599,SI
1732634624,1732635135,ID
1732635136,1732635647,NZ
1732635648,1732636159,AU
1732636160,1732638719,IN
1732638720,1732639743,MY
1732639744,1732639999,AU
1732640256,1732640511,PH
1732640512,1732640767,ID
1732640768,1732641791,HK
1732641792,1732642815,TH
1732642816,1732643839,CN
1732643840,1732644351,VN
1732644352,1732644863,CN
1732644864,1732645887,ID
1732645888,1732646911,CA
1732646912,1732647935,NZ
1732647936,1732648959,VN
1732648960,1732650495,IN
1732650496,1732650751,SA
1732650752,1732651007,US
1732651008,1732653055,IN
1732653056,1732654079,US
1732654080,1732655103,TW
1732655104,1732655615,AU
1732655616,1732655871,IN
1732655872,1732656127,HK
1732656128,1732657151,IN
1732657152,1732657663,PK
1732657664,1732657919,TL
1732657920,1732658175,AU
1732658176,1732658431,ID
1732658432,1732658687,IN
1732658688,1732660223,AU
1732660224,1732660735,HK
1732660736,1732660991,IN
1732660992,1732661247,ID
1732661248,1732662271,IN
1732662272,1732663295,PK
1732663296,1732663807,NZ
1732663808,1732664319,IN
1732664320,1732665343,ID
1732665344,1732669439,IN
1732669440,1732669951,HK
1732669952,1732670975,VN
1732670976,1732671487,HK
1732671488,1732672511,ID
1732672512,1732674559,IN
1732674560,1732675583,SG
1732675584,1732675839,PK
1732675840,1732676095,US
1732676096,1732676351,NZ
1732676352,1732676607,IN
1732676608,1732677631,BD
1732677632,1732678655,IN
1732678656,1732679679,CN
1732679680,1732683775,IN
1732683776,1732684287,VN
1732684288,1732684799,BD
1732684800,1732685823,AU
1732685824,1732686335,IN
1732686336,1732686847,VN
1732686848,1732687871,HK
1732688896,1732689919,IN
1732689920,1732690943,AU
1732690944,1732695039,IN
1732695040,1732696063,HK
1732696064,1732697087,MM
1732697088,1732698623,CN
1732698624,1732699135,PH
1732699136,1732700159,BD
1732700160,1732701183,AU
1732701184,1732702207,CN
1732702208,1732703231,JP
1732703232,1732704255,TH
1732704256,1732704511,IN
1732704512,1732704767,MM
1732704768,1732705279,PK
1732705280,1732707327,CN
1732707328,1732707839,KR
1732707840,1732708351,TH
1732708352,1732709375,ID
1732710400,1732711423,IN
1732711424,1732711935,RU
1732711936,1732712191,FI
1732712192,1732712447,AE
1732712448,1732712703,HK
1732712704,1732712959,ID
1732712960,1732713215,US
1732713216,1732713471,AU
1732713472,1732715519,HK
1732715520,1732716543,JP
1732716544,1732717567,BT
1732717568,1732718079,ID
1732718080,1732718591,BD
1732718592,1732719615,CN
1732719616,1732720639,IN
1732720640,1732720895,NL
1732720896,1732721151,MV
1732721152,1732721407,MY
1732721408,1732721663,AF
1732721664,1732721919,IN
1732721920,1732722175,US
1732722176,1732722687,DO
1732722688,1732723711,IN
1732723712,1732725759,CN
1732725760,1732726783,IN
1732726784,1732729855,CN
1732729856,1732730879,PH
1732730880,1732731391,VN
1732731392,1732731903,IN
1732731904,1732732415,MN
1732732928,1732733951,VN
1732733952,1732734463,IN
1732734464,1732734975,VN
1732734976,1732735487,IN
1732735488,1732735999,JP
1732736000,1732737023,IN
1732737024,1732740095,CN
1732740096,1732741119,SG
1732742144,1732743167,TW
1732743168,1732744191,CN
1732744192,1732745215,HK
1732745216,1732745471,ID
1732745472,1732745727,SG
1732745728,1732746239,HK
1732746240,1732747263,JP
1732747264,1732748287,ID
1732748288,1732751103,IN
1732751104,1732751359,NL
1732751360,1732752383,MY
1732752384,1732754431,VN
1732754432,1732754687,ID
1732754688,1732754943,IN
1732754944,1732755455,ID
1732755456,1732756479,IN
1732756480,1732758527,CN
1732758528,1732758783,FJ
1732758784,1732759039,IN
1732759040,1732759551,AU
1732762624,1732763135,KH
1732763136,1732763647,IN
1732763648,1732764671,ID
1732764672,1732765695,HK
1732765696,1732766719,CN
1732766720,1732767743,HK
1732767744,1732768255,ID
1732768256,1732768767,NP
1732769792,1732770815,MM
1732770816,1732771583,HK
1732771584,1732771839,ID
1732771840,1732772863,PK
1732772864,1732773375,HK
1732773376,1732774911,IN
1732774912,1732786175,CN
1732786176,1732786687,VN
1732786688,1732787199,PH
1732787200,1732788735,BD
1732788736,1732790271,VN
1732790272,1732791295,IN
1732791296,1732793343,US
1732793344,1732794367,PK
1732794368,1732794623,AU
1732794624,1732794879,ID
1732794880,1732795391,VU
1732795392,1732796415,MY
1732796416,1732797439,VN
1732797440,1732797695,MY
1732797696,1732798463,IN
1732798464,1732798975,JP
1732798976,1732799487,IN
1732799488,1732799743,AU
1732799744,1732799999,BD
1732800000,1732800511,ID
1732800512,1732806655,CN
1732806656,1732807167,BD
1732807168,1732807679,PK
1732807680,1732808703,IN
1732808704,1732809727,SG
1732809728,1732810751,CN
1732810752,1732811775,HK
1732811776,1732812799,IN
1732812800,1732813311,HK
1732813312,1732813823,MY
1732813824,1732814847,HK
1732814848,1732815871,IN
1732815872,1732816895,CN
1732816896,1732817919,IN
1732817920,1732818943,CN
1732818944,1732819967,SI
1732819968,1732820991,PH
1732820992,1732821247,SG
1732821248,1732822527,IN
1732822528,1732823039,BD
1732823040,1732823295,IN
1732823296,1732824063,AU
1732824064,1732825087,IN
1732825088,1732825599,NZ
1732825600,1732826111,AU
1732826112,1732827135,BD
1732827136,1732829183,IN
1732829184,1732845567,CN
1732845568,1732845823,SA
1732845824,1732846079,IN
1732846080,1732846335,AE
1732846336,1732846591,DE
1732846592,1732847615,BD
1732847616,1732848639,AU
1732848640,1732849663,BD
1732849664,1732850687,CN
1732850688,1732851711,AU
1732851712,1732851967,BD
1732851968,1732852223,AU
1732852224,1732852479,PH
1732852480,1732852735,AU
1732852736,1732853759,ID
1732853760,1732854271,AU
1732854272,1732854783,HK
1732854784,1732855807,PH
1732855808,1732857855,ID
1732857856,1732858367,KI
1732858368,1732859391,AU
1732859392,1732859903,VN
1732859904,1732860927,HK
1732860928,1732861951,IN
1732861952,1732862975,HK
1732862976,1732863999,PK
1732864000,1732865023,BD
1732865024,1732867071,AU
1732867072,1732869119,CN
1732869120,1732869375,AU
1732869376,1732869631,ID
1732869632,1732869887,AU
1732869888,1732870143,IN
1732870144,1732875263,CN
1732875264,1732876287,IN
1732876288,1732877311,US
1732877312,1732877823,IN
1732877824,1732878335,ID
1732878336,1732879359,HK
1732879360,1732880383,KH
1732880384,1732881407,CN
1732881408,1732882431,FR
1732882432,1732883455,CN
1732883456,1732884479,IN
1732884480,1732884991,BD
1732884992,1732885503,GB
1732885504,1732886527,IN
1732886528,1732887039,ID
1732887552,1732888575,BD
1732888576,1732889599,AU
1732889600,1732891647,CN
1732891648,1732892671,IN
1732892672,1732893183,BD
1732893696,1732893951,HK
1732893952,1732894719,IN
1732894720,1732895743,BD
1732895744,1732896767,NZ
1732896768,1732897279,SG
1732897280,1732897535,PK
1732897536,1732897791,ID
1732897792,1732898815,MM
1732898816,1732901887,CN
1732902912,1732903935,KR
1732903936,1732904191,IN
1732904192,1732904959,ID
1732904960,1732905471,IN
1732905472,1732905983,BD
1732905984,1732906495,ID
1732906496,1732907007,NP
1732907008,1732908031,IN
1732908032,1732909055,PK
1732909056,1732916223,CN
1732916224,1732916735,HK
1732916736,1732917247,IN
1732917248,1732919295,CN
1732919296,1732919807,IN
1732919808,1732920319,AU
1732920320,1732922367,IN
1732922368,1732923391,VN
1732923392,1732924415,CN
1732924416,1732925439,BD
1732925440,1732926463,IN
1732926464,1732926719,NL
1732926720,1732927487,RU
1732927488,1732928511,IN
1732928512,1732930559,VN
1732930560,1732931583,IN
1732931584,1732934655,VN
1732934656,1732935679,CN
1732935680,1732936703,HK
1732936704,1732937727,NL
1732937728,1732939263,IN
1732939264,1732939519,AU
1732939520,1732939775,ID
1732939776,1732940799,IN
1732940800,1732943871,CN
1732943872,1732944895,JP
1732944896,1732945919,ID
1732945920,1732946175,AU
1732946176,1732946431,IN
1732946432,1732946687,ID
1732946688,1732946943,AU
1732946944,1732947967,HK
1732947968,1732948031,CH
1732948032,1732948095,AT
1732948096,1732948127,BE
1732948128,1732948159,ES
1732948160,1732948191,BR
1732948192,1732948223,IT
1732948224,1732948255,FR
1732948256,1732948287,DK
1732948288,1732948319,FI
1732948320,1732948351,MX
1732948352,1732948367,IN
1732948368,1732948383,SE
1732948384,1732948399,PL
1732948400,1732948415,RU
1732948416,1732948431,CZ
1732948432,1732948447,HU
1732948448,1732948463,SG
1732948464,1732948479,NO
1732948480,1732948991,US
1732948992,1732950015,IN
1732950016,1732952063,AU
1732952064,1732953087,HK
1732953088,1732954111,IN
1732954112,1732955135,AU
1732955136,1732956159,CN
1732956160,1732957183,NZ
1732957184,1732957695,ID
1732957696,1732958207,IN
1732958208,1732959231,AU
1732959232,1732960511,IN
1732960512,1732960767,NZ
1732960768,1732961023,AU
1732961024,1732961279,IN
1732961280,1732962303,BD
1732962304,1732963327,CN
1732963328,1732964351,IN
1732964352,1732965375,AU
1732965376,1732966399,IN
1732966400,1732967423,HK
1732967424,1732968447,TH
1732968448,1732969471,HK
1732969472,1732970495,AU
1732970496,1732971263,IN
1732971264,1732971519,NZ
1732971520,1732973567,HK
1732973568,1732974079,VU
1732974080,1732974335,PH
1732974336,1732974591,AU
1732974592,1732975615,ID
1732975616,1732977663,IN
1732977664,1732978687,NL
1732978688,1732979711,IN
1732979712,1732980735,HK
1732980736,1732981247,NP
1732981248,1732982783,ID
1732982784,1732984319,IN
1732984320,1732985855,ID
1732985856,1732986879,RO
1732986880,1732988415,VN
1732988416,1732988927,HK
1732988928,1732989439,IN
1732989440,1732989951,HK
1732989952,1732990975,ID
1732990976,1732993023,CN
1732993024,1732995071,ID
1732995072,1732998143,CN
1732998144,1732999167,CA
1732999168,1733000191,CN
1733000192,1733001215,ES
1733001216,1733002239,CN
1733002240,1733003263,AU
1733003264,1733003775,ID
1733003776,1733004287,BD
1733004288,1733005311,IN
1733005312,1733006335,CN
1733006848,1733007103,ID
1733007104,1733007359,SG
1733007360,1733008383,CN
1733008384,1733011455,IN
1733011456,1733012479,ID
1733012480,1733013247,IN
1733013248,1733013503,SG
1733013504,1733016575,VN
1733016576,1733017599,MY
1733017600,1733018623,IN
1733018624,1733019647,AU
1733020160,1733021695,AU
1733021696,1733022719,ID
1733022720,1733023743,JP
1733023744,1733024767,SG
1733024768,1733025791,NL
1733025792,1733026815,IN
1733026816,1733027839,NZ
1733027840,1733028863,ID
1733028864,1733029119,CN
1733029120,1733029375,ID
1733029376,1733029887,BD
1733029888,1733030911,HK
1733030912,1733031935,PK
1733031936,1733032959,IN
1733032960,1733033983,JP
1733033984,1733034495,IN
1733034496,1733034751,MV
1733034752,1733035007,GB
1733035008,1733037055,IN
1733037056,1733041151,ID
1733041152,1733041663,PK
1733041664,1733041919,SG
1733041920,1733042175,ID
1733042176,1733043199,HK
1733043200,1733044223,SG
1733044224,1733045247,AU
1733045248,1733046271,BD
1733046272,1733046783,IN
1733046784,1733047039,ID
1733047040,1733047295,AU
1733047296,1733048319,RU
1733048320,1733049343,IN
1733049344,1733053439,CN
1733053440,1733055487,IN
1733055488,1733056511,JP
1733056512,1733057023,MY
1733057024,1733057279,AU
1733057280,1733057535,ID
1733057536,1733058559,CN
1733058560,1733059583,DE
1733059584,1733060607,IN
1733060608,1733062143,ID
1733062144,1733062655,PK
1733062656,1733063679,HK
1733063680,1733064191,LT
1733064192,1733064703,IN
1733064704,1733065215,ID
1733065216,1733065727,IN
1733065984,1733066751,AU
1733066752,1733067775,RO
1733067776,1733068799,ID
1733068800,1733070847,IN
1733070848,1733071871,NZ
1733071872,1733072895,ID
1733072896,1733073407,IN
1733073408,1733073919,BD
1733073920,1733074175,AU
1733074176,1733074431,FJ
1733074432,1733074943,AU
1733074944,1733075455,PH
1733075456,1733075967,IN
1733075968,1733076479,AU
1733076480,1733076991,SA
1733076992,1733079039,ID
1733079040,1733079551,AU
1733079552,1733079807,ID
1733079808,1733080063,MM
1733080064,1733081087,TH
1733081088,1733081599,MM
1733081600,1733082111,US
1733082112,1733083647,IN
1733083648,1733084159,BD
1733084160,1733085183,TH
1733085184,1733086463,ID
1733086464,1733086719,NZ
1733086720,1733089279,IN
1733089280,1733092351,CN
1733092352,1733094399,IN
1733094400,1733095423,AU
1733095424,1733096447,BD
1733096448,1733096703,AU
1733096960,1733097215,AU
1733097216,1733097471,NZ
1733097472,1733100543,IN
1733100544,1733101055,NZ
1733101056,1733101311,IN
1733101312,1733101567,AU
1733102592,1733102847,NZ
1733102848,1733103103,AU
1733103104,1733103359,IN
1733103616,1733104639,BD
1733104640,1733105663,HK
1733105664,1733106175,PG
1733106176,1733106687,IN
1733106688,1733107711,CN
1733107712,1733108735,FR
1733108736,1733111807,IN
1733111808,1733112831,ID
1733112832,1733114879,CN
1733114880,1733115903,BD
1733115904,1733116927,LK
1733116928,1733117951,AU
1733117952,1733118975,CN
1733118976,1733119999,ID
1733120000,1733120511,IN
1733120512,1733121023,TH
1733121024,1733122047,KR
1733122048,1733124095,CN
1733124096,1733125119,IN
1733125120,1733125631,BD
1733125632,1733126143,IN
1733126144,1733127167,ID
1733127168,1733128191,IN
1733128448,1733128703,AU
1733128704,1733128959,IN
1733128960,1733129215,AU
1733129216,1733129727,BD
1733129728,1733130239,IN
1733130240,1733131263,AU
1733131264,1733132287,IN
1733132288,1733132543,AU
1733132544,1733132799,PH
1733132800,1733133311,SG
1733133312,1733134335,CN
1733134336,1733135359,IN
1733135360,1733136383,SG
1733136384,1733137407,AU
1733137408,1733138431,CN
1733138432,1733139455,IN
1733139456,1733140479,ID
1733140480,1733144575,VN
1733144576,1733145087,BD
1733145088,1733145599,KH
1733145600,1733146111,AU
1733146112,1733146623,VN
1733146880,1733147135,ID
1733147136,1733147647,IN
1733147648,1733148671,BD
1733148672,1733149695,HK
1733149696,1733150207,IN
1733150208,1733150719,AU
1733150720,1733150975,SG
1733151232,1733151743,IN
1733151744,1733152767,ID
1733152768,1733153279,VN
1733153280,1733153791,HK
1733153792,1733154303,NP
1733154304,1733154815,VN
1733154816,1733155327,MM
1733155328,1733155839,BD
1733155840,1733156863,CN
1733156864,1733157119,AU
1733157120,1733157375,FJ
1733157376,1733157887,ID
1733157888,1733158911,ES
1733158912,1733159935,AU
1733159936,1733160959,IN
1733160960,1733163007,VN
1733163008,1733164031,ID
1733164032,1733164543,BD
1733164544,1733165055,IN
1733165056,1733167103,VN
1733167104,1733168127,ID
1733168128,1733171199,IN
1733171200,1733172223,ID
1733172224,1733173247,SG
1733173248,1733174271,MY
1733174272,1733175295,ID
1733175296,1733176319,HK
1733176320,1733176831,ID
1733176832,1733177087,IN
1733177088,1733177855,MY
1733177856,1733178111,AU
1733178112,1733178367,ID
1733178368,1733179391,BD
1733179392,1733183487,CN
1733183488,1733184511,ID
1733184512,1733185535,VN
1733185536,1733186559,ID
1733186560,1733189631,VN
1733189632,1733191167,ID
1733191168,1733191679,TH
1733191680,1733192447,ID
1733192448,1733192703,SE
1733192704,1733193215,AU
1733193216,1733193471,ID
1733193472,1733193727,BT
1733193728,1733194751,ID
1733194752,1733195263,BT
1733195264,1733195775,JP
1733195776,1733196799,US
1733196800,1733197823,CN
1733197824,1733198847,KH
1733198848,1733199359,KR
1733199360,1733199871,PK
1733199872,1733200127,AU
1733200128,1733200383,IN
1733200384,1733202943,ID
1733202944,1733204223,IN
1733204224,1733204479,AU
1733204480,1733204991,IN
1733204992,1733205503,JP
1733205504,1733205759,ID
1733205760,1733206015,IN
1733206016,1733207039,US
1733207040,1733209087,IN
1733209088,1733211135,CN
1733211136,1733212415,IN
1733212416,1733212671,AU
1733212672,1733213183,IN
1733213184,1733214207,JP
1733214208,1733214719,ID
1733214720,1733214975,AU
1733214976,1733215231,ID
1733215232,1733216255,CN
1733216256,1733218303,IN
1733218304,1733221375,ID
1733221376,1733221631,AU
1733221632,1733221887,IN
1733222400,1733223423,BD
1733223424,1733224447,CN
1733224448,1733225471,ID
1733225472,1733226495,IN
1733226496,1733226751,ID
1733226752,1733227007,AU
1733227008,1733227519,MY
1733227520,1733228543,IN
1733228544,1733230591,BD
1733230592,1733231615,IN
1733231616,1733232639,AU
1733232640,1733233663,IN
1733233664,1733234687,JP
1733234688,1733235711,PK
1733235712,1733235967,AU
1733235968,1733236223,IN
1733236224,1733236479,AU
1733236480,1733236735,NZ
1733236736,1733238783,CN
1733238784,1733239807,IN
1733239808,1733242879,CN
1733242880,1733243391,IN
1733243392,1733243903,ID
1733243904,1733244927,HK
1733244928,1733249023,CN
1733249024,1733249279,AU
1733249280,1733249791,IN
1733249792,1733250047,AU
1733250048,1733251071,US
1733251072,1733253119,CN
1733253120,1733253631,NZ
1733253632,1733254143,ID
1733254144,1733255167,SG
1733255168,1733255423,ID
1733255424,1733255679,IN
1733255680,1733256191,ID
1733256192,1733257215,IN
1733257216,1733258751,AU
1733258752,1733259263,PH
1733259264,1733260543,IN
1733260544,1733260799,BD
1733260800,1733261055,US
1733261056,1733261311,IN
1733261312,1733262335,CA
1733262336,1733263359,AU
1733263360,1733264383,ID
1733264384,1733265407,KR
1733265408,1733266431,CN
1733266432,1733268479,VN
1733268480,1733269503,SG
1733269504,1733270527,ID
1733270528,1733271039,MN
1733271040,1733271295,IN
1733271296,1733271551,AU
1733271552,1733274623,IN
1733274624,1733275647,AU
1733275648,1733276159,JP
1733276160,1733276671,BD
1733276672,1733277183,AU
1733277184,1733277695,BD
1733277696,1733278719,HK
1733278720,1733285887,CN
1733285888,1733286911,BD
1733286912,1733287935,IN
1733287936,1733288959,BD
1733288960,1733289471,CN
1733289472,1733289727,NZ
1733289728,1733289983,AU
1733289984,1733291007,IN
1733291008,1733292031,ID
1733292032,1733293055,HK
1733293056,1733294079,ID
1733294080,1733296127,IN
1733296128,1733297151,BD
1733297152,1733298175,JP
1733298176,1733298687,AU
1733298688,1733300223,IN
1733300224,1733301247,HK
1733301248,1733301759,AU
1733301760,1733302271,IN
1733302272,1733303295,HK
1733303296,1733304319,CN
1733304832,1733305343,IN
1733306368,1733307391,AU
1733307392,1733308415,CN
1733308416,1733309439,TH
1733309440,1733309695,IN
1733309952,1733313791,IN
1733313792,1733314047,SG
1733314048,1733314559,BD
1733314560,1733315583,CN
1733315584,1733315839,NZ
1733315840,1733316095,ID
1733316096,1733316607,BD
1733316608,1733317631,ID
1733317632,1733318143,ES
1733318144,1733318655,NL
1733318656,1733321727,ID
1733321728,1733322239,TH
1733322240,1733322751,AU
1733322752,1733323775,JP
1733323776,1733324799,BT
1733324800,1733326847,IN
1733326848,1733327871,AU
1733327872,1733328895,HK
1733328896,1733329151,AU
1733329152,1733329407,TH
1733329408,1733329663,IN
1733329664,1733329919,SG
1733329920,1733330943,HK
1733330944,1733331967,AU
1733331968,1733332991,PH
1733332992,1733334015,HK
1733334016,1733338111,IN
1733338112,1733338367,AU
1733338368,1733338623,ID
1733338624,1733339135,ES
1733339136,1733339647,IN
1733339648,1733340159,AU
1733340160,1733341183,IN
1733341184,1733344255,CN
1733344256,1733345279,ID
1733345280,1733346303,CN
1733346304,1733347327,IN
1733347328,1733348351,CN
1733348352,1733349375,JP
1733349376,1733349631,NZ
1733349632,1733349887,AU
1733349888,1733350399,MN
1733350400,1733351423,ID
1733351424,1733352447,TH
1733352448,1733353471,HK
1733353472,1733354495,IN
1733354496,1733355519,ID
1733355520,1733356543,CN
1733356544,1733358591,ID
1733358592,1733359615,AU
1733359616,1733360383,IN
1733360384,1733360639,AU
1733360640,1733361151,HK
1733361152,1733361663,AU
1733361664,1733362687,IN
1733362688,1733364735,CN
1733364736,1733365759,IN
1733365760,1733367807,CN
1733367808,1733368831,IN
1733368832,1733369343,BD
1733369856,1733371903,IN
1733371904,1733372927,AU
1733372928,1733374975,CN
1733374976,1733375743,AU
1733375744,1733375999,BD
1733376000,1733377023,IN
1733377024,1733379071,ID
1733379072,1733380095,BD
1733380096,1733381119,JP
1733381120,1733381375,AU
1733381376,1733382143,IN
1733382144,1733384191,VN
1733384192,1733386239,IN
1733386240,1733387263,CN
1733387264,1733387775,ID
1733387776,1733388031,AU
1733388032,1733388287,IN
1733388288,1733388799,BD
1733388800,1733389823,IN
1733389824,1733390335,ID
1733390336,1733390591,IN
1733390592,1733391359,MM
1733391360,1733392383,IN
1733392384,1733393407,CN
1733393408,1733394431,AU
1733394432,1733395455,SG
1733395456,1733396479,ID
1733396480,1733396735,NP
1733396736,1733396991,IN
1733396992,1733397247,ID
1733397248,1733397503,IN
1733397504,1733398527,SE
1733398528,1733399551,JP
1733399552,1733400575,CN
1733400576,1733403135,IN
1733403136,1733403391,MY
1733403392,1733403647,SG
1733403648,1733405695,CN
1733405696,1733406719,BD
1733406720,1733407743,JP
1733407744,1733407999,LA
1733408000,1733408511,IN
1733408512,1733409791,CN
1733409792,1733411327,IN
1733411328,1733411839,ID
1733411840,1733412863,BD
1733412864,1733413887,CN
1733413888,1733414911,BD
1733414912,1733416959,IN
1733416960,1733417471,AU
1733417472,1733417727,ID
1733417728,1733417983,AU
1733417984,1733419007,ID
1733419008,1733420031,NZ
1733420032,1733420287,SG
1733420288,1733421055,IN
1733421056,1733422079,CN
1733422080,1733424127,IN
1733424384,1733424639,AU
1733424640,1733424895,ID
1733424896,1733425151,HK
1733425152,1733425663,ID
1733425664,1733426175,IN
1733426176,1733427199,ID
1733427200,1733428223,GB
1733428224,1733428735,HK
1733428736,1733429247,ID
1733429248,1733430271,BD
1733430272,1733431295,ID
1733431296,1733432319,HK
1733432320,1733437439,VN
1733437440,1733438975,IN
1733438976,1733439487,PH
1733439488,1733440511,ES
1733440512,1733441535,HK
1733441536,1733442559,LA
1733442560,1733443583,CN
1733443584,1733444095,GB
1733444096,1733444607,IN
1733444608,1733445631,CN
1733445632,1733448703,IN
1733448704,1733449727,CN
1733449728,1733450751,JP
1733450752,1733451263,ID
1733451264,1733451775,BD
1733451776,1733452799,IN
1733452800,1733453311,LT
1733453312,1733453567,TR
1733453568,1733453823,RU
1733453824,1733454847,CN
1733454848,1733455871,AU
1733455872,1733456895,JP
1733456896,1733457919,PH
1733457920,1733458943,PK
1733458944,1733459199,AU
1733459200,1733459455,IN
1733459456,1733459967,ID
1733459968,1733460991,GB
1733460992,1733462015,VN
1733462016,1733463039,AU
1733463040,1733464063,US
1733464064,1733465855,IN
1733465856,1733466111,US
1733466112,1733467135,AU
1733467136,1733468159,IN
1733468160,1733469183,AT
1733469184,1733469439,ID
1733469440,1733469695,TH
1733469696,1733470207,ID
1733470208,1733471231,HK
1733471232,1733472255,BD
1733472256,1733473279,IN
1733473280,1733474303,ID
1733474304,1733476351,IN
1733476352,1733478399,VN
1733478400,1733479423,BD
1733479424,1733479935,VN
1733479936,1733481471,IN
1733481472,1733483007,HK
1733483008,1733483263,RU
1733483264,1733483519,HK
1733483520,1733484031,IN
1733484032,1733484543,US
1733484544,1733485567,CN
1733485568,1733486591,MY
1733486592,1733486847,MM
1733486848,1733487103,ID
1733487104,1733487615,IN
1733487616,1733488639,CN
1733488640,1733490431,ID
1733490688,1733491711,TH
1733491712,1733492735,PK
1733492736,1733492991,ID
1733492992,1733493759,IN
1733493760,1733494783,ID
1733494784,1733496319,IN
1733496320,1733496575,AU
1733496576,1733496831,BD
1733496832,1733497343,HK
1733497856,1733498879,PK
1733498880,1733499903,JP
1733499904,1733500415,IN
1733500416,1733500927,PK
1733500928,1733501439,PG
1733501440,1733501951,MM
1733501952,1733502975,IN
1733502976,1733503999,PH
1733504000,1733505023,CN
1733505024,1733506047,ID
1733506048,1733507071,CN
1733507072,1733507327,AU
1733507328,1733508095,IN
1733508096,1733510143,CN
1733510144,1733511167,IN
1733511168,1733512191,CN
1733512192,1733513727,IN
1733513728,1733514239,BD
1733514240,1733514495,ID
1733514496,1733514751,AU
1733514752,1733515263,TR
1733515264,1733516287,PK
1733516288,1733518847,ID
1733518848,1733519103,AU
1733519104,1733519359,SG
1733519360,1733521407,IN
1733521408,1733522431,CN
1733522432,1733523455,ID
1733523456,1733524479,CN
1733524736,1733525247,AU
1733525248,1733527039,IN
1733527040,1733527551,BD
1733527552,1733528575,IN
1733528576,1733529599,ID
1733529600,1733532671,IN
1733533696,1733533951,SG
1733533952,1733534207,IN
1733534208,1733534719,KH
1733534720,1733535743,BD
1733535744,1733536767,MY
1733536768,1733538815,ID
1733538816,1733539839,CN
1733539840,1733540863,IN
1733540864,1733541887,MM
1733541888,1733542911,US
1733542912,1733543167,BD
1733543424,1733543679,ID
1733543680,1733543935,IN
1733543936,1733544959,TH
1733544960,1733545983,BD
1733545984,1733546495,AU
1733546496,1733550079,IN
1733550080,1733551103,PH
1733551104,1733551615,NP
1733551616,1733551871,AU
1733551872,1733552127,HK
1733552128,1733553151,BD
1733553152,1733553663,ID
1733553664,1733554175,PH
1733554176,1733555199,BD
1733555200,1733558271,IN
1733558272,1733559295,CN
1733559296,1733561343,ID
1733561344,1733566463,CN
1733566464,1733567487,HK
1733567488,1733568511,BD
1733568512,1733569535,AU
1733569536,1733570559,HK
1733570560,1733571583,CN
1733571584,1733573119,PK
1733573120,1733573631,BD
1733573632,1733574655,IN
1733574656,1733575679,CN
1733575680,1733576703,IN
1733576704,1733577727,CN
1733577728,1733578751,VN
1733578752,1733579775,IN
1733579776,1733582847,HK
1733582848,1733583103,IN
1733583104,1733583359,AF
1733583360,1733583871,AU
1733583872,1733584383,MM
1733584384,1733584895,VN
1733584896,1733585919,IN
1733585920,1733586943,HK
1733586944,1733587967,GB
1733587968,1733588991,ID
1733588992,1733590015,NZ
1733590016,1733591039,JP
1733591040,1733592063,IN
1733592064,1733592319,MV
1733592320,1733592575,BD
1733592576,1733592831,MV
1733592832,1733593087,AU
1733593088,1733594111,CN
1733594112,1733596159,ID
1733596160,1733597183,PK
1733597184,1733597439,HK
1733597440,1733597695,SG
1733597696,1733598207,JP
1733598208,1733599231,BD
1733599232,1733600255,LK
1733600256,1733601023,IN
1733601024,1733601279,JP
1733601280,1733601791,HK
1733601792,1733602303,CN
1733602304,1733603327,BD
1733603328,1733603839,PH
1733603840,1733604351,IN
1733604352,1733605375,AU
1733605376,1733607423,IN
1733607424,1733608447,ID
1733608448,1733609471,IN
1733609472,1733609983,ID
1733609984,1733610495,IN
1733611520,1733612543,ID
1733612544,1733613567,US
1733613568,1733614591,IN
1733614592,1733615615,HK
1733615616,1733616639,AU
1733616640,1733618687,ID
1733618688,1733620735,IN
1733620736,1733621759,BD
1733621760,1733622015,AU
1733622016,1733622271,ID
1733622272,1733622783,IN
1733622784,1733623295,BD
1733623296,1733623807,IN
1733623808,1733624831,NZ
1733624832,1733625855,ID
1733625856,1733626879,IN
1733626880,1733627903,ID
1733627904,1733628927,IN
1733628928,1733630975,CN
1733630976,1733631999,NZ
1733632000,1733632511,FR
1733632512,1733633023,ES
1733633024,1733634047,AU
1733634048,1733634559,IN
1733634560,1733635071,US
1733635072,1733637119,CN
1733637120,1733641215,ID
1733642240,1733643263,HK
1733643264,1733644287,IN
1733644288,1733645311,KR
1733645312,1733646335,CN
1733646336,1733647871,IN
1733647872,1733648383,ID
1733648384,1733650431,IN
1733650432,1733651455,MM
1733651456,1733652479,MY
1733652480,1733653503,FI
1733653504,1733654015,ID
1733654016,1733654527,IN
1733654528,1733655551,ID
1733655552,1733656575,IN
1733656576,1733657599,PK
1733657600,1733658111,IN
1733658368,1733658623,DE
1733658624,1733659647,CN
1733659648,1733660671,IN
1733660672,1733661695,CN
1733661696,1733662719,ID
1733662720,1733663231,PK
1733663232,1733663487,IN
1733663488,1733663743,NZ
1733663744,1733665791,BD
1733665792,1733669887,CN
1733669888,1733670399,IN
1733670400,1733670911,BD
1733670912,1733671423,MN
1733671424,1733671935,CN
1733671936,1733672959,HK
1733672960,1733675007,BD
1733675008,1733676031,HK
1733676032,1733678079,IN
1733678080,1733678335,HK
1733678336,1733678591,SG
1733678592,1733679103,AU
1733679104,1733680127,BD
1733680128,1733681151,ID
1733681152,1733682175,CN
1733682176,1733683199,IN
1733683200,1733684223,US
1733684224,1733686271,BD
1733686272,1733686783,IN
1733686784,1733687295,VN
1733687296,1733688319,AU
1733688320,1733689343,HK
1733689344,1733691391,IN
1733691392,1733692415,PK
1733692416,1733693439,HK
1733693440,1733695487,IN
1733695488,1733695999,ID
1733696000,1733696255,IN
1733696256,1733696511,AU
1733696512,1733698559,CN
1733698560,1733698815,NL
1733698816,1733699071,DE
1733699072,1733699583,PK
1733699584,1733700607,IN
1733700608,1733701631,KR
1733701632,1733702655,TH
1733702656,1733703679,PK
1733703680,1733704191,NP
1733704192,1733704703,AU
1733704704,1733705727,CN
1733705728,1733706751,HK
1733706752,1733707263,IN
1733707264,1733707775,NP
1733707776,1733709823,HK
1733710848,1733711871,CN
1733711872,1733712383,PK
1733712384,1733712895,IN
1733712896,1733713407,AU
1733713408,1733713663,ID
1733713664,1733713919,IN
1733713920,1733714943,PA
1733714944,1733715455,ID
1733715456,1733715711,AU
1733715712,1733715967,ID
1733715968,1733716991,IN
1733716992,1733718015,BD
1733718016,1733719039,AU
1733719040,1733720063,ID
1733720064,1733721087,PH
1733721088,1733722111,AF
1733722112,1733722623,ID
1733722624,1733723135,MY
1733723136,1733724159,PK
1733724160,1733724415,AU
1733724416,1733724671,IN
1733724672,1733731327,ID
1733731328,1733732351,IN
1733732352,1733733375,AU
1733733376,1733734911,IN
1733734912,1733735423,MY
1733735424,1733736447,IN
1733736448,1733737471,PH
1733737472,1733738239,AU
1733738496,1733741567,BD
1733741568,1733756927,CN
1733756928,1733757951,HK
1733757952,1733758975,LK
1733758976,1733759999,ID
1733760000,1733761023,CN
1733761024,1733763071,IN
1733763072,1733764095,CN
1733764096,1733764351,BD
1733764352,1733764607,ID
1733764608,1733765119,AU
1733765120,1733770239,IN
1733770240,1733771263,ID
1733771264,1733771775,IN
1733771776,1733772543,ID
1733772544,1733772799,MN
1733772800,1733773311,ID
1733774336,1733777407,ID
1733777408,1733777663,AF
1733777664,1733778175,IN
1733778432,1733779455,IN
1733779456,1733780479,CN
1733780480,1733782527,IN
1733782528,1733783551,US
1733783552,1733784575,BD
1733784576,1733785599,KR
1733785600,1733785855,IN
1733785856,1733786111,NZ
1733786112,1733786623,IN
1733786624,1733787647,LK
1733787648,1733788671,IN
1733788672,1733789695,CN
1733789696,1733790719,BD
1733790720,1733791743,IN
1733791744,1733792767,JP
1733792768,1733793279,ID
1733793280,1733793791,IN
1733793792,1733794815,ID
1733794816,1733795839,HK
1733795840,1733796351,ID
1733796352,1733796607,PK
1733796608,1733796863,AU
1733796864,1733799935,IN
1733799936,1733800959,JP
1733800960,1733801983,CN
1733801984,1733803007,ID
1733803264,1733804031,SG
1733804032,1733805055,PK
1733805056,1733806079,ID
1733806080,1733806335,IN
1733806336,1733806847,ID
1733806848,1733807103,AU
1733807104,1733808127,IN
1733808128,1733809151,AU
1733809152,1733810175,BD
1733810176,1733810431,AU
1733810432,1733810687,TH
1733810688,1733811199,AU
1733811200,1733812223,VN
1733812224,1733813247,CN
1733813248,1733814271,ID
1733814272,1733815295,US
1733815296,1733816063,BD
1733816320,1733817343,HK
1733817344,1733819391,BD
1733819392,1733819903,US
1733819904,1733820159,AU
1733820160,1733820415,MN
1733820416,1733821439,IN
1733821440,1733826559,CN
1733826560,1733827071,BD
1733827072,1733827583,LT
1733828608,1733830655,CN
1733830656,1733831167,IN
1733831168,1733831423,FR
1733831424,1733831679,SG
1733831680,1733832703,JP
1733832704,1733833727,MM
1733833728,1733835775,IN
1733835776,1733837823,CN
1733837824,1733838847,PH
1733838848,1733839871,CN
1733839872,1733840383,IN
1733840384,1733840639,AU
1733840640,1733840895,PG
1733840896,1733842943,IN
1733842944,1733843199,ID
1733843200,1733843455,AU
1733843456,1733843967,ID
1733843968,1733844991,HK
1733844992,1733846015,CN
1733846016,1733847039,IN
1733847040,1733848063,NZ
1733848064,1733852159,VN
1733852160,1733855231,IN
1733855232,1733855743,BD
1733855744,1733855999,IN
1733856000,1733856255,AU
1733856256,1733857279,BD
1733857280,1733859327,AU
1733859328,1733859839,ID
1733859840,1733860095,AU
1733860096,1733860351,KH
1733860352,1733861887,IN
1733861888,1733862143,KH
1733862144,1733862399,FR
1733862400,1733863423,CN
1733863424,1733864447,ID
1733864448,1733865471,IN
1733865472,1733866495,MO
1733866496,1733867007,AU
1733867008,1733867263,IN
1733867264,1733867519,AU
1733867520,1733869567,HK
1733869568,1733870591,AF
1733870592,1733874687,ID
1733874688,1733875711,CN
1733875712,1733879039,IN
1733879040,1733879295,ID
1733879296,1733879807,NZ
1733879808,1733880104,US
1733880105,1733880105,BR
1733880106,1733880831,US
1733880832,1733881855,IN
1733881856,1733882879,RU
1733882880,1733887999,ID
1733888000,1733888255,IN
1733888256,1733889023,AU
1733889024,1733890047,US
1733890560,1733891071,NZ
1733891072,1733892095,TW
1733892096,1733893119,BD
1733893120,1733894143,CN
1733894144,1733895167,ID
1733895168,1733895423,SB
1733895424,1733895679,IN
1733895680,1733896191,AU
1733896192,1733898239,IN
1733898240,1733899263,MM
1733899264,1733903359,IN
1733903360,1733904383,US
1733904384,1733904639,HK
1733904640,1733904895,AU
1733904896,1733905407,IN
1733905408,1733906431,ID
1733906432,1733907455,AU
1733907456,1733910527,VN
1733910528,1733916671,CN
1733916672,1733917695,VN
1733917696,1733918719,ID
1733918720,1733919743,HK
1733919744,1733920767,GB
1733920768,1733921023,IN
1733921024,1733921279,HK
1733921280,1733921791,ID
1733921792,1733922815,SG
1733922816,1733923839,HK
1733923840,1733924863,CN
1733924864,1733925375,AF
1733925376,1733925887,ID
1733925888,1733926911,NP
1733926912,1733928703,ID
1733928704,1733928959,IN
1733929984,1733931007,CN
1733931008,1733933055,MM
1733933056,1733945343,CN
1733945344,1733946367,IN
1733946368,1733947391,PH
1733947392,1733947903,BD
1733947904,1733948415,ID
1733948416,1733949439,BD
1733949440,1733949695,ID
1733949696,1733949951,IN
1733949952,1733950463,ID
1733950464,1733951487,IN
1733951488,1733952255,BD
1733952256,1733952511,AU
1733952512,1733953279,IN
1733953280,1733953535,PK
1733953536,1733954559,ID
1733954560,1733955071,TW
1733955072,1733955327,NZ
1733955328,1733955583,ID
1733955584,1733956607,JP
1733956608,1733957631,AU
1733957632,1733958655,ID
1733958656,1733959679,JP
1733959680,1733961727,IN
1733961728,1733962751,TH
1733962752,1733963775,IN
1733963776,1733964543,AU
1733964544,1733966335,CN
1733966336,1733966847,AU
1733966848,1733968127,ID
1733968128,1733968383,AU
1733968384,1733968895,ID
1733968896,1733969919,IN
1733969920,1733970943,NL
1733970944,1733971199,HK
1733971200,1733971455,ID
1733971456,1733971711,NZ
1733971712,1733971967,IN
1733971968,1733972991,HK
1733972992,1733974015,NP
1733974016,1733975039,AU
1733975040,1733976063,CN
1733976064,1733977087,IN
1733977088,1733986303,CN
1733986304,1733987327,JP
1733987328,1733988351,AU
1733988352,1733989375,NP
1733989376,1733990399,KH
1733990400,1733991423,CN
1733991424,1733992447,IN
1733992448,1733993471,US
1733993472,1733994495,JP
1733994496,1733995519,CN
1733995520,1733995775,HK
1733996032,1733996543,NZ
1733996544,1733997567,CN
1733997568,1733998591,IN
1733998592,1733999103,NZ
1733999104,1733999615,IN
1733999616,1734001663,CN
1734001664,1734002687,ID
1734002688,1734003199,IN
1734003200,1734003455,PH
1734003456,1734003711,HK
1734003712,1734004735,IN
1734004736,1734004991,AU
1734004992,1734005247,KR
1734005248,1734005503,ID
1734005504,1734005759,IN
1734005760,1734006783,BD
1734006784,1734007807,AU
1734007808,1734011903,VN
1734011904,1734013951,IN
1734013952,1734014975,KR
1734014976,1734018047,ID
1734018048,1734019071,JP
1734019072,1734020095,HK
1734020096,1734021119,ID
1734021120,1734022143,IN
1734022144,1734026239,ID
1734026240,1734028287,CN
1734028288,1734029311,ID
1734029312,1734030335,IN
1734030336,1734030847,BD
1734031104,1734031359,ID
1734031360,1734032383,GB
1734032384,1734033407,IN
1734033408,1734034431,MY
1734034432,1734039295,IN
1734039296,1734039551,ID
1734039552,1734043647,IN
1734043648,1734044159,BD
1734044672,1734046207,CN
1734046208,1734046719,PG
1734046720,1734049023,IN
1734049280,1734049535,HK
1734049536,1734049791,IN
1734049792,1734050815,BD
1734050816,1734052095,IN
1734052096,1734052351,ID
1734052352,1734052863,CN
1734052864,1734053887,PH
1734053888,1734054399,US
1734054400,1734054655,GB
1734054656,1734054911,RU
1734054912,1734055423,ID
1734055424,1734055935,HK
1734055936,1734056959,CN
1734056960,1734057983,HK
1734057984,1734059007,IN
1734059008,1734060031,AU
1734060032,1734060543,IN
1734060544,1734061055,VN
1734061056,1734062079,NZ
1734062080,1734063103,CN
1734063104,1734064127,IN
1734064128,1734064383,JP
1734064384,1734064639,AU
1734064640,1734065151,IN
1734065152,1734066175,TH
1734066176,1734066751,AU
1734066752,1734066943,MY
1734067200,1734068223,NZ
1734068224,1734069247,CN
1734069248,1734070271,TH
1734070272,1734072319,CN
1734072576,1734072831,HK
1734072832,1734073087,IN
1734073088,1734073343,US
1734073344,1734075391,IN
1734075392,1734077439,BD
1734077440,1734078463,CN
1734078464,1734079487,MY
1734079488,1734081535,IN
1734081536,1734086655,CN
1734086656,1734086911,SG
1734086912,1734087167,AU
1734087168,1734087423,MY
1734087424,1734087679,IN
1734087680,1734088703,PK
1734088704,1734091775,VN
1734091776,1734092799,ID
1734092800,1734094847,IN
1734094848,1734104063,CN
1734104064,1734104575,BD
1734104576,1734104831,CN
1734104832,1734105087,AU
1734105088,1734106111,CN
1734106112,1734107135,AU
1734107136,1734108159,SG
1734108160,1734109183,IN
1734109184,1734109439,ID
1734109440,1734109695,HK
1734109696,1734110207,IN
1734110208,1734111231,CN
1734111232,1734112767,IN
1734112768,1734113023,TR
1734113024,1734113279,NL
1734113280,1734114303,IN
1734114304,1734115327,CN
1734115584,1734115839,HK
1734116096,1734116351,AU
1734116352,1734117375,CN
1734117376,1734118399,HK
1734118400,1734119423,AU
1734119424,1734120447,PH
1734120448,1734121471,MY
1734121472,1734122495,BD
1734122496,1734123519,CN
1734123520,1734124031,BD
1734124032,1734124543,IN
1734124544,1734132735,CN
1734132736,1734133759,SG
1734133760,1734134783,IN
1734134784,1734136063,BD
1734136064,1734136319,ID
1734136832,1734137343,BD
1734137344,1734137855,ID
1734137856,1734138879,BD
1734138880,1734139903,AU
1734139904,1734140927,ID
1734140928,1734141951,JP
1734141952,1734142463,ID
1734142464,1734142719,BD
1734142720,1734142975,IN
1734142976,1734150143,CN
1734150144,1734151167,IN
1734151168,1734152191,PK
1734152192,1734152703,IN
1734152704,1734152959,BD
1734152960,1734153727,IN
1734153728,1734154239,NP
1734154240,1734155007,AU
1734155264,1734156287,CN
1734156288,1734157311,BD
1734157312,1734158335,IN
1734158336,1734159359,AL
1734159360,1734159871,IN
1734159872,1734160127,HK
1734160128,1734161407,IN
1734161408,1734163455,ID
1734163456,1734164479,JP
1734164480,1734165503,ID
1734165504,1734166527,AU
1734166528,1734167551,HK
1734167552,1734168575,GB
1734168576,1734169343,AU
1734169344,1734169599,IN
1734169600,1734170623,CN
1734170624,1734171135,IN
1734171136,1734171391,BD
1734171392,1734171647,AU
1734171648,1734171903,VN
1734171904,1734172159,ID
1734172160,1734172415,IN
1734172416,1734172671,PK
1734172672,1734175743,IN
1734175744,1734176767,AU
1734176768,1734178815,IN
1734178816,1734179071,BD
1734179072,1734179327,ID
1734179840,1734180863,HK
1734180864,1734182911,ID
1734182912,1734183423,IN
1734183680,1734183935,AU
1734183936,1734184447,BD
1734184448,1734184959,CN
1734184960,1734185983,NZ
1734186496,1734187007,AU
1734187008,1734188031,CN
1734188032,1734188543,AU
1734188544,1734190591,ID
1734190592,1734190847,TH
1734190848,1734191103,SG
1734191104,1734192127,AU
1734192128,1734194175,IN
1734194176,1734195199,CN
1734195200,1734197247,ID
1734197248,1734200319,IN
1734200320,1734201343,CN
1734201344,1734201599,PK
1734201600,1734201855,IN
1734201856,1734202367,ID
1734202368,1734202879,IN
1734203392,1734204415,PK
1734204416,1734205439,PH
1734205440,1734207487,ID
1734207488,1734208511,AU
1734208512,1734209279,ID
1734209280,1734209535,AU
1734209536,1734210559,IN
1734210560,1734211583,ID
1734211584,1734212607,IN
1734212608,1734213119,SG
1734213120,1734213375,AF
1734213376,1734213631,SG
1734213632,1734216703,ID
1734216704,1734217727,CN
1734217728,1734218751,VN
1734218752,1734219775,CN
1734219776,1734220287,AF
1734220288,1734220543,AU
1734220544,1734220799,IN
1734220800,1734225919,CN
1734225920,1734226943,AU
1734226944,1734227967,MM
1734227968,1734228991,IN
1734228992,1734230015,SE
1734230016,1734231039,IN
1734231040,1734232063,MM
1734232064,1734233087,CN
1734233088,1734233599,HK
1734233600,1734234111,PH
1734234112,1734236159,IN
1734236160,1734237183,CN
1734237184,1734238207,NZ
1734238208,1734239231,ID
1734239232,1734239743,IN
1734239744,1734239999,PK
1734240000,1734240255,HK
1734240256,1734243327,IN
1734243328,1734244351,CN
1734244352,1734246399,ID
1734246400,1734247423,BD
1734247424,1734247935,ID
1734247936,1734248447,BD
1734248448,1734250495,IN
1734250496,1734251519,MM
1734251520,1734252543,HK
1734252544,1734253823,AU
1734254080,1734254591,NP
1734254592,1734255615,CN
1734255616,1734255871,ID
1734255872,1734256127,AU
1734256128,1734256639,IN
1734256640,1734257663,ID
1734257664,1734258687,IN
1734258688,1734259711,VN
1734259712,1734260735,TL
1734260736,1734260991,HK
1734260992,1734261247,US
1734261248,1734261503,PK
1734261504,1734261759,IN
1734261760,1734262783,ID
1734262784,1734263807,IN
1734263808,1734264831,MY
1734264832,1734265855,CN
1734265856,1734266623,IN
1734266624,1734267903,AU
1734267904,1734268415,ID
1734268416,1734268927,HK
1734268928,1734269951,BD
1734270976,1734271999,SG
1734272000,1734273023,JP
1734273024,1734273535,IN
1734273536,1734274047,BD
1734274048,1734274559,IN
1734274560,1734275071,ID
1734275072,1734276095,IN
1734276096,1734276351,PK
1734276352,1734276607,ID
1734276608,1734277119,BD
1734277120,1734278143,ID
1734278144,1734279167,NP
1734279168,1734280191,AU
1734280192,1734280703,MM
1734280704,1734282239,ID
1734282240,1734283263,IN
1734283264,1734284287,NP
1734284288,1734285311,ID
1734285312,1734286335,LA
1734286336,1734287359,JP
1734287360,1734288383,MY
1734288384,1734288639,IN
1734288640,1734288895,MY
1734288896,1734289151,BD
1734289152,1734289407,AU
1734289408,1734290431,ID
1734291456,1734291711,IN
1734291712,1734291967,ID
1734291968,1734292479,IN
1734292480,1734293503,CN
1734293504,1734294527,HK
1734294528,1734295551,NZ
1734295552,1734296575,HK
1734296576,1734297599,CN
1734297600,1734298623,AU
1734298624,1734298879,SG
1734298880,1734299647,AU
1734299648,1734301695,IN
1734301696,1734303743,CN
1734303744,1734304767,BD
1734304768,1734305023,IN
1734305024,1734305535,ID
1734305536,1734305791,HK
1734305792,1734306815,JP
1734306816,1734307327,BD
1734307328,1734308863,AU
1734308864,1734309887,IL
1734309888,1734310911,IN
1734310912,1734311935,ES
1734311936,1734312959,CN
1734312960,1734313983,KH
1734313984,1734317055,CN
1734317056,1734318079,PH
1734318080,1734319103,CN
1734319104,1734320127,VN
1734320128,1734320895,ID
1734320896,1734321151,JP
1734321152,1734322175,IN
1734322176,1734323199,VN
1734323200,1734324223,IN
1734324224,1734325247,HK
1734325248,1734327295,JP
1734327296,1734328831,IN
1734328832,1734329343,AU
1734329344,1734330367,VN
1734330368,1734331391,IN
1734331392,1734331647,AU
1734331904,1734332159,JP
1734332160,1734332415,US
1734332416,1734332927,BD
1734332928,1734333183,IN
1734333184,1734333439,BD
1734333440,1734333951,PH
1734333952,1734334207,AU
1734334208,1734334463,SG
1734334464,1734337535,CN
1734337536,1734338559,TH
1734338560,1734339071,PH
1734339072,1734339583,IN
1734339584,1734344703,CN
1734344704,1734345727,JP
1734345728,1734346751,AU
1734346752,1734347775,CN
1734347776,1734349823,IN
1734349824,1734352383,AU
1734352384,1734352895,IN
1734352896,1734353919,NP
1734353920,1734354943,BD
1734354944,1734358015,IN
1734358016,1734359039,ID
1734359040,1734360063,AU
1734360064,1734361087,MO
1734361088,1734362111,JP
1734362112,1734363135,BD
1734363136,1734364159,HK
1734365184,1734365439,HK
1734365440,1734365695,JP
1734365696,1734366207,AU
1734366208,1734367231,NZ
1734367232,1734367487,AU
1734367488,1734368255,BD
1734368256,1734371327,IN
1734371328,1734372351,BD
1734372352,1734372863,SG
1734372864,1734373119,NZ
1734373120,1734373375,ID
1734373376,1734374399,JP
1734374400,1734374655,ID
1734374656,1734374911,NZ
1734374912,1734375423,ID
1734375424,1734376447,HK
1734376448,1734377471,CN
1734377472,1734378495,HK
1734378496,1734378751,AU
1734378752,1734379007,IN
1734379008,1734379519,PG
1734379520,1734380799,CN
1734380800,1734381055,AU
1734381056,1734381567,IN
1734381568,1734382591,ID
1734382592,1734383615,HK
1734383616,1734401023,CN
1734401024,1734402047,IN
1734402048,1734402559,CN
1734403072,1734403327,IN
1734403328,1734403583,JP
1734403584,1734404351,MM
1734404352,1734404607,AF
1734404608,1734405119,BD
1734405120,1734406655,IN
1734406656,1734407167,MY
1734407168,1734408191,NP
1734408192,1734408447,MY
1734408448,1734408703,AU
1734408704,1734409215,IN
1734409216,1734410239,JP
1734410240,1734411263,HK
1734411264,1734412287,ID
1734412288,1734421503,CN
1734421504,1734422015,BD
1734422016,1734422527,IN
1734422528,1734423551,TW
1734423552,1734423807,JP
1734423808,1734424063,NZ
1734424064,1734424319,SG
1734424320,1734424575,AU
1734424576,1734429695,CN
1734429696,1734430719,ID
1734431744,1734432511,IN
1734432512,1734432767,BT
1734432768,1734433791,LT
1734433792,1734435839,IN
1734435840,1734436607,ID
1734436608,1734438399,IN
1734438400,1734438655,MM
1734438656,1734438911,ID
1734438912,1734440959,CN
1734440960,1734441983,BD
1734441984,1734443007,VN
1734443008,1734444031,CN
1734444032,1734445055,VN
1734445056,1734446079,IN
1734446080,1734446591,ID
1734446592,1734447103,MY
1734447104,1734449151,CN
1734449152,1734449407,MY
1734449408,1734449663,ID
1734449664,1734449919,PK
1734449920,1734450175,AU
1734451200,1734452223,BD
1734452224,1734453247,IN
1734453248,1734453759,PK
1734453760,1734454271,AU
1734455040,1734456319,HK
1734456320,1734458367,IN
1734458368,1734460415,CN
1734460416,1734460927,IN
1734460928,1734461439,ID
1734461440,1734461951,HK
1734461952,1734462207,ID
1734462208,1734462463,CA
1734462464,1734462975,BD
1734462976,1734463487,ES
1734463488,1734463999,JP
1734464000,1734465791,IN
1734465792,1734467583,AU
1734467584,1734468095,ID
1734468096,1734468607,IN
1734468608,1734468863,US
1734468864,1734469119,CN
1734469120,1734469375,AU
1734469376,1734469631,ID
1734469632,1734471679,JP
1734471680,1734474239,IN
1734474240,1734474495,AU
1734474496,1734474751,ID
1734474752,1734475775,AU
1734475776,1734476287,CN
1734476288,1734477823,IN
1734477824,1734478847,HK
1734478848,1734479359,IN
1734479360,1734480895,HK
1734480896,1734481919,IN
1734482944,1734483455,CN
1734483456,1734483967,ID
1734483968,1734486015,IN
1734486016,1734489087,CN
1734489088,1734489343,PG
1734489344,1734489855,IN
1734489856,1734490111,SG
1734490112,1734491135,CN
1734491136,1734491391,IN
1734491392,1734491647,ID
1734491648,1734492159,IN
1734492160,1734493183,BD
1734493184,1734494207,MN
1734494208,1734495231,TW
1734495232,1734495743,BD
1734495744,1734496255,IN
1734496256,1734497279,CN
1734497536,1734497791,IN
1734497792,1734498303,AU
1734498304,1734502399,CN
1734502400,1734502911,ID
1734502912,1734503423,BD
1734503424,1734504447,IN
1734504448,1734504703,HK
1734504960,1734505471,HK
1734505472,1734507519,ID
1734507520,1734508543,CN
1734508544,1734509567,NP
1734509568,1734510335,SG
1734510336,1734510591,BD
1734510592,1734513663,CN
1734513664,1734515711,VN
1734515712,1734516735,IN
1734516736,1734517759,VN
1734517760,1734519807,CN
1734519808,1734520831,US
1734520832,1734521855,ID
1734521856,1734522879,CN
1734522880,1734523903,AU
1734523904,1734525951,IN
1734525952,1734526975,CN
1734526976,1734529023,BD
1734529024,1734530047,IN
1734530048,1734530815,US
1734530816,1734531071,CA
1734531072,1734536191,CN
1734536192,1734536447,AU
1734536448,1734536703,MY
1734536704,1734536959,AU
1734536960,1734537215,ID
1734537216,1734541311,CN
1734541312,1734542335,VN
1734542336,1734543359,SG
1734543360,1734544127,IN
1734544128,1734544383,TH
1734544384,1734546431,IN
1734546432,1734546943,AU
1734546944,1734547199,ID
1734547200,1734547455,HK
1734547456,1734547967,ID
1734547968,1734548223,TL
1734548224,1734548479,ID
1734548480,1734549503,MM
1734549504,1734549759,CO
1734549760,1734550271,IN
1734550272,1734550527,JP
1734550528,1734551551,IN
1734551552,1734552063,CN
1734552064,1734552319,IN
1734552320,1734552575,FJ
1734552576,1734553599,AU
1734553600,1734554111,IN
1734554112,1734554623,SG
1734554624,1734554879,IN
1734554880,1734556671,CN
1734556672,1734557183,HK
1734557184,1734557439,CN
1734557440,1734557695,SG
1734557696,1734558207,AU
1734558208,1734559743,IN
1734559744,1734560767,HK
1734560768,1734561791,CN
1734561792,1734562815,JP
1734562816,1734563327,ID
1734563328,1734563583,AU
1734563584,1734563839,VN
1734564864,1734565887,IN
1734565888,1734566911,SG
1734566912,1734567167,LK
1734567168,1734567423,AU
1734567424,1734567679,IN
1734567680,1734567935,MN
1734567936,1734568959,CN
1734568960,1734569983,IN
1734569984,1734570495,ID
1734570496,1734570751,AU
1734570752,1734571007,US
1734571008,1734573055,CN
1734573056,1734574079,JP
1734574080,1734575103,BD
1734575104,1734576127,PK
1734576128,1734576639,ID
1734576640,1734577151,TW
1734577664,1734578175,TW
1734578176,1734580223,IN
1734580224,1734581247,CN
1734581248,1734582271,IN
1734582272,1734583295,PH
1734583296,1734584319,ID
1734584320,1734585343,JP
1734585344,1734585855,IN
1734585856,1734586367,PG
1734586368,1734586879,BD
1734586880,1734587391,US
1734587392,1734588415,BD
1734588416,1734589183,IN
1734589184,1734589439,AU
1734589440,1734594559,IN
1734594560,1734595327,HK
1734595328,1734595583,AU
1734595584,1734596607,ID
1734596608,1734597631,IN
1734597632,1734598655,CN
1734598656,1734599679,AU
1734599680,1734600703,VN
1734600704,1734602751,CN
1734602752,1734603775,AU
1734603776,1734604799,VN
1734604800,1734605823,BD
1734605824,1734606847,VN
1734606848,1734607871,CN
1734607872,1734609407,IN
1734609408,1734609663,VU
1734609664,1734609919,AU
1734609920,1734612991,IN
1734612992,1734613503,AU
1734613504,1734613759,NZ
1734613760,1734614015,ID
1734614016,1734615039,AU
1734615040,1734616063,CN
1734616064,1734617087,AU
1734617088,1734618111,CN
1734618112,1734618623,AU
1734618624,1734619135,MY
1734619136,1734625279,CN
1734625280,1734626303,JP
1734626304,1734628351,IN
1734628352,1734628863,ID
1734628864,1734629375,NZ
1734629376,1734630399,CN
1734630400,1734631423,BD
1734631424,1734632447,ID
1734632448,1734632959,PH
1734632960,1734633215,NZ
1734633216,1734633471,PK
1734633472,1734633983,NZ
1734633984,1734634239,IN
1734634240,1734634495,AU
1734634496,1734635519,PH
1734635520,1734636543,HK
1734636544,1734637567,CN
1734637568,1734638591,AU
1734639616,1734641663,ID
1734641664,1734642175,PH
1734642176,1734642687,HK
1734642688,1734643711,TH
1734643712,1734644735,CN
1734644736,1734645247,AU
1734645248,1734645759,IN
1734645760,1734646783,MY
1734646784,1734647807,JP
1734647808,1734648831,VN
1734648832,1734649855,TW
1734649856,1734650623,HK
1734650624,1734650879,MY
1734650880,1734651903,ID
1734651904,1734652415,HK
1734652416,1734652927,IN
1734652928,1734653951,ID
1734653952,1734654975,NZ
1734654976,1734655231,PK
1734655232,1734655999,JP
1734656000,1734656255,IN
1734656256,1734656511,ID
1734656512,1734656767,AU
1734656768,1734657023,ID
1734657024,1734658047,AU
1734658048,1734658303,MY
1734658304,1734658559,IN
1734658560,1734659071,PK
1734659072,1734660095,MY
1734660096,1734661119,HK
1734661120,1734664191,IN
1734664192,1734665215,AU
1734665216,1734666239,VN
1734666240,1734667263,BD
1734667264,1734669311,CN
1734669568,1734669823,IN
1734669824,1734670335,ID
1734670336,1734672383,CN
1734672384,1734672895,US
1734672896,1734673407,AU
1734674432,1734676479,CN
1734676480,1734677503,MM
1734677504,1734678527,ID
1734678528,1734679551,IN
1734680576,1734681599,VN
1734681600,1734682623,NP
1734682624,1734683135,ID
1734683136,1734683391,NZ
1734683392,1734683647,IN
1734683648,1734684671,PH
1734684672,1734685695,MY
1734685696,1734685951,ID
1734685952,1734686719,BD
1734686720,1734687743,IN
1734687744,1734688767,CN
1734689024,1734689279,IN
1734689280,1734689791,ID
1734689792,1734690815,IN
1734690816,1734691839,JP
1734691840,1734692863,VN
1734692864,1734693887,KH
1734693888,1734694143,BD
1734694144,1734694911,GB
1734694912,1734696191,IN
1734696704,1734697471,ID
1734697472,1734697983,BD
1734697984,1734699007,IN
1734699008,1734700031,ID
1734700032,1734703103,IN
1734703104,1734705151,CN
1734705152,1734706175,AU
1734706176,1734706431,IN
1734706432,1734706687,AU
1734706688,1734706943,IN
1734706944,1734707199,AU
1734707200,1734709247,ID
1734709248,1734711295,CN
1734711296,1734711551,KH
1734711552,1734711807,US
1734711808,1734712319,ID
1734712320,1734713343,KH
1734713344,1734714367,VN
1734714368,1734714879,ID
1734714880,1734716415,AU
1734716416,1734716671,IN
1734716672,1734716927,AU
1734716928,1734717439,IN
1734717440,1734718463,US
1734718464,1734720511,CN
1734720512,1734721535,HK
1734721536,1734721791,VU
1734721792,1734722559,ID
1734722560,1734723583,BD
1734723584,1734724607,US
1734724608,1734725631,HK
1734725632,1734726655,KH
1734726656,1734727167,IN
1734727168,1734727423,AU
1734727424,1734727679,NL
1734727680,1734728703,ID
1734728704,1734729727,JP
1734729728,1734731775,ID
1734731776,1734732031,PK
1734732032,1734732287,IN
1734732288,1734732799,AU
1734732800,1734733311,NP
1734733312,1734733567,SG
1734733568,1734733823,ID
1734733824,1734734847,FJ
1734734848,1734735871,MY
1734735872,1734736127,HK
1734736128,1734736895,BD
1734736896,1734737151,NP
1734737152,1734737407,BD
1734737408,1734737919,MY
1734737920,1734738431,ID
1734738432,1734738687,IN
1734738688,1734738943,JP
1734738944,1734739967,HK
1734739968,1734740991,AU
1734740992,1734742527,ID
1734742528,1734743039,IN
1734743040,1734744063,VN
1734744064,1734744319,AU
1734744320,1734744575,IN
1734744576,1734744831,ID
1734744832,1734745087,BD
1734745088,1734746111,IN
1734746112,1734747135,HK
1734747136,1734747647,NP
1734747648,1734747903,PK
1734748160,1734748671,PK
1734748672,1734749183,BD
1734749184,1734749695,HK
1734749696,1734749951,SG
1734749952,1734750207,HK
1734750208,1734750719,ID
1734750720,1734751487,NZ
1734751488,1734751743,AU
1734751744,1734752255,ID
1734752256,1734753279,IN
1734753280,1734754303,ID
1734754304,1734757375,IN
1734757376,1734759423,CN
1734759424,1734764799,IN
1734764800,1734765055,AU
1734765056,1734765567,IN
1734765568,1734766591,NZ
1734766592,1734767615,ID
1734767616,1734768127,IN
1734768128,1734768383,AU
1734768384,1734769663,IN
1734769664,1734770687,PH
1734770688,1734771711,VN
1734771712,1734772223,US
1734772224,1734772479,PH
1734772480,1734772735,FR
1734772736,1734773759,BD
1734773760,1734774783,ID
1734774784,1734775295,IN
1734775296,1734775551,ID
1734775552,1734775807,IN
1734775808,1734777855,ID
1734777856,1734778879,PK
1734778880,1734779903,US
1734779904,1734780415,AU
1734780416,1734780671,US
1734780672,1734780927,ID
1734780928,1734782975,CN
1734782976,1734783487,ID
1734783488,1734783999,AU
1734784000,1734790143,CN
1734790144,1734791167,BD
1734791168,1734793215,CN
1734793216,1734794239,BD
1734794240,1734794751,AF
1734794752,1734796287,AU
1734796288,1734796543,NL
1734796544,1734796799,RO
1734796800,1734797311,FR
1734797312,1734797823,AU
1734797824,1734798079,IN
1734798080,1734798335,SG
1734798336,1734799359,BD
1734799360,1734800383,MY
1734800384,1734800639,IN
1734800640,1734800895,AU
1734800896,1734801407,IN
1734801408,1734802175,ID
1734802176,1734802431,IN
1734802432,1734803455,PS
1734803456,1734803711,PH
1734803712,1734803967,AU
1734803968,1734804479,IN
1734804480,1734804991,ID
1734805504,1734806527,IN
1734806528,1734808575,CN
1734808576,1734810623,ID
1734810624,1734811135,IN
1734811136,1734811647,ID
1734811648,1734812671,BD
1734812672,1734813695,CN
1734813696,1734814207,NZ
1734814208,1734814719,PK
1734814720,1734815743,NZ
1734815744,1734816767,US
1734816768,1734818815,IN
1734818816,1734819071,SG
1734819072,1734819207,AU
1734819208,1734819219,PG
1734819220,1734819221,TL
1734819222,1734819225,SB
1734819226,1734819229,VU
1734819230,1734819233,FJ
1734819234,1734819235,GU
1734819236,1734819239,CK
1734819240,1734819241,TV
1734819242,1734819247,NZ
1734819248,1734819249,NU
1734819250,1734819251,NP
1734819252,1734819327,AU
1734819328,1734819499,ID
1734819500,1734819503,PG
1734819504,1734819583,ID
1734819584,1734819719,PH
1734819720,1734819725,KI
1734819726,1734819741,PH
1734819742,1734819743,WS
1734819744,1734819747,FM
1734819748,1734819839,PH
1734819840,1734820351,HK
1734820352,1734820607,MV
1734820608,1734820863,TH
1734820864,1734821887,HK
1734821888,1734822911,CN
1734822912,1734823935,AU
1734823936,1734824959,TW
1734824960,1734825983,SE
1734825984,1734826495,BD
1734826496,1734828031,IN
1734828032,1734828543,NZ
1734828544,1734829055,US
1734829056,1734830079,BD
1734830080,1734832127,AU
1734832128,1734832383,PK
1734832384,1734832639,IN
1734832640,1734832895,AU
1734832896,1734833151,ID
1734833152,1734834175,VN
1734834176,1734835199,IN
1734835200,1734836223,BD
1734836224,1734837247,TW
1734837248,1734838271,IN
1734838272,1734839295,ID
1734839296,1734839807,AU
1734839808,1734840319,IN
1734840320,1734841343,ID
1734841344,1734842367,AU
1734842368,1734843391,SG
1734843392,1734844415,MY
1734844416,1734845439,IN
1734845440,1734846463,JP
1734846464,1734847487,HK
1734847488,1734847743,IN
1734847744,1734847999,MM
1734848000,1734848255,IN
1734848256,1734848511,ID
1734848512,1734849535,HK
1734849536,1734850047,ID
1734850048,1734850559,PG
1734850560,1734851583,AU
1734851584,1734852607,CN
1734852608,1734853119,ID
1734853120,1734853375,MM
1734853632,1734854655,IN
1734854656,1734856703,CN
1734856704,1734857215,IN
1734857216,1734857727,AU
1734857728,1734858751,IN
1734858752,1734859263,ID
1734859264,1734859519,NZ
1734859520,1734859775,IN
1734859776,1734863871,CN
1734863872,1734864383,IN
1734864384,1734864639,AU
1734864640,1734864895,BD
1734864896,1734865919,US
1734865920,1734866175,RU
1734866176,1734866943,HK
1734866944,1734871039,CN
1734871040,1734871807,ID
1734871808,1734872063,HK
1734872064,1734873087,ID
1734873088,1734874111,PH
1734874112,1734875135,IN
1734875136,1734876159,VN
1734876160,1734877183,NP
1734877184,1734877695,AU
1734877696,1734878207,ID
1734878208,1734880255,CN
1734880256,1734883583,IN
1734883584,1734883839,ID
1734883840,1734884351,IN
1734884352,1734885375,NL
1734885376,1734886399,CN
1734886400,1734886655,IN
1734886656,1734886911,MY
1734886912,1734889471,IN
1734889472,1734890495,AU
1734890496,1734891007,PK
1734891008,1734891263,KR
1734891264,1734891519,PK
1734891520,1734892543,JP
1734892544,1734893567,IN
1734893568,1734894079,PK
1734894080,1734894335,SG
1734894336,1734894591,ID
1734894592,1734895615,PH
1734895616,1734896639,CN
1734896640,1734897663,IT
1734897664,1734898687,IN
1734898688,1734900735,VN
1734900736,1734902271,IN
1734902272,1734902527,ID
1734902528,1734902783,US
1734902784,1734904831,ID
1734904832,1734905855,BD
1734905856,1734906367,ID
1734906368,1734906879,AF
1734906880,1734907903,TW
1734907904,1734908927,CN
1734908928,1734909951,AU
1734910976,1734911999,AU
1734913024,1734914047,HK
1734914304,1734914559,ID
1734914560,1734914815,HK
1734914816,1734915071,TH
1734915072,1734916095,IN
1734916096,1734917119,BD
1734917120,1734918143,CN
1734918144,1734919167,MY
1734919168,1734919423,SG
1734919424,1734919679,NP
1734919680,1734920191,CN
1734920704,1734921215,IN
1734921216,1734922239,ID
1734922240,1734923263,IN
1734923264,1734924287,PK
1734924288,1734925311,BD
1734925312,1734925567,HK
1734925568,1734925823,IN
1734925824,1734926335,AU
1734926336,1734927359,IN
1734927360,1734927615,KH
1734927616,1734927871,SG
1734927872,1734928127,AU
1734928128,1734928383,IN
1734928384,1734929407,NP
1734929408,1734930943,AU
1734930944,1734931455,BD
1734931456,1734932479,NL
1734932480,1734933247,US
1734933248,1734933503,NL
1734933504,1734936575,CN
1734936576,1734937087,ID
1734937088,1734937599,IN
1734937600,1734939647,CN
1734939648,1734940159,NZ
1734940160,1734940415,IN
1734940416,1734940671,CN
1734940672,1734943743,ID
1734944768,1734946815,IN
1734946816,1734947839,GB
1734947840,1734949887,ID
1734949888,1734950911,CN
1734950912,1734952959,ID
1734952960,1734953215,IN
1734953216,1734953471,TH
1734953472,1734953983,BD
1734953984,1734956031,ID
1734956032,1734957055,BD
1734957056,1734958079,PH
1734958080,1734958591,ID
1734958592,1734959615,IN
1734959616,1734960127,ID
1734960128,1734961151,IN
1734961152,1734962175,ID
1734962176,1734963199,IN
1734963200,1734963455,AU
1734963456,1734963711,NZ
1734963712,1734964223,ID
1734964224,1734965247,CN
1734965248,1734965759,IN
1734965760,1734966271,BD
1734966272,1734967295,IN
1734967296,1734968319,ID
1734968320,1734969343,CN
1734969344,1734969855,IN
1734969856,1734970111,MY
1734970112,1734970367,AU
1734970368,1734970879,NZ
1734970880,1734971135,ID
1734971392,1734972415,AU
1734972416,1734973439,JE
1734973440,1734974463,IN
1734974464,1734976511,KR
1734976512,1734977535,US
1734977536,1734978559,AU
1734978560,1734979583,MM
1734979584,1734980607,IN
1734980608,1734982655,CN
1734982656,1734982911,IN
1734982912,1734983423,ID
1734983424,1734983679,NC
1734983680,1734985215,ID
1734985216,1734985471,AU
1734985472,1734985727,ID
1734985728,1734987775,CN
1734987776,1734988799,PK
1734988800,1734989823,PH
1734989824,1734990335,ID
1734990592,1734990847,AU
1734990848,1734991871,CN
1734991872,1734999039,IN
1734999040,1735000063,ID
1735000064,1735000319,JP
1735000320,1735000831,NL
1735000832,1735001087,KZ
1735001600,1735002111,MY
1735002112,1735003135,TH
1735003136,1735003647,ID
1735003648,1735004159,AU
1735004160,1735005183,MY
1735005184,1735006207,IN
1735007232,1735008255,IN
1735008256,1735009279,BD
1735009280,1735012351,CN
1735012352,1735013375,JP
1735013376,1735014399,US
1735014400,1735014911,BD
1735014912,1735015423,US
1735015424,1735016447,CN
1735016448,1735016959,NZ
1735016960,1735017215,GB
1735017216,1735017471,US
1735017472,1735018495,CN
1735018496,1735018751,ID
1735018752,1735019007,MY
1735019008,1735021567,ID
1735021824,1735022079,IN
1735022080,1735022335,PK
1735022336,1735023615,AU
1735023616,1735024639,NZ
1735024640,1735025663,CN
1735025664,1735026687,IN
1735026688,1735027199,VN
1735027200,1735027711,IN
1735028224,1735028735,NZ
1735028736,1735030015,ID
1735030016,1735030271,SG
1735030272,1735030783,BD
1735030784,1735031807,CN
1735031808,1735032831,JP
1735032832,1735034879,CN
1735034880,1735035903,IN
1735035904,1735036927,KR
1735036928,1735037183,AU
1735037184,1735037439,ID
1735037440,1735037951,NP
1735037952,1735039999,IN
1735040000,1735041023,ID
1735041024,1735042047,IN
1735042048,1735042559,BD
1735042560,1735043071,MY
1735044096,1735045119,ID
1735045120,1735046655,IN
1735046656,1735046911,AF
1735046912,1735048191,IN
1735048192,1735049215,HK
1735049216,1735050239,IN
1735050240,1735051263,CN
1735051264,1735051519,IN
1735051520,1735051775,BD
1735051776,1735052031,CN
1735052032,1735052287,US
1735052288,1735053311,KH
1735053312,1735054335,HK
1735054336,1735055359,CN
1735055360,1735056383,ID
1735056384,1735058431,VN
1735058432,1735059455,CA
1735059456,1735060479,IN
1735060480,1735062527,BD
1735063552,1735064575,MY
1735064576,1735066623,CN
1735066624,1735067647,ID
1735067648,1735067903,HK
1735067904,1735068159,IN
1735068160,1735069695,HK
1735069696,1735069951,AU
1735069952,1735070207,NL
1735070208,1735070719,ID
1735070720,1735072767,IN
1735072768,1735074815,CN
1735074816,1735075327,IN
1735075328,1735075583,BD
1735075584,1735075839,AU
1735075840,1735076351,BD
1735076352,1735076607,SG
1735076864,1735077887,CN
1735077888,1735078399,NP
1735078400,1735078911,SG
1735078912,1735079935,TH
1735079936,1735080191,SG
1735080192,1735083007,IN
1735083008,1735083519,ID
1735083520,1735083775,TH
1735083776,1735084031,ID
1735084032,1735085055,CN
1735085056,1735086079,BD
1735086080,1735087103,PH
1735087104,1735087871,ID
1735087872,1735088127,MY
1735088128,1735089151,HK
1735089152,1735091199,IN
1735091200,1735092223,ID
1735092224,1735093247,HK
1735093248,1735094271,CN
1735094272,1735095295,IN
1735095296,1735096319,ID
1735096576,1735096831,ID
1735096832,1735097343,BD
1735097344,1735098367,IN
1735098368,1735099391,AU
1735099392,1735100415,BD
1735100416,1735101951,ID
1735101952,1735102463,IN
1735102464,1735103743,ID
1735103744,1735103999,AU
1735104000,1735104255,IN
1735104256,1735104511,ID
1735104512,1735105535,PG
1735105536,1735106559,PH
1735106560,1735107583,BD
1735107584,1735109631,CN
1735109632,1735110655,IN
1735110656,1735111167,ID
1735111168,1735111679,AU
1735111680,1735112703,VN
1735112704,1735112959,BD
1735112960,1735113215,AU
1735113216,1735113727,ID
1735113728,1735115775,CN
1735115776,1735116287,AU
1735116288,1735116799,SG
1735116800,1735117823,VN
1735117824,1735118591,ID
1735118592,1735118847,AU
1735118848,1735122943,CN
1735122944,1735123967,AU
1735123968,1735124991,BD
1735126016,1735127039,HK
1735127040,1735127551,BD
1735128064,1735128575,ID
1735128576,1735129087,AU
1735129088,1735130111,ID
1735130112,1735131647,IN
1735131648,1735132159,HK
1735132160,1735133183,IN
1735133184,1735133439,HK
1735133440,1735133695,ID
1735133696,1735136255,IN
1735136256,1735141375,ID
1735141376,1735142399,HK
1735142400,1735142911,IN
1735142912,1735143423,JP
1735143424,1735143679,IN
1735143680,1735143935,TH
1735143936,1735144191,AU
1735144192,1735144447,IN
1735144448,1735145471,CN
1735145472,1735146495,IN
1735146496,1735147519,BD
1735147520,1735148031,JP
1735148032,1735148543,HK
1735148544,1735149567,AU
1735149568,1735151615,IN
1735151616,1735152127,ID
1735152128,1735152383,BD
1735152384,1735152639,IN
1735152640,1735153151,ID
1735153152,1735153407,AU
1735153408,1735153663,ID
1735153664,1735154175,NL
1735154176,1735154687,BD
1735154688,1735155711,AU
1735155712,1735156223,US
1735156224,1735156735,IN
1735156736,1735157759,VN
1735157760,1735158783,MM
1735159808,1735160831,BD
1735160832,1735161087,AU
1735161088,1735161599,IN
1735161600,1735161855,ID
1735161856,1735162879,IN
1735162880,1735163391,AU
1735163392,1735164927,ID
1735164928,1735166975,VN
1735166976,1735167231,BD
1735167232,1735167487,ID
1735167488,1735167743,HK
1735167744,1735167999,IN
1735168000,1735169023,BD
1735169024,1735171071,IN
1735171072,1735172095,ID
1735172096,1735174143,CN
1735174144,1735175167,AU
1735175168,1735175423,HK
1735175424,1735175679,ID
1735176192,1735176447,NZ
1735176704,1735177215,BD
1735177216,1735178751,HK
1735178752,1735179007,AU
1735179008,1735179263,ID
1735179264,1735179775,GB
1735179776,1735180287,ID
1735180288,1735182335,CN
1735182336,1735182847,ID
1735182848,1735183359,AU
1735183360,1735184383,IN
1735184384,1735186431,CN
1735186432,1735186943,HK
1735186944,1735187455,KH
1735187456,1735187711,IN
1735187968,1735188479,AU
1735188480,1735189503,CN
1735189504,1735190015,AU
1735190016,1735190271,JP
1735190272,1735190527,AU
1735190528,1735192575,JP
1735192576,1735193599,ID
1735193600,1735194623,CN
1735194624,1735195391,HK
1735195648,1735196159,AU
1735196160,1735197695,ID
1735197696,1735198207,HK
1735198208,1735198719,IN
1735198720,1735199231,MM
1735199744,1735200767,IN
1735200768,1735201791,AU
1735201792,1735202815,CN
1735202816,1735203839,ID
1735203840,1735207935,VN
1735207936,1735208959,IN
1735208960,1735209983,CN
1735209984,1735212031,BD
1735212032,1735213055,TH
1735213056,1735214079,KR
1735215104,1735216383,IN
1735216384,1735216639,AU
1735216640,1735217663,IN
1735217664,1735218175,US
1735218176,1735219199,IN
1735219200,1735220223,CN
1735220224,1735222271,BD
1735222272,1735223551,HK
1735223552,1735223807,BD
1735223808,1735224319,CN
1735224320,1735225343,IN
1735225344,1735226367,AU
1735226368,1735227391,LA
1735227392,1735227647,ID
1735227648,1735227903,PK
1735227904,1735228159,NZ
1735228160,1735228415,AU
1735228416,1735229439,ID
1735229440,1735230975,AU
1735230976,1735232511,IN
1735232512,1735233535,AU
1735233536,1735234559,SG
1735234560,1735234815,IN
1735234816,1735235071,ID
1735235072,1735235583,IN
1735235584,1735241727,ID
1735241728,1735243775,IN
1735243776,1735244287,PH
1735244288,1735244799,VN
1735244800,1735249919,ID
1735250176,1735250687,ID
1735250688,1735250943,IN
1735250944,1735251967,BD
1735251968,1735255039,IN
1735255040,1735256063,NP
1735256064,1735256319,AU
1735256320,1735256575,US
1735256576,1735256831,DE
1735256832,1735257087,NL
1735257088,1735257599,LT
1735257600,1735258111,BD
1735258112,1735259135,JP
1735259136,1735259903,NZ
1735259904,1735260159,ID
1735260160,1735261183,CN
1735261184,1735262207,PH
1735262208,1735263231,IN
1735263232,1735263487,ID
1735263488,1735263743,BD
1735263744,1735264255,IN
1735264256,1735265279,ID
1735265280,1735268351,IN
1735268352,1735269375,JP
1735269376,1735269887,AU
1735269888,1735270399,PG
1735270400,1735270911,VN
1735270912,1735271423,ID
1735271424,1735272447,IN
1735272448,1735272703,MV
1735272704,1735272959,ID
1735272960,1735273215,IN
1735273216,1735273471,ID
1735273472,1735274495,PH
1735274496,1735275007,IN
1735275520,1735275775,PK
1735275776,1735276543,AF
1735276544,1735277567,BD
1735278592,1735278847,FI
1735278848,1735279103,DE
1735279104,1735279359,SE
1735279360,1735279615,DE
1735279616,1735280639,MY
1735280640,1735281151,IN
1735281152,1735281407,ID
1735281408,1735281663,PH
1735281664,1735282175,ID
1735282176,1735282687,BD
1735282688,1735283199,HK
1735283200,1735283455,AU
1735283456,1735283711,IN
1735283712,1735284735,VN
1735285760,1735286783,CN
1735286784,1735287807,BD
1735287808,1735288319,ID
1735288320,1735289855,IN
1735289856,1735290111,AU
1735290112,1735290879,MV
1735290880,1735291903,BD
1735291904,1735292927,CN
1735292928,1735293951,ID
1735293952,1735293983,SG
1735293984,1735293999,JP
1735294000,1735294463,CY
1735294464,1735294719,BD
1735294720,1735294975,IN
1735294976,1735295487,VN
1735295488,1735295743,PG
1735295744,1735295999,AU
1735296000,1735298047,CN
1735298048,1735298559,IN
1735298560,1735299071,AU
1735299072,1735301119,IN
1735301120,1735303167,CN
1735303168,1735307263,IN
1735307264,1735308287,AU
1735308288,1735308799,IN
1735308800,1735309311,MM
1735309312,1735309823,ID
1735309824,1735310335,IN
1735310336,1735311359,CN
1735311360,1735311871,BD
1735311872,1735312127,AU
1735312128,1735312383,IN
1735312384,1735313407,MM
1735313408,1735314431,IN
1735314432,1735315455,CN
1735315456,1735316479,GB
1735316480,1735318527,BD
1735318528,1735319039,JP
1735319040,1735319295,IN
1735319296,1735319551,ID
1735320576,1735321599,KH
1735321600,1735327743,IN
1735327744,1735328767,AL
1735328768,1735329279,BD
1735329280,1735329791,IN
1735329792,1735331839,BD
1735331840,1735332863,AU
1735332864,1735333887,IN
1735333888,1735334911,AU
1735335936,1735336447,US
1735336448,1735337215,BD
1735337216,1735337471,IN
1735337472,1735337983,PK
1735337984,1735339007,GT
1735339008,1735341055,IN
1735341056,1735343103,ID
1735343104,1735343359,US
1735343360,1735343615,PK
1735343616,1735343871,KZ
1735343872,1735344127,PK
1735344128,1735345151,CN
1735345152,1735345407,MN
1735345408,1735345663,IR
1735345664,1735345919,IN
1735345920,1735346175,IR
1735346176,1735347199,MY
1735347200,1735347711,NZ
1735347968,1735348223,NP
1735348224,1735349247,ID
1735349248,1735349759,PK
1735349760,1735350015,ID
1735350016,1735350271,AU
1735350272,1735351295,BD
1735351296,1735355391,ID
1735355392,1735356415,IN
1735356416,1735357439,LT
1735357440,1735357951,BD
1735357952,1735358463,ID
1735358464,1735359487,BD
1735359744,1735359999,ID
1735360000,1735360255,BD
1735360256,1735360511,AU
1735360512,1735362559,IN
1735362560,1735367679,ID
1735367680,1735368703,IN
1735368704,1735369215,PK
1735369216,1735369471,ID
1735369472,1735369727,AU
1735369728,1735370751,BD
1735370752,1735371775,AU
1735371776,1735372799,CN
1735372800,1735373823,AU
1735373824,1735374847,US
1735374848,1735383039,ID
1735383040,1735383295,NZ
1735383296,1735385087,ID
1735385088,1735386111,BD
1735386112,1735388159,IN
1735388160,1735391231,VN
1735391232,1735392255,ID
1735392256,1735393279,CN
1735393280,1735393535,PK
1735393536,1735393791,JP
1735393792,1735394047,SG
1735394048,1735394303,PK
1735394304,1735394559,IN
1735394560,1735394815,ID
1735394816,1735400447,IN
1735400448,1735401471,HK
1735401472,1735402495,IN
1735402496,1735403519,TL
1735403520,1735404031,IN
1735404032,1735404543,BD
1735404544,1735405055,ID
1735405056,1735405567,IN
1735405568,1735406591,TW
1735406592,1735408639,BD
1735408640,1735408895,PL
1735408896,1735409151,MM
1735409152,1735410175,BD
1735410176,1735410431,AU
1735410432,1735410687,HK
1735410688,1735411711,NL
1735411712,1735412735,CN
1735412736,1735413247,AU
1735413248,1735413759,HK
1735413760,1735414015,SG
1735414016,1735414271,ID
1735414272,1735415807,IN
1735415808,1735417855,CN
1735417856,1735418879,HK
1735418880,1735419135,AU
1735419136,1735419391,PG
1735419392,1735420415,AU
1735420416,1735420671,IN
1735420672,1735420927,KH
1735420928,1735423999,CN
1735424000,1735424255,ID
1735424256,1735424511,IN
1735424512,1735425023,ID
1735425024,1735426047,VN
1735426048,1735427071,BD
1735427072,1735428095,VN
1735428096,1735429119,ID
1735429120,1735430143,CN
1735430144,1735430655,ID
1735430656,1735430911,IN
1735430912,1735432191,BD
1735432192,1735433215,PK
1735433216,1735434239,BD
1735434240,1735434751,IN
1735434752,1735435263,ID
1735435264,1735436287,AF
1735436288,1735436799,US
1735436800,1735437311,RO
1735437312,1735438335,JP
1735438336,1735438591,AU
1735438592,1735439359,AF
1735439360,1735440383,JP
1735440384,1735441407,HK
1735441664,1735442175,ID
1735442176,1735442431,LA
1735442432,1735444479,ID
1735444480,1735445503,AU
1735445504,1735446527,BD
1735446528,1735447551,VN
1735447552,1735449599,IN
1735450112,1735450623,ID
1735450624,1735451647,IN
1735451648,1735452159,ID
1735452160,1735452671,IN
1735452672,1735453183,ID
1735453184,1735453439,IN
1735453696,1735454719,BD
1735454720,1735455743,KH
1735455744,1735456767,ID
1735456768,1735459071,IN
1735459072,1735459327,AU
1735459328,1735459583,IN
1735459584,1735459839,ID
1735459840,1735460863,CN
1735460864,1735461887,MY
1735461888,1735463935,BD
1735465472,1735465727,ID
1735465728,1735465983,IN
1735465984,1735466239,ID
1735466240,1735466495,IN
1735466496,1735467007,ID
1735467008,1735469055,IN
1735469056,1735470079,PH
1735470080,1735471103,TH
1735471104,1735473151,ID
1735473152,1735474175,JP
1735474176,1735475199,HK
1735475200,1735476223,IN
1735476224,1735476479,RU
1735476480,1735476735,LT
1735476736,1735476991,US
1735476992,1735477247,DE
1735477248,1735479295,ID
1735479296,1735480319,VN
1735480320,1735481343,MM
1735481344,1735482367,VN
1735482368,1735483391,CN
1735483392,1735484415,IN
1735484416,1735485439,PK
1735485440,1735486719,IN
1735486720,1735486975,BD
1735486976,1735488511,IN
1735488512,1735493631,ID
1735493632,1735495679,IN
1735495680,1735496703,CN
1735496704,1735497215,BD
1735497216,1735497727,IN
1735497728,1735498751,BD
1735498752,1735499775,HK
1735499776,1735500799,IN
1735500800,1735501311,SG
1735501312,1735501823,ID
1735501824,1735502079,GB
1735502080,1735502335,AU
1735502336,1735502847,ID
1735502848,1735503871,BD
1735503872,1735504895,TH
1735505408,1735505919,PH
1735505920,1735506943,SG
1735506944,1735507967,IN
1735507968,1735511039,BD
1735511040,1735512063,NZ
1735512064,1735513087,IN
1735513088,1735513343,ID
1735513344,1735513599,IN
1735513600,1735513855,ID
1735514112,1735515135,IN
1735515136,1735516159,CN
1735516160,1735516415,BD
1735516416,1735517183,US
1735517184,1735518207,IN
1735518208,1735520255,CN
1735521280,1735521791,AU
1735521792,1735522047,JP
1735522304,1735522815,ID
1735522816,1735523327,AU
1735523328,1735525375,IN
1735525376,1735526399,CN
1735526400,1735526655,PH
1735526656,1735526911,AU
1735526912,1735527423,BD
1735527424,1735528447,AU
1735528448,1735528703,IN
1735528960,1735529215,ID
1735529472,1735530495,BD
1735530496,1735531519,NP
1735531520,1735532543,CN
1735532544,1735533055,IN
1735533056,1735533311,AU
1735533312,1735533567,ID
1735533568,1735534591,BD
1735534592,1735534847,RU
1735534848,1735535103,SC
1735535104,1735535359,US
1735535360,1735535615,DE
1735535616,1735535871,HK
1735535872,1735536127,TW
1735536128,1735536639,SG
1735536640,1735538175,ID
1735538176,1735538431,BD
1735538432,1735538687,AU
1735538688,1735539711,IN
1735539712,1735540223,BD
1735540224,1735540479,KR
1735540480,1735541759,IN
1735541760,1735542783,CN
1735542784,1735543807,SG
1735543808,1735546879,ID
1735546880,1735547903,KH
1735547904,1735549951,BD
1735549952,1735550975,CN
1735550976,1735551999,VN
1735552000,1735556095,ID
1735556096,1735557119,KR
1735557120,1735557631,AF
1735557632,1735558143,AU
1735558144,1735559167,HK
1735559168,1735561471,ID
1735561472,1735561727,AU
1735561728,1735562239,LA
1735562240,1735563263,CN
1735563264,1735564287,IN
1735564288,1735565311,CN
1735565312,1735566335,US
1735566336,1735566847,ID
1735566848,1735567103,BD
1735567104,1735567359,IN
1735567360,1735568383,BD
1735568384,1735568639,AU
1735568640,1735568895,ID
1735568896,1735569407,BD
1735569408,1735570431,CN
1735570432,1735572479,JP
1735572480,1735572991,IN
1735572992,1735573503,AU
1735573504,1735574527,HK
1735574528,1735574783,ID
1735575040,1735575551,PH
1735575552,1735576575,TH
1735576576,1735577087,IN
1735577088,1735577599,AU
1735577600,1735578623,IN
1735578624,1735579647,CN
1735579648,1735582719,IN
1735582720,1735583231,AU
1735583232,1735583743,IN
1735583744,1735584767,JP
1735584768,1735586815,CN
1735586816,1735587071,ID
1735587072,1735589375,IN
1735589376,1735589887,BD
1735589888,1735590655,IN
1735590656,1735590911,JP
1735590912,1735591679,MM
1735591680,1735591935,AU
1735591936,1735592703,US
1735592704,1735592959,NL
1735592960,1735593471,AU
1735593472,1735593983,AF
1735593984,1735594239,CN
1735594240,1735594495,SG
1735594496,1735594751,JP
1735594752,1735595007,CN
1735595008,1735595263,ID
1735595264,1735595519,IN
1735595520,1735595775,AU
1735595776,1735596031,MM
1735596032,1735597055,BD
1735597056,1735598335,ID
1735598336,1735598591,PH
1735598592,1735598847,SG
1735598848,1735600127,ID
1735600128,1735603199,HK
1735603200,1735604223,CN
1735604224,1735607295,HK
1735607296,1735608319,CN
1735608320,1735609343,BD
1735609344,1735610367,SG
1735610368,1735610879,SB
1735610880,1735611391,BD
1735611392,1735612415,JP
1735613440,1735614463,CN
1735614464,1735614719,GB
1735614720,1735614975,IN
1735614976,1735615231,SG
1735615232,1735615487,ID
1735615488,1735616511,BD
1735616512,1735616767,ID
1735616768,1735617023,IN
1735617024,1735617535,SG
1735617536,1735618047,TW
1735618048,1735618559,IN
1735618560,1735619583,AU
1735619584,1735620607,BD
1735620608,1735621631,CN
1735621632,1735623679,IN
1735623680,1735624703,TH
1735624704,1735625727,AU
1735625728,1735625983,KR
1735625984,1735626239,HK
1735626240,1735626751,MO
1735626752,1735627519,HK
1735627520,1735627775,IN
1735627776,1735628799,CN
1735629312,1735629823,IN
1735629824,1735630847,BD
1735630848,1735631871,AU
1735631872,1735632127,ID
1735632128,1735632383,AU
1735632384,1735632639,VN
1735632640,1735632895,NP
1735632896,1735633919,MY
1735633920,1735634943,KH
1735634944,1735635967,ID
1735635968,1735636479,SA
1735636480,1735636991,ES
1735636992,1735637247,US
1735637248,1735638015,PK
1735638016,1735639039,AU
1735639040,1735639551,GU
1735639552,1735640063,IN
1735640064,1735641087,PK
1735641088,1735642111,IN
1735642112,1735642623,GB
1735642624,1735643135,IN
1735643136,1735644159,AU
1735644160,1735644415,IN
1735644416,1735644671,AU
1735644672,1735645183,MM
1735645184,1735646207,JP
1735646208,1735647231,MY
1735647232,1735647999,AU
1735648000,1735649279,ID
1735649280,1735649535,IN
1735649536,1735649791,AU
1735649792,1735650303,NZ
1735650304,1735650815,IN
1735650816,1735651327,ID
1735651328,1735652351,BD
1735652352,1735653119,SG
1735653120,1735653375,IN
1735653376,1735654399,CN
1735654400,1735655423,BD
1735655424,1735656447,AU
1735656448,1735657471,JP
1735657472,1735657983,VN
1735657984,1735658495,IN
1735658496,1735658751,MM
1735658752,1735659007,ID
1735659008,1735659519,TW
1735659520,1735660031,US
1735660032,1735660543,IN
1735660544,1735661567,HK
1735661568,1735661823,IN
1735661824,1735662079,AF
1735662080,1735665151,IN
1735665152,1735665663,VN
1735665664,1735666687,CN
1735666688,1735667711,MY
1735667712,1735667967,NP
1735667968,1735668223,ID
1735668224,1735668735,TH
1735668736,1735669759,VN
1735669760,1735670783,MM
1735670784,1735671807,IN
1735671808,1735672831,CN
1735672832,1735673855,TW
1735673856,1735674623,HK
1735674624,1735674879,US
1735674880,1735675903,CN
1735675904,1735676415,IN
1735676416,1735676927,ID
1735676928,1735677951,IN
1735677952,1735678463,PG
1735678464,1735678975,SG
1735678976,1735679999,CN
1735680000,1735681023,TW
1735681024,1735683071,VN
1735683072,1735683839,ID
1735684096,1735685119,ID
1735685120,1735686143,BD
1735686144,1735687167,CN
1735687168,1735688191,SG
1735688192,1735689215,CN
1735689216,1735689727,HK
1735689728,1735689983,AU
1735689984,1735690239,ID
1735690240,1735690751,IN
1735690752,1735691263,CN
1735691264,1735693311,IN
1735693312,1735694335,CN
1735694336,1735695359,JP
1735695360,1735695615,FJ
1735695616,1735696127,IN
1735696128,1735696383,MM
1735696384,1735697407,IN
1735697408,1735698431,BD
1735698432,1735698687,ID
1735698688,1735698943,IN
1735698944,1735699455,AU
1735699456,1735700479,ID
1735700480,1735701503,IN
1735701504,1735702527,BD
1735702528,1735703551,CN
1735703552,1735704063,NZ
1735704064,1735705343,MM
1735705344,1735705599,AU
1735705600,1735706623,KZ
1735706624,1735708159,ID
1735708160,1735708671,CN
1735708672,1735709183,NZ
1735709184,1735709439,ID
1735709440,1735709695,AU
1735710720,1735711743,ID
1735711744,1735714815,CN
1735714816,1735715327,IN
1735715328,1735715839,ID
1735715840,1735716863,IN
1735716864,1735717887,AU
1735717888,1735718911,HK
1735718912,1735719935,PK
1735719936,1735720959,ID
1735720960,1735721983,KR
1735721984,1735723007,TW
1735723008,1735723263,ID
1735723264,1735723519,IN
1735723520,1735723775,ID
1735723776,1735724031,BD
1735724032,1735725055,IN
1735725056,1735726079,CN
1735726080,1735726335,MY
1735726336,1735726591,AU
1735726592,1735727103,IN
1735727104,1735728127,HK
1735728384,1735728639,IN
1735728640,1735729151,ID
1735729152,1735731199,IN
1735731200,1735732223,TW
1735732224,1735734271,IN
1735734272,1735735295,SG
1735735296,1735736319,ID
1735736320,1735737087,IN
1735737088,1735737343,AU
1735737344,1735739391,IN
1735739392,1735740415,CN
1735740416,1735741439,HK
1735741440,1735741695,BT
1735741696,1735741951,MY
1735741952,1735742463,ID
1735743488,1735744511,CN
1735744512,1735745535,IN
1735745536,1735746047,AU
1735746048,1735746303,ID
1735746304,1735746559,AU
1735746560,1735747071,HK
1735747072,1735747583,JP
1735747584,1735748095,AU
1735748096,1735748351,TW
1735748352,1735748607,AU
1735748608,1735749631,BD
1735749632,1735750655,TW
1735750656,1735750911,SG
1735750912,1735751167,IN
1735751168,1735751679,PH
1735751680,1735752703,HK
1735752704,1735753727,PT
1735753728,1735754751,SG
1735754752,1735755775,TW
1735755776,1735756799,HK
1735756800,1735757055,PH
1735757056,1735757311,MY
1735757312,1735757823,BD
1735757824,1735758847,HK
1735758848,1735759871,TH
1735759872,1735761151,IN
1735761152,1735761407,ID
1735761408,1735761919,IN
1735761920,1735762943,PK
1735762944,1735763455,MY
1735763456,1735763967,AU
1735763968,1735764991,AS
1735764992,1735767551,IN
1735767552,1735767807,AU
1735767808,1735768063,ID
1735768064,1735769087,IN
1735769088,1735770111,CN
1735770112,1735771135,BD
1735771136,1735772159,VN
1735772160,1735773183,IN
1735773184,1735774207,ID
1735774208,1735777279,IN
1735777280,1735778303,CN
1735778304,1735779327,TW
1735779328,1735780351,AU
1735780352,1735782399,IN
1735782400,1735784447,VN
1735784448,1735785471,HK
1735785472,1735786495,SG
1735786496,1735787007,BD
1735787008,1735787263,IN
1735787264,1735787519,ID
1735787520,1735788287,US
1735788288,1735789567,IN
1735789568,1735790591,AU
1735790592,1735791103,IN
1735791104,1735791615,BD
1735791616,1735792639,MY
1735792640,1735793663,TW
1735793664,1735794687,VN
1735794688,1735795199,AU
1735795200,1735795711,IN
1735795712,1735797759,HK
1735797760,1735798783,KH
1735798784,1735799295,HK
1735799296,1735799551,IN
1735799552,1735799807,NZ
1735799808,1735805951,CN
1735805952,1735806975,BD
1735806976,1735807487,SG
1735807488,1735807743,ID
1735807744,1735807999,IN
1735808000,1735809023,BD
1735809024,1735810047,CN
1735810048,1735811071,JP
1735811072,1735815167,ID
1735815168,1735817215,IN
1735817216,1735817471,AU
1735817472,1735817727,ID
1735817728,1735818239,AU
1735818240,1735823359,ID
1735823360,1735824383,IN
1735824384,1735824895,TW
1735824896,1735825407,IN
1735825408,1735825919,BD
1735825920,1735826431,AU
1735826432,1735826687,MY
1735826688,1735827711,IN
1735827712,1735828479,AU
1735828480,1735830783,IN
1735830784,1735831039,CN
1735831040,1735831295,ID
1735831296,1735831551,SG
1735831552,1735832575,ID
1735832576,1735833599,IN
1735833600,1735834623,ID
1735834624,1735835647,IN
1735835648,1735838719,HK
1735838720,1735839743,TW
1735839744,1735840255,NL
1735840256,1735840767,PH
1735840768,1735841791,ID
1735841792,1735842815,IN
1735842816,1735843839,TW
1735843840,1735847935,ID
1735847936,1735849983,HK
1735849984,1735851007,ID
1735851008,1735853055,HK
1735853056,1735855103,ID
1735855104,1735856127,US
1735856128,1735856639,HK
1735856640,1735857151,CZ
1735857152,1735858175,BD
1735858176,1735859199,AF
1735859200,1735860223,CN
1735860224,1735860479,AU
1735860736,1735860991,MY
1735860992,1735861247,IN
1735861248,1735863295,ID
1735863296,1735864319,HK
1735864320,1735866367,ID
1735866368,1735867391,IN
1735867392,1735869439,ID
1735869440,1735870463,BD
1735870464,1735870975,DE
1735870976,1735871231,IN
1735871232,1735871487,MV
1735871488,1735872511,IN
1735872512,1735873023,KH
1735873024,1735873535,IN
1735873536,1735874559,VN
1735874560,1735875583,JP
1735875584,1735875839,MN
1735875840,1735876095,PH
1735876096,1735876607,BD
1735876608,1735877631,KH
1735877632,1735878655,BD
1735878656,1735879679,CN
1735879680,1735880703,NZ
1735880704,1735880959,SG
1735880960,1735881215,IN
1735881216,1735881471,ID
1735881472,1735881727,CN
1735881728,1735882751,ID
1735882752,1735883775,IN
1735884032,1735884287,PK
1735884288,1735884543,BT
1735884544,1735884799,JP
1735884800,1735886335,HK
1735886336,1735887103,PH
1735887360,1735889919,ID
1735889920,1735890943,SG
1735890944,1735891967,KH
1735891968,1735892991,CN
1735892992,1735895039,IN
1735895040,1735895551,NZ
1735895552,1735896575,IN
1735896576,1735897087,HK
1735897088,1735897599,BD
1735897600,1735898111,IN
1735898112,1735899135,CN
1735899136,1735903231,IN
1735903232,1735904255,CN
1735904256,1735905279,ID
1735905280,1735906303,IN
1735906304,1735907327,TW
1735907328,1735908351,CA
1735908352,1735908863,IN
1735908864,1735909119,AU
1735909120,1735909375,IN
1735909376,1735910399,CN
1735910400,1735911423,ID
1735911424,1735912447,MY
1735912448,1735912959,ID
1735912960,1735916799,IN
1735916800,1735917055,AU
1735917056,1735918591,IN
1735918592,1735919103,PH
1735919104,1735919359,IN
1735919360,1735920639,AU
1735920640,1735921663,PH
1735921664,1735922687,JP
1735922688,1735923711,AU
1735923712,1735924735,HK
1735924736,1735925759,IN
1735925760,1735926783,BD
1735926784,1735927295,CA
1735927296,1735927551,US
1735927552,1735927807,CA
1735927808,1735928063,ID
1735928064,1735928319,SG
1735928320,1735928831,AU
1735928832,1735929855,BD
1735929856,1735930111,US
1735930112,1735930367,AU
1735930368,1735930879,IN
1735930880,1735931903,CN
1735931904,1735933951,IN
1735933952,1735935231,ID
1735935232,1735935487,PH
1735935488,1735935999,PK
1735936000,1735937023,CN
1735937024,1735937279,ID
1735937280,1735937535,AU
1735937536,1735938047,VN
1735938048,1735939071,HK
1735939072,1735940095,JP
1735940096,1735941119,CN
1735941120,1735942143,IN
1735942144,1735944191,CN
1735944192,1735945471,IN
1735945472,1735945727,HK
1735945728,1735945983,BD
1735945984,1735946239,IN
1735946240,1735947263,TH
1735947264,1735948287,PK
1735948288,1735949311,KH
1735949312,1735949823,ID
1735949824,1735951103,IN
1735951104,1735951359,NZ
1735951360,1735952383,KH
1735952384,1735952639,MY
1735952640,1735952895,AU
1735952896,1735953407,ID
1735953408,1735954431,CN
1735954432,1735955455,BD
1735955456,1735956479,TW
1735956480,1735956991,IN
1735956992,1735957503,ID
1735957504,1735958527,VN
1735958528,1735960575,BD
1735960576,1735962623,ID
1735962624,1735963647,IN
1735963648,1735965695,JP
1735965696,1735966719,IN
1735966720,1735967743,BD
1735967744,1735968767,CN
1735968768,1735969791,BD
1735969792,1735970815,ID
1735970816,1735971839,IN
1735971840,1735972863,HK
1735972864,1735973375,AU
1735973376,1735973631,ID
1735973632,1735973887,AU
1735973888,1735974911,BD
1735974912,1735975935,CN
1735975936,1735976447,HK
1735976448,1735976959,MY
1735976960,1735977471,ID
1735977472,1735979007,IN
1735979008,1735979263,SG
1735979264,1735979519,IN
1735979520,1735980031,VN
1735980032,1735980287,ID
1735980288,1735980543,SG
1735980544,1735980799,TH
1735980800,1735981055,SG
1735981056,1735984639,IN
1735984640,1735985151,PK
1735985152,1735987199,BD
1735987200,1735989247,ID
1735989248,1735989759,PK
1735989760,1735990271,IN
1735990272,1735991295,PK
1735991296,1735991551,TH
1735991552,1735991807,ID
1735991808,1735992319,NZ
1735992320,1735993343,BD
1735993344,1735994367,PK
1735994368,1735995391,JP
1735995392,1735995903,RO
1735995904,1735996415,ID
1735996416,1735997439,CN
1735997440,1735997695,AU
1735997696,1735997951,IN
1735997952,1735998207,ID
1735998208,1735998463,AU
1735998464,1735999487,BD
1735999488,1735999999,PH
1736000000,1736002559,IN
1736002560,1736003583,BD
1736003584,1736004607,PH
1736004608,1736005631,ID
1736005632,1736006655,VN
1736006656,1736007679,HK
1736007680,1736009727,ID
1736009728,1736010751,BD
1736010752,1736011775,ID
1736011776,1736013823,IN
1736013824,1736014335,PK
1736014336,1736014847,ID
1736014848,1736016895,AU
1736016896,1736018943,ID
1736018944,1736019967,BD
1736019968,1736021503,ID
1736021504,1736023551,IN
1736023552,1736023807,MM
1736023808,1736024063,ID
1736024064,1736026111,CN
1736026112,1736027135,ID
1736027136,1736027647,NP
1736027648,1736027903,IN
1736027904,1736028671,BD
1736028672,1736029183,PK
1736029184,1736030207,ID
1736030208,1736030719,BD
1736030720,1736031231,ID
1736031232,1736032255,KH
1736032256,1736032767,IN
1736032768,1736033279,BD
1736033280,1736035327,ID
1736035328,1736035839,IN
1736036096,1736036351,AU
1736036352,1736037375,JP
1736037376,1736038399,ID
1736038400,1736040447,BD
1736040448,1736042495,MM
1736042496,1736043007,AU
1736043008,1736044031,IN
1736044032,1736044543,ID
1736044544,1736045567,IN
1736045568,1736046591,ID
1736046592,1736047103,AU
1736047104,1736047359,CN
1736047360,1736047615,ID
1736047616,1736048639,CN
1736048640,1736049663,ID
1736049664,1736049919,AU
1736049920,1736050175,ID
1736050176,1736050431,IN
1736050432,1736051199,ID
1736051200,1736052735,IN
1736052736,1736054783,TW
1736054784,1736055807,IN
1736055808,1736056831,BD
1736056832,1736057855,ID
1736057856,1736058879,IN
1736058880,1736059903,NZ
1736059904,1736060159,BD
1736060160,1736060415,TH
1736060416,1736060927,BD
1736060928,1736061951,CN
1736061952,1736062079,SG
1736062080,1736062111,CN
1736062112,1736062119,JP
1736062120,1736062127,KR
1736062128,1736062135,AU
1736062136,1736062143,IN
1736062144,1736062145,NZ
1736062146,1736062147,ID
1736062148,1736062149,MY
1736062150,1736062151,SG
1736062152,1736062153,HK
1736062154,1736062155,TW
1736062156,1736062157,VN
1736062158,1736062163,FR
1736062164,1736062167,US
1736062168,1736062171,GB
1736062172,1736062175,CA
1736062176,1736062179,DE
1736062180,1736062183,BE
1736062184,1736062187,CH
1736062188,1736062207,FR
1736062208,1736062463,IN
1736062464,1736062719,AU
1736062720,1736062975,ID
1736062976,1736065023,IN
1736065024,1736067071,ID
1736067072,1736067583,PG
1736067584,1736068095,BD
1736068096,1736068607,ID
1736068608,1736068863,IN
1736069120,1736069631,IN
1736069632,1736070143,VN
1736070144,1736071167,IN
1736071168,1736071679,AU
1736071680,1736072191,BD
1736072192,1736073215,HK
1736073216,1736074239,ID
1736074240,1736074751,BD
1736074752,1736075263,AU
1736075264,1736077311,ID
1736077312,1736078335,TH
1736078336,1736079359,TW
1736079360,1736079615,AU
1736079616,1736079871,ID
1736079872,1736080127,BD
1736080128,1736080383,AU
1736080384,1736081407,TW
1736081408,1736083455,IN
1736083456,1736084479,BD
1736084480,1736084991,VN
1736084992,1736085503,BD
1736085504,1736086015,KR
1736086016,1736086527,IN
1736086528,1736087551,TW
1736087552,1736088575,ID
1736088576,1736089087,IN
1736089088,1736089599,PK
1736089600,1736090623,VN
1736090624,1736090879,MY
1736090880,1736091135,PG
1736091136,1736091647,AU
1736091648,1736093695,IN
1736093696,1736094719,CN
1736094720,1736095231,PH
1736095232,1736095487,IN
1736095744,1736096767,KR
1736096768,1736097791,TW
1736097792,1736098815,CN
1736098816,1736099839,TW
1736099840,1736100351,IN
1736100352,1736100863,ID
1736100864,1736101375,IN
1736101376,1736101887,BD
1736102912,1736103423,ID
1736103424,1736103935,AU
1736103936,1736104959,TW
1736104960,1736105471,VN
1736105472,1736105983,PK
1736105984,1736107007,TW
1736107008,1736109055,IN
1736109056,1736110079,TW
1736110080,1736111103,CN
1736111104,1736111615,AU
1736111616,1736111871,ID
1736111872,1736112127,AU
1736112128,1736114175,BD
1736115200,1736116223,CN
1736116224,1736117247,BD
1736117248,1736117503,PG
1736117504,1736120831,ID
1736120832,1736121087,AU
1736121088,1736121343,IN
1736121344,1736122367,HK
1736122368,1736123391,BD
1736123392,1736124159,IN
1736124160,1736124415,ID
1736124416,1736125439,PH
1736125440,1736128511,IN
1736128512,1736129535,CN
1736129536,1736130047,NP
1736130048,1736132607,ID
1736132608,1736133375,IN
1736133376,1736133631,PK
1736133632,1736134655,IN
1736134656,1736135679,ID
1736135680,1736135935,NP
1736135936,1736136191,ID
1736136192,1736136703,IN
1736136704,1736138751,CN
1736138752,1736139775,ID
1736139776,1736140799,US
1736140800,1736142079,ID
1736142080,1736142335,NZ
1736142592,1736142847,IN
1736142848,1736143871,PK
1736143872,1736144895,CN
1736144896,1736145919,ID
1736145920,1736148991,TW
1736148992,1736149503,US
1736149504,1736149759,JP
1736149760,1736150015,US
1736150016,1736151039,TW
1736151040,1736152063,PH
1736152064,1736153087,ID
1736153088,1736154623,IN
1736154624,1736154879,ID
1736154880,1736155135,NZ
1736155136,1736156159,HK
1736156160,1736157183,NZ
1736157184,1736158207,BD
1736158208,1736158719,IN
1736158720,1736159231,ID
1736159232,1736160255,CN
1736160256,1736161279,JP
1736161280,1736165375,TW
1736165376,1736169471,CN
1736170496,1736171519,US
1736171520,1736172543,IN
1736172544,1736173567,ID
1736173568,1736174079,NC
1736174080,1736174591,IN
1736174592,1736174847,ID
1736174848,1736175103,SG
1736175104,1736175615,MY
1736175616,1736176639,TW
1736176640,1736178687,ID
1736178688,1736179711,TW
1736179712,1736180735,JP
1736180736,1736182015,ID
1736182272,1736183807,IN
1736183808,1736184831,JP
1736184832,1736185343,ID
1736185344,1736185855,IN
1736185856,1736186879,CN
1736186880,1736187391,IN
1736187392,1736188927,BD
1736188928,1736189439,AU
1736189440,1736189951,IN
1736189952,1736190975,TW
1736190976,1736191999,ID
1736192000,1736193023,CN
1736193024,1736194047,BD
1736194048,1736196095,VN
1736196096,1736197119,CN
1736197120,1736198143,ID
1736198144,1736199167,TW
1736199168,1736201215,IN
1736201216,1736202239,US
1736202240,1736203263,ID
1736203264,1736204287,VN
1736204288,1736205311,NP
1736205312,1736206335,KR
1736206336,1736207359,US
1736207360,1736207871,IN
1736207872,1736208383,BD
1736208384,1736210431,ID
1736210432,1736211455,IN
1736211456,1736213503,US
1736213504,1736214527,NZ
1736214528,1736215551,ID
1736215552,1736216575,IN
1736216576,1736217599,ID
1736217600,1736218623,TW
1736218624,1736219391,IN
1736219392,1736219647,HK
1736219648,1736220159,DE
1736220672,1736221695,ID
1736221696,1736222719,AL
1736222720,1736224767,IN
1736224768,1736225791,TW
1736225792,1736226303,BD
1736226304,1736226815,CN
1736226816,1736227327,MM
1736227328,1736227583,GB
1736227584,1736227839,TO
1736227840,1736228863,ID
1736228864,1736229887,HK
1736229888,1736230911,ID
1736230912,1736231935,JP
1736231936,1736233983,IN
1736233984,1736236031,CN
1736236032,1736237055,ID
1736237056,1736238079,BD
1736238080,1736239103,ID
1736239104,1736241151,BD
1736241152,1736242175,IN
1736242176,1736243199,ID
1736243200,1736244223,BD
1736244224,1736245247,TW
1736246272,1736250367,ID
1736250368,1736251391,CN
1736251392,1736251647,BD
1736251648,1736252415,NP
1736252416,1736253439,BD
1736253440,1736254463,SG
1736254464,1736256511,ID
1736256512,1736257535,CN
1736257536,1736258815,ID
1736258816,1736259071,IN
1736259072,1736259583,BD
1736259584,1736260607,ID
1736260608,1736260863,PK
1736260864,1736261631,IN
1736261632,1736262655,TW
1736262656,1736263679,PK
1736263680,1736264703,IN
1736264704,1736265727,US
1736265728,1736266239,IN
1736266240,1736266495,TH
1736266496,1736266751,SG
1736266752,1736267775,MY
1736267776,1736268799,ID
1736268800,1736269823,TH
1736269824,1736270847,BD
1736270848,1736272895,ID
1736272896,1736273919,KR
1736273920,1736274687,IN
1736274688,1736274943,HK
1736274944,1736275967,ID
1736275968,1736276991,BD
1736276992,1736278015,JP
1736278016,1736279039,IN
1736279040,1736280063,CN
1736280064,1736281087,BD
1736281088,1736282111,PK
1736282112,1736282623,AU
1736282624,1736282879,JP
1736282880,1736283135,PK
1736283136,1736284159,PH
1736284160,1736284671,AU
1736284672,1736285183,IN
1736285184,1736285695,NZ
1736285696,1736286207,PH
1736286208,1736287231,IN
1736287232,1736288255,CN
1736288256,1736289279,VN
1736289280,1736290303,ID
1736290304,1736291327,PK
1736291328,1736291839,ID
1736291840,1736292351,MY
1736292352,1736292863,ID
1736292864,1736293119,AF
1736293120,1736293375,AU
1736293376,1736295423,VN
1736295424,1736296447,CN
1736296448,1736296959,IN
1736296960,1736297471,ID
1736297472,1736298495,AU
1736298496,1736300543,ID
1736300544,1736300799,JP
1736300800,1736301055,SG
1736301056,1736301311,AU
1736301312,1736301567,JP
1736301568,1736302079,NZ
1736302080,1736302335,AU
1736302336,1736302591,ID
1736302592,1736304639,TW
1736304640,1736305151,HK
1736305152,1736305663,JP
1736305664,1736306687,CN
1736306688,1736307711,PK
1736307712,1736308735,PH
1736308736,1736309759,CN
1736309760,1736310783,BD
1736310784,1736311807,CN
1736311808,1736312319,AF
1736312320,1736312831,IN
1736312832,1736313855,ID
1736313856,1736314879,AU
1736314880,1736315903,CN
1736315904,1736316927,BD
1736316928,1736317183,HK
1736317184,1736317439,AU
1736317440,1736317695,ID
1736317696,1736317951,AU
1736317952,1736318975,ID
1736318976,1736319999,IN
1736320000,1736321023,BD
1736321024,1736321535,HK
1736321536,1736322047,IN
1736322048,1736323071,CN
1736323072,1736323583,TR
1736323584,1736324095,RO
1736324096,1736325119,TH
1736325120,1736326143,ID
1736326144,1736326655,BD
1736326656,1736327167,IN
1736327168,1736328191,KR
1736328192,1736330239,IN
1736330240,1736331263,BD
1736331264,1736331775,AU
1736331776,1736332031,SG
1736332032,1736333311,ID
1736333312,1736334335,TW
1736334336,1736335359,HK
1736335360,1736336383,BD
1736336384,1736337407,CN
1736337408,1736338431,MN
1736338432,1736339455,BD
1736339456,1736340479,CA
1736340480,1736341759,ID
1736341760,1736342015,AU
1736342016,1736342527,NZ
1736342528,1736345599,CN
1736345600,1736346623,US
1736346624,1736347135,IN
1736347136,1736347647,SG
1736347648,1736348671,AU
1736348672,1736349695,BD
1736349696,1736352767,VN
1736352768,1736353791,TW
1736353792,1736354047,AU
1736354048,1736354559,IN
1736354560,1736354815,AU
1736354816,1736355839,ID
1736355840,1736356863,JP
1736356864,1736357887,TW
1736357888,1736358399,BD
1736358400,1736358911,AU
1736359936,1736360703,AU
1736360704,1736360959,ID
1736360960,1736361983,IN
1736361984,1736363007,ID
1736363008,1736363519,IN
1736363520,1736363775,AU
1736364032,1736365055,CN
1736365056,1736367103,BD
1736367104,1736368127,NZ
1736368128,1736368639,AU
1736368640,1736368895,ID
1736368896,1736369151,HK
1736369152,1736370175,IN
1736370176,1736370687,ID
1736370688,1736371199,KR
1736371200,1736371711,BD
1736371712,1736371967,ID
1736371968,1736372479,IN
1736373248,1736374271,NP
1736374272,1736375295,TH
1736375296,1736376319,TW
1736376320,1736378367,BD
1736378368,1736380927,ID
1736380928,1736381183,AU
1736381184,1736381439,PH
1736381440,1736382463,IN
1736382464,1736383487,HK
1736383488,1736385535,IN
1736385536,1736386559,PK
1736386560,1736387583,AU
1736387584,1736388607,ES
1736388608,1736389119,NP
1736389120,1736389631,MY
1736389632,1736390655,ID
1736390656,1736391679,BD
1736391680,1736392191,IN
1736392192,1736392703,NP
1736392704,1736393727,ID
1736393728,1736394751,BD
1736394752,1736395519,IN
1736395776,1736396287,RU
1736396288,1736396799,IN
1736396800,1736397823,HK
1736397824,1736398847,BD
1736398848,1736399359,TH
1736399360,1736399615,PG
1736399616,1736399871,IN
1736399872,1736400895,BD
1736400896,1736401919,ID
1736401920,1736403455,IN
1736403456,1736403967,ID
1736403968,1736404991,IN
1736406016,1736407039,IN
1736407040,1736408063,AU
1736408064,1736409087,KR
1736409088,1736409343,HK
1736409344,1736409599,ID
1736409600,1736410111,IN
1736410112,1736412159,ID
1736412160,1736413183,IN
1736413184,1736413695,ID
1736413696,1736414207,IN
1736414208,1736415231,TW
1736415232,1736415743,SG
1736415744,1736416255,ID
1736416256,1736417791,IN
1736417792,1736418303,AU
1736418304,1736419327,IN
1736419328,1736419839,ID
1736419840,1736420095,IN
1736420096,1736420351,ID
1736421376,1736423423,BD
1736423424,1736425471,IN
1736425472,1736429567,VN
1736429568,1736430591,ID
1736430592,1736431615,KR
1736431616,1736432639,TW
1736432640,1736433151,ID
1736433152,1736433663,BD
1736433664,1736434687,IN
1736434688,1736437759,TW
1736437760,1736438783,JP
1736438784,1736439807,AU
1736439808,1736440831,HK
1736440832,1736441343,IN
1736441344,1736441599,BT
1736441600,1736441855,IN
1736507392,1736508415,IN
1736508416,1736509439,ID
1736509440,1736510719,IN
1736510976,1736511487,PK
1736511488,1736511999,ID
1736512000,1736512511,BD
1736512512,1736514559,ID
1736514560,1736515583,JP
1736515584,1736517631,BD
1736517632,1736518655,ID
1736518656,1736519679,BD
1736519680,1736520703,ID
1736520704,1736521727,HK
1736521728,1736523007,ID
1736523008,1736523263,IT
1736523264,1736523775,BT
1736523776,1736524799,IN
1736524800,1736525823,ID
1736525824,1736526847,IN
1736526848,1736527871,MM
1736527872,1736530943,VN
1736530944,1736531967,ID
1736531968,1736532479,IN
1736532992,1736534015,IN
1736534016,1736535039,ID
1736535040,1736536575,IN
1736536576,1736537087,BD
1736537088,1736537599,NL
1736537600,1736538111,US
1736538112,1736539135,PF
1736539136,1736539647,PH
1736539648,1736540159,VN
1736540160,1736541183,NZ
1736541184,1736542207,NP
1736542208,1736543231,TW
1736543232,1736544255,PK
1736544256,1736545279,TW
1736545280,1736546559,ID
1736546560,1736546815,BD
1736546816,1736547071,AU
1736547072,1736547327,IN
1736548352,1736551423,TW
1736551424,1736552447,ID
1736552448,1736554495,TW
1736554496,1736555519,KR
1736555520,1736556543,VN
1736556544,1736557567,IN
1736557568,1736558591,MY
1736558592,1736559615,BD
1736559616,1736559871,IN
1736559872,1736560127,ID
1736560128,1736560383,IN
1736560384,1736562687,BD
1736562688,1736564735,ID
1736564736,1736565759,AU
1736565760,1736566271,IN
1736566272,1736566783,ID
1736566784,1736567807,IN
1736567808,1736568831,BD
1736568832,1736569855,TW
1736569856,1736570879,BD
1736570880,1736571903,ID
1736571904,1736572927,HK
1736572928,1736573951,TW
1736573952,1736574975,ID
1736574976,1736575487,AU
1736575488,1736575743,IN
1736575744,1736575999,BD
1736576000,1736577023,MY
1736577024,1736578047,ID
1736578048,1736580095,TW
1736581120,1736586239,TW
1736586240,1736588287,VN
1736588288,1736589311,ID
1736589312,1736590335,IN
1736590336,1736590847,NZ
1736590848,1736591359,IN
1736591360,1736592383,BD
1736592384,1736593407,NZ
1736593408,1736594431,ID
1736594432,1736595455,TW
1736595456,1736596479,IN
1736596480,1736599551,TW
1736599552,1736601343,IN
1736601344,1736601599,AU
1736601600,1736602623,BD
1736602624,1736603135,ID
1736603136,1736603647,BD
1736603648,1736605695,TW
1736605696,1736606719,ID
1736606720,1736607743,CN
1736607744,1736608767,ID
1736608768,1736609791,KH
1736609792,1736610815,TR
1736610816,1736611839,MY
1736612096,1736612351,MY
1736612352,1736612863,AU
1736612864,1736613887,PK
1736613888,1736614911,CN
1736614912,1736615935,ID
1736615936,1736617983,BD
1736617984,1736618239,TH
1736618240,1736618495,PH
1736618496,1736618751,US
1736618752,1736619007,BD
1736619008,1736619519,TH
1736619520,1736621055,ID
1736621568,1736622079,VN
1736622080,1736623103,ID
1736623104,1736623615,BD
1736623616,1736624127,ID
1736624384,1736624639,IN
1736624640,1736625151,SG
1736625152,1736625663,IN
1736625664,1736625919,ID
1736625920,1736626175,NP
1736626176,1736630271,VN
1736630272,1736631295,ID
1736631296,1736632319,CN
1736632320,1736633343,JP
1736633344,1736633855,TW
1736633856,1736634367,PK
1736634368,1736635391,ID
1736635392,1736636415,AU
1736636416,1736638463,TW
1736638464,1736640511,ID
1736640512,1736641535,PK
1736641536,1736642559,AU
1736642560,1736643583,ID
1736643584,1736644607,CN
1736644608,1736645631,IN
1736645632,1736646143,ID
1736646656,1736647167,SG
1736647168,1736647423,HK
1736647424,1736647679,TH
1736647680,1736648703,CN
1736648704,1736649727,AU
1736649728,1736650751,HK
1736650752,1736651263,IN
1736651264,1736651775,ID
1736651776,1736652799,NZ
1736652800,1736653311,VN
1736653312,1736653823,BD
1736653824,1736654079,IN
1736654080,1736654335,ID
1736654336,1736654847,WS
1736654848,1736655871,TH
1736655872,1736658943,VN
1736658944,1736659455,BD
1736659456,1736659967,AU
1736659968,1736660479,VN
1736660480,1736660991,MM
1736660992,1736662015,BD
1736662016,1736662527,IN
1736662528,1736662783,ID
1736662784,1736663039,PH
1736663040,1736664063,ID
1736664064,1736665087,BD
1736665088,1736665599,ID
1736665600,1736665855,NZ
1736665856,1736667135,ID
1736667136,1736668159,TW
1736668160,1736669183,ID
1736669184,1736670207,JP
1736670208,1736671231,TW
1736671232,1736671743,IN
1736671744,1736671999,HK
1736672000,1736672767,JP
1736672768,1736673279,MY
1736673280,1736673791,BD
1736673792,1736674303,CN
1736674304,1736675327,MY
1736675328,1736676351,BD
1736676352,1736676863,TW
1736676864,1736677375,JP
1736677376,1736678399,CN
1736678400,1736679423,BD
1736679424,1736680191,AU
1736680192,1736680447,SG
1736680448,1736681471,KR
1736681472,1736682495,CN
1736682496,1736683519,TW
1736683520,1736684543,CN
1736684544,1736685055,BD
1736685056,1736686591,IN
1736686592,1736687615,SG
1736687616,1736687871,PH
1736687872,1736688127,NZ
1736688128,1736688639,JP
1736688640,1736689151,IN
1736689152,1736689663,AU
1736689664,1736690687,TH
1736690688,1736691711,HK
1736691712,1736692735,AU
1736692736,1736693759,PK
1736693760,1736694783,ID
1736695040,1736695295,PH
1736695296,1736695551,BD
1736695552,1736695807,AU
1736695808,1736697855,CN
1736697856,1736698879,AU
1736698880,1736699903,ID
1736699904,1736700927,CN
1736700928,1736701951,ID
1736701952,1736702975,IN
1736702976,1736703999,TW
1736704000,1736705023,TH
1736705024,1736706047,ES
1736706048,1736707071,KH
1736707072,1736708095,ID
1736708096,1736708607,IN
1736708608,1736709119,ID
1736709120,1736709631,BD
1736709632,1736710143,CN
1736710144,1736712191,IN
1736712192,1736714239,KR
1736714240,1736714751,ID
1736714752,1736715263,BD
1736716288,1736717311,CN
1736717312,1736718335,ID
1736718336,1736719359,IN
1736719360,1736725503,CN
1736726528,1736728831,BD
1736728832,1736729087,NZ
1736729088,1736729599,AF
1736729600,1736730111,IN
1736730112,1736730623,MM
1736730624,1736735743,CN
1736735744,1736735999,ID
1736736000,1736736255,PH
1736736256,1736736767,AU
1736736768,1736737791,TR
1736738816,1736739839,SG
1736739840,1736740863,ID
1736740864,1736743167,IN
1736743168,1736743935,BD
1736743936,1736744959,TW
1736744960,1736745215,MY
1736745216,1736745471,CN
1736745472,1736747007,TW
1736747008,1736747263,PH
1736747264,1736747519,ID
1736747520,1736749055,IN
1736749056,1736751615,BD
1736751616,1736751871,IN
1736751872,1736752127,BD
1736752128,1736753151,CN
1736753152,1736754175,SG
1736754176,1736755199,IN
1736755200,1736755711,ID
1736755712,1736755967,AU
1736755968,1736757247,IN
1736757248,1736759295,CN
1736759296,1736762367,BD
1736762368,1736762879,IR
1736762880,1736763391,ID
1736763392,1736763647,NZ
1736763648,1736763903,IN
1736763904,1736764415,CN
1736764416,1736765439,ID
1736765440,1736767487,IN
1736767488,1736768511,BD
1736768512,1736769535,AU
1736769536,1736769791,IN
1736769792,1736770047,US
1736770048,1736770303,AU
1736770304,1736770559,ID
1736770560,1736771583,BD
1736771584,1736772607,IN
1736772608,1736773631,CN
1736773632,1736775167,ID
1736775168,1736775423,IN
1736775424,1736775679,AU
1736775680,1736776703,ID
1736776704,1736777727,IN
1736777728,1736778751,BD
1736778752,1736779007,ID
1736779008,1736779519,IN
1736779520,1736779775,AU
1736779776,1736780799,CN
1736780800,1736781823,TW
1736781824,1736782847,IN
1736782848,1736783871,AU
1736783872,1736784127,ID
1736784128,1736784895,IN
1736784896,1736785919,ID
1736785920,1736786943,IN
1736786944,1736787967,ID
1736787968,1736788735,HK
1736788736,1736788991,AF
1736788992,1736790015,BD
1736790016,1736790527,PH
1736790528,1736791039,AF
1736791040,1736792063,FR
1736792064,1736792575,NZ
1736792576,1736793087,AU
1736793088,1736794111,HK
1736794112,1736795135,AU
1736795136,1736798207,VN
1736798208,1736798719,IN
1736798720,1736799231,ID
1736799232,1736799487,IN
1736799488,1736800255,NZ
1736800256,1736802303,IN
1736802304,1736803327,CN
1736803328,1736803839,MY
1736803840,1736804351,BD
1736805376,1736806399,BD
1736806400,1736808447,ID
1736808448,1736809471,US
1736809472,1736810495,IN
1736810496,1736810751,ID
1736810752,1736811007,AU
1736811008,1736811519,IN
1736811520,1736812543,BD
1736812544,1736813567,IN
1736813568,1736814591,BD
1736814592,1736815615,CN
1736815616,1736815871,IN
1736815872,1736816127,AU
1736816128,1736816639,IN
1736816640,1736817663,BD
1736817664,1736818175,AU
1736818176,1736818687,HK
1736818688,1736819711,MY
1736819712,1736820735,IN
1736820736,1736822783,BD
1736822784,1736823807,CO
1736823808,1736824063,AU
1736824064,1736824319,BD
1736824320,1736824831,IN
1736824832,1736825855,BT
1736825856,1736826367,IN
1736826368,1736826879,ID
1736826880,1736827903,VN
1736827904,1736828927,IN
1736828928,1736829951,CN
1736829952,1736830463,BD
1736830464,1736830975,AU
1736830976,1736831487,KR
1736831488,1736831999,MM
1736832000,1736832511,IN
1736832512,1736833023,BD
1736833024,1736834047,IN
1736834048,1736835071,BD
1736835072,1736836095,PK
1736836096,1736838143,IN
1736838400,1736838655,PH
1736838656,1736839167,AU
1736839168,1736840191,ID
1736840192,1736841215,AU
1736841216,1736843263,BD
1736843776,1736844287,JP
1736844288,1736846335,BD
1736846336,1736847359,IN
1736847360,1736848383,ID
1736848384,1736848895,AU
1736849152,1736849407,ID
1736849408,1736851455,BD
1736851456,1736851967,AU
1736851968,1736852479,ID
1736852480,1736853503,BD
1736853504,1736853759,NP
1736853760,1736854015,ID
1736854016,1736854271,IN
1736854272,1736854527,HK
1736854528,1736855551,ID
1736855552,1736856575,TW
1736856576,1736856831,BD
1736856832,1736857087,ID
1736857088,1736857343,HK
1736857344,1736857599,ID
1736857600,1736858623,BD
1736858624,1736859647,SG
1736859648,1736861695,IN
1736861696,1736862719,ID
1736862720,1736865279,IN
1736865280,1736865791,TO
1736865792,1736866815,TW
1736866816,1736867839,BD
1736867840,1736869887,IN
1736869888,1736870911,US
1736870912,1736872959,HK
1736873472,1736873983,HK
1736873984,1736874879,SG
1736874880,1736875007,ID
1736875008,1736878079,IN
1736878080,1736879103,AU
1736879104,1736880127,BD
1736880128,1736881151,KH
1736881152,1736881663,IN
1736881664,1736882175,AU
1736882176,1736884223,ID
1736884224,1736885247,BD
1736885248,1736886271,CN
1736886272,1736886783,PK
1736886784,1736887295,BD
1736887296,1736888319,MM
1736888320,1736889343,BD
1736889344,1736890367,ID
1736890368,1736891391,NP
1736891392,1736892415,ID
1736892416,1736892927,AU
1736892928,1736893439,BD
1736893440,1736894463,ID
1736894464,1736894975,CN
1736894976,1736895487,JP
1736895488,1736896511,PK
1736896512,1736897535,BD
1736897536,1736898559,ID
1736898560,1736900095,IN
1736900096,1736900607,BD
1736900608,1736902655,ID
1736902656,1736903935,IN
1736903936,1736904191,AU
1736904192,1736904703,ID
1736904704,1736906751,TW
1736906752,1736907775,ID
1736907776,1736908799,VN
1736908800,1736909823,US
1736909824,1736910079,IN
1736910080,1736910335,MM
1736910336,1736910847,IN
1736910848,1736911871,SG
1736911872,1736912383,PK
1736912384,1736912895,IN
1736912896,1736913919,ID
1736913920,1736914943,IN
1736914944,1736915199,JP
1736915200,1736915455,SG
1736915456,1736915711,AU
1736915712,1736915967,HK
1736915968,1736918015,IN
1736918016,1736918527,ID
1736918528,1736918783,IN
1736918784,1736919039,AU
1736919040,1736920063,ID
1736920064,1736921087,BD
1736921088,1736922111,CN
1736922112,1736923135,AU
1736923136,1736924159,BD
1736924160,1736924671,IN
1736924672,1736924927,ID
1736924928,1736925183,IN
1736925184,1736925695,ID
1736925696,1736926207,AU
1736926208,1736927743,HK
1736928000,1736928255,IN
1736928256,1736929279,TH
1736929280,1736930303,KH
1736930304,1736931327,TW
1736931328,1736932351,IN
1736932352,1736933375,CN
1736933376,1736933887,US
1736933888,1736934399,IN
1736934400,1736936447,BD
1736936448,1736937215,HK
1736937216,1736937471,US
1736937472,1736938495,HK
1736938496,1736939519,CN
1736939520,1736940543,ID
1736940544,1736943615,CN
1736943616,1736944639,IN
1736944640,1736945663,BD
1736945664,1736946687,CN
1736946688,1736947711,ID
1736947712,1736948735,CN
1736948736,1736948991,AU
1736948992,1736949759,IN
1736949760,1736951807,CN
1736951808,1736952831,IN
1736953856,1736954879,SG
1736954880,1736955903,ID
1736955904,1736956927,MM
1736956928,1736958975,ID
1736958976,1736959743,IN
1736959744,1736959999,AU
1736960000,1736961023,BD
1736961024,1736962047,CN
1736962048,1736963327,JP
1736963328,1736963583,MY
1736963584,1736964095,AU
1736964096,1736965119,HK
1736965120,1736967167,BD
1736967168,1736968703,ID
1736968704,1736968959,AU
1736968960,1736969215,MY
1736969216,1736971263,ID
1736971264,1736972287,KH
1736972288,1736973311,ID
1736974336,1736975359,SG
1736975360,1736978431,IN
1736978432,1736979455,TH
1736979456,1736979967,SG
1736979968,1736980479,NZ
1736980480,1736981503,ID
1736981504,1736982015,TW
1736982016,1736982527,BD
1736982528,1736983551,IN
1736983552,1736983807,SG
1736983808,1736984575,GB
1736984576,1736985599,IN
1736985600,1736987135,ID
1736987136,1736987903,IN
1736988160,1736988415,AU
1736988416,1736990719,IN
1736990720,1736991743,BD
1736991744,1736992767,AU
1736992768,1736993791,BD
1736993792,1736994815,PH
1736995328,1736995839,VN
1736995840,1736996863,KH
1736996864,1736997887,AU
1736997888,1736998911,SG
1736998912,1736999935,CN
1736999936,1737000959,MM
1737000960,1737001471,IN
1737001472,1737001983,JP
1737001984,1737002239,AU
1737003008,1737004031,AU
1737004032,1737005055,HK
1737005056,1737006079,JP
1737006080,1737007103,BD
1737007104,1737008127,ID
1737008128,1737009151,PH
1737009152,1737009407,TH
1737009408,1737009663,PH
1737009664,1737010175,ID
1737010176,1737011199,IN
1737011200,1737012223,KH
1737012224,1737012735,PH
1737012736,1737013247,ID
1737013248,1737014015,US
1737014016,1737014271,HK
1737014272,1737014783,IN
1737014784,1737015295,AU
1737015296,1737016319,HK
1737016320,1737017343,JP
1737017344,1737019391,BD
1737019392,1737019903,IN
1737019904,1737020415,TW
1737020416,1737020927,BD
1737020928,1737021439,AU
1737021440,1737021951,MT
1737021952,1737022207,IN
1737022208,1737022463,ID
1737022464,1737023487,SG
1737023488,1737023999,TW
1737024000,1737024511,PG
1737024512,1737025023,VN
1737025024,1737025535,BD
1737025536,1737026559,CN
1737026560,1737027583,BD
1737027584,1737027839,IN
1737027840,1737028095,ID
1737028096,1737028607,IN
1737028608,1737029119,ID
1737029120,1737029631,BD
1737029632,1737030655,HK
1737030656,1737031167,TH
1737031168,1737031423,MN
1737031424,1737031679,AU
1737031680,1737032191,BD
1737032192,1737032703,IN
1737032704,1737033215,VN
1737033216,1737033727,BD
1737033728,1737034239,ID
1737034240,1737034495,NP
1737034496,1737034751,IN
1737034752,1737035775,AU
1737035776,1737036287,IN
1737036288,1737036543,TH
1737036544,1737036799,IN
1737036800,1737037311,PK
1737037312,1737037823,TW
1737037824,1737038847,PK
1737038848,1737039871,IN
1737039872,1737040895,ID
1737040896,1737041151,IN
1737041152,1737041919,ID
1737041920,1737042175,BD
1737042176,1737042431,HK
1737042432,1737042943,ID
1737042944,1737043455,IN
1737043456,1737043967,BD
1737043968,1737044991,IN
1737044992,1737046015,BD
1737046016,1737046271,AU
1737046528,1737047295,CN
1737047296,1737047551,IN
1737047552,1737048063,TW
1737048064,1737048575,ID
1737048576,1737049087,BD
1737049088,1737050111,PK
1737050112,1737051135,BD
1737051136,1737052159,CN
1737052160,1737052671,BD
1737052672,1737053183,ID
1737053184,1737053695,IN
1737053952,1737054207,IN
1737054208,1737055231,LA
1737055232,1737056255,IN
1737056768,1737057279,NZ
1737057280,1737058303,IN
1737058304,1737058815,MY
1737058816,1737059327,JP
1737059328,1737059839,BD
1737059840,1737060351,ID
1737060352,1737060863,IN
1737060864,1737061375,ID
1737061376,1737062399,AU
1737062400,1737063423,MY
1737063424,1737064447,ID
1737064448,1737064703,AU
1737064704,1737064959,FJ
1737064960,1737066495,NZ
1737066496,1737067007,CN
1737067008,1737067263,IN
1737067264,1737068031,ID
1737068032,1737068543,BD
1737068544,1737069567,ID
1737069568,1737069823,IN
1737070080,1737070335,HK
1737070336,1737071615,IN
1737071616,1737072127,VN
1737072128,1737073151,BD
1737073152,1737073663,NL
1737073664,1737073919,PH
1737073920,1737074175,IN
1737074176,1737074687,ID
1737074688,1737075711,SG
1737075712,1737076735,IN
1737076736,1737076991,ID
1737076992,1737077247,HK
1737077248,1737077759,PH
1737077760,1737078783,CN
1737078784,1737079807,VN
1737079808,1737080319,ID
1737080320,1737080831,TH
1737080832,1737081087,MX
1737081088,1737081343,NL
1737081344,1737081855,IN
1737081856,1737082367,BD
1737082368,1737082879,IN
1737082880,1737083903,NP
1737083904,1737085439,PH
1737085440,1737085695,SG
1737085696,1737085951,PH
1737085952,1737086975,JP
1737086976,1737087487,TH
1737087488,1737087999,IN
1737088000,1737089023,PH
1737089024,1737090047,IN
1737090048,1737091071,BD
1737091072,1737092095,JP
1737092096,1737093119,CN
1737093120,1737094143,JP
1737094144,1737094399,IN
1737094400,1737094655,NZ
1737094656,1737095167,TW
1737095168,1737096191,NL
1737096192,1737096447,AU
1737096448,1737096703,NZ
1737096704,1737097215,ID
1737097216,1737097727,IN
1737097728,1737098239,CN
1737098240,1737098751,IN
1737099264,1737099775,IN
1737099776,1737100031,ID
1737100032,1737100287,PK
1737100288,1737100799,CN
1737100800,1737101311,ID
1737101312,1737102335,AU
1737102336,1737103103,IN
1737103104,1737103359,AU
1737103360,1737104383,BD
1737104384,1737104895,IN
1737104896,1737105407,BD
1737105408,1737105663,HK
1737105664,1737105919,IN
1737105920,1737107455,AU
1737107456,1737108479,ID
1737108480,1737108991,IN
1737108992,1737110015,ID
1737110016,1737110527,PK
1737110528,1737110783,KH
1737110784,1737112575,ID
1737112576,1737113087,IN
1737113088,1737113599,ID
1737113600,1737114623,MY
1737114624,1737115647,ID
1737115648,1737116671,HK
1737116672,1737116927,ID
1737116928,1737117183,SG
1737117184,1737117439,NL
1737117440,1737117695,IT
1737117696,1737118719,CN
1737118720,1737119231,KH
1737119232,1737119743,AU
1737119744,1737120767,VN
1737120768,1737121279,TW
1737121280,1737121535,AU
1737121536,1737121791,PH
1737121792,1737122047,IN
1737122048,1737122303,ID
1737122304,1737122815,IN
1737122816,1737123839,JP
1737123840,1737124351,IN
1737124352,1737124863,TW
1737124864,1737126911,VN
1737126912,1737127423,ID
1737127424,1737127935,SG
1737127936,1737128959,BD
1737128960,1737129215,IN
1737129216,1737129471,BD
1737129472,1737129727,IN
1737129728,1737129983,ID
1737129984,1737130495,AU
1737130496,1737131007,NZ
1737131008,1737131519,IN
1737131520,1737132031,CN
1737132032,1737133055,IN
1737133568,1737133823,LA
1737133824,1737134079,ID
1737134080,1737135103,BD
1737135104,1737135615,HK
1737135616,1737136127,BD
1737136128,1737136639,NZ
1737136640,1737136895,IN
1737136896,1737137151,BD
1737137152,1737137663,CN
1737137664,1737138175,BD
1737138176,1737138687,NP
1737138688,1737139199,PK
1737139200,1737139711,BD
1737139712,1737140223,ID
1737140224,1737142271,BD
1737142272,1737143295,TH
1737143296,1737143551,LK
1737143552,1737143807,SG
1737143808,1737144319,BD
1737144320,1737144575,NZ
1737144576,1737144831,IN
1737144832,1737145343,PH
1737145344,1737145599,MX
1737145600,1737145855,SG
1737145856,1737146367,BD
1737146368,1737146879,KH
1737146880,1737147391,TW
1737147392,1737148415,IN
1737148416,1737148927,AU
1737148928,1737149439,BD
1737149440,1737150463,ID
1737150464,1737150975,CN
1737150976,1737151231,AU
1737151232,1737151487,IN
1737151488,1737152511,BD
1737152512,1737153535,ID
1737153536,1737154047,CN
1737154048,1737154559,PK
1737154560,1737154815,AU
1737155072,1737155583,BD
1737155584,1737156095,KR
1737156096,1737156351,ID
1737156352,1737156607,AU
1737156608,1737158143,IN
1737158144,1737158399,JP
1737158400,1737158655,IN
1737158656,1737159167,NZ
1737159168,1737160191,AU
1737160192,1737160703,SG
1737160704,1737161215,CN
1737161216,1737161727,BD
1737161728,1737162239,MM
1737162240,1737162751,BD
1737162752,1737163775,CN
1737163776,1737164799,IN
1737164800,1737165311,BD
1737165312,1737165823,ID
1737165824,1737166847,VN
1737166848,1737167359,KH
1737167360,1737167871,BD
1737167872,1737168383,KH
1737168384,1737168895,CN
1737168896,1737169919,ID
1737169920,1737170431,AU
1737170432,1737171455,ID
1737171456,1737171967,IN
1737171968,1737172479,ID
1737172480,1737172735,AU
1737172736,1737172991,SG
1737172992,1737174527,VN
1737174528,1737175039,ID
1737175040,1737175295,AU
1737175296,1737175551,NL
1737175552,1737175807,US
1737175808,1737176063,SE
1737176064,1737176575,BD
1737176576,1737178623,IN
1737178624,1737178879,PK
1737178880,1737179135,AU
1737179136,1737181183,IN
1737181184,1737181695,SG
1737181696,1737182207,IN
1737182208,1737182719,ID
1737182720,1737182975,AU
1737182976,1737183231,NZ
1737183232,1737183487,PH
1737183488,1737183743,IN
1737183744,1737184255,ID
1737184256,1737184767,KR
1737184768,1737185279,SG
1737185280,1737185535,NL
1737185536,1737185791,US
1737185792,1737186047,HK
1737186048,1737186303,IN
1737186304,1737186815,CN
1737186816,1737187327,ID
1737187328,1737187839,AU
1737187840,1737188351,ID
1737188352,1737188863,MM
1737188864,1737189375,VN
1737189376,1737189887,AU
1737189888,1737190143,JP
1737190144,1737190399,NZ
1737190400,1737190655,TH
1737190656,1737190911,BN
1737190912,1737191423,JP
1737191424,1737191679,ID
1737191680,1737191935,HK
1737191936,1737192447,SG
1737192448,1737192959,IN
1737192960,1737193471,KR
1737193472,1737193983,ID
1737193984,1737194239,PK
1737194240,1737194495,AU
1737194496,1737195007,PK
1737195008,1737195519,ID
1737195520,1737196031,IN
1737196032,1737196543,SG
1737196544,1737197055,BD
1737197056,1737198079,CN
1737198080,1737198591,ID
1737198592,1737199103,PK
1737199104,1737199359,HK
1737199360,1737199615,IN
1737199616,1737200127,BD
1737200128,1737200639,MN
1737200640,1737201663,BD
1737201664,1737201919,NP
1737201920,1737202175,AU
1737202176,1737202687,VN
1737202688,1737203711,IN
1737203712,1737204223,VN
1737204224,1737204735,ID
1737204736,1737205247,BD
1737205248,1737205759,ID
1737205760,1737206783,IN
1737206784,1737207295,CN
1737207296,1737207807,ID
1737207808,1737208319,PK
1737208320,1737208575,IN
1737208576,1737208831,AF
1737208832,1737209087,IN
1737209088,1737209343,ID
1737209344,1737209855,MY
1737209856,1737210367,NZ
1737210368,1737210623,ID
1737210624,1737210879,IN
1737210880,1737211391,ID
1737211392,1737211903,IN
1737211904,1737212415,ID
1737212416,1737212671,MM
1737212672,1737212927,IN
1737212928,1737213439,BD
1737213440,1737213951,HK
1737213952,1737214463,IN
1737214464,1737214975,VN
1737214976,1737215487,CN
1737215488,1737215743,MM
1737215744,1737215999,ID
1737216000,1737216511,MM
1737216512,1737217023,IN
1737217024,1737217535,CN
1737217536,1737218559,KR
1737218560,1737218815,AU
1737218816,1737221119,IN
1737221632,1737222143,AU
1737222144,1737222655,IN
1737222656,1737223423,BD
1737223424,1737223679,IN
1737223680,1737224191,JP
1737224704,1737225215,IN
1737225216,1737225727,ID
1737225728,1737226239,IN
1737226240,1737226495,PH
1737226496,1737226751,AU
1737226752,1737227263,JP
1737227264,1737227519,AU
1737227520,1737227775,BD
1737227776,1737228799,NP
1737228800,1737229055,IN
1737229056,1737229311,CA
1737229312,1737229823,VN
1737229824,1737230335,MY
1737230336,1737230591,HK
1737230592,1737230847,CN
1737230848,1737231359,MN
1737231360,1737231871,KR
1737231872,1737232383,CN
1737232384,1737233407,IN
1737233408,1737234175,ID
1737234176,1737234431,IN
1737234432,1737234943,BD
1737234944,1737235455,IN
1737235456,1737235967,US
1737235968,1737236479,PK
1737236480,1737236991,AU
1737236992,1737237759,ID
1737238016,1737239551,VN
1737239552,1737240063,JP
1737240064,1737240575,IN
1737240576,1737241087,JP
1737241088,1737241855,IN
1737241856,1737242111,NP
1737242112,1737242623,ID
1737242624,1737243135,MY
1737243136,1737243647,AU
1737243648,1737243903,NZ
1737243904,1737244159,MY
1737244160,1737245183,BD
1737245184,1737245695,ID
1737245696,1737245951,HK
1737245952,1737246207,GB
1737246208,1737246719,HK
1737246720,1737247231,IN
1737247232,1737249279,ID
1737249280,1737249791,BD
1737249792,1737250047,IN
1737250048,1737250303,AU
1737250304,1737250815,BD
1737250816,1737251839,ID
1737251840,1737252351,AU
1737252352,1737252863,BD
1737252864,1737253119,ID
1737253376,1737253887,BD
1737253888,1737254399,VN
1737254400,1737254911,AU
1737254912,1737255423,ID
1737255424,1737255935,IN
1737255936,1737256447,ID
1737256448,1737256959,IN
1737256960,1737257471,JP
1737257472,1737257983,PK
1737257984,1737258495,BD
1737258496,1737259007,JP
1737259008,1737259519,PH
1737259776,1737260031,PK
1737260544,1737261055,CN
1737261056,1737261567,IR
1737261568,1737262079,ID
1737262080,1737262591,NP
1737262592,1737262847,AU
1737262848,1737263103,IN
1737263104,1737263615,JP
1737263616,1737264127,MY
1737264128,1737264639,CN
1737264640,1737264895,IN
1737264896,1737265151,NZ
1737265152,1737265663,CN
1737265664,1737266175,SG
1737266176,1737266431,AU
1737266432,1737266687,HK
1737266688,1737267199,PH
1737267200,1737267711,CN
1737267712,1737267967,HK
1737267968,1737268223,IN
1737268224,1737268735,HK
1737268736,1737269247,BD
1737269248,1737269503,IN
1737269504,1737269759,NZ
1737269760,1737270015,AU
1737270016,1737270271,IN
1737270272,1737270783,US
1737270784,1737271295,BD
1737271296,1737271551,IN
1737271552,1737271807,PH
1737271808,1737272319,HK
1737272320,1737272831,AU
1737272832,1737273343,IN
1737273344,1737273855,BD
1737273856,1737274367,SB
1737274368,1737274879,BD
1737274880,1737275391,IN
1737275392,1737275647,ID
1737275648,1737275903,IN
1737275904,1737276415,EE
1737276416,1737276927,ID
1737276928,1737277439,IN
1737277440,1737277951,CN
1737277952,1737278463,LK
1737278464,1737278975,NZ
1737278976,1737279231,AU
1737279232,1737279487,ID
1737279488,1737279999,JP
1737280000,1737280511,AU
1737280512,1737281023,BD
1737281024,1737281535,ID
1737281536,1737282559,KR
1737282560,1737283071,BD
1737283328,1737283583,AU
1737283584,1737284095,PK
1737284096,1737284351,AU
1737284352,1737284607,IN
1737284608,1737285119,KR
1737285120,1737285631,AU
1737285632,1737286143,ID
1737286656,1737287167,CN
1737287168,1737287679,IN
1737287680,1737288191,TW
1737288192,1737288703,BD
1737288704,1737289215,KH
1737289216,1737289727,HK
1737289728,1737290239,JP
1737290752,1737291263,IN
1737291264,1737291775,LA
1737291776,1737292799,VN
1737293312,1737293823,IN
1737293824,1737294335,NZ
1737294336,1737294847,BD
1737294848,1737295359,PK
1737295360,1737295871,GB
1737295872,1737296383,BD
1737296384,1737296895,CN
1737296896,1737297151,US
1737297152,1737297407,SE
1737297408,1737297919,AU
1737298432,1737298943,KR
1737298944,1737299455,ID
1737299456,1737299967,IN
1737299968,1737300479,GB
1737300480,1737300991,TH
1737300992,1737301247,AU
1737301504,1737302015,KH
1737302016,1737302271,US
1737302272,1737302527,IN
1737302528,1737303039,JP
1737303552,1737304575,ID
1737304576,1737304831,IN
1737304832,1737305087,PK
1737305088,1737305599,NZ
1737305600,1737306111,ID
1737306112,1737306623,JP
1737306624,1737308671,IN
1737308672,1737309183,CN
1737309184,1737309439,IN
1737309440,1737310207,ID
1737310208,1737311231,BD
1737311232,1737311487,DE
1737311488,1737311743,GB
1737311744,1737312255,BD
1737312768,1737313279,ID
1737313280,1737313535,BD
1737313536,1737314303,IN
1737315328,1737315839,MY
1737315840,1737317887,IN
1737317888,1737318911,JP
1737319168,1737319423,IN
1737319424,1737319935,PH
1737319936,1737320447,NZ
1737320448,1737320959,ID
1737320960,1737321471,BD
1737321472,1737321983,ID
1737321984,1737323007,IN
1737323008,1737323263,AU
1737323264,1737324031,IN
1737324032,1737324543,HK
1737324544,1737325055,TH
1737325056,1737325311,PH
1737325312,1737325567,BD
1737325568,1737326079,MY
1737326080,1737326591,IN
1737326592,1737327103,CN
1737327104,1737327615,HK
1737327616,1737327871,BD
1737327872,1737328127,IN
1737328128,1737328639,BD
1737328640,1737331199,VN
1737331200,1737331711,JP
1737331712,1737333503,ID
1737333504,1737333759,AU
1737333760,1737334271,ID
1737334272,1737334783,PK
1737334784,1737335807,ID
1737335808,1737336319,KH
1737336320,1737337343,IN
1737337344,1737337599,ID
1737337600,1737337855,MY
1737337856,1737338367,US
1737338368,1737338879,BD
1737338880,1737339391,VN
1737339392,1737339903,AU
1737339904,1737340415,ID
1737340416,1737340927,JP
1737340928,1737341183,NZ
1737341184,1737341439,HK
1737341440,1737341951,CN
1737341952,1737342463,ID
1737342464,1737342975,KR
1737342976,1737343487,IN
1737343488,1737344511,ID
1737344512,1737344767,IN
1737344768,1737345023,AU
1737345024,1737345535,BD
1737345536,1737346047,PH
1737346048,1737346559,BD
1737346816,1737347071,IN
1737347072,1737347583,BD
1737347840,1737348351,AU
1737348352,1737348607,IN
1737348608,1737349119,US
1737349632,1737350143,IN
1737350144,1737350655,HK
1737350656,1737351167,ID
1737351168,1737351679,HK
1737351680,1737351935,NZ
1737351936,1737352191,US
1737352192,1737352447,ID
1737352448,1737352703,PK
1737352704,1737353215,ID
1737353216,1737353471,TH
1737353472,1737353727,AU
1737353728,1737353983,ID
1737353984,1737354239,SG
1737354240,1737354751,HK
1737354752,1737355263,ID
1737355264,1737355775,IN
1737355776,1737356287,CN
1737356288,1737356799,ID
1737356800,1737357311,IN
1737357312,1737357823,AU
1737357824,1737358335,MN
1737358336,1737358591,IN
1737358592,1737359359,ID
1737359360,1737359871,BD
1737359872,1737360383,AU
1737360384,1737360639,ID
1737360640,1737360895,KH
1737360896,1737361407,JP
1737361408,1737361663,HK
1737361664,1737361919,PH
1737361920,1737362431,IN
1737362432,1737362943,JP
1737362944,1737363455,ID
1737363456,1737364479,IN
1737364480,1737364991,ID
1737364992,1737366527,VN
1737366528,1737367039,CN
1737367040,1737367551,IN
1737367552,1737367807,AU
1737367808,1737368063,ID
1737368064,1737368575,BD
1737368576,1737369087,HK
1737369088,1737369343,AU
1737369344,1737369599,MM
1737369600,1737370111,AU
1737371136,1737371647,HK
1737371648,1737372159,BD
1737372160,1737372415,LK
1737372416,1737372927,AU
1737372928,1737373183,IN
1737373184,1737373695,MY
1737373696,1737374207,ID
1737374208,1737374719,CN
1737374720,1737375487,ID
1737375488,1737376255,IN
1737376256,1737376767,MY
1737376768,1737377279,BD
1737377280,1737378303,IN
1737378304,1737378815,AU
1737378816,1737379071,MN
1737379072,1737379327,IN
1737379328,1737379839,VN
1737379840,1737380351,BD
1737380352,1737380863,CN
1737380864,1737381887,HK
1737381888,1737383935,ID
1737383936,1737384447,CN
1737384448,1737384959,SB
1737384960,1737385471,HK
1737385472,1737385983,CN
1737385984,1737386495,ID
1737386496,1737387263,IN
1737387520,1737388031,ID
1737388032,1737389823,IN
1737389824,1737390079,PH
1737390080,1737390591,IN
1737390592,1737391103,CN
1737391104,1737391615,JP
1737391616,1737391871,PK
1737391872,1737392127,JP
1737392128,1737392639,CN
1737392640,1737393151,HK
1737393152,1737393663,JP
1737393664,1737394175,IN
1737394176,1737395199,VN
1737395200,1737395455,SG
1737395456,1737395711,JP
1737395712,1737396223,BD
1737396224,1737396735,MM
1737396736,1737397247,HK
1737397248,1737397503,NZ
1737397504,1737397759,IN
1737397760,1737398271,TH
1737398272,1737398783,GU
1737398784,1737399807,CN
1737399808,1737400319,AU
1737400320,1737400575,NZ
1737400576,1737402111,IN
1737402112,1737402367,GB
1737402368,1737402623,AU
1737402880,1737403391,BD
1737403392,1737403903,CN
1737403904,1737404415,IN
1737404416,1737404927,TW
1737404928,1737405439,ID
1737405440,1737405951,CN
1737405952,1737406463,ID
1737406464,1737406975,BD
1737406976,1737407487,CN
1737407488,1737407999,AU
1737408000,1737408511,HK
1737408512,1737409023,BD
1737409024,1737409535,ID
1737410048,1737410559,IN
1737410560,1737411583,ID
1737411584,1737412095,US
1737412096,1737412607,ID
1737412608,1737413119,KH
1737413120,1737413631,ID
1737413632,1737414143,AF
1737414144,1737414655,ID
1737414656,1737415167,PH
1737415168,1737415679,VN
1737415680,1737416191,CN
1737416192,1737416447,SG
1737416448,1737416703,AU
1737416704,1737416959,ID
1737416960,1737417215,IN
1737417216,1737418239,AU
1737418240,1737418495,HK
1737418496,1737418751,SG
1737418752,1737419263,SC
1737419264,1737419775,CN
1737419776,1737420287,SG
1737420288,1737420799,CN
1737420800,1737421567,ID
1737421568,1737421823,MN
1737421824,1737422079,TW
1737422080,1737422335,MY
1737422336,1737422847,HK
1737422848,1737423359,CN
1737423360,1737423871,ID
1737423872,1737424383,SG
1737424384,1737424895,ID
1737424896,1737425407,BD
1737425408,1737425663,ID
1737425664,1737425919,IN
1737425920,1737426431,ID
1737426432,1737427455,IN
1737427456,1737428991,HK
1737428992,1737430015,CN
1737430016,1737430271,ID
1737430528,1737431551,ID
1737431552,1737432575,HK
1737432576,1737432831,US
1737433088,1737433599,KR
1737433600,1737434111,BD
1737434112,1737435135,IN
1737435136,1737435647,MN
1737435648,1737436159,BD
1737436160,1737436415,AU
1737436416,1737436671,US
1737436928,1737437183,BD
1737437184,1737437695,SG
1737437696,1737438207,IN
1737438208,1737439231,ID
1737439744,1737440255,ID
1737440256,1737440767,AU
1737440768,1737442303,ID
1737442816,1737443327,ID
1737443328,1737443839,HK
1737443840,1737444351,CN
1737444352,1737444863,US
1737444864,1737445375,KR
1737445376,1737445887,HK
1737446400,1737446655,IN
1737446656,1737446911,AU
1737446912,1737447423,GB
1737447424,1737447935,BD
1737447936,1737448191,JP
1737448192,1737448447,BD
1737448448,1737448959,MO
1737448960,1737449215,AU
1737449216,1737452543,ID
1737452544,1737453055,IN
1737453056,1737453567,ID
1737453568,1737454079,AU
1737454080,1737455103,ID
1737455104,1737455615,BD
1737455616,1737456127,CN
1737456128,1737456639,JP
1737456640,1737457151,CN
1737457152,1737457663,BD
1737457664,1737458687,ID
1737458688,1737459711,CN
1737459712,1737460223,JP
1737460224,1737460735,BD
1737460736,1737462271,VN
1737462272,1737462783,IN
1737462784,1737463039,BD
1737463040,1737463295,WS
1737463296,1737463807,BD
1737463808,1737464575,ID
1737464576,1737464831,IN
1737464832,1737465343,AU
1737465344,1737466367,HK
1737466368,1737466623,NZ
1737466624,1737466879,IN
1737466880,1737467391,TL
1737467392,1737468415,IN
1737468416,1737468927,ID
1737468928,1737469183,AU
1737469184,1737469439,TR
1737469440,1737469951,CN
1737469952,1737470463,KR
1737470464,1737470975,VG
1737470976,1737471487,IN
1737471488,1737471999,BD
1737472000,1737472255,IN
1737472256,1737472511,AU
1737472512,1737473023,IN
1737473024,1737476095,ID
1737476608,1737477119,VN
1737477120,1737477631,AF
1737477632,1737478655,VN
1737478656,1737478911,AU
1737478912,1737479167,NP
1737479168,1737480191,IN
1737480192,1737480703,AU
1737480704,1737480959,ID
1737480960,1737481215,MY
1737481216,1737482751,ID
1737483264,1737483775,CN
1737483776,1737484287,HK
1737484288,1737484799,ID
1737484800,1737485823,BD
1737485824,1737486335,HK
1737486848,1737487359,BD
1737487360,1737487871,ID
1737487872,1737488383,MM
1737488896,1737489407,AU
1737489408,1737489663,MV
1737489920,1737490431,BD
1737490432,1737490943,PH
1737490944,1737491455,HK
1737491456,1737491967,ID
1737491968,1737492479,PH
1737492480,1737492991,MM
1737492992,1737493503,PK
1737493504,1737496319,ID
1737496320,1737496575,AU
1737496576,1737497599,IN
1737497600,1737498111,HK
1737498112,1737498623,KR
1737498624,1737499647,TW
1737499648,1737500159,IN
1737500160,1737500671,ID
1737500672,1737501183,CN
1737501184,1737501695,BD
1737501696,1737501951,TH
1737501952,1737502719,ID
1737502720,1737503231,BD
1737503232,1737503487,MY
1737503488,1737503743,SG
1737503744,1737504255,CN
1737504256,1737504767,ID
1737504768,1737505279,IN
1737505792,1737506047,LK
1737506048,1737506303,MY
1737506304,1737507327,IN
1737507328,1737507839,CN
1737507840,1737508095,MY
1737508096,1737508351,BD
1737508352,1737509375,CN
1737509376,1737511679,ID
1737511680,1737511935,AU
1737511936,1737512959,VN
1737512960,1737513215,PK
1737513216,1737513471,BD
1737513472,1737513983,ID
1737513984,1737514751,IN
1737514752,1737515007,AU
1737515008,1737515519,HK
1737515520,1737516543,AU
1737516544,1737517055,ID
1737517056,1737517567,BD
1737517568,1737518079,NP
1737518592,1737520383,IN
1737520384,1737520639,SG
1737520640,1737521663,IN
1737521664,1737522175,JP
1737522176,1737522431,AU
1737522432,1737522687,NZ
1737522688,1737523711,ID
1737523712,1737524223,SG
1737524224,1737525247,ID
1737525248,1737525759,CN
1737525760,1737526015,ID
1737526016,1737526271,MY
1737526272,1737526783,VG
1737526784,1737527039,JP
1737527040,1737528319,ID
1737528832,1737529343,AU
1737529344,1737530367,VN
1737530368,1737530879,PH
1737530880,1737531391,CN
1737531392,1737531903,US
1737532416,1737532927,BD
1737532928,1737534463,ID
1737534464,1737534975,IN
1737534976,1737535487,ID
1737535488,1737535999,CA
1737536000,1737537535,ID
1737537536,1737538047,MY
1737538048,1737538559,ID
1737538560,1737539071,IN
1737539072,1737539583,ID
1737539584,1737540095,IN
1737540096,1737540351,ID
1737540352,1737540607,NP
1737541120,1737542143,BD
1737542144,1737542655,JP
1737542656,1737543167,MY
1737543168,1737543679,SG
1737543680,1737545215,ID
1737545216,1737546239,IN
1737546752,1737547775,ID
1737547776,1737548287,MM
1737548288,1737549823,ID
1737549824,1737550847,IN
1737550848,1737551103,BD
1737551104,1737551359,AF
1737551872,1737552383,CN
1737552896,1737553919,HK
1737553920,1737554431,JP
1737554432,1737555967,ID
1737555968,1737557503,VN
1737557504,1737558527,IN
1737559552,1737560063,ID
1737560064,1737560107,IN
1737560108,1737560111,SG
1737560112,1737560319,IN
1737560576,1737561087,IN
1737561088,1737561343,RU
1737561344,1737561599,HK
1737562112,1737562623,AU
1737562624,1737562879,PG
1737562880,1737563135,ID
1737563136,1737563647,BD
1737563648,1737565183,ID
1737565184,1737565695,IN
1737565696,1737566207,CN
1737566208,1737566719,HK
1737566720,1737567231,CN
1737567232,1737567743,BD
1737567744,1737568255,ID
1737568256,1737568511,LA
1737568768,1737569279,IN
1737569280,1737569791,ID
1737569792,1737570559,IN
1737570560,1737570815,BD
1737570816,1737571839,HK
1737571840,1737572351,VN
1737572864,1737573887,ID
1737573888,1737574399,BD
1737574400,1737574911,HK
1737574912,1737575167,BD
1737575168,1737575423,IN
1737575424,1737575935,BD
1737575936,1737576447,VN
1737576448,1737576959,HK
1737576960,1737577471,ID
1737577984,1737578495,HK
1737578496,1737579007,IN
1737579008,1737579519,HK
1737579520,1737580543,CN
1737580544,1737581055,ID
1737581056,1737581567,CN
1737581568,1737581823,IN
1737581824,1737582079,ID
1737582080,1737582591,BD
1737582592,1737583615,HK
1737583616,1737584127,ID
1737584128,1737584639,IN
1737584640,1737585151,BD
1737585152,1737585663,HK
1737585664,1737586175,AU
1737586176,1737586687,BD
1737586688,1737587199,MM
1737587712,1737589759,ID
1737589760,1737590783,BD
1737590784,1737591295,KH
1737591296,1737591807,BD
1737591808,1737592831,ID
1737592832,1737593343,HK
1737593344,1737594879,ID
1737594880,1737595391,NP
1737595392,1737596159,MY
1737596160,1737596415,AU
1737596416,1737596671,PK
1737596672,1737596927,PH
1737596928,1737597951,ID
1737597952,1737598463,BD
1737598464,1737600767,IN
1737600768,1737602559,ID
1737602560,1737603071,AU
1737603072,1737603583,PK
1737603584,1737603839,MM
1737603840,1737604095,PH
1737604096,1737605119,CN
1737605120,1737605631,NZ
1737605632,1737608191,ID
1737608192,1737608703,BD
1737608704,1737609215,PH
1737609216,1737610239,BD
1737610240,1737610751,ID
1737610752,1737611263,KR
1737611264,1737611775,MY
1737611776,1737614335,ID
1737614336,1737614847,IN
1737614848,1737615359,AU
1737615360,1737615871,BD
1737615872,1737616383,MN
1737616896,1737617407,AU
1737617408,1737618943,ID
1737618944,1737619455,BD
1737619456,1737619711,VN
1737619712,1737619967,IN
1737619968,1737621503,VN
1737621504,1737622015,IN
1737622016,1737622527,BD
1737622528,1737622783,IN
1737622784,1737623551,AU
1737623552,1737624063,HK
1737624064,1737624575,BD
1737625600,1737626111,BD
1737626112,1737627647,VN
1737627648,1737627903,IN
1737627904,1737628159,AU
1737628160,1737629695,ID
1737629696,1737630207,IN
1737630208,1737630719,ID
1737630720,1737631231,BD
1737631232,1737631487,ID
1737631488,1737631743,AU
1737631744,1737632255,IN
1737632256,1737632767,BD
1737632768,1737633279,KH
1737633280,1737633535,IN
1737633536,1737633791,AU
1737634816,1737635327,HK
1737635328,1737636351,BD
1737636352,1737636607,ID
1737636608,1737636863,PH
1737636864,1737637887,ID
1737637888,1737638399,JP
1737638400,1737638911,MM
1737638912,1737639423,BD
1737639424,1737639935,ID
1737639936,1737640447,CN
1737640448,1737640703,ID
1737640704,1737640959,PH
1737640960,1737641471,BD
1737641472,1737641983,HK
1737641984,1737642495,TW
1737642496,1737643007,HK
1737643008,1737643519,BD
1737643776,1737644031,AU
1737644032,1737644543,NZ
1737644544,1737645055,CN
1737645056,1737646079,BD
1737646080,1737646335,PH
1737646336,1737646591,IN
1737646592,1737646847,AU
1737646848,1737647103,IN
1737647104,1737647615,HK
1737647616,1737647871,IS
1737647872,1737648127,GB
1737648128,1737648383,AF
1737648384,1737648639,ID
1737648640,1737648895,AU
1737648896,1737650175,IN
1737650176,1737650687,AU
1737650688,1737651199,JP
1737651200,1737651455,IN
1737651456,1737651711,NZ
1737651712,1737651967,CY
1737651968,1737652223,NL
1737652224,1737652735,IN
1737652736,1737653247,VN
1737653248,1737654271,CN
1737654272,1737654783,ID
1737654784,1737655295,IN
1737655296,1737655807,ID
1737655808,1737656063,BD
1737656064,1737656319,ID
1737656320,1737656831,PK
1737656832,1737657343,CN
1737658368,1737658879,ID
1737658880,1737659135,AF
1737659136,1737659391,ID
1737659392,1737659903,NP
1737659904,1737660415,BD
1737660416,1737660927,AU
1737660928,1737661951,IN
1737661952,1737662463,HK
1737662464,1737662975,TH
1737662976,1737663487,AU
1737663488,1737663999,TW
1737664000,1737664511,VN
1737664512,1737664767,IN
1737664768,1737665023,ID
1737665024,1737667071,IN
1737667072,1737667583,HK
1737667584,1737668095,KR
1737668096,1737670655,ID
1737670656,1737671167,NZ
1737671168,1737671679,AU
1737671680,1737672191,ID
1737672192,1737672447,AF
1737672448,1737672703,ID
1737672704,1737673215,PG
1737673216,1737673727,ID
1737673728,1737674239,TH
1737674240,1737674751,PH
1737674752,1737675263,JP
1737675264,1737676287,TW
1737676288,1737676543,AU
1737676544,1737677311,IN
1737677312,1737677823,NP
1737677824,1737678335,BD
1737678336,1737679359,IN
1737679360,1737679871,MY
1737679872,1737680383,IN
1737680384,1737680895,HK
1737680896,1737681919,IN
1737681920,1737682431,CN
1737682432,1737683967,IN
1737683968,1737684991,ID
1737684992,1737685247,AU
1737685248,1737685503,IN
1737685504,1737686015,TW
1737686528,1737687551,IN
1737687552,1737688831,ID
1737688832,1737689087,IN
1737689088,1737690111,ID
1737690112,1737690623,CN
1737691136,1737692671,HK
1737692672,1737692927,TW
1737692928,1737693183,HK
1737693184,1737693695,BD
1737693696,1737694207,IN
1737694208,1737694719,BD
1737694720,1737694975,ID
1737694976,1737695231,IN
1737695232,1737695743,ID
1737695744,1737696767,VN
1737696768,1737697279,IN
1737697280,1737697791,BD
1737697792,1737698303,PK
1737698304,1737698559,AU
1737698560,1737698815,HK
1737698816,1737699327,ID
1737699328,1737699839,AU
1737699840,1737701375,ID
1737701376,1737701887,BD
1737702400,1737702655,IN
1737702656,1737702911,AU
1737702912,1737703423,NP
1737703424,1737704959,ID
1737704960,1737705215,IN
1737705216,1737705471,AU
1737705472,1737707007,ID
1737707008,1737707519,US
1737707520,1737709055,ID
1737709056,1737709567,PK
1737709568,1737710335,IN
1737710336,1737710847,ID
1737710848,1737712639,IN
1737712640,1737713151,VN
1737713152,1737713663,ID
1737713664,1737714175,DE
1737714176,1737714687,BD
1737714688,1737715199,SG
1737715200,1737715711,BD
1737715712,1737716223,IN
1737716224,1737717759,ID
1737717760,1737718271,IN
1737718272,1737718783,VN
1737718784,1737719295,CN
1737719296,1737719807,VN
1737719808,1737720319,IN
1737720320,1737720831,TW
1737720832,1737721343,IN
1737721344,1737721855,ID
1737721856,1737722879,IN
1737722880,1737725439,ID
1737725440,1737725951,IN
1737725952,1737726207,AU
1737726208,1737726463,NL
1737726464,1737726719,ID
1737726720,1737726975,IN
1737726976,1737727999,ID
1737728000,1737728511,IN
1737728512,1737729023,BD
1737729024,1737729535,ID
1737729536,1737730559,BD
1737730560,1737730815,ID
1737730816,1737731071,MY
1737731072,1737731327,HK
1737731328,1737733119,IN
1737733120,1737733375,AU
1737733376,1737733631,IN
1737733632,1737734143,BD
1737734144,1737735679,VN
1737735680,1737736191,BD
1737736192,1737736703,IN
1737736704,1737737215,FJ
1737737216,1737739263,HK
1737739776,1737740287,CN
1737740288,1737741055,IN
1737741056,1737741311,ID
1737741312,1737741823,BD
1737741824,1737742335,ID
1737742336,1737742847,IN
1737742848,1737744127,ID
1737744128,1737744383,AU
1737744384,1737744895,HK
1737744896,1737745407,NP
1737745408,1737745919,ID
1737745920,1737746175,BD
1737746176,1737746431,ID
1737746432,1737746943,AF
1737746944,1737747455,KH
1737747456,1737747967,ID
1737747968,1737748479,IN
1737748480,1737748735,NZ
1737748736,1737748991,ID
1737748992,1737749503,BD
1737749504,1737749759,JP
1737749760,1737750527,ID
1737750528,1737751295,IN
1737751296,1737751551,ID
1737751552,1737751807,HK
1737751808,1737752575,ID
1737752576,1737752831,AU
1737752832,1737753087,IN
1737753088,1737753599,ID
1737754112,1737755135,IN
1737755136,1737756671,BD
1737756672,1737756927,AU
1737756928,1737757695,ID
1737757696,1737758207,IN
1737758208,1737758719,NP
1737758720,1737759231,ID
1737759232,1737759743,BD
1737759744,1737760255,ID
1737760256,1737760767,JP
1737760768,1737761279,IN
1737761280,1737761791,AU
1737762304,1737762815,IN
1737762816,1737763327,BD
1737763328,1737763839,IN
1737763840,1737765375,ID
1737765376,1737766399,BD
1737766400,1737766911,FJ
1737766912,1737767423,VN
1737767424,1737767935,HK
1737767936,1737768191,PH
1737768192,1737768447,AU
1737768448,1737769983,IN
1737769984,1737770495,TW
1737770496,1737771007,AF
1737771008,1737771519,HK
1737771520,1737772031,BD
1737772032,1737773567,ID
1737773568,1737774079,BD
1737774080,1737775615,ID
1737775616,1737775871,NZ
1737775872,1737776127,ID
1737776128,1737776639,PK
1737776640,1737777151,BD
1737777152,1737777663,IN
1737777664,1737778175,BD
1737778176,1737778687,ID
1737778688,1737779199,BD
1737779200,1737779455,MM
1737779456,1737779711,MY
1737780224,1737780479,BD
1737780480,1737780735,IN
1737780736,1737781759,ID
1737781760,1737782271,BD
1737782272,1737782783,HK
1737782784,1737784319,IN
1737784320,1737784831,HK
1737784832,1737785087,AU
1737785344,1737785855,PK
1737785856,1737786367,ID
1737786368,1737786879,NZ
1737786880,1737788415,IN
1737788416,1737788671,AU
1737788672,1737788927,JP
1737789440,1737789695,IN
1737789696,1737789951,HK
1737789952,1737790463,TW
1737790464,1737790975,BD
1737790976,1737791487,HK
1737791488,1737791999,IN
1737792000,1737792511,PK
1737793024,1737793535,VN
1737793536,1737794047,IN
1737794048,1737794559,PK
1737794560,1737796607,IN
1737796608,1737797119,SA
1737797120,1737797631,CN
1737797632,1737798655,BD
1737798656,1737799679,IN
1737799680,1737800191,TL
1737800192,1737800703,US
1737800704,1737804287,ID
1737804288,1737804799,HK
1737804800,1737805823,IN
1737805824,1737806335,ID
1737806336,1737807359,BD
1737807360,1737807871,IN
1737807872,1737808383,BD
1737808384,1737808895,HK
1737808896,1737809151,AU
1737809152,1737809407,IN
1737809408,1737809919,AU
1737809920,1737810431,PH
1737810432,1737810943,HK
1737810944,1737811455,KH
1737811456,1737811711,IN
1737811712,1737811967,HK
1737811968,1737812479,ID
1737812480,1737812735,AU
1737812736,1737812991,ID
1737812992,1737813503,US
1737813504,1737813759,HK
1737813760,1737814015,SG
1737814016,1737814271,AU
1737814272,1737814527,NZ
1737814528,1737815039,ID
1737815040,1737815551,HK
1737815552,1737816063,PH
1737816064,1737816575,IN
1737816576,1737816831,BD
1737816832,1737817087,AU
1737817088,1737817599,ID
1737817600,1737818111,VN
1737818112,1737818623,BD
1737818624,1737819135,IN
1737819136,1737819647,JP
1737819648,1737820159,CN
1737820160,1737820671,PK
1737820672,1737820927,IN
1737820928,1737821183,SG
1737821184,1737821695,VN
1737821696,1737822207,ID
1737822208,1737822463,IN
1737822464,1737822719,CN
1737822720,1737823231,ID
1737823232,1737823743,IN
1737823744,1737823999,ID
1737824256,1737824767,ID
1737824768,1737825279,HK
1737825280,1737825791,VN
1737825792,1737826303,JP
1737826304,1737826815,PK
1737826816,1737827327,ID
1737827328,1737827839,PH
1737827840,1737828095,IN
1737828096,1737828351,AF
1737828864,1737829119,ID
1737829120,1737829375,AU
1737829376,1737829887,CN
1737829888,1737830143,SG
1737830144,1737830399,ID
1737830400,1737830911,PH
1737830912,1737831423,MM
1737831424,1737831935,IN
1737831936,1737832447,ID
1737832448,1737832959,BD
1737832960,1737833471,IN
1737833472,1737833983,BD
1737833984,1737834239,HK
1737834240,1737834495,JP
1737834496,1737835519,TW
1737835520,1737836287,IN
1737836288,1737836543,ID
1737836544,1737837567,BD
1737837568,1737838079,IN
1737838080,1737839103,ID
1737839104,1737839615,HK
1737839616,1737840127,SG
1737840128,1737840639,VN
1737840640,1737841151,AU
1737841152,1737842175,HK
1737842176,1737843199,IN
1737843200,1737843711,VN
1737843712,1737844223,PH
1737844224,1737844479,HK
1737844480,1737844735,IN
1737844736,1737845759,BD
1737845760,1737846271,AU
1737846272,1737846783,TW
1737846784,1737847295,IN
1737847296,1737848063,ID
1737848064,1737848319,AU
1737848320,1737849343,ID
1737849344,1737850879,IN
1737850880,1737851391,HK
1737851392,1737851903,US
1737851904,1737852415,CN
1737852416,1737853439,VN
1737853440,1737854463,ID
1737854464,1737854975,BD
1737854976,1737855231,CN
1737855232,1737855487,US
1737855488,1737855999,BD
1737856000,1737856255,IN
1737857024,1737857535,HK
1737857536,1737857791,IN
1737857792,1737858047,ID
1737858048,1737858559,SG
1737858560,1737859583,IN
1737860096,1737860351,ID
1737860352,1737860863,IN
1737860864,1737861119,ID
1737861120,1737861631,NL
1737861632,1737862655,VN
1737862656,1737863167,IN
1737863168,1737864447,ID
1737864448,1737864703,CN
1737864704,1737865215,HK
1737865216,1737865727,AU
1737865728,1737866239,BD
1737866752,1737867263,ID
1737867264,1737867775,DE
1737867776,1737869311,IN
1737869312,1737869823,HK
1737869824,1737870079,AU
1737870080,1737870335,ID
1737870336,1737870847,NP
1737870848,1737871359,AU
1737871360,1737871871,ID
1737871872,1737872383,CN
1737872384,1737872895,ID
1737872896,1737873407,CN
1737873408,1737873663,PK
1737873664,1737874175,AU
1737874432,1737874943,CN
1737874944,1737875455,TH
1737875456,1737876223,ID
1737876224,1737876479,AU
1737876480,1737878527,ID
1737878528,1737878783,IN
1737878784,1737879039,AU
1737879040,1737879551,ID
1737879552,1737880063,PK
1737880064,1737881599,CN
1737881600,1737882111,HK
1737882112,1737884159,VN
1737884160,1737884415,JP
1737884416,1737885183,ID
1737885184,1737885695,BD
1737885696,1737885951,JP
1737885952,1737886207,PK
1737886208,1737886719,CN
1737886720,1737888255,ID
1737888256,1737888767,BD
1737889280,1737889535,ID
1737889536,1737889791,AU
1737889792,1737890303,CN
1737890304,1737890815,BD
1737890816,1737891071,HK
1737891072,1737891327,AU
1737891328,1737891839,US
1737891840,1737892863,ID
1737892864,1737893375,TW
1737893376,1737893631,BD
1737893632,1737893887,AU
1737893888,1737894399,BD
1737894912,1737895423,ID
1737895424,1737895935,SG
1737895936,1737896447,BD
1737896448,1737897471,IN
1737897984,1737898495,BD
1737898496,1737898751,MM
1737898752,1737899007,AU
1737899008,1737899519,ID
1737899520,1737900031,KR
1737900032,1737900543,BD
1737900544,1737901055,CN
1737901056,1737901567,BD
1737901568,1737901823,IN
1737901824,1737902079,AU
1737902080,1737902591,CN
1737902592,1737903103,LA
1737903360,1737903615,AU
1737903616,1737904127,MM
1737904128,1737904639,ID
1737904640,1737905151,PK
1737905152,1737907711,ID
1737907968,1737908223,IN
1737908224,1737910271,ID
1737910272,1737910527,HK
1737910528,1737910783,PK
1737911296,1737913855,ID
1737913856,1737914111,HK
1737914112,1737914367,JP
1737914368,1737914879,ID
1737914880,1737915391,CN
1737915392,1737915903,VN
1737915904,1737917439,CN
1737917440,1737917951,TH
1737917952,1737918463,AU
1737918464,1737918719,IN
1737918720,1737918975,ID
1737918976,1737919487,IN
1737919488,1737919999,SG
1737920000,1737920511,IN
1737921024,1737921535,CN
1737921536,1737922559,ID
1737922560,1737923071,IN
1737923072,1737923583,PK
1737923584,1737924095,MY
1737924096,1737924607,ID
1737924608,1737924863,KR
1737924864,1737925119,SG
1737925120,1737925631,KR
1737925632,1737926143,CN
1737926144,1737926655,BD
1737926656,1737927167,ID
1737927168,1737927423,NZ
1737927424,1737927679,AU
1737927680,1737928191,CN
1737928192,1737928703,ID
1737928704,1737929215,AU
1737929216,1737929727,ID
1737929728,1737930239,CN
1737930240,1737930751,ID
1737930752,1737931263,HK
1737931264,1737931775,US
1737931776,1737932287,MY
1737932288,1737934335,ID
1737934336,1737934591,AU
1737934592,1737934847,HK
1737934848,1737935359,CN
1737935360,1737935871,PH
1737935872,1737936383,KR
1737936384,1737937407,PK
1737937408,1737937919,CN
1737937920,1737938175,HK
1737938176,1737938431,AU
1737938432,1737939455,CN
1737939456,1737939967,ID
1737939968,1737940479,PH
1737940480,1737940735,IN
1737940736,1737940991,ID
1737940992,1737941503,JP
1737941504,1737942015,ID
1737942016,1737942527,NZ
1737943040,1737943295,SG
1737943296,1737943551,AU
1737943552,1737944063,BD
1737944064,1737944575,VN
1737944576,1737945087,PK
1737945088,1737945599,VN
1737945600,1737946111,PK
1737946112,1737946623,CN
1737946624,1737947647,AU
1737947648,1737948159,HK
1737948160,1737948415,AU
1737948416,1737948671,ID
1737949184,1737949695,BD
1737949696,1737950207,MY
1737950208,1737950719,CN
1737950720,1737951231,MY
1737951232,1737951743,MM
1737952256,1737952511,MY
1737952512,1737953279,ID
1737953280,1737953791,IN
1737953792,1737955583,ID
1737955584,1737955839,AU
1737955840,1737956351,PK
1737956352,1737956863,PH
1737956864,1737957375,BD
1737957376,1737958911,ID
1737958912,1737959167,IN
1737959168,1737959423,AU
1737959424,1737959679,ES
1737959680,1737959935,US
1737959936,1737960447,PK
1737960448,1737960703,IN
1737960704,1737960959,CN
1737960960,1737961471,PK
1737961472,1737961727,NZ
1737961728,1737961983,AU
1737961984,1737962495,TH
1737962496,1737964031,VN
1737964032,1737964543,IN
1737964544,1737965055,BD
1737965056,1737965311,MY
1737965312,1737965567,ID
1737965568,1737966079,AU
1737966592,1737967103,TH
1737967104,1737967359,IN
1737967360,1737968127,ID
1737968128,1737968639,BD
1737968640,1737969151,LA
1737969152,1737969663,AU
1737969664,1737970175,US
1737970176,1737970431,IN
1737970432,1737970943,AU
1737970944,1737971199,JP
1737971200,1737971711,AU
1737971712,1737971967,AF
1737971968,1737972223,ID
1737972224,1737972479,IN
1737972480,1737973759,ID
1737973760,1737974271,IN
1737974272,1737975295,ID
1737975296,1737975551,SG
1737975552,1737975807,US
1737975808,1737976319,BD
1737976320,1737976831,IN
1737977088,1737977343,ID
1737977344,1737977855,PK
1737977856,1737978623,IN
1737978624,1737978879,SG
1737978880,1737979391,KH
1737979392,1737979903,BD
1737979904,1737981439,VN
1737981440,1737981951,CA
1737981952,1737982207,IN
1737982208,1737982463,ID
1737982464,1737982975,BD
1737983488,1737983743,DE
1737983744,1737983999,HK
1737984000,1737984511,IN
1737984512,1737985023,HK
1737985024,1737985535,ID
1737985536,1737986047,CN
1737986048,1737986303,AU
1737986304,1737986559,ID
1737987072,1737988095,CN
1737988096,1737988607,IN
1737988608,1737988863,JP
1737988864,1737989119,ID
1737989120,1737989631,IN
1737989632,1737990143,CN
1737990144,1737990655,HK
1737990656,1737991679,ID
1737992192,1737993215,BD
1737993216,1737993727,HK
1737993728,1737994239,AU
1737994240,1737994495,SG
1737994496,1737994751,ID
1737995264,1737995775,NZ
1737995776,1737996287,BD
1737996288,1737997055,IN
1737997056,1737997311,NZ
1737997312,1737997823,IN
1737998080,1737998335,ID
1737998336,1737998847,AU
1737998848,1737999359,ID
1737999360,1737999871,BD
1737999872,1738000383,IN
1738000384,1738000895,HK
1738001408,1738001919,MY
1738001920,1738002431,HK
1738002432,1738002943,IN
1738002944,1738003199,HK
1738003200,1738003455,ID
1738003456,1738003967,BD
1738003968,1738004479,ID
1738004480,1738004991,CN
1738004992,1738006527,ID
1738006528,1738007039,AU
1738007040,1738007551,ID
1738007552,1738008063,CN
1738008064,1738008319,IN
1738008320,1738008575,BT
1738008576,1738009599,IN
1738009600,1738010111,PK
1738010112,1738012159,VN
1738012160,1738012671,ID
1738012672,1738012927,SG
1738012928,1738013183,AU
1738013184,1738013695,HK
1738013696,1738014207,TH
1738014208,1738014719,IN
1738014720,1738014975,AU
1738014976,1738015231,ES
1738015232,1738015743,SG
1738015744,1738015999,PH
1738016000,1738016255,ID
1738016256,1738016511,IN
1738016512,1738016767,ID
1738016768,1738017023,PG
1738017024,1738017279,PH
1738017280,1738017791,BD
1738017792,1738018303,MY
1738018304,1738018815,HK
1738018816,1738019071,AU
1738019072,1738019327,US
1738019328,1738019839,BD
1738020096,1738020351,ID
1738020352,1738020607,IN
1738020608,1738020863,ID
1738020864,1738021375,HK
1738021376,1738021887,BD
1738021888,1738022911,CN
1738022912,1738023167,NC
1738023168,1738023423,AU
1738023424,1738023935,HK
1738023936,1738024447,ID
1738024448,1738025471,IN
1738025472,1738025983,PK
1738025984,1738026239,IN
1738026496,1738028031,VN
1738028032,1738028287,ID
1738028288,1738028543,TH
1738028800,1738029055,AU
1738029056,1738029567,CN
1738030080,1738030591,PH
1738030592,1738030847,IN
1738030848,1738031103,ID
1738031104,1738031615,AU
1738031616,1738032127,JP
1738032128,1738032639,IN
1738032640,1738033663,ID
1738033664,1738034175,AU
1738034176,1738034687,CN
1738034688,1738035199,IN
1738035200,1738035711,ID
1738035712,1738036223,HK
1738036224,1738036735,ID
1738036736,1738037247,PH
1738037248,1738039807,ID
1738039808,1738040319,HK
1738040320,1738040831,PK
1738040832,1738042367,BD
1738042368,1738042623,ID
1738042624,1738042879,IN
1738042880,1738043391,ID
1738043392,1738043903,US
1738043904,1738044159,IN
1738044160,1738044415,SG
1738044416,1738044927,PK
1738044928,1738045439,ID
1738045440,1738046463,CN
1738046464,1738046719,NZ
1738046976,1738047487,US
1738047488,1738047999,AU
1738048000,1738048511,JP
1738049024,1738049279,IN
1738049280,1738050047,SG
1738050048,1738050559,JP
1738050560,1738051071,ID
1738051072,1738051583,BD
1738051584,1738052095,NP
1738052096,1738052351,ID
1738052352,1738052607,BD
1738052608,1738053119,ID
1738053120,1738053631,TW
1738053632,1738054143,CN
1738054144,1738054655,BD
1738054656,1738055679,IN
1738055680,1738057215,VN
1738057216,1738057727,MY
1738057728,1738058751,CN
1738058752,1738059263,IN
1738059264,1738059519,MV
1738059520,1738059775,QA
1738059776,1738060287,NZ
1738060288,1738060543,JP
1738060544,1738061311,IN
1738061312,1738061823,AE
1738061824,1738062335,IN
1738062336,1738062847,CN
1738062848,1738063359,NZ
1738063360,1738063871,HK
1738063872,1738064383,CN
1738064384,1738064895,KH
1738064896,1738065407,AU
1738065408,1738065663,NZ
1738065664,1738065919,IN
1738065920,1738066431,CN
1738066432,1738066943,TW
1738066944,1738067455,AU
1738067456,1738067711,SG
1738067712,1738067967,NZ
1738067968,1738068479,CN
1738068480,1738068991,HK
1738068992,1738069503,BD
1738069504,1738070527,PH
1738070528,1738071039,BD
1738071040,1738071551,HK
1738071552,1738072063,AU
1738072064,1738072575,CN
1738072576,1738073087,HK
1738073088,1738073599,BD
1738073600,1738074111,JP
1738074112,1738075135,ID
1738075136,1738075647,BD
1738075648,1738077439,ID
1738077440,1738077695,AU
1738077696,1738078207,CN
1738078208,1738078719,AU
1738078720,1738079231,CN
1738079232,1738079743,TW
1738079744,1738080255,PK
1738080256,1738080511,IN
1738080512,1738080767,AU
1738080768,1738081279,ID
1738081280,1738081791,CN
1738081792,1738082303,FR
1738082304,1738082815,AU
1738082816,1738083583,IN
1738083584,1738083839,MM
1738083840,1738084351,PK
1738084352,1738084863,HK
1738084864,1738085887,AU
1738085888,1738086143,IN
1738086144,1738086399,ID
1738086400,1738086911,US
1738086912,1738087423,JP
1738087424,1738087935,BD
1738087936,1738088191,AU
1738088192,1738088447,ID
1738088448,1738088959,IN
1738088960,1738089471,ID
1738089472,1738089983,CN
1738089984,1738090495,PK
1738090496,1738091519,ID
1738091520,1738092031,KR
1738092032,1738092287,MY
1738092288,1738092543,AU
1738092544,1738093055,BD
1738093056,1738093567,GB
1738093568,1738094079,BD
1738094080,1738094335,AU
1738094336,1738094591,SG
1738094592,1738094847,AU
1738094848,1738095359,IN
1738095360,1738095615,AU
1738095616,1738096639,ID
1738096640,1738097151,VN
1738097152,1738097407,BD
1738097664,1738100735,VN
1738100736,1738100991,AF
1738100992,1738101247,IN
1738101248,1738102271,ID
1738102272,1738102783,MY
1738102784,1738103295,IN
1738103296,1738103807,AU
1738103808,1738104319,IN
1738104832,1738105343,ID
1738105344,1738105855,MY
1738105856,1738106367,CN
1738106368,1738106879,NZ
1738106880,1738107391,IN
1738107392,1738107903,BD
1738107904,1738108159,PG
1738108160,1738108415,AU
1738108416,1738108927,BD
1738108928,1738109439,SG
1738109440,1738109951,CN
1738109952,1738110463,PK
1738110464,1738110719,TH
1738110720,1738110975,AU
1738110976,1738111487,NZ
1738111488,1738111999,CN
1738112000,1738112511,HK
1738112512,1738113023,ID
1738113024,1738113535,HK
1738113536,1738113791,BD
1738113792,1738114047,ID
1738114048,1738114559,CN
1738114560,1738115583,ID
1738115584,1738116095,CN
1738116096,1738116351,IN
1738116352,1738116607,MN
1738116608,1738117119,IN
1738117120,1738117631,NZ
1738117632,1738118143,CN
1738118144,1738118911,ID
1738118912,1738119167,IN
1738119168,1738119679,AU
1738119680,1738120191,BD
1738120192,1738120447,IN
1738120448,1738120703,PK
1738120704,1738121215,PG
1738121216,1738121727,CN
1738121728,1738122239,HK
1738122240,1738122495,AU
1738122496,1738122751,SG
1738122752,1738123263,IN
1738123264,1738123775,ID
1738123776,1738124287,BD
1738124288,1738124799,MY
1738124800,1738125311,BD
1738125312,1738125823,TW
1738125824,1738126847,IN
1738126848,1738127359,US
1738127360,1738127615,ID
1738127616,1738127871,BD
1738127872,1738129919,ID
1738129920,1738130431,AU
1738130432,1738130943,NP
1738130944,1738131455,BD
1738131456,1738131967,TW
1738131968,1738132223,MM
1738132224,1738132479,AU
1738132480,1738133503,JP
1738133504,1738134015,IN
1738134016,1738135039,BD
1738135040,1738137599,VN
1738137600,1738138623,IN
1738138624,1738139135,ID
1738139136,1738139647,BD
1738140160,1738140671,PH
1738140672,1738141695,AU
1738141696,1738142207,BD
1738142208,1738142719,AU
1738142720,1738142975,ID
1738142976,1738143231,SG
1738143232,1738144255,ID
1738144256,1738145279,IN
1738145280,1738146303,VN
1738146304,1738147327,IN
1738147328,1738147839,JP
1738147840,1738148351,IN
1738148352,1738148863,MY
1738148864,1738149375,NP
1738149376,1738149887,MY
1738149888,1738150399,BD
1738150400,1738150911,CN
1738150912,1738151423,KH
1738151424,1738151935,IN
1738151936,1738152447,ID
1738152448,1738152959,IN
1738152960,1738153471,AU
1738153472,1738154495,CN
1738154752,1738156031,IN
1738156032,1738156543,CN
1738156544,1738156799,JP
1738156800,1738157055,ID
1738157056,1738157567,PH
1738157568,1738158079,NP
1738158080,1738158591,BD
1738158848,1738159103,IN
1738159104,1738159615,ID
1738159616,1738161151,IN
1738161152,1738161663,PH
1738161664,1738162175,VN
1738162176,1738162687,PK
1738162688,1738163199,CN
1738163200,1738163711,NZ
1738163712,1738164223,TH
1738164224,1738164991,ID
1738164992,1738165247,IN
1738165248,1738169855,ID
1738169856,1738170367,TH
1738170368,1738170879,TO
1738170880,1738171135,BD
1738171136,1738171391,IN
1738171392,1738172415,VN
1738172416,1738172671,HK
1738172672,1738173183,IN
1738173184,1738173439,PK
1738173440,1738179583,ID
1738179584,1738180095,BD
1738180096,1738185215,ID
1738185216,1738185727,AU
1738185728,1738187263,BD
1738187264,1738188287,CN
1738188288,1738188799,VN
1738188800,1738189311,CN
1738189312,1738190847,ID
1738190848,1738191359,VN
1738191360,1738191871,ID
1738191872,1738192383,VN
1738192384,1738192895,HK
1738192896,1738193407,IN
1738193408,1738193919,VN
1738193920,1738194431,BD
1738194432,1738194943,IN
1738194944,1738195455,BD
1738195456,1738195967,WS
1738195968,1738196479,PK
1738196480,1738196735,US
1738196736,1738196991,AU
1738197504,1738199551,IN
1738199552,1738205183,ID
1738205184,1738205439,MY
1738205440,1738206207,IN
1738206208,1738206719,BD
1738206720,1738207231,IN
1738207232,1738207743,MM
1738207744,1738208255,HK
1738208256,1738208767,VN
1738208768,1738209535,IN
1738209536,1738209791,AU
1738209792,1738210047,PH
1738210048,1738212351,IN
1738212352,1738212863,PK
1738212864,1738213375,AU
1738213376,1738213887,HK
1738213888,1738214399,MM
1738214400,1738214655,IN
1738214656,1738214911,HK
1738214912,1738215423,CN
1738215424,1738215935,HK
1738215936,1738216447,PK
1738216448,1738217471,NP
1738217472,1738218239,ID
1738218240,1738218495,BD
1738218496,1738219007,ID
1738219008,1738220031,IN
1738220032,1738220543,CN
1738220544,1738221567,AU
1738221568,1738222079,IN
1738222080,1738222335,BD
1738222336,1738222591,SG
1738222592,1738222847,ID
1738222848,1738223103,JP
1738223104,1738223615,ID
1738223616,1738224127,CN
1738224128,1738224639,SG
1738224640,1738225151,BD
1738225152,1738225407,IN
1738225408,1738225663,AU
1738225664,1738226175,IN
1738226176,1738226687,BD
1738226688,1738227199,HK
1738227200,1738227711,PK
1738227712,1738228223,ID
1738228224,1738228479,TH
1738228480,1738228735,IN
1738228736,1738229247,NP
1738229248,1738229759,BD
1738229760,1738230783,IN
1738230784,1738231295,CN
1738231296,1738232831,VN
1738232832,1738233343,IN
1738233344,1738233855,HK
1738233856,1738234367,PH
1738234368,1738234879,HK
1738234880,1738235391,MY
1738235392,1738236159,IN
1738236160,1738236415,AU
1738236416,1738236927,BD
1738236928,1738237183,HK
1738237184,1738237439,CN
1738237440,1738237951,HK
1738237952,1738238975,ID
1738238976,1738239487,IN
1738239488,1738239999,CN
1738240000,1738240255,PG
1738240256,1738240511,ID
1738241024,1738241535,ID
1738241536,1738242047,BD
1738242560,1738243071,HK
1738243328,1738243583,ID
1738243584,1738243839,RU
1738243840,1738244095,HK
1738244096,1738245119,IN
1738245120,1738245631,MY
1738245632,1738246911,IN
1738246912,1738247167,AU
1738247168,1738247679,IN
1738247680,1738248191,HK
1738248192,1738248447,ID
1738248448,1738248703,PK
1738248704,1738249215,IN
1738249216,1738249727,HK
1738249728,1738250239,BD
1738250240,1738250751,ID
1738250752,1738251263,HK
1738251264,1738252287,ID
1738252288,1738253823,VN
1738253824,1738254847,ID
1738254848,1738255871,IN
1738255872,1738256383,BD
1738256384,1738256895,MY
1738256896,1738257407,BD
1738257408,1738257663,MY
1738257664,1738257919,AU
1738257920,1738258431,NP
1738258432,1738258943,BD
1738258944,1738259455,ID
1738259456,1738259967,IN
1738259968,1738260991,ID
1738260992,1738261503,IN
1738261504,1738263039,ID
1738263040,1738263551,TW
1738263552,1738263807,IN
1738263808,1738264063,NP
1738264064,1738266111,IN
1738266112,1738266623,CN
1738266624,1738267135,VN
1738267136,1738267647,BD
1738267648,1738267903,IN
1738267904,1738268159,ID
1738268160,1738268671,IN
1738268672,1738269183,ID
1738269184,1738269695,IN
1738269696,1738270719,VN
1738270720,1738271231,JP
1738271232,1738273279,IN
1738273280,1738273791,NZ
1738274304,1738274815,ID
1738274816,1738275327,SG
1738275328,1738275839,ID
1738275840,1738276351,BD
1738276352,1738280447,VN
1738280448,1738281471,ID
1738281472,1738282495,IN
1738282496,1738283007,KR
1738283008,1738283519,MY
1738283520,1738284031,NP
1738284032,1738284543,CN
1738284544,1738286079,VN
1738286080,1738286335,PH
1738286592,1738289663,VN
1738289664,1738290175,IN
1738290176,1738290687,BD
1738290688,1738291199,SG
1738291200,1738291455,BD
1738291456,1738291711,ID
1738291712,1738292735,VN
1738292736,1738293759,IN
1738293760,1738294271,BD
1738294272,1738294783,CN
1738294784,1738296319,ID
1738296320,1738296831,HK
1738296832,1738297343,CN
1738297344,1738297855,AU
1738297856,1738298879,MY
1738298880,1738299903,ID
1738299904,1738300927,VN
1738300928,1738301439,IN
1738301440,1738301695,ID
1738301696,1738301951,NP
1738301952,1738303487,IN
1738303488,1738303999,CN
1738304000,1738304511,IN
1738304512,1738305023,BD
1738305024,1738305279,ID
1738305280,1738305535,TH
1738305536,1738306559,ID
1738306560,1738307071,TW
1738307072,1738307839,ID
1738307840,1738308607,IN
1738308608,1738309631,BD
1738309632,1738310399,ID
1738310400,1738310655,AU
1738310656,1738311167,ID
1738311168,1738311423,IN
1738311424,1738311679,AU
1738311680,1738312191,PK
1738312192,1738312703,IN
1738312704,1738313215,ID
1738313216,1738314239,IN
1738314240,1738314751,ID
1738314752,1738315263,BD
1738315264,1738315775,TH
1738315776,1738316287,PK
1738316288,1738316799,MM
1738316800,1738317311,AU
1738317312,1738317823,CN
1738317824,1738318335,ID
1738318848,1738319359,ID
1738319360,1738319871,BD
1738319872,1738321407,IN
1738321408,1738321919,CN
1738321920,1738322431,BD
1738322432,1738322943,HK
1738322944,1738323455,BD
1738323456,1738323967,IN
1738323968,1738324479,TW
1738324480,1738324991,CN
1738324992,1738325247,IN
1738325248,1738325503,BD
1738325504,1738326015,AF
1738326016,1738326527,NZ
1738326528,1738326783,AU
1738326784,1738327039,NZ
1738327040,1738327551,BD
1738327552,1738328063,AU
1738328064,1738330879,IN
1738330880,1738331135,ID
1738331136,1738331647,IN
1738331648,1738332159,BD
1738332160,1738333183,ID
1738333184,1738333439,IN
1738333440,1738333695,ID
1738333696,1738334207,BD
1738334208,1738335231,ID
1738335232,1738335743,CN
1738335744,1738336255,NZ
1738336256,1738337279,ID
1738337280,1738337791,IN
1738337792,1738338303,BD
1738338304,1738338815,ID
1738338816,1738339327,TW
1738339328,1738339839,PK
1738339840,1738340863,ID
1738340864,1738341375,SG
1738341376,1738342399,ID
1738342400,1738342911,MM
1738342912,1738343935,IN
1738343936,1738344191,ID
1738344192,1738346751,IN
1738346752,1738347007,AU
1738347008,1738348031,VN
1738348032,1738348543,IN
1738348544,1738349567,ID
1738349568,1738350079,HK
1738350080,1738350591,CN
1738350592,1738351103,ID
1738351104,1738351359,NP
1738351360,1738351615,BD
1738351616,1738352127,IN
1738352640,1738353151,PK
1738353152,1738353663,TW
1738353664,1738354175,NP
1738354176,1738355199,ID
1738355200,1738356479,IN
1738356480,1738356735,ID
1738356736,1738357247,AU
1738357248,1738359295,ID
1738359296,1738359807,PK
1738359808,1738360063,AU
1738360064,1738361343,IN
1738361344,1738361599,BD
1738361600,1738361855,IN
1738361856,1738363903,ID
1738363904,1738364159,AU
1738364160,1738364415,AF
1738364416,1738364927,TW
1738364928,1738365439,PK
1738365440,1738365951,NP
1738365952,1738366975,BD
1738366976,1738367487,ID
1738367488,1738367743,NZ
1738367744,1738367999,IN
1738368000,1738368255,AU
1738368512,1738368767,ID
1738368768,1738369023,AU
1738369024,1738369535,IN
1738369536,1738371071,AU
1738371072,1738371583,IN
1738371584,1738372607,ID
1738372608,1738373119,IN
1738373120,1738373631,SG
1738373632,1738376703,IN
1738376704,1738377215,BD
1738377216,1738377727,ID
1738378240,1738378751,AU
1738378752,1738379263,JP
1738379264,1738380031,ID
1738380032,1738381823,IN
1738381824,1738382335,PK
1738382336,1738382847,JP
1738382848,1738383359,KR
1738383360,1738386431,IN
1738386688,1738386943,KH
1738386944,1738387455,CN
1738387456,1738389503,IN
1738389504,1738390015,MN
1738390016,1738391039,IN
1738391040,1738392063,ID
1738392064,1738392575,IN
1738393088,1738393599,MY
1738393600,1738394111,PK
1738394112,1738394623,BD
1738394624,1738395135,VN
1738395136,1738395647,IN
1738395648,1738396159,KR
1738396160,1738396671,PK
1738396672,1738397183,CN
1738397184,1738397695,PK
1738397696,1738398719,VN
1738398720,1738402303,IN
1738402304,1738402815,CN
1738403072,1738403327,BD
1738403328,1738404351,IN
1738404352,1738404863,JP
1738404864,1738405375,AU
1738405376,1738405887,BD
1738405888,1738406399,PK
1738406912,1738407167,NZ
1738407168,1738407423,BD
1738407424,1738408447,CN
1738408448,1738409471,BD
1738409472,1738409983,AU
1738409984,1738410495,CN
1738410496,1738411007,BD
1738411008,1738411263,PK
1738411264,1738411519,ID
1738411520,1738412031,SG
1738412032,1738412543,CN
1738412544,1738412799,IN
1738412800,1738413055,AU
1738413056,1738415359,ID
1738415360,1738415615,HK
1738415616,1738416127,IN
1738416128,1738416639,PH
1738416640,1738416895,AU
1738416896,1738417151,PK
1738417152,1738417663,HK
1738417664,1738418175,BD
1738418176,1738420991,IN
1738420992,1738421247,AU
1738421248,1738422271,IN
1738422272,1738422783,ID
1738423296,1738423807,AU
1738423808,1738424319,BD
1738424320,1738424575,AU
1738424576,1738424831,IN
1738424832,1738426879,ID
1738426880,1738427391,MY
1738427392,1738428415,TW
1738428928,1738429439,HK
1738429440,1738429951,AU
1738429952,1738430463,BD
1738430464,1738431487,IN
1738431488,1738431999,PH
1738432000,1738432511,IN
1738432512,1738434559,ID
1738434560,1738435839,IN
1738436096,1738436351,NP
1738436352,1738436607,IN
1738437632,1738438143,HK
1738438144,1738438655,BD
1738438656,1738438911,IN
1738438912,1738439167,ID
1738439168,1738439679,AU
1738439680,1738440191,BD
1738440192,1738441471,ID
1738441472,1738441727,IN
1738441728,1738442239,BD
1738442240,1738442495,NZ
1738442496,1738442751,PK
1738442752,1738444543,IN
1738444544,1738444799,ID
1738444800,1738446335,IN
1738446336,1738446847,HK
1738446848,1738447359,NZ
1738447360,1738447871,ID
1738447872,1738448383,IN
1738448384,1738448895,BD
1738448896,1738449407,KH
1738449408,1738450431,ID
1738450432,1738450687,MY
1738450688,1738450943,ID
1738450944,1738452991,IN
1738452992,1738453247,NZ
1738453248,1738455551,IN
1738455552,1738456063,TW
1738456064,1738456575,ID
1738456576,1738457087,CN
1738457088,1738458623,ID
1738458624,1738459135,NP
1738459136,1738459647,CN
1738459648,1738460159,HK
1738460160,1738460671,IN
1738460672,1738461183,BD
1738461184,1738461951,ID
1738461952,1738462207,BD
1738462208,1738464767,IN
1738464768,1738465279,NL
1738465280,1738465791,CN
1738465792,1738466303,IN
1738466304,1738466815,TW
1738466816,1738467327,IN
1738467328,1738467839,AU
1738467840,1738468351,ID
1738468352,1738468863,PK
1738468864,1738470143,IN
1738470144,1738470399,AU
1738470400,1738471423,IN
1738471424,1738471935,BD
1738471936,1738472959,ID
1738472960,1738473471,IN
1738473472,1738474239,BD
1738474240,1738474495,TH
1738474496,1738475007,BD
1738475008,1738475519,PH
1738475520,1738476031,MY
1738476032,1738476543,IN
1738476544,1738479103,ID
1738479104,1738479615,VN
1738479616,1738480127,PK
1738480128,1738480639,PH
1738480640,1738481151,PW
1738481152,1738482687,IN
1738482688,1738483199,BD
1738483200,1738485759,IN
1738485760,1738489343,VN
1738489344,1738489855,ID
1738489856,1738490367,US
1738490368,1738491647,IN
1738491648,1738491903,SG
1738491904,1738492415,BD
1738492416,1738492927,PK
1738492928,1738493183,IN
1738493184,1738493439,ID
1738493440,1738493951,PK
1738493952,1738494463,SG
1738494464,1738494719,AU
1738494720,1738494975,BD
1738494976,1738495487,IN
1738495488,1738495999,NZ
1738496000,1738496511,TW
1738496512,1738496767,IN
1738497024,1738498303,ID
1738498304,1738501887,IN
1738501888,1738502655,ID
1738502656,1738503167,BD
1738503168,1738503679,ID
1738503680,1738504703,TW
1738504704,1738505727,CN
1738505728,1738507263,BD
1738507264,1738507775,MY
1738507776,1738508287,CN
1738508288,1738508799,IN
1738508800,1738509311,HK
1738509312,1738509823,JP
1738509824,1738510335,CN
1738510336,1738510847,IN
1738510848,1738511103,ID
1738511104,1738513919,IN
1738513920,1738514431,US
1738514432,1738514943,KR
1738514944,1738515199,IN
1738515200,1738515455,AF
1738515456,1738516991,IN
1738516992,1738518015,BD
1738518016,1738518527,IN
1738518528,1738519039,TW
1738519040,1738521087,IN
1738521088,1738522111,BD
1738522112,1738522623,HK
1738522624,1738523135,IN
1738523136,1738524671,ID
1738524672,1738525183,IN
1738525184,1738526207,ID
1738526208,1738526719,TW
1738526720,1738527231,IN
1738527232,1738527743,BD
1738527744,1738528511,IN
1738528512,1738528767,ID
1738528768,1738529279,IN
1738529280,1738529791,BD
1738529792,1738531327,ID
1738531328,1738531839,IN
1738531840,1738533887,ID
1738533888,1738534399,AU
1738534400,1738538239,IN
1738538240,1738538495,PH
1738538496,1738539519,BD
1738539520,1738541055,VN
1738541056,1738541311,BD
1738541312,1738541567,ID
1738542080,1738543103,ID
1738543104,1738543615,BD
1738543616,1738544127,ID
1738544128,1738544383,BD
1738544384,1738544639,ID
1738544640,1738545151,NP
1738545152,1738547199,IN
1738547200,1738548223,CN
1738548224,1738548479,IN
1738548480,1738548735,ID
1738548736,1738549247,HK
1738549248,1738550271,ID
1738550272,1738550783,HK
1738550784,1738551295,IN
1738551296,1738551551,JP
1738551552,1738551807,IN
1738551808,1738552319,HK
1738552832,1738553855,ID
1738553856,1738554111,SG
1738554112,1738554367,DE
1738554368,1738554879,AU
1738554880,1738555391,ID
1738555392,1738555903,IN
1738555904,1738556415,SG
1738556416,1738556927,ID
1738556928,1738557951,IN
1738557952,1738559487,VN
1738559488,1738559999,ID
1738560000,1738560511,NP
1738560512,1738561023,VN
1738561024,1738561535,TW
1738561536,1738562559,VN
1738562560,1738563071,BD
1738563072,1738563583,ID
1738564096,1738564607,IN
1738564608,1738564863,JP
1738564864,1738565119,US
1738565120,1738565631,IN
1738565632,1738566143,SG
1738566144,1738567167,IN
1738567168,1738567679,AU
1738567680,1738568703,CN
1738568704,1738569215,AU
1738569216,1738569727,ID
1738569728,1738570239,IN
1738570240,1738570751,ID
1738570752,1738572287,IN
1738572288,1738572799,AU
1738572800,1738573823,IN
1738573824,1738574079,ID
1738574080,1738574335,BD
1738574336,1738574847,ID
1738574848,1738575359,TH
1738575360,1738576383,IN
1738576384,1738576639,MM
1738576640,1738578175,ID
1738578176,1738578431,IN
1738578432,1738578943,ID
1738578944,1738579455,IN
1738579456,1738579711,BD
1738579712,1738579967,NZ
1738579968,1738580479,ID
1738580480,1738580735,AU
1738580736,1738580991,IN
1738580992,1738581503,ID
1738581504,1738582015,IN
1738582016,1738582527,MY
1738582528,1738584575,IN
1738584576,1738585087,ID
1738585088,1738585599,TW
1738585600,1738586623,ID
1738586624,1738588415,IN
1738588416,1738588671,ID
1738588672,1738590207,IN
1738590208,1738591231,ID
1738591488,1738591743,ID
1738591744,1738592255,IN
1738592256,1738592511,ID
1738592512,1738593279,IN
1738593280,1738593791,ID
1738593792,1738594303,TW
1738594304,1738594815,IN
1738594816,1738595327,US
1738595328,1738595839,TW
1738595840,1738596351,IN
1738596352,1738597375,TW
1738597376,1738597887,VN
1738597888,1738601471,IN
1738601472,1738601983,CN
1738601984,1738602239,ID
1738602496,1738603007,VN
1738603008,1738603519,TW
1738603520,1738604031,BD
1738604032,1738604543,CN
1738604800,1738605055,ID
1738605056,1738605311,BD
1738605312,1738605567,IN
1738605568,1738606079,KR
1738606080,1738606591,TW
1738606592,1738607103,BD
1738607104,1738608127,IN
1738608128,1738608639,CN
1738608640,1738609663,VN
1738610176,1738610687,VN
1738610688,1738610943,AU
1738610944,1738613247,IN
1738613248,1738613759,HK
1738613760,1738614783,VN
1738614784,1738615807,IN
1738615808,1738616319,ID
1738616320,1738616831,BD
1738616832,1738617343,PK
1738617344,1738619391,IN
1738619392,1738619647,AU
1738619648,1738619903,IN
1738619904,1738620415,PH
1738620416,1738620927,ID
1738620928,1738621439,IN
1738621440,1738622975,BD
1738622976,1738623487,ID
1738623488,1738623999,IN
1738624000,1738624255,ID
1738624256,1738624511,SG
1738624512,1738625023,TW
1738625024,1738625535,ID
1738625536,1738626047,IN
1738626048,1738626559,ID
1738627072,1738627583,JP
1738627584,1738628095,TW
1738628096,1738629119,IN
1738629120,1738629631,VN
1738629632,1738630655,IN
1738630656,1738631167,CN
1738631168,1738632191,BD
1738632192,1738633215,ID
1738633216,1738633727,VN
1738633728,1738634751,ID
1738634752,1738637311,VN
1738637312,1738638335,ID
1738638336,1738638847,MY
1738638848,1738639359,ID
1738639360,1738639871,NZ
1738639872,1738640383,HK
1738640384,1738641407,ID
1738641408,1738641919,IN
1738641920,1738642431,ID
1738642432,1738642687,IN
1738642688,1738642943,ID
1738642944,1738643967,BD
1738643968,1738644479,NZ
1738644480,1738644991,IN
1738644992,1738645503,HK
1738645504,1738647039,ID
1738647040,1738647551,MY
1738647552,1738648063,BD
1738648064,1738651135,VN
1738651136,1738651647,BD
1738651648,1738652159,ID
1738652160,1738652671,IN
1738652672,1738654975,ID
1738654976,1738655231,AU
1738655232,1738655743,IN
1738656256,1738656767,ID
1738656768,1738657279,IN
1738657280,1738657791,ID
1738657792,1738658303,CN
1738658304,1738659327,VN
1738659328,1738660351,BD
1738660352,1738660863,IN
1738660864,1738661375,CN
1738661376,1738661631,AU
1738661632,1738661887,IN
1738661888,1738662399,HK
1738662400,1738662655,BD
1738662656,1738662911,AU
1738662912,1738663167,ID
1738663168,1738663423,AU
1738663424,1738664959,IN
1738664960,1738665471,AF
1738665472,1738665983,ID
1738665984,1738666495,PH
1738666496,1738666751,MN
1738666752,1738667007,IN
1738667008,1738667519,AU
1738667520,1738668031,SG
1738668032,1738668543,BT
1738668544,1738669055,PH
1738669056,1738669311,AU
1738669312,1738669567,ID
1738669568,1738670079,CN
1738670080,1738670591,ID
1738670592,1738671103,NP
1738671104,1738671615,IN
1738671616,1738672127,HK
1738672128,1738672639,IN
1738672640,1738673151,CN
1738673152,1738673663,NP
1738673664,1738674175,VN
1738674176,1738675199,ID
1738675200,1738676735,VN
1738676736,1738677247,MY
1738677248,1738678271,VN
1738678272,1738678783,CN
1738678784,1738679807,ID
1738679808,1738680319,HK
1738680320,1738680831,PK
1738680832,1738681087,TH
1738681088,1738681343,ID
1738681344,1738682367,IN
1738682368,1738682879,NZ
1738682880,1738683391,BD
1738683392,1738683903,KR
1738683904,1738684415,ID
1738684416,1738685439,BD
1738685440,1738686463,ID
1738686464,1738687487,IN
1738687488,1738687999,ID
1738688000,1738688511,IN
1738688512,1738688767,ID
1738688768,1738689663,IN
1738689664,1738689727,AE
1738689728,1738689919,IN
1738689920,1738690047,AE
1738690048,1738691071,IN
1738691072,1738691327,BN
1738691328,1738691583,MM
1738691584,1738692095,TW
1738692608,1738693119,ID
1738693120,1738693631,PK
1738693632,1738694655,VN
1738694656,1738695167,AU
1738695168,1738695679,VN
1738695680,1738696191,ID
1738696192,1738696703,AU
1738696704,1738696959,NZ
1738696960,1738697727,ID
1738697728,1738698239,TH
1738698240,1738698751,BD
1738698752,1738699775,ID
1738699776,1738700287,CN
1738700288,1738700543,IN
1738700544,1738700799,NZ
1738700800,1738701311,IN
1738701312,1738701823,ID
1738701824,1738702335,IN
1738702336,1738702591,AF
1738702592,1738702847,PH
1738702848,1738703359,IN
1738703360,1738703871,ID
1738703872,1738704383,IN
1738704896,1738705407,PK
1738705408,1738705919,HK
1738705920,1738706175,IN
1738706176,1738706431,ID
1738706432,1738706943,SG
1738706944,1738707967,ID
1738707968,1738708479,PK
1738708480,1738709503,ID
1738709504,1738710015,AU
1738710016,1738713087,IN
1738713344,1738713599,IN
1738713600,1738714623,HK
1738714624,1738715135,MY
1738715136,1738715647,NZ
1738715648,1738716159,IN
1738716160,1738716671,KR
1738716672,1738716927,IN
1738716928,1738717183,ID
1738717184,1738718207,BD
1738718208,1738719231,IN
1738719744,1738721791,IN
1738721792,1738722303,HK
1738722304,1738722559,AU
1738722560,1738722815,ID
1738722816,1738723327,IN
1738723328,1738723839,BD
1738723840,1738725887,IN
1738725888,1738727423,ID
1738727424,1738728191,IN
1738728192,1738728447,US
1738728448,1738729471,BD
1738729472,1738729983,ID
1738729984,1738730495,NP
1738730496,1738732031,ID
1738732032,1738732543,NP
1738732544,1738733055,BD
1738733056,1738733567,IN
1738733568,1738734079,AU
1738734080,1738734335,SG
1738734336,1738735103,ID
1738735104,1738735359,SG
1738735360,1738736127,JP
1738736128,1738736639,AU
1738736640,1738736895,MY
1738736896,1738737151,AU
1738737152,1738737663,ID
1738737664,1738738175,IN
1738738176,1738739199,ID
1738739200,1738740735,IN
1738740736,1738740991,MY
1738740992,1738741759,ID
1738741760,1738742783,VN
1738742784,1738743295,CN
1738743296,1738743807,BD
1738743808,1738744319,CN
1738744320,1738744831,AU
1738744832,1738745855,ID
1738745856,1738747391,IN
1738747392,1738747903,CN
1738747904,1738748415,PK
1738748928,1738749183,SG
1738749184,1738749439,SC
1738749440,1738753535,IN
1738753536,1738754047,NP
1738754048,1738754559,BD
1738754560,1738755071,CN
1738755072,1738755327,IN
1738755328,1738755583,SG
1738755584,1738756095,NZ
1738756096,1738758655,ID
1738758656,1738759679,IN
1738759680,1738759935,AU
1738759936,1738760191,IN
1738760192,1738760703,BD
1738760704,1738761727,IN
1738761728,1738762239,ID
1738762240,1738763775,IN
1738763776,1738764287,ID
1738764288,1738765055,IN
1738765056,1738765311,ID
1738765312,1738765823,BD
1738765824,1738766335,VN
1738766336,1738766847,PH
1738766848,1738767359,VN
1738767360,1738768383,IN
1738768384,1738768895,ID
1738768896,1738769407,IN
1738769408,1738769663,HK
1738769664,1738769919,GB
1738769920,1738770687,ID
1738770688,1738770943,NP
1738770944,1738771967,ID
1738771968,1738772479,PH
1738772480,1738774527,IN
1738774528,1738775039,JP
1738775040,1738775807,HK
1738775808,1738776319,IN
1738776320,1738776575,MM
1738776576,1738777087,ID
1738777600,1738778111,SG
1738778112,1738778623,IN
1738778624,1738779647,BD
1738779648,1738780159,NZ
1738780160,1738780927,ID
1738780928,1738781695,IN
1738781696,1738782207,CN
1738782208,1738782719,NP
1738782720,1738783231,ID
1738783232,1738783743,NL
1738783744,1738788351,IN
1738788352,1738788863,NZ
1738788864,1738789375,HK
1738789376,1738789887,BD
1738789888,1738791935,VN
1738791936,1738792191,NL
1738792192,1738792447,SG
1738792448,1738792959,MY
1738792960,1738793215,IN
1738793216,1738793471,TH
1738793472,1738795007,ID
1738795008,1738796031,IN
1738796032,1738796543,BD
1738796544,1738797055,PK
1738797056,1738797567,ID
1738797568,1738798591,IN
1738798592,1738799103,BD
1738799104,1738799615,IN
1738799616,1738800127,JP
1738800128,1738800639,HK
1738800640,1738801151,PK
1738801152,1738801663,IN
1738801664,1738801919,AU
1738801920,1738802175,IN
1738802176,1738802687,CN
1738802688,1738803199,AU
1738803200,1738803711,PK
1738803712,1738805759,ID
1738805760,1738806271,IN
1738806272,1738807295,ID
1738807296,1738808831,IN
1738808832,1738809343,AU
1738809344,1738809855,CN
1738809856,1738810879,VN
1738810880,1738811391,BD
1738811392,1738812415,CN
1738812416,1738812671,IN
1738812672,1738812927,ID
1738812928,1738813439,IN
1738813440,1738813951,PK
1738813952,1738814463,BD
1738814464,1738814975,KH
1738814976,1738815487,SG
1738815488,1738817023,ID
1738817024,1738817535,HK
1738817536,1738818047,CN
1738818048,1738818303,MY
1738818304,1738818559,IN
1738818560,1738819071,ID
1738819072,1738819583,IN
1738819584,1738820607,JP
1738820608,1738821119,CN
1738821120,1738821631,KR
1738821632,1738821887,ID
1738821888,1738822143,SG
1738822144,1738822399,AU
1738822400,1738822911,ID
1738822912,1738823167,TH
1738823168,1738823935,BD
1738823936,1738824191,LA
1738824192,1738825215,BD
1738825216,1738825727,IN
1738825728,1738825983,JP
1738825984,1738833407,ID
1738833408,1738833919,VN
1738833920,1738834431,AU
1738834432,1738834943,TW
1738834944,1738836479,ID
1738836480,1738836991,VN
1738836992,1738838015,IN
1738838016,1738838271,AU
1738838272,1738838527,MM
1738838528,1738839039,PH
1738839040,1738840063,ID
1738840064,1738841087,VN
1738841088,1738841599,IN
1738841600,1738841855,NP
1738841856,1738842111,MY
1738842112,1738842367,BD
1738842368,1738842623,IN
1738842624,1738843135,BD
1738843136,1738843647,VN
1738843648,1738844671,JP
1738844672,1738846207,ID
1738846208,1738846719,IN
1738846720,1738847231,CN
1738847232,1738847487,ID
1738847488,1738847743,IN
1738847744,1738848255,HK
1738848256,1738848767,IN
1738848768,1738849279,ID
1738849280,1738849791,IN
1738849792,1738851327,ID
1738851328,1738853119,IN
1738853120,1738853375,MY
1738853376,1738855423,IN
1738855424,1738858495,ID
1738858496,1738859007,HK
1738859008,1738859519,VN
1738859520,1738860543,ID
1738860544,1738861055,BD
1738861056,1738861311,MY
1738861312,1738861567,ID
1738861568,1738862079,JP
1738862080,1738862591,BD
1738862592,1738863615,IN
1738863616,1738864127,VN
1738864128,1738864639,IN
1738864640,1738866175,ID
1738866176,1738866687,BD
1738866688,1738867199,ID
1738867200,1738870783,IN
1738870784,1738871295,HK
1738871296,1738871807,AU
1738871808,1738874879,IN
1738874880,1738877951,ID
1738877952,1738878463,CN
1738878464,1738878719,MN
1738878720,1738878975,AU
1738878976,1738879999,BD
1738880000,1738880511,CN
1738880512,1738880767,KH
1738880768,1738881023,SG
1738881024,1738881535,TH
1738881536,1738882559,ID
1738882560,1738887167,IN
1738887168,1738887679,HK
1738887680,1738888191,CN
1738888192,1738888703,SG
1738888704,1738888959,ID
1738888960,1738890239,IN
1738890240,1738890751,BD
1738890752,1738891519,IN
1738891520,1738891775,AU
1738891776,1738894847,IN
1738894848,1738895359,CN
1738895360,1738895871,HK
1738895872,1738897407,IN
1738897408,1738897919,TH
1738897920,1738903039,ID
1738903040,1738904063,VN
1738904064,1738907135,ID
1738907136,1738907647,BD
1738907904,1738908671,BD
1738908672,1738908927,MY
1738908928,1738911743,IN
1738911744,1738911999,PK
1738912256,1738912767,NZ
1738912768,1738913023,AU
1738913024,1738913279,IN
1738913792,1738914303,NP
1738914304,1738914815,BD
1738914816,1738915327,JP
1738915328,1738915839,AF
1738915840,1738916351,JP
1738916352,1738928639,ID
1738928640,1738928895,US
1738928896,1738932735,ID
1738932992,1738933247,AU
1738933248,1738935295,ID
1738935296,1738936319,IN
1738936320,1738936831,AU
1738936832,1738937343,NP
1738937344,1738937855,CN
1738937856,1738938879,BD
1738938880,1738939391,ID
1738939904,1738940159,ID
1738940160,1738940415,PH
1738940416,1738941951,ID
1738941952,1738942975,BD
1738942976,1738943487,BT
1738943488,1738944255,ID
1738944256,1738944511,BD
1738944512,1738945023,ID
1738945024,1738946559,CN
1738946560,1738947071,AU
1738947072,1738947583,BD
1738947584,1738948095,AU
1738948096,1738948351,IN
1738948352,1738949631,ID
1738949632,1738950143,IN
1738950144,1738950655,PF
1738950656,1738951167,IN
1738951168,1738951679,BD
1738951680,1738952191,VN
1738952192,1738952703,ID
1738952704,1738952959,SG
1738952960,1738953215,TW
1738953728,1738954239,CN
1738954240,1738954751,HK
1738954752,1738955263,BD
1738955264,1738956287,ID
1738956288,1738956543,KH
1738956544,1738956799,IN
1738956800,1738957311,HK
1738957312,1738957823,SB
1738957824,1738958335,NP
1738958336,1738958847,PK
1738958848,1738959871,ID
1738959872,1738961407,IN
1738961408,1738961919,AU
1738961920,1738962431,SG
1738962432,1738962687,MY
1738962688,1738962943,IN
1738963456,1738964479,ID
1738964480,1738965503,HK
1738965504,1738966527,AU
1738966528,1738966783,ID
1738966784,1738967039,AU
1738967040,1738967551,ID
1738967552,1738968063,CN
1738968064,1738969087,VN
1738969088,1738969343,SG
1738969600,1738969855,AU
1738969856,1738970111,ID
1738970112,1738970623,AU
1738970624,1738971135,PK
1738971136,1738971903,BD
1738971904,1738972159,PH
1738972160,1738974463,ID
1738974464,1738974719,AU
1738974720,1738975231,BD
1738975232,1738975743,PH
1738975744,1738976255,BD
1738976256,1738976767,NP
1738976768,1738977279,HK
1738977280,1738977791,VN
1738977792,1738978047,ID
1738978048,1738978303,TH
1738978304,1738978815,IN
1738978816,1738979839,VN
1738979840,1738980351,BD
1738980352,1738980863,IN
1738980864,1738981631,ID
1738981632,1738981887,BD
1738981888,1738983935,ID
1738983936,1738984447,SG
1738984448,1738984959,IN
1738984960,1738985471,MY
1738985472,1738985983,FM
1738985984,1738987007,ID
1738987008,1738989055,IN
1738989056,1738989567,KR
1738989568,1738989823,ID
1738989824,1738990079,AU
1738990080,1738990591,ID
1738990592,1738991103,NL
1738991104,1738991615,BD
1738991616,1738992127,SG
1738992128,1738992383,ID
1738992384,1738992639,IN
1738992640,1738992895,AU
1738992896,1738993151,JP
1738993152,1738993663,SG
1738993664,1738994175,ID
1738994688,1738995199,IN
1738995712,1738996223,PH
1738996224,1738997247,BD
1738997248,1738997759,ID
1738997760,1738998271,CN
1738998272,1738998527,ID
1738998528,1738998783,PK
1738998784,1738999295,ID
1738999808,1739000319,IN
1739000320,1739000575,AU
1739000576,1739001343,ID
1739001344,1739002367,BD
1739002368,1739002879,BY
1739002880,1739003135,ID
1739003136,1739003391,BD
1739003392,1739004415,ID
1739004416,1739004927,SG
1739004928,1739005183,AU
1739005184,1739005439,IN
1739005440,1739005951,ID
1739005952,1739006463,IN
1739006464,1739006975,ID
1739006976,1739007487,CN
1739007488,1739007999,IN
1739008000,1739008511,BD
1739008512,1739009791,JP
1739009792,1739010047,PG
1739010048,1739010559,IN
1739011072,1739011583,IN
1739011584,1739012095,HK
1739012096,1739012607,NZ
1739012608,1739013119,BD
1739013120,1739013631,HK
1739013632,1739014143,VN
1739014144,1739014655,HK
1739014656,1739014911,PH
1739014912,1739015167,AU
1739015168,1739016191,ID
1739016192,1739017727,IN
1739017728,1739018239,NP
1739018240,1739018495,IN
1739018496,1739018751,AU
1739018752,1739019263,IT
1739019264,1739021823,VN
1739021824,1739023359,IN
1739023360,1739023871,CN
1739023872,1739024383,IN
1739024384,1739027199,ID
1739027200,1739027455,IN
1739027456,1739027711,PH
1739027712,1739027967,MY
1739027968,1739028991,BD
1739028992,1739029759,IN
1739029760,1739030015,AU
1739030016,1739031551,IN
1739031552,1739032063,ID
1739032064,1739032575,HK
1739032576,1739033087,ID
1739033088,1739033599,AU
1739033600,1739034111,SG
1739034112,1739036159,ID
1739036160,1739036671,SG
1739036672,1739037695,IN
1739037696,1739037951,ID
1739037952,1739038207,IN
1739038208,1739038719,PK
1739038720,1739039231,PH
1739039232,1739039743,PK
1739040256,1739041791,ID
1739041792,1739044095,IN
1739044096,1739044351,AU
1739044352,1739045375,IN
1739045376,1739045887,NP
1739045888,1739046399,KH
1739046400,1739046911,BD
1739046912,1739047423,TH
1739047424,1739047935,IN
1739047936,1739049471,VN
1739049472,1739050495,IN
1739050496,1739051007,JP
1739051008,1739051519,BD
1739051520,1739052543,IN
1739052544,1739053055,MY
1739053056,1739053311,IN
1739053312,1739054847,ID
1739054848,1739055615,IN
1739056128,1739056639,NP
1739056640,1739057151,PH
1739057152,1739057663,NP
1739057664,1739058175,AL
1739058176,1739058687,ID
1739058688,1739061503,IN
1739061504,1739061759,AU
1739061760,1739062271,TW
1739062784,1739063295,PK
1739063296,1739064831,IN
1739064832,1739065343,MY
1739065344,1739065855,BD
1739065856,1739066367,PH
1739066368,1739067391,IN
1739067392,1739067647,AU
1739067648,1739067903,PH
1739067904,1739068671,IN
1739068672,1739068927,ID
1739068928,1739069439,IN
1739069440,1739070975,ID
1739070976,1739071999,IN
1739072000,1739072511,MN
1739072512,1739073023,VN
1739073024,1739073535,PH
1739073536,1739074047,PK
1739074048,1739074559,AU
1739074560,1739074815,ID
1739074816,1739075071,AU
1739075072,1739075583,ID
1739075584,1739076095,IN
1739076096,1739077631,VN
1739077632,1739077887,MN
1739077888,1739078143,IN
1739078144,1739078655,VN
1739078656,1739080191,IN
1739080192,1739080703,US
1739080704,1739081215,BD
1739081216,1739081727,HK
1739081728,1739084799,IN
1739084800,1739085055,AU
1739085056,1739085311,IN
1739085824,1739086335,JP
1739086336,1739086847,BD
1739086848,1739087359,SG
1739087360,1739088383,IN
1739088384,1739088895,CN
1739088896,1739089407,VN
1739089408,1739089919,IN
1739089920,1739090431,BD
1739090432,1739098623,ID
1739099136,1739099647,BD
1739100160,1739100671,AU
1739100672,1739102207,ID
1739102208,1739102463,PH
1739102464,1739102719,ID
1739102720,1739103743,TW
1739103744,1739104255,ID
1739104256,1739104767,IN
1739105024,1739105279,ID
1739105280,1739105791,IN
1739105792,1739106047,ID
1739106048,1739106303,IN
1739106304,1739106815,ID
1739106816,1739107327,CN
1739107328,1739107583,AU
1739107584,1739107839,IN
1739107840,1739108607,TH
1739108608,1739108863,IN
1739108864,1739109119,US
1739109120,1739109375,MN
1739109376,1739110399,IN
1739110400,1739112703,ID
1739112704,1739112959,AF
1739112960,1739116031,IN
1739116032,1739116799,BD
1739116800,1739117055,JP
1739117056,1739119103,IN
1739119104,1739119359,AU
1739119360,1739119615,IN
1739119616,1739120127,MM
1739120128,1739120639,IN
1739120640,1739121151,BD
1739121152,1739122175,IN
1739122176,1739122687,HK
1739122688,1739126015,IN
1739126016,1739126527,ID
1739126784,1739127295,IN
1739127296,1739127807,ID
1739127808,1739128319,IN
1739128320,1739131903,ID
1739132416,1739132927,AU
1739132928,1739137535,ID
1739137536,1739138047,VN
1739138048,1739138559,NZ
1739138560,1739140607,ID
1739140608,1739141119,TW
1739141120,1739141631,ID
1739141632,1739142143,CN
1739142144,1739144703,IN
1739144704,1739145215,CN
1739145216,1739145727,PK
1739145728,1739146239,SG
1739146240,1739146751,PH
1739147008,1739147775,ID
1739147776,1739151359,IN
1739151872,1739152383,MY
1739152384,1739152895,AU
1739152896,1739153407,BD
1739153408,1739153919,HK
1739153920,1739154431,PK
1739154432,1739154943,BD
1739154944,1739155455,IN
1739155456,1739155967,BD
1739155968,1739156479,TW
1739156480,1739156991,CN
1739156992,1739161087,ID
1739161088,1739161599,HK
1739161600,1739164671,ID
1739164672,1739165439,AU
1739165440,1739165695,ID
1739165696,1739166207,JP
1739166208,1739166719,VN
1739166720,1739167231,ID
1739167232,1739167743,HK
1739167744,1739169279,IN
1739169280,1739170303,BD
1739170304,1739170815,CN
1739170816,1739171839,IN
1739171840,1739172351,VN
1739172352,1739172863,IN
1739172864,1739173375,VN
1739173376,1739174911,IN
1739174912,1739175167,AU
1739175168,1739175423,BD
1739175424,1739175935,VN
1739175936,1739176447,JP
1739176448,1739177471,ID
1739177472,1739177983,AU
1739177984,1739179007,ID
1739179008,1739179519,IN
1739179520,1739180287,ID
1739180544,1739181055,CN
1739181056,1739182079,ID
1739182080,1739182335,IN
1739182336,1739182591,BD
1739182592,1739183103,ID
1739183616,1739184127,IN
1739184128,1739184383,HK
1739184384,1739184639,JP
1739185152,1739187199,ID
1739187200,1739187711,JP
1739187712,1739188735,ID
1739188736,1739189759,IN
1739189760,1739190271,ID
1739190272,1739192319,IN
1739192320,1739192831,HK
1739192832,1739193343,IN
1739193344,1739194367,ID
1739194368,1739194879,IN
1739194880,1739195135,AU
1739195136,1739195391,IN
1739195392,1739195903,CN
1739195904,1739197951,IN
1739198464,1739198719,IN
1739198720,1739198975,MN
1739198976,1739199487,PH
1739199488,1739199999,IN
1739200000,1739201023,ID
1739201024,1739201279,HK
1739201280,1739201535,JP
1739201536,1739202047,AU
1739202048,1739203071,ID
1739203072,1739210495,IN
1739210496,1739210751,PH
1739210752,1739212799,IN
1739212800,1739213311,CN
1739213312,1739213823,NP
1739213824,1739214335,AU
1739214336,1739214847,BD
1739214848,1739217151,IN
1739217152,1739217407,ID
1739217408,1739218431,IN
1739218432,1739218943,HK
1739218944,1739219455,ID
1739219456,1739219967,AF
1739219968,1739220479,ID
1739220480,1739220991,AU
1739220992,1739221503,ID
1739221504,1739223807,IN
1739223808,1739224063,ID
1739224064,1739224575,IN
1739224576,1739226111,VN
1739226112,1739226623,JP
1739226624,1739226879,PH
1739226880,1739227135,IN
1739227136,1739227647,PH
1739227648,1739228159,TH
1739228160,1739228671,IN
1739228672,1739229183,CN
1739229184,1739230719,BD
1739230720,1739231231,AU
1739231232,1739233791,IN
1739233792,1739234047,GB
1739234048,1739234303,US
1739234304,1739237887,IN
1739237888,1739238143,BN
1739238144,1739238399,MY
1739238400,1739239423,BD
1739239424,1739239935,IN
1739239936,1739240447,PK
1739240448,1739241471,IN
1739241472,1739241983,BD
1739241984,1739242751,ID
1739242752,1739243007,AU
1739243008,1739244543,IN
1739244544,1739245311,ID
1739245312,1739245567,AU
1739245568,1739246591,IN
1739246592,1739247103,BD
1739247104,1739247615,MY
1739247616,1739248127,BD
1739248128,1739248639,JP
1739248640,1739249151,CN
1739249152,1739249663,IN
1739249664,1739249919,JP
1739249920,1739250175,SG
1739250688,1739251455,IN
1739251456,1739251711,NP
1739251712,1739253247,IN
1739253248,1739253759,BD
1739253760,1739253770,US
1739253771,1739253772,JP
1739253773,1739253793,US
1739253794,1739253796,JP
1739253797,1739253807,US
1739253808,1739253809,JP
1739253810,1739253979,US
1739253980,1739253980,JP
1739253981,1739254271,US
1739254272,1739255295,ID
1739255296,1739255807,US
1739256320,1739257343,IN
1739257344,1739258879,VN
1739258880,1739259391,IN
1739259392,1739260415,VN
1739260416,1739263487,IN
1739263488,1739263743,MM
1739264000,1739264511,JP
1739264512,1739265023,ID
1739265024,1739265535,PH
1739265536,1739266047,ID
1739266048,1739266559,IN
1739267072,1739267583,BD
1739267584,1739268095,ID
1739268096,1739268607,CN
1739268608,1739269119,HK
1739269120,1739269631,BD
1739269632,1739270655,IN
1739270656,1739270911,MY
1739270912,1739277311,IN
1739277312,1739277823,BD
1739278336,1739280127,IN
1739280128,1739280383,ID
1739280384,1739280895,IN
1739280896,1739281919,ID
1739281920,1739282687,IN
1739282688,1739282943,PH
1739282944,1739284479,VN
1739284480,1739286015,IN
1739286016,1739286527,VN
1739286528,1739287039,MY
1739287040,1739288575,IN
1739288576,1739289087,VN
1739289088,1739291135,IN
1739291136,1739291647,PK
1739291648,1739294719,IN
1739294720,1739295743,BD
1739296256,1739296767,BD
1739296768,1739297279,HK
1739297280,1739302399,ID
1739302400,1739302911,CN
1739302912,1739304191,IN
1739304448,1739304959,IN
1739304960,1739305471,HK
1739305472,1739305727,AU
1739305728,1739305983,ID
1739305984,1739306495,IN
1739306496,1739307519,ID
1739307520,1739309055,IN
1739309056,1739309311,AU
1739309312,1739310847,IN
1739311104,1739312127,IN
1739312640,1739314175,IN
1739314176,1739314687,MM
1739314688,1739315199,CN
1739315200,1739315711,VN
1739316224,1739318271,IN
1739318272,1739318527,AU
1739319296,1739319807,BD
1739319808,1739320319,ID
1739320320,1739320831,IN
1739320832,1739321343,PH
1739321344,1739321855,ID
1739321856,1739322367,NP
1739322368,1739322879,ID
1739322880,1739323647,IN
1739323648,1739323903,PH
1739323904,1739324415,BD
1739324416,1739324927,JP
1739324928,1739326463,ID
1739326464,1739329023,IN
1739329024,1739329535,BD
1739329536,1739329791,PG
1739329792,1739332095,ID
1739332096,1739332607,PK
1739332608,1739333119,BD
1739333120,1739333375,ID
1739333376,1739333631,MV
1739333632,1739334143,CN
1739334144,1739334655,ID
1739335168,1739335679,BD
1739335680,1739336191,HK
1739336192,1739336703,ID
1739336704,1739337215,BD
1739337216,1739338239,IN
1739338240,1739338495,TH
1739338496,1739338751,AU
1739338752,1739339263,HK
1739339264,1739340799,IN
1739340800,1739343359,VN
1739343360,1739343871,ID
1739343872,1739344383,IN
1739344896,1739345407,AU
1739345408,1739345919,VN
1739345920,1739346431,HK
1739346432,1739350015,IN
1739350016,1739350271,ID
1739350272,1739351039,IN
1739351040,1739352063,AU
1739352064,1739352575,IN
1739352576,1739353087,SG
1739353088,1739353343,AU
1739353344,1739353599,ID
1739353600,1739354111,SG
1739354112,1739355135,BD
1739355136,1739355647,LT
1739355648,1739356927,ID
1739356928,1739357183,TH
1739357696,1739358719,TW
1739358720,1739359487,IN
1739359488,1739359743,AU
1739359744,1739360255,HK
1739360256,1739360511,NZ
1739360512,1739360767,AU
1739360768,1739361279,BD
1739361280,1739361535,PK
1739361536,1739362303,AU
1739362304,1739362559,ID
1739362560,1739366399,IN
1739366400,1739366911,CN
1739366912,1739367423,JP
1739367424,1739367935,BD
1739367936,1739368447,PK
1739368448,1739368959,IN
1739368960,1739369727,ID
1739369728,1739369983,IN
1739369984,1739370495,AU
1739370496,1739371007,ID
1739371008,1739371519,IN
1739371520,1739372031,MM
1739372032,1739372543,SG
1739373056,1739373567,ID
1739373568,1739374335,BD
1739374336,1739374591,CN
1739374592,1739375103,IN
1739375104,1739376127,ID
1739376128,1739377663,IN
1739377664,1739378175,ID
1739378176,1739380223,IN
1739380224,1739380735,NP
1739380736,1739381247,BD
1739381760,1739384831,IN
1739384832,1739385343,NZ
1739385344,1739386879,VN
1739386880,1739388415,ID
1739388928,1739389439,ID
1739389440,1739389951,KH
1739389952,1739390975,IN
1739390976,1739391487,AU
1739391488,1739391999,BD
1739392000,1739392511,PH
1739392512,1739393023,PK
1739393024,1739393279,JP
1739393280,1739393535,IN
1739394048,1739394559,HK
1739394560,1739397631,IN
1739398656,1739399167,BD
1739399168,1739399679,PG
1739399680,1739400191,NZ
1739400192,1739400703,BD
1739400704,1739400959,NP
1739400960,1739404287,IN
1739404288,1739404799,BD
1739404800,1739405311,ID
1739405312,1739405567,HK
1739405568,1739405823,AU
1739405824,1739406335,NC
1739406336,1739406847,BD
1739406848,1739407359,PK
1739407360,1739407871,IN
1739407872,1739408383,VN
1739408384,1739408895,IN
1739408896,1739409407,AU
1739409408,1739411199,ID
1739411200,1739411455,MV
1739411456,1739412479,IN
1739412480,1739412991,BD
1739412992,1739414015,IN
1739414016,1739414527,BD
1739414528,1739415039,IN
1739415040,1739415551,TW
1739415552,1739416575,IN
1739416576,1739417087,BD
1739417088,1739417599,CN
1739417600,1739418111,JP
1739418112,1739418623,BD
1739418624,1739419135,IN
1739419136,1739419647,PH
1739419648,1739420159,IN
1739420160,1739420671,MY
1739420672,1739423231,IN
1739423232,1739423743,BD
1739423744,1739424255,ID
1739424256,1739425023,IN
1739425024,1739425279,ID
1739425280,1739426303,IN
1739426304,1739427839,ID
1739428096,1739428351,HK
1739428352,1739429119,IN
1739429120,1739429375,AU
1739429376,1739429887,PA
1739429888,1739430399,BD
1739430400,1739431935,VN
1739432448,1739434495,ID
1739434496,1739435007,IN
1739435008,1739436031,BD
1739436032,1739436287,AU
1739436288,1739436543,IN
1739436544,1739437567,JP
1739437568,1739438591,CN
1739438592,1739438847,PK
1739438848,1739439103,KH
1739439104,1739439615,PH
1739439616,1739445247,IN
1739445248,1739445759,JP
1739445760,1739446271,IN
1739446272,1739446783,PK
1739446784,1739447039,IN
1739447040,1739447295,ID
1739447296,1739448319,IN
1739448320,1739448575,SG
1739448576,1739448831,HK
1739448832,1739449855,VN
1739449856,1739451135,ID
1739451136,1739451391,AU
1739451392,1739451903,JP
1739451904,1739453951,IN
1739454720,1739454975,IN
1739454976,1739455487,NZ
1739455488,1739455999,IN
1739456000,1739456511,VN
1739456512,1739457023,BD
1739457024,1739457279,NZ
1739457280,1739457535,AU
1739457536,1739458047,PK
1739458048,1739458559,AU
1739458560,1739459071,LA
1739459072,1739459583,IN
1739459584,1739459839,PH
1739459840,1739461631,ID
1739461632,1739461887,BD
1739461888,1739462143,IN
1739462144,1739462655,BD
1739462656,1739463167,ID
1739463168,1739465727,IN
1739465728,1739466239,ID
1739466240,1739467775,IN
1739467776,1739468287,BD
1739468800,1739469311,AU
1739469312,1739469823,BD
1739469824,1739471359,IN
1739471360,1739471871,AU
1739471872,1739472383,JP
1739472384,1739473919,ID
1739473920,1739474431,NP
1739474432,1739474943,IN
1739474944,1739475967,VN
1739475968,1739476479,IN
1739476480,1739476991,ID
1739476992,1739477759,IN
1739477760,1739478015,AU
1739478016,1739478527,NP
1739478528,1739479039,IN
1739479040,1739479551,SG
1739479552,1739480063,ID
1739480064,1739480575,IN
1739480576,1739481087,CN
1739481088,1739481599,PK
1739481600,1739482623,BD
1739482624,1739485183,IN
1739485184,1739486463,ID
1739486464,1739487231,IN
1739487232,1739488255,ID
1739488256,1739488511,TW
1739488512,1739490815,IN
1739491328,1739491839,MY
1739491840,1739492351,BD
1739492352,1739492863,IN
1739492864,1739493375,JP
1739493376,1739493887,IN
1739493888,1739494399,MY
1739494400,1739494911,IN
1739494912,1739495935,BD
1739496960,1739499519,IN
1739499520,1739500031,NP
1739500032,1739500543,AU
1739500544,1739503103,ID
1739503616,1739503871,ID
1739504640,1739505151,BD
1739505152,1739505663,TH
1739505664,1739506175,BD
1739506176,1739506687,PK
1739506688,1739507199,JP
1739507200,1739507711,IN
1739507712,1739508223,AU
1739508224,1739508735,IN
1739508736,1739509247,AU
1739509248,1739509759,PK
1739509760,1739510271,ID
1739510272,1739510527,IN
1739510784,1739511295,VN
1739511296,1739511807,BD
1739511808,1739513343,VN
1739513344,1739513855,ID
1739513856,1739514367,BD
1739514368,1739514623,IN
1739514624,1739515391,AU
1739515392,1739515903,BD
1739515904,1739517695,ID
1739517696,1739517951,PK
1739517952,1739520511,IN
1739520768,1739521023,SG
1739521024,1739525631,IN
1739525632,1739526143,CN
1739526144,1739526399,MY
1739526400,1739526655,BD
1739526656,1739527167,IN
1739527168,1739527679,BD
1739527680,1739528191,IN
1739528192,1739528703,ID
1739528704,1739529215,SG
1739529216,1739530751,IN
1739530752,1739531263,AU
1739531264,1739531519,JP
1739531520,1739531775,IN
1739531776,1739532287,ID
1739532288,1739532799,SB
1739532800,1739534847,ID
1739534848,1739535359,MY
1739535360,1739536383,IN
1739536384,1739536895,BD
1739536896,1739538431,IN
1739538432,1739539967,VN
1739539968,1739542015,IN
1739542016,1739542527,PK
1739542528,1739544063,ID
1739544064,1739544319,JP
1739544320,1739544575,ID
1739544576,1739545599,IN
1739545600,1739546111,NP
1739546112,1739547135,IN
1739547136,1739547391,JP
1739547392,1739547519,AR
1739547520,1739547583,US
1739547584,1739547647,AR
1739547648,1739550207,IN
1739550208,1739550719,JP
1739551232,1739551743,CN
1739551744,1739552255,IN
1739552256,1739552767,CN
1739552768,1739553279,AU
1739553280,1739553535,PK
1739553536,1739553791,BD
1739553792,1739554303,TH
1739554560,1739554815,BD
1739554816,1739555071,HK
1739555072,1739555327,DE
1739555328,1739556351,BD
1739556352,1739558399,IN
1739558400,1739559935,VN
1739559936,1739560191,TL
1739560192,1739560447,PG
1739560448,1739560959,MY
1739561472,1739563775,ID
1739563776,1739564031,IN
1739564544,1739565055,TW
1739565056,1739567871,IN
1739567872,1739568127,ID
1739568128,1739570175,IN
1739570176,1739570687,ID
1739570688,1739571199,IN
1739571200,1739571711,NP
1739571712,1739572223,TW
1739572224,1739572735,HK
1739572736,1739573247,VN
1739573248,1739573759,KR
1739573760,1739581439,ID
1739581440,1739581695,BD
1739581696,1739581951,AU
1739582464,1739583999,ID
1739584000,1739585023,BD
1739585024,1739585535,IN
1739585536,1739586047,VN
1739586048,1739587071,IN
1739587072,1739587583,TW
1739587584,1739588095,HK
1739588096,1739588607,BD
1739588608,1739589119,PK
1739589120,1739590655,IN
1739590656,1739591167,TL
1739591168,1739591423,IN
1739591424,1739591679,ID
1739591680,1739592191,IN
1739592192,1739592703,BD
1739592704,1739594239,VN
1739594240,1739599359,ID
1739599360,1739600383,IN
1739600384,1739600895,TW
1739600896,1739601407,CN
1739601408,1739601663,AU
1739601664,1739601919,PH
1739601920,1739602431,IN
1739602432,1739602943,SG
1739602944,1739603455,AU
1739603456,1739604479,IN
1739604480,1739605503,ID
1739605504,1739606015,IN
1739606016,1739606271,MY
1739606272,1739607039,IN
1739607040,1739608063,ID
1739608064,1739608575,BD
1739608576,1739609087,PK
1739609088,1739609599,IN
1739609600,1739610623,BD
1739610624,1739611135,HK
1739611136,1739611647,VN
1739611648,1739613183,ID
1739614208,1739615231,ID
1739615232,1739616767,VN
1739616768,1739617279,PH
1739617280,1739617791,IN
1739617792,1739618559,AU
1739618560,1739618815,ID
1739618816,1739619327,HK
1739619328,1739624191,IN
1739624192,1739624447,ID
1739624448,1739626495,VN
1739626496,1739626751,TH
1739626752,1739627007,GB
1739627008,1739627263,MN
1739627264,1739629567,IN
1739629568,1739630079,VN
1739630080,1739630591,IN
1739630592,1739631103,VN
1739631104,1739632127,IN
1739632128,1739632639,BD
1739632640,1739632895,IN
1739632896,1739633151,ID
1739633152,1739633663,VN
1739633664,1739634687,ID
1739634688,1739637759,IN
1739637760,1739638271,HK
1739638272,1739639295,ID
1739639296,1739639807,PH
1739639808,1739640319,PK
1739640320,1739640831,PH
1739640832,1739642623,IN
1739642624,1739642879,TL
1739642880,1739644415,AU
1739644416,1739644927,CN
1739645440,1739645695,PH
1739645696,1739645951,ID
1739645952,1739646463,NP
1739646464,1739647999,IN
1739648000,1739648511,BD
1739648512,1739650047,IN
1739650048,1739650559,CN
1739650560,1739651071,PK
1739651072,1739651583,BD
1739651584,1739652095,VN
1739652096,1739652607,ID
1739652608,1739654655,IN
1739654656,1739656191,ID
1739656192,1739656703,IN
1739656704,1739657215,ID
1739657216,1739657727,IN
1739657984,1739658239,BD
1739658240,1739658751,ID
1739658752,1739660287,IN
1739660288,1739660799,CN
1739660800,1739661311,IN
1739661312,1739661823,TW
1739661824,1739662335,VN
1739662336,1739662847,BD
1739662848,1739663359,VN
1739663360,1739664383,IN
1739664384,1739664895,JP
1739664896,1739665407,SG
1739665408,1739665919,BD
1739666432,1739666943,NP
1739666944,1739667455,BD
1739667456,1739667967,ID
1739667968,1739668479,IN
1739668480,1739668735,ID
1739668736,1739669759,IN
1739669760,1739670015,JP
1739670016,1739670527,IN
1739670528,1739671039,NP
1739671040,1739671551,CN
1739671552,1739672319,BD
1739672576,1739673087,SG
1739673088,1739673599,IN
1739673600,1739674111,HK
1739674112,1739674879,IN
1739675136,1739675647,MM
1739675648,1739675903,AU
1739675904,1739676159,IN
1739676160,1739680767,ID
1739680768,1739681791,VN
1739681792,1739682815,IN
1739683072,1739683327,JP
1739683328,1739683839,BD
1739683840,1739684351,IN
1739684352,1739685375,BD
1739685888,1739687423,IN
1739687424,1739687935,MY
1739687936,1739688447,CN
1739688448,1739688959,BD
1739688960,1739689471,ID
1739689472,1739689983,BD
1739689984,1739690495,ID
1739690496,1739691007,VN
1739691008,1739691519,IN
1739691520,1739692031,BD
1739692032,1739692543,ID
1739692544,1739693567,IN
1739693568,1739694591,AU
1739694592,1739695103,CN
1739695104,1739695615,VN
1739695616,1739696639,BD
1739696640,1739697151,VN
1739697152,1739698175,IN
1739698176,1739698687,ID
1739698688,1739700735,IN
1739700736,1739701247,BD
1739701248,1739701759,ID
1739701760,1739702527,IN
1739702528,1739702783,AU
1739702784,1739703295,IN
1739703296,1739703807,GB
1739704064,1739704319,ID
1739704320,1739704831,BD
1739704832,1739705855,IN
1739705856,1739706367,AF
1739706368,1739706879,PH
1739706880,1739707391,KH
1739707392,1739707647,ID
1739707904,1739709439,ID
1739709440,1739709951,BD
1739709952,1739710463,HK
1739710464,1739714559,IN
1739714560,1739715071,PK
1739715072,1739715583,BD
1739715584,1739716095,US
1739716096,1739716607,BD
1739716608,1739717119,SE
1739717120,1739718399,IN
1739718400,1739718655,ID
1739718656,1739719167,IN
1739719168,1739719679,ID
1739719680,1739720191,SG
1739720192,1739720703,BD
1739720704,1739721215,ID
1739721728,1739723263,ID
1739723264,1739723775,KH
1739723776,1739724799,ID
1739724800,1739725311,IN
1739725312,1739725823,BD
1739725824,1739726335,LU
1739726336,1739727359,BD
1739727360,1739727871,KR
1739727872,1739728383,TW
1739728384,1739728639,ID
1739728640,1739728895,SG
1739728896,1739729919,ID
1739729920,1739731967,IN
1739731968,1739732223,AU
1739732224,1739732479,NZ
1739732992,1739733503,CN
1739733504,1739735551,IN
1739735552,1739736063,BD
1739736576,1739737599,BD
1739737600,1739738623,IN
1739738624,1739739135,PK
1739739136,1739739647,KR
1739739648,1739739903,BD
1739739904,1739742207,ID
1739742720,1739743231,BD
1739743232,1739743487,PK
1739743488,1739743743,IN
1739744256,1739744767,PH
1739744768,1739745279,VN
1739745280,1739748863,IN
1739748864,1739749375,NZ
1739749376,1739749887,PK
1739749888,1739750655,IN
1739750656,1739750911,ID
1739750912,1739756031,IN
1739756032,1739758079,ID
1739758080,1739762175,IN
1739762176,1739763711,ID
1739763712,1739766271,IN
1739766272,1739767807,BD
1739767808,1739768319,IN
1739768320,1739768575,ID
1739768576,1739768831,FJ
1739768832,1739769343,ID
1739769344,1739773439,IN
1739773440,1739773951,VN
1739773952,1739774463,PK
1739774464,1739774719,ID
1739774720,1739774975,TH
1739774976,1739775487,BD
1739775488,1739777023,ID
1739777024,1739779071,VN
1739779072,1739780095,BD
1739780096,1739780607,CN
1739780608,1739781119,BD
1739781120,1739782655,IN
1739783168,1739783423,ID
1739783424,1739785727,IN
1739786240,1739787519,IN
1739787520,1739787775,ID
1739787776,1739788287,BD
1739788288,1739790335,IN
1739790336,1739790847,BD
1739790848,1739791359,ID
1739791872,1739793407,ID
1739793408,1739793751,AU
1739793752,1739793783,US
1739793784,1739793831,AU
1739793832,1739793839,SG
1739793840,1739793855,AU
1739793856,1739793863,GB
1739793864,1739793871,DE
1739793872,1739793879,IE
1739793880,1739793919,AU
1739793920,1739795455,IN
1739795456,1739795711,SG
1739795712,1739795967,JP
1739795968,1739798015,IN
1739798016,1739798527,BD
1739798528,1739799039,ID
1739799040,1739800575,BD
1739800576,1739802111,ID
1739802112,1739802367,MY
1739802368,1739803647,ID
1739803648,1739804671,CN
1739805184,1739805439,ID
1739805440,1739805695,SG
1739805696,1739807231,ID
1739807232,1739807487,IN
1739807488,1739807743,US
1739807744,1739808255,ID
1739808256,1739812863,IN
1739812864,1739813119,BD
1739813376,1739813887,IN
1739813888,1739814143,SG
1739814144,1739814399,ID
1739814400,1739815935,IN
1739815936,1739817471,BD
1739817472,1739817983,MY
1739817984,1739818239,AU
1739818496,1739820031,ID
1739820032,1739820543,BD
1739820544,1739820799,MY
1739820800,1739821055,GB
1739821056,1739821567,PH
1739821568,1739822079,IN
1739822080,1739822591,TW
1739822592,1739823103,BD
1739823616,1739824639,BD
1739824640,1739825663,JP
1739825664,1739826687,IN
1739827200,1739828223,IN
1739828224,1739829247,VN
1739829248,1739830527,ID
1739830528,1739830783,BD
1739830784,1739831295,ID
1739831296,1739833343,VN
1739833344,1739834879,IN
1739834880,1739835903,BD
1739835904,1739836415,GB
1739836416,1739836927,AU
1739836928,1739837439,BT
1739837440,1739837951,BD
1739837952,1739838975,IN
1739838976,1739840511,ID
1739840512,1739845119,IN
1739845120,1739845631,BD
1739845632,1739846143,PK
1739846144,1739846655,HK
1739846656,1739847167,BD
1739847168,1739847679,PK
1739847680,1739850239,ID
1739850240,1739850751,IN
1739853312,1739854847,TW
1739854848,1739855359,HK
1739855360,1739855871,TW
1739855872,1739856383,HK
1739856896,1739857407,HK
1739857408,1739857663,MY
1739857664,1739857919,IN
1739859456,1739859967,IN
1739860480,1739862015,IN
1739862016,1739862527,NZ
1739862528,1739862783,PH
1739862784,1739863039,IN
1739863040,1739864063,BD
1739864576,1739865087,ID
1739865088,1739865599,IN
1739866624,1739867135,IN
1739868160,1739868671,IN
1739870208,1739870719,IN
1739872256,1739872767,IN
1739873280,1739874047,IN
1739874048,1739874303,ID
1739874304,1739874815,VN
1739876352,1739876863,BD
1739876864,1739877375,IN
1739877376,1739877887,CN
1739877888,1739878399,IN
1739878400,1739878911,BD
1739878912,1739879167,AU
1739879168,1739879423,IN
1739879424,1739880447,ID
1739880448,1739880959,IN
1739880960,1739882495,ID
1739882496,1739883519,JP
1739883520,1739890687,VN
1739890688,1739891199,SG
1739891200,1739891455,ID
1739891456,1739891711,IN
1739891712,1739892735,ID
1739892736,1739896319,IN
1739897344,1739897855,IN
1739897856,1739898111,US
1739898112,1739898367,ID
1739898368,1739898623,NZ
1739898624,1739898879,AU
1739898880,1739899391,CH
1739899392,1739900927,ID
1739900928,1739901439,PH
1739901440,1739901951,BD
1739901952,1739902463,NZ
1739902464,1739902975,BD
1739902976,1739903487,AU
1739903488,1739907071,IN
1739907584,1739908095,CN
1739909632,1739911167,IN
1739911168,1739911679,NP
1739911680,1739912191,PK
1739912192,1739912703,BD
1739912704,1739913471,ID
1739913472,1739913727,IN
1739913728,1739914239,ID
1739914752,1739915263,IN
1739915264,1739915775,AU
1739915776,1739918335,IN
1739918336,1739918847,HK
1739918848,1739919871,IN
1739919872,1739920127,NZ
1739920128,1739921407,IN
1739921408,1739921919,BD
1739921920,1739922431,MM
1739922432,1739923455,BD
1739923456,1739926015,IN
1739926016,1739926527,BD
1739926528,1739927039,AU
1739927040,1739927551,BD
1739927552,1739927807,JP
1739927808,1739928063,SG
1739928064,1739928319,MY
1739928320,1739928575,IN
1739929088,1739932671,IN
1739932672,1739934719,BD
1739934720,1739935999,ID
1739936000,1739936255,IN
1739936256,1739936767,ID
1739936768,1739937791,IN
1739938304,1739939839,IN
1739939840,1739940351,BD
1739940352,1739940863,AU
1739940864,1739941887,IN
1739941888,1739942399,BD
1739942912,1739946239,IN
1739946496,1739947007,BD
1739947520,1739948031,IN
1739948288,1739948543,ID
1739948544,1739949055,AU
1739949056,1739949567,PK
1739949568,1739950079,US
1739950080,1739951103,ID
1739951104,1739951615,IN
1739951616,1739952127,ID
1739952128,1739956735,IN
1739956736,1739957247,BD
1739957248,1739957759,HK
1739957760,1739958783,IN
1739959808,1739961343,IN
1739961344,1739961855,BD
1739961856,1739962367,ID
1739964928,1739965183,IN
1739965184,1739965439,ID
1739965952,1739966975,IN
1739968512,1739969023,IN
1739969536,1739970047,IN
1739970560,1739971071,IN
1739972096,1739972607,IN
1739972608,1739973119,AU
1739973120,1739973631,NP
1739973632,1739974143,HK
1739974144,1739975167,IN
1739975168,1739975679,CN
1739975680,1739976703,IN
1739976704,1739977215,AU
1739977216,1739981311,ID
1739983360,1739983871,IN
1739984384,1739984895,PK
1739984896,1739986943,VN
1739991040,1739991551,AU
1739992064,1739992575,IN
1739992576,1739994623,ID
1739994624,1739995135,IN
1739995648,1739996159,IN
1739996672,1739997183,BD
1739997184,1739999231,IN
1739999232,1739999487,ID
1739999488,1739999743,AU
1739999744,1740000255,IN
1740000256,1740001791,ID
1740001792,1740002303,IN
1740003840,1740004351,IN
1740005376,1740005887,HK
1740005888,1740006399,ID
1740006912,1740009983,IN
1740010496,1740011007,IN
1740011008,1740011519,MM
1740011520,1740012031,IN
1740012032,1740012287,JP
1740012288,1740012543,KR
1740012544,1740013055,IN
1740013056,1740013567,KR
1740013568,1740015615,IN
1740015616,1740016639,ID
1740016640,1740018687,IN
1740018688,1740019711,BD
1740019712,1740019967,AU
1740019968,1740023807,IN
1740023808,1740024319,AU
1740024320,1740024831,BD
1740024832,1740025087,MV
1740025088,1740025343,AU
1740025344,1740025855,NP
1740025856,1740026879,IN
1740026880,1740030975,ID
1740030976,1740031999,IN
1740032000,1740034559,ID
1740034560,1740035071,IN
1740035072,1740035583,BD
1740036096,1740036863,IN
1740036864,1740037119,BD
1740037120,1740037631,IN
1740037632,1740038655,ID
1740038656,1740039167,TW
1740039168,1740043775,ID
1740044288,1740044799,ID
1740044800,1740045311,KR
1740045312,1740046847,ID
1740046848,1740047359,HK
1740047360,1740050431,ID
1740050432,1740050943,BD
1740050944,1740052479,ID
1740052480,1740052991,IN
1740052992,1740053503,CN
1740053504,1740056063,IN
1740056064,1740056575,BD
1740056832,1740057087,AU
1740057088,1740058623,IN
1740059648,1740060671,IN
1740060672,1740062207,ID
1740062208,1740062719,BD
1740062720,1740063231,KH
1740063232,1740063743,CN
1740063744,1740064255,BD
1740064256,1740065279,IN
1740065280,1740065791,ID
1740065792,1740066303,JP
1740066304,1740066815,TW
1740066816,1740069887,IN
1740069888,1740070655,ID
1740070656,1740070911,PH
1740070912,1740071423,IN
1740071424,1740072447,ID
1740072448,1740073471,IN
1740073472,1740073983,BD
1740073984,1740074751,VN
1740074752,1740075007,AU
1740075008,1740076031,VN
1740076032,1740076543,BD
1740076544,1740077567,VN
1740077568,1740078591,CN
1740078592,1740078847,TW
1740078848,1740079103,NZ
1740081664,1740082175,IN
1740082176,1740082687,BD
1740082688,1740083199,NZ
1740083200,1740085759,VN
1740085760,1740086271,TW
1740086272,1740087295,IN
1740091904,1740095487,ID
1740095488,1740095999,PH
1740096000,1740096511,MM
1740097024,1740097535,TW
1740098048,1740099071,IN
1740099584,1740100095,IN
1740100608,1740102143,IN
1740102144,1740102655,HK
1740102656,1740102911,AU
1740102912,1740103167,VN
1740104192,1740106239,IN
1740107264,1740108799,IN
1740109312,1740109823,PH
1740109824,1740110335,AU
1740110336,1740111871,ID
1740111872,1740112383,PK
1740112384,1740112895,AU
1740114432,1740114687,JP
1740114688,1740114943,IN
1740114944,1740117503,ID
1740117504,1740118015,IN
1740118016,1740118527,BD
1740118528,1740120063,ID
1740120064,1740120575,AU
1740121088,1740121599,IN
1740122112,1740123135,IN
1740123648,1740124159,CN
1740124160,1740126719,ID
1740126720,1740127231,PK
1740127232,1740127743,CN
1740127744,1740129279,ID
1740129280,1740132351,IN
1740132864,1740133375,IN
1740133888,1740134399,IN
1740134912,1740135423,IN
1740135424,1740135935,PK
1740135936,1740136447,BD
1740136448,1740136959,VN
1740136960,1740137471,ID
1740137984,1740138239,SG
1740138240,1740139519,IN
1740140544,1740141055,VN
1740142080,1740142591,IN
1740142592,1740143615,ID
1740143616,1740144127,VN
1740144128,1740144639,IN
1740144640,1740144895,ID
1740144896,1740145151,HK
1740145152,1740145663,IN
1740146688,1740146943,BD
1740146944,1740147199,IN
1740147200,1740147711,NP
1740151296,1740151807,IN
1740153344,1740153855,IN
1740154368,1740154623,IN
1740154624,1740154879,ID
1740154880,1740155903,IN
1740155904,1740156415,BD
1740156416,1740156927,AU
1740156928,1740157439,IN
1740157440,1740158975,ID
1740158976,1740159487,IN
1740161024,1740162047,IN
1740164096,1740165119,IN
1740172288,1740173311,IN
1740173824,1740174335,IN
1740176384,1740176639,IN
1740176640,1740176895,AU
1740179968,1740180479,IN
1740182528,1740183039,BD
1740183040,1740183551,NZ
1740183552,1740184063,BD
1740184064,1740184319,IN
1740184320,1740184575,ID
1740184576,1740185087,TW
1740186624,1740191231,ID
1740196352,1740196863,IN
1740197376,1740198399,CN
1740198400,1740198911,ID
1740198912,1740199935,IN
1740203008,1740203263,IN
1740203264,1740203519,US
1740203520,1740204287,IN
1740204288,1740204319,MM
1740204320,1740205567,IN
1740205568,1740206079,ID
1740211712,1740212223,IN
1740214784,1740215295,TH
1740217856,1740218367,HK
1740218368,1740219391,IN
1740221952,1740222463,IN
1740222464,1740222975,BD
1740222976,1740223487,IN
1740224512,1740225535,VN
1740226560,1740226815,IN
1740226816,1740228095,ID
1740228096,1740231167,IN
1740231680,1740232191,IN
1740232704,1740233471,IN
1740233472,1740233727,PH
1740233728,1740234239,IN
1740234240,1740234751,MM
1740234752,1740235775,BD
1740235776,1740236287,CN
1740236288,1740236543,KH
1740236544,1740236799,AF
1740236800,1740237311,VN
1740237312,1740240895,IN
1740240896,1740241407,HK
1740241408,1740241919,BD
1740241920,1740243967,ID
1740243968,1740244479,CN
1740244992,1740246271,ID
1740246272,1740246527,AU
1740246528,1740248063,IN
1740248064,1740248575,BD
1740248576,1740249087,PK
1740249088,1740249599,VN
1740249600,1740250111,ID
1740250112,1740250623,AU
1740250624,1740252159,ID
1740252160,1740252671,IN
1740253184,1740255743,IN
1740255744,1740256767,BD
1740256768,1740257279,IN
1740257280,1740257791,BD
1740257792,1740259327,ID
1740259328,1740260351,VN
1740260352,1740261887,IN
1740261888,1740262399,SG
1740262400,1740263423,PK
1740263680,1740263935,ID
1740263936,1740264447,NZ
1740264448,1740264959,US
1740264960,1740265471,HK
1740265472,1740268543,ID
1740268544,1740269055,VN
1740269056,1740269567,BD
1740269568,1740270079,MM
1740270080,1740270591,PH
1740270592,1740271103,CN
1740271104,1740271359,MY
1740271360,1740271615,IN
1740271616,1740272127,CN
1740272128,1740272639,PK
1740272640,1740273151,MY
1740273152,1740273663,TW
1740273664,1740274175,IN
1740274176,1740274687,MM
1740274688,1740275199,IN
1740275712,1740277247,IN
1740277760,1740278271,CN
1740278272,1740278783,PH
1740278784,1740279295,ID
1740279808,1740280319,PH
1740280320,1740281343,VN
1740281344,1740281855,IN
1740281856,1740282879,VN
1740282880,1740283135,AU
1740283136,1740283391,PH
1740283904,1740284415,MY
1740284416,1740284671,CN
1740284672,1740284927,JP
1740284928,1740286463,ID
1740286464,1740286975,KR
1740286976,1740288255,IN
1740288256,1740289023,ID
1740289024,1740290047,VN
1740290048,1740290559,IN
1740290560,1740291071,TW
1740291072,1740291583,IN
1740291584,1740292095,TH
1740292096,1740293119,ID
1740293120,1740293631,NP
1740293632,1740294143,IN
1740294144,1740295423,ID
1740295424,1740295679,SG
1740295680,1740296191,PH
1740296192,1740297727,ID
1740297728,1740298239,HK
1740298240,1740299263,BD
1740299264,1740300799,IN
1740300800,1740301311,BD
1740301312,1740301823,CN
1740301824,1740303103,IN
1740303104,1740303359,PH
1740303360,1740303871,IN
1740304384,1740304895,MM
1740304896,1740305407,AU
1740305920,1740306687,IN
1740306688,1740306943,SG
1740306944,1740307455,IN
1740307456,1740307967,BD
1740307968,1740308479,IN
1740308480,1740310015,VN
1740310016,1740310527,NZ
1740310528,1740310783,NP
1740310784,1740311039,ID
1740311040,1740311551,SG
1740311552,1740312063,BD
1740312576,1740314111,IN
1740314112,1740315135,BD
1740315136,1740315647,MY
1740315648,1740316159,PH
1740316160,1740316671,BD
1740316672,1740317183,NZ
1740317184,1740317695,KR
1740317696,1740318207,IN
1740318208,1740318719,BD
1740323328,1740323839,IN
1740324352,1740325375,IN
1740325376,1740326143,BD
1740326144,1740326399,ID
1740326400,1740326911,HK
1740327424,1740327935,IN
1740328448,1740330495,IN
1740330496,1740332031,ID
1740332032,1740332543,IN
1740332544,1740333055,BD
1740333056,1740333567,IN
1740333568,1740334079,BD
1740334080,1740335103,IN
1740335104,1740335359,AU
1740335616,1740335871,ID
1740335872,1740336127,AU
1740336128,1740336639,KR
1740336640,1740337151,IN
1740337152,1740337919,ID
1740338176,1740338687,ID
1740338688,1740339967,AU
1740339968,1740340223,IN
1740340224,1740340735,BD
1740340736,1740341759,JP
1740341760,1740343295,IN
1740343296,1740343551,BD
1740343552,1740343807,IN
1740343808,1740344319,AU
1740344320,1740344647,PH
1740344648,1740344651,AU
1740344652,1740344703,PH
1740344704,1740344711,AU
1740344712,1740344831,PH
1740344832,1740345343,IN
1740345856,1740346367,ID
1740346880,1740348927,ID
1740348928,1740349951,IN
1740349952,1740350975,ID
1740350976,1740351487,IN
1740351488,1740351999,VN
1740352000,1740352511,IN
1740354048,1740354559,IN
1740355072,1740355583,IN
1740355584,1740357119,ID
1740357120,1740357631,IN
1740357632,1740358143,AU
1740358144,1740360191,IN
1740362240,1740363263,IN
1740363264,1740363775,ID
1740363776,1740364287,IN
1740364288,1740366847,ID
1740366848,1740368383,IN
1740368384,1740369407,ID
1740369408,1740369663,IN
1740369664,1740370431,AU
1740370432,1740370943,IN
1740370944,1740371455,BD
1740371456,1740372479,IN
1740377088,1740377599,ID
1740378624,1740379135,IN
1740379136,1740379647,VN
1740379648,1740380159,AU
1740382208,1740384767,ID
1740384768,1740385279,PH
1740385280,1740385791,BD
1740385792,1740386815,IN
1740386816,1740387839,ID
1740393472,1740394495,IN
1740394496,1740396031,VN
1740396032,1740396543,PH
1740396544,1740396799,MY
1740396800,1740397055,KR
1740397056,1740397311,MM
1740397312,1740397567,IN
1740397568,1740398079,PK
1740398080,1740398591,IN
1740404224,1740404735,ID
1740404736,1740405247,TW
1740405248,1740405759,ID
1740406272,1740406783,IN
1740408320,1740408831,AU
1740408832,1740409343,BD
1740415488,1740415999,IN
1740416000,1740417023,VN
1740417024,1740419583,ID
1740419584,1740420095,IN
1740420096,1740420607,HK
1740420608,1740421119,AU
1740429824,1740430847,IN
1740432896,1740433407,IT
1740433408,1740433919,BD
1740433920,1740434431,HK
1740434432,1740434943,IN
1740435968,1740436991,VN
1740436992,1740437759,IN
1740437760,1740438015,ID
1740438016,1740438527,VN
1740438528,1740440063,ID
1740440064,1740440319,PK
1740440320,1740440575,IN
1740440576,1740441599,BD
1740441600,1740442111,AU
1740442112,1740442623,BD
1740449792,1740450303,IN
1740451840,1740452095,IN
1740452096,1740452351,ID
1740453888,1740454399,IN
1740454400,1740456447,ID
1740456448,1740456959,BD
1740456960,1740457471,PK
1740457472,1740457727,VN
1740457728,1740457983,IN
1740457984,1740460031,VN
1740460032,1740462079,IN
1740462080,1740462591,SG
1740462592,1740463103,IN
1740463104,1740463615,CN
1740463616,1740464639,ID
1740464640,1740466175,IN
1740466176,1740466687,ID
1740466688,1740467199,BD
1740467200,1740467711,TW
1740467712,1740468991,ID
1740468992,1740469247,BD
1740469248,1740471295,ID
1740471296,1740471807,IN
1740471808,1740472319,PK
1740472320,1740472831,HK
1740472832,1740473343,IN
1740473344,1740473855,TW
1740473856,1740474367,IN
1740474368,1740474879,TH
1740474880,1740475391,ID
1740475392,1740475903,CN
1740475904,1740476415,IN
1740476416,1740476927,BD
1740476928,1740477951,IN
1740478464,1740479487,CN
1740479488,1740480511,BD
1740480512,1740481023,NP
1740481024,1740481535,BD
1740481536,1740483583,ID
1740483584,1740484095,IN
1740484608,1740485119,BD
1740485120,1740485631,IN
1740485632,1740486143,AU
1740486144,1740486911,IN
1740486912,1740487167,JP
1740487168,1740487679,KH
1740487680,1740488191,JP
1740488192,1740488703,IT
1740488704,1740489215,NZ
1740489216,1740489727,PK
1740489984,1740491263,ID
1740491264,1740491775,VN
1740491776,1740492799,ID
1740492800,1740493311,VN
1740493312,1740493567,AU
1740493568,1740493823,IN
1740493824,1740494335,AU
1740494336,1740495359,IN
1740495360,1740495871,BD
1740495872,1740496383,IN
1740496384,1740496895,ID
1740496896,1740497407,IN
1740497408,1740497919,BD
1740497920,1740498175,IN
1740498176,1740498431,ID
1740498688,1740498943,ID
1740498944,1740499455,PK
1740499456,1740499967,ID
1740499968,1740500479,BD
1740500480,1740500991,CH
1740500992,1740501503,AU
1740501504,1740502015,BD
1740502016,1740502271,IN
1740502272,1740502527,ID
1740502528,1740503039,BD
1740503040,1740504831,ID
1740504832,1740505087,SG
1740505088,1740505599,ID
1740505600,1740507903,IN
1740507904,1740508159,TH
1740508160,1740509183,IN
1740509184,1740509695,BD
1740509696,1740510207,AU
1740510208,1740510719,CN
1740510720,1740511231,PK
1740511232,1740512255,IN
1740512256,1740513791,ID
1740513792,1740514303,BD
1740514304,1740515327,VN
1740515328,1740515839,NP
1740515840,1740516863,BD
1740516864,1740518399,ID
1740518400,1740519423,IN
1740519936,1740520447,JP
1740520448,1740521727,ID
1740521728,1740521983,AU
1740521984,1740522495,IN
1740522496,1740523007,BD
1740523008,1740523263,IN
1740523264,1740523519,CN
1740523520,1740524543,BD
1740524544,1740525567,ID
1740525568,1740526079,VN
1740526080,1740527103,BD
1740527104,1740527615,NZ
1740527616,1740528383,AU
1740528384,1740529151,IN
1740529152,1740529407,ID
1740529408,1740531199,IN
1740531200,1740531711,DE
1740531712,1740532223,CN
1740532224,1740532735,VN
1740532736,1740533503,ID
1740533504,1740533759,JP
1740533760,1740534783,ID
1740534784,1740535807,CN
1740535808,1740536319,VN
1740536320,1740536831,CN
1740536832,1740537343,HK
1740537344,1740537599,SG
1740537600,1740537855,IN
1740537856,1740538367,AU
1740538368,1740539391,BD
1740539392,1740539903,ID
1740539904,1740540415,BD
1740540416,1740540927,PH
1740541952,1740542463,IN
1740547584,1740547839,IN
1740548096,1740548607,TW
1740548608,1740549119,ID
1740550656,1740551167,SG
1740553728,1740554239,IN
1740554752,1740555263,IN
1740555776,1740556031,IN
1740556032,1740556287,BD
1740556288,1740557311,VN
1740557312,1740557823,BD
1740557824,1740558335,AU
1740559360,1740559871,IN
1740559872,1740562943,ID
1740562944,1740563967,BD
1740563968,1740564223,ID
1740564224,1740564479,IN
1740564480,1740564991,HK
1740566016,1740566527,IN
1740567040,1740567551,IN
1740569088,1740570111,IN
1740570624,1740575231,ID
1740575232,1740575487,PK
1740575744,1740576767,TW
1740576768,1740577791,IN
1740579840,1740580351,AU
1740580352,1740580607,NZ
1740580608,1740580863,ID
1740580864,1740581887,IN
1740582912,1740583935,SG
1740583936,1740586495,ID
1740586496,1740586751,IN
1740586752,1740587007,ID
1740587008,1740587519,IN
1740587520,1740588031,TH
1740588032,1740588543,AU
1740588544,1740589567,ID
1740589568,1740590335,MY
1740590336,1740590591,MV
1740592128,1740592639,BD
1740592640,1740594175,IN
1740594176,1740594943,ID
1740594944,1740595199,IN
1740595712,1740596223,BD
1740596224,1740596735,IN
1740596736,1740597247,CN
1740597248,1740597503,IN
1740597760,1740598271,PH
1740598528,1740598783,ID
1740598784,1740599295,PH
1740599296,1740600319,IN
1740600320,1740600831,ID
1740600832,1740601343,PK
1740601856,1740602367,PK
1740602368,1740603903,ID
1740603904,1740604415,NP
1740604416,1740606719,IN
1740606720,1740606975,ID
1740606976,1740607487,AU
1740607488,1740608511,VN
1740608512,1740610559,ID
1740610816,1740611071,ID
1740611072,1740611583,BD
1740611584,1740612095,NP
1740612096,1740612607,BD
1740612608,1740612863,IN
1740612864,1740613119,ID
1740613120,1740613631,NP
1740613632,1740614143,ID
1740614144,1740614399,IN
1740614400,1740614655,ID
1740614656,1740615167,IN
1740615168,1740615679,BD
1740615680,1740616191,ID
1740616192,1740616703,BD
1740616704,1740616959,IN
1740616960,1740617215,TW
1740617216,1740617727,IN
1740618240,1740618751,IN
1740620800,1740621311,ID
1740621312,1740621823,IN
1740621824,1740622335,ID
1740622336,1740623359,IN
1740623872,1740624383,IN
1740625920,1740626943,ID
1740630528,1740631039,IN
1740632064,1740632575,BD
1740632576,1740633087,CN
1740634624,1740635135,ID
1740635648,1740636159,ID
1740636160,1740644351,CN
1740644352,1740645375,IN
1740645376,1740647423,HK
1740647424,1740648447,MO
1740648448,1740651519,CN
1740651520,1740653567,IN
1740653568,1740654591,JP
1740654592,1740655615,IN
1740655616,1740656639,NP
1740656640,1740656895,AU
1740656896,1740657151,ID
1740657152,1740657663,AU
1740657664,1740665855,CN
1740665856,1740666879,IN
1740666880,1740667903,JP
1740667904,1740668927,PH
1740668928,1740674047,CN
1740675072,1740676095,NZ
1740676096,1740677119,BD
1740677120,1740678143,DE
1740678144,1740679167,CN
1740679168,1740680447,IN
1740680448,1740680703,AU
1740680704,1740680959,ID
1740680960,1740681215,AU
1740681216,1740681618,HK
1740681619,1740681619,JP
1740681620,1740682239,HK
1740683264,1740684287,PH
1740684288,1740685311,CN
1740685312,1740686591,AU
1740686592,1740686847,US
1740686848,1740687359,IN
1740688384,1740689407,IN
1740689408,1740692479,CN
1740692480,1740693503,IN
1740693504,1740694527,HK
1740694528,1740695551,JP
1740696576,1740697599,VN
1740697600,1740698623,NZ
1740698624,1740700671,IN
1740700672,1740701695,CN
1740701696,1740702719,IN
1740703744,1740704255,NZ
1740704256,1740704767,BD
1740704768,1740705791,JP
1740705792,1740706047,NZ
1740706048,1740706303,AU
1740706304,1740706559,PK
1740706560,1740706815,ID
1740706816,1740709887,IN
1740709888,1740710911,HK
1740710912,1740711423,IN
1740711424,1740711935,NZ
1740711936,1740713983,CN
1740713984,1740719103,IN
1740719104,1740720127,HK
1740720128,1740720639,BD
1740720640,1740721151,IN
1740721152,1740721407,AU
1740721408,1740721663,IN
1740721664,1740721919,AU
1740721920,1740722175,IN
1740722176,1740723199,AU
1740723200,1740731391,IN
1740731392,1740732415,ID
1740732416,1740733439,CN
1740733440,1740733951,HK
1740733952,1740734207,SG
1740734208,1740734463,HK
1740734464,1740735231,JP
1740735232,1740735487,HK
1740735488,1740736511,PS
1740736512,1740737535,NZ
1740737536,1740738559,CN
1740738560,1740739583,ID
1740739584,1740740607,HK
1740740608,1740742655,IN
1740742656,1740743679,CN
1740743936,1740744191,UA
1740744192,1740744703,ID
1740744704,1740745727,BD
1740745728,1740746239,HK
1740746240,1740746751,US
1740746752,1740747775,ID
1740748800,1740749823,HK
1740749824,1740751871,CN
1740751872,1740753919,IN
1740753920,1740754943,KH
1740754944,1740755967,AU
1740755968,1740763135,CN
1740764160,1740766207,HK
1740766208,1740766975,TL
1740766976,1740767231,IN
1740767232,1740769279,AU
1740769280,1740771327,IN
1740771328,1740772351,CN
1740772352,1740776447,IN
1740776448,1740778495,HK
1740778496,1740779007,IN
1740779008,1740779519,ID
1740779520,1740780543,AU
1740780544,1740784639,IN
1740784640,1740784895,AU
1740784896,1740785663,IN
1740785664,1740786687,JP
1740786688,1740787711,SG
1740787712,1740788735,MY
1740789760,1740790783,IN
1740790784,1740791807,PK
1740791808,1740792831,IN
1740792832,1740794879,HK
1740794880,1740795903,KR
1740795904,1740798207,IN
1740798208,1740798463,AU
1740798464,1740798975,IN
1740798976,1740799999,AU
1740800000,1740800511,IN
1740800512,1740800767,ID
1740800768,1740805119,IN
1740805120,1740806143,HK
1740806144,1740809215,IN
1740809216,1740810239,JP
1740810240,1740810751,IN
1740810752,1740811007,NL
1740811008,1740811263,IN
1740811264,1740812287,ID
1740812288,1740813311,MN
1740813312,1740814335,IN
1740814336,1740815359,HK
1740815360,1740816383,VN
1740816384,1740821503,IN
1740821504,1740822015,HK
1740822016,1740822527,MY
1740822528,1740825855,IN
1740825856,1740826111,AU
1740826112,1740826623,SG
1740826624,1740827647,IN
1740827648,1740827839,JP
1740827840,1740828031,HK
1740828032,1740828159,SG
1740828160,1740828415,TW
1740828416,1740828671,HK
1740828672,1740829695,IN
1740829696,1740830719,HK
1740830720,1740831743,IN
1740831744,1740832767,KR
1740832768,1740833791,KH
1740833792,1740834815,HK
1740834816,1740835839,NZ
1740835840,1740836863,AU
1740836864,1740837119,IN
1740837120,1740837375,AU
1740837376,1740837887,ID
1740837888,1740838911,MY
1740838912,1740839935,IN
1740839936,1740840959,ID
1740840960,1740841983,SG
1740841984,1740845055,IN
1740845056,1740846079,HK
1740846080,1740846591,AU
1740846592,1740847103,BD
1740847104,1740848127,ID
1740848128,1740849407,AU
1740849408,1740849663,ID
1740849664,1740850175,AU
1740850176,1740855295,IN
1740855296,1740856319,ID
1740856320,1740858367,IN
1740858368,1740859391,US
1740859392,1740860415,CN
1740860416,1740861439,HK
1740861440,1740862463,CN
1740862464,1740863487,HK
1740863488,1740865535,IN
1740865536,1740866559,SG
1740866560,1740867583,HK
1740867584,1740868607,SG
1740868608,1740869119,BD
1740869120,1740869375,ID
1740869376,1740869631,MY
1740869632,1740870655,IN
1740870656,1740872703,CN
1740872704,1740873727,ID
1740873728,1740874751,CN
1740874752,1740876287,ID
1740876288,1740876799,AU
1740876800,1740880895,IN
1740880896,1740881919,SG
1740881920,1740882943,HK
1740882944,1740884991,IN
1740884992,1740885503,BD
1740885504,1740886015,AU
1740886016,1740893183,IN
1740893184,1740895231,VN
1740895232,1740900351,IN
1740900352,1740900863,US
1740900864,1740901375,CH
1740901376,1740901887,TH
1740901888,1740902399,ID
1740902400,1740903423,VN
1740903424,1740904447,US
1740904448,1740904959,NZ
1740904960,1740905471,SG
1740905472,1740907519,IN
1740907520,1740908031,US
1740908032,1740908543,HK
1740908544,1740910591,ID
1740910592,1740910847,SG
1740910848,1740911103,HK
1740911104,1740911359,FR
1740911360,1740911615,NL
1740911616,1740912639,IN
1740913664,1740914687,HK
1740914688,1740915711,CN
1740915712,1740916735,AU
1740916736,1740917759,CN
1740917760,1740918783,IN
1740918784,1740919807,NZ
1740919808,1740920063,AU
1740920064,1740920319,ID
1740920320,1740920831,US
1740920832,1740923903,CN
1740923904,1740924927,HK
1740924928,1740925951,PH
1740925952,1740926463,NZ
1740926464,1740926719,IN
1740926976,1740927999,SG
1740928000,1740928255,ID
1740928256,1740928511,IN
1740928512,1740929023,ID
1740929024,1740930047,PS
1740930048,1740931071,HK
1740931072,1740932095,PH
1740932096,1740933119,IN
1740933120,1740934143,PH
1740934144,1740935167,SG
1740935168,1740935679,VN
1740935680,1740936191,ID
1740936192,1740937215,AU
1740937216,1740938495,ID
1740938496,1740938751,IN
1740938752,1740939263,TH
1740939264,1740940287,PK
1740940288,1740941311,US
1740941312,1740942335,CN
1740942336,1740943359,TW
1740943360,1740943871,PH
1740943872,1740944383,ID
1740944384,1740945407,US
1740945408,1740947967,IN
1740947968,1740948223,AU
1740948224,1740948479,MY
1740948480,1740950527,IN
1740950528,1740951551,CN
1740951552,1740957695,IN
1740957696,1740958719,BD
1740958720,1740959743,VN
1740959744,1740960767,AU
1740960768,1740962815,VN
1740962816,1740963839,SG
1740963840,1740964863,CN
1740964864,1740965887,HK
1740965888,1740966911,DE
1740966912,1740967935,JP
1740967936,1740968959,IN
1740968960,1740969983,MY
1740969984,1740971007,HK
1740971008,1740972031,SG
1740972032,1740975103,IN
1740975104,1740976127,PK
1740976128,1740976895,BD
1740976896,1740977151,IN
1740977152,1740978175,NZ
1740978176,1740979199,MY
1740979200,1740980223,NZ
1740980224,1740981247,AU
1740981248,1740982271,HK
1740982272,1740985343,IN
1740985344,1740986367,PH
1740986368,1740986623,AU
1740986624,1740986879,ID
1740986880,1740987391,VN
1740987392,1740988415,ID
1740988416,1740989439,AU
1740989440,1740990463,IN
1740990464,1740990975,NP
1740990976,1741000703,IN
1741000704,1741001727,AU
1741001728,1741002751,CY
1741002752,1741003775,BD
1741003776,1741004287,MM
1741004288,1741004799,TW
1741005824,1741006847,MV
1741006848,1741007871,HK
1741007872,1741008895,TW
1741008896,1741009919,BT
1741009920,1741010943,CN
1741010944,1741011455,VN
1741011456,1741011967,AU
1741011968,1741012991,ID
1741012992,1741014015,HK
1741014016,1741015039,MM
1741015040,1741016063,PH
1741016064,1741017087,BD
1741017088,1741018111,JP
1741018112,1741019135,AU
1741019136,1741020159,HK
1741020160,1741022207,IN
1741022208,1741023231,CN
1741023232,1741025279,AU
1741025280,1741026303,KH
1741026304,1741027327,TH
1741027328,1741028351,BD
1741028864,1741029375,SG
1741029376,1741029631,AU
1741029632,1741029887,ID
1741029888,1741030399,BD
1741031424,1741031935,NP
1741031936,1741032447,IN
1741032448,1741033471,JP
1741033984,1741034495,HK
1741034496,1741034751,US
1741034752,1741035519,CN
1741035520,1741036031,AU
1741036032,1741036543,MY
1741036544,1741037567,NZ
1741037568,1741038079,AU
1741038080,1741038591,IN
1741038592,1741039615,JP
1741039616,1741040639,AU
1741041664,1741042687,HK
1741042688,1741043199,MY
1741043200,1741043711,AU
1741043712,1741044735,HK
1741044736,1741046783,CN
1741046784,1741047807,MY
1741047808,1741048831,CN
1741048832,1741049855,SG
1741049856,1741050367,ES
1741050368,1741050623,HK
1741050624,1741050879,IN
1741050880,1741051903,MY
1741052928,1741053183,AU
1741053184,1741053439,ID
1741053440,1741053951,BD
1741053952,1741055999,IN
1741056000,1741056511,NZ
1741056512,1741057023,AU
1741057024,1741058047,JP
1741058048,1741058559,AU
1741059072,1741061119,ID
1741061120,1741062143,CN
1741062144,1741062399,IN
1741062400,1741062655,ID
1741062656,1741062911,AU
1741062912,1741063167,ID
1741063168,1741065215,BD
1741065216,1741066239,SG
1741066240,1741067263,HK
1741067264,1741068287,MM
1741068288,1741068799,TW
1741068800,1741069311,PK
1741069312,1741070335,CN
1741070336,1741071359,JP
1741071360,1741072383,IN
1741072384,1741073407,BD
1741073408,1741074431,IN
1741074432,1741075455,TL
1741075456,1741076479,CN
1741076480,1741076735,NZ
1741077248,1741077503,IN
1741077504,1741079551,HK
1741079552,1741080575,CN
1741080576,1741082623,HK
1741082624,1741083391,JP
1741083392,1741083647,VN
1741083648,1741084671,JP
1741084672,1741092863,CN
1741092864,1741093887,HK
1741093888,1741094399,BD
1741094400,1741094911,IN
1741094912,1741095423,NZ
1741095424,1741095935,ID
1741095936,1741115391,VN
1741115392,1741115647,US
1741115648,1741115903,NZ
1741115904,1741116415,AU
1741116416,1741117439,BD
1741117440,1741118463,QA
1741118464,1741119487,IN
1741119488,1741119743,AU
1741119744,1741119999,IN
1741120000,1741120255,GB
1741120256,1741120511,DE
1741120512,1741121535,US
1741121536,1741122559,HK
1741122560,1741123583,BD
1741123584,1741124607,IN
1741124608,1741124863,ES
1741124864,1741125375,ID
1741125376,1741125631,AU
1741125632,1741128703,IN
1741128704,1741129727,JP
1741129728,1741130751,IN
1741130752,1741131263,PK
1741131264,1741132799,IN
1741132800,1741133823,MY
1741133824,1741134847,BD
1741134848,1741136895,IN
1741136896,1741137919,CN
1741137920,1741138431,BD
1741138432,1741138943,TH
1741138944,1741139967,IN
1741139968,1741140991,PS
1741140992,1741142271,IN
1741142272,1741143039,BR
1741143040,1741145087,IN
1741145088,1741146111,CN
1741146112,1741150207,IN
1741150208,1741151231,MY
1741151232,1741152255,JP
1741152256,1741153279,IN
1741153280,1741154303,CN
1741154304,1741155327,TR
1741155328,1741156351,ID
1741156352,1741157375,IN
1741157376,1741158399,HK
1741158400,1741160447,CN
1741160448,1741161471,TW
1741161472,1741162495,SG
1741162496,1741164543,AU
1741164544,1741165567,ID
1741165568,1741167615,VN
1741167616,1741167871,CZ
1741167872,1741168639,JP
1741168640,1741169663,PH
1741169664,1741170687,BD
1741170688,1741173759,IN
1741173760,1741174783,CN
1741174784,1741175807,IN
1741175808,1741176831,VN
1741176832,1741178879,CN
1741178880,1741179391,CA
1741179392,1741183999,IN
1741184000,1741185023,BD
1741185024,1741186047,HK
1741186048,1741188095,IN
1741188096,1741188607,NL
1741188608,1741189119,IN
1741189120,1741190143,HK
1741190144,1741191167,ID
1741191168,1741192191,VN
1741192192,1741193215,HK
1741193216,1741194239,ID
1741194240,1741195263,MM
1741195264,1741210623,CN
1741210624,1741211647,PK
1741211648,1741212671,SG
1741212672,1741213695,ID
1741213696,1741214719,SG
1741214720,1741215743,IN
1741215744,1741216767,SG
1741216768,1741232127,CN
1741232128,1741233151,HK
1741233152,1741243391,CN
1741243392,1741245439,HK
1741245440,1741257727,CN
1741257728,1741258751,IN
1741258752,1741259775,JP
1741259776,1741264895,IN
1741264896,1741303807,CN
1741303808,1741304831,HK
1741304832,1741305599,GB
1741305600,1741305855,NL
1741305856,1741329407,CN
1741329408,1741330431,MH
1741330432,1741344767,CN
1741344768,1741345791,AU
1741345792,1741346815,CN
1741346816,1741347327,JP
1741347584,1741347839,US
1741347840,1741348863,BD
1741349376,1741349887,ID
1741349888,1741350911,CN
1741350912,1741351935,ES
1741351936,1741366271,CN
1741366272,1741367295,IN
1741367296,1741368319,US
1741368320,1741369343,PK
1741369344,1741370111,HK
1741370112,1741370367,US
1741370368,1741371391,PH
1741371392,1741372415,CN
1741372416,1741374463,IN
1741374464,1741375487,ID
1741375488,1741376511,IN
1741376512,1741377535,ID
1741377536,1741378559,IN
1741378560,1741379583,PL
1741379584,1741380095,PK
1741380096,1741380607,ID
1741380608,1741381631,BD
1741381632,1741390847,CN
1741390848,1741391871,MM
1741391872,1741392895,IN
1741392896,1741393919,CN
1741393920,1741394943,IN
1741395968,1741396991,SG
1741396992,1741397503,JP
1741397504,1741398015,HK
1741398016,1741398783,ID
1741398784,1741399039,AU
1741399040,1741401087,CN
1741401088,1741402111,IN
1741402112,1741403135,BD
1741403136,1741404159,AT
1741404160,1741405183,HK
1741405184,1741405439,NZ
1741405440,1741405695,ID
1741405696,1741406207,AU
1741406208,1741407231,CN
1741407232,1741408255,AU
1741408256,1741409279,CN
1741409280,1741410303,ID
1741410304,1741411327,IN
1741411328,1741413375,CN
1741413376,1741413631,HK
1741413632,1741413887,SG
1741413888,1741414143,JP
1741414144,1741414399,HK
1741414400,1741416447,IN
1741416448,1741417215,ID
1741417216,1741417471,AU
1741417472,1741417983,BD
1741417984,1741418495,NZ
1741418496,1741418751,HK
1741418752,1741419007,AU
1741419008,1741419519,HK
1741419520,1741419775,IN
1741419776,1741420543,AU
1741420544,1741421055,ID
1741421056,1741423103,IN
1741423104,1741423615,NZ
1741423616,1741425663,MY
1741425920,1741426175,SG
1741426176,1741426431,AU
1741426432,1741426687,ID
1741426688,1741427711,MM
1741427712,1741428735,IN
1741428736,1741429759,CN
1741429760,1741430271,AU
1741430272,1741430783,BD
1741430784,1741431295,PK
1741431296,1741432831,IN
1741432832,1741433343,PK
1741433344,1741433855,BD
1741433856,1741434367,IN
1741434368,1741434879,ID
1741434880,1741436927,IN
1741436928,1741437951,JP
1741438976,1741439999,JP
1741440000,1741440511,BD
1741440512,1741441023,IN
1741441024,1741442047,CN
1741442048,1741443071,HK
1741443072,1741445119,BD
1741445120,1741446143,CN
1741446144,1741447167,IN
1741447168,1741447935,HK
1741447936,1741448191,PH
1741448192,1741449215,MM
1741449216,1741450239,AU
1741450240,1741451263,HK
1741451264,1741452287,CN
1741452288,1741452543,ID
1741452544,1741452799,AU
1741452800,1741453055,ID
1741453056,1741453311,IN
1741453312,1741453567,AL
1741453568,1741453823,DK
1741453824,1741454335,AL
1741454336,1741455359,US
1741455360,1741455871,NL
1741455872,1741456383,US
1741456384,1741457407,IN
1741457408,1741462527,CN
1741462528,1741466623,IN
1741466624,1741467647,HK
1741467648,1741468159,IN
1741468160,1741468671,MM
1741468672,1741469695,HK
1741469696,1741471743,IN
1741471744,1741471999,NL
1741472000,1741472255,BR
1741472256,1741472511,US
1741472512,1741472767,NL
1741472768,1741473791,CN
1741473792,1741474815,BD
1741474816,1741475839,DE
1741475840,1741476863,BD
1741476864,1741477887,US
1741477888,1741478399,CN
1741478400,1741478655,IN
1741478656,1741478911,AU
1741478912,1741479423,ES
1741479424,1741479935,IN
1741480448,1741480959,NZ
1741480960,1741481471,AU
1741481472,1741481727,JP
1741481728,1741481983,IN
1741481984,1741484031,CN
1741484032,1741485055,AU
1741485056,1741486079,BD
1741486080,1741487103,NZ
1741487104,1741489151,HK
1741489152,1741491199,CN
1741491200,1741492223,IN
1741492224,1741492735,LA
1741492736,1741492991,DE
1741492992,1741493247,IT
1741493248,1741494271,HK
1741494272,1741495295,GB
1741495296,1741496319,AU
1741497344,1741497855,BD
1741497856,1741498111,NZ
1741498112,1741498367,IN
1741498368,1741500415,CN
1741500416,1741501439,JP
1741501440,1741502463,CN
1741502464,1741502975,ID
1741502976,1741503487,HK
1741503488,1741503999,VN
1741504000,1741504511,ID
1741504512,1741505535,IN
1741505536,1741506559,BD
1741506560,1741508607,SG
1741508608,1741508863,AU
1741508864,1741509119,SG
1741509120,1741509375,ID
1741509376,1741509631,IN
1741509632,1741510655,US
1741511680,1741512703,IN
1741512704,1741515775,VN
1741515776,1741516799,CN
1741516800,1741517823,IN
1741517824,1741519871,CN
1741519872,1741521919,IN
1741521920,1741522943,BD
1741522944,1741523967,CN
1741523968,1741528063,IN
1741528064,1741529087,HK
1741529088,1741529599,TH
1741529600,1741529855,CN
1741529856,1741530111,IN
1741530112,1741531135,HK
1741531136,1741532159,JP
1741532160,1741533183,IN
1741533184,1741534207,PK
1741534208,1741535231,BD
1741535232,1741535487,JP
1741535488,1741535743,ID
1741535744,1741536255,SG
1741536256,1741540351,CN
1741540352,1741541375,AU
1741541376,1741542399,MY
1741542400,1741544447,IN
1741544448,1741545471,ID
1741545472,1741546495,IN
1741546496,1741547519,AU
1741547520,1741548543,GT
1741548544,1741549567,CN
1741549568,1741550591,HK
1741550592,1741551103,IN
1741551104,1741551615,AU
1741551616,1741554687,CN
1741554688,1741557247,IN
1741557248,1741557759,US
1741557760,1741558271,BD
1741558272,1741558783,IN
1741558784,1741559807,HK
1741559808,1741560063,MY
1741560064,1741560319,TH
1741560320,1741560831,IN
1741560832,1741561087,AU
1741561088,1741561343,IN
1741561344,1741561855,SG
1741561856,1741562879,NZ
1741562880,1741563903,PS
1741563904,1741564927,SG
1741564928,1741565951,CN
1741565952,1741571071,IN
1741571072,1741572095,KH
1741572096,1741572607,ID
1741572608,1741573119,KR
1741573120,1741574143,KH
1741574144,1741575167,PH
1741575168,1741576191,US
1741576192,1741577215,JP
1741577216,1741578239,HK
1741578240,1741578751,IN
1741578752,1741579007,HK
1741579008,1741581311,IN
1741581312,1741582335,PS
1741582336,1741583359,IN
1741583360,1741583871,NL
1741583872,1741584383,IN
1741584384,1741585407,HK
1741586432,1741591551,IN
1741591552,1741592575,CN
1741592576,1741593087,MN
1741593088,1741593599,HK
1741593600,1741594111,DE
1741594112,1741594367,PH
1741594624,1741595135,IN
1741595136,1741595391,US
1741595392,1741596671,IN
1741596672,1741597695,ID
1741597696,1741597951,IN
1741597952,1741598207,MM
1741598208,1741600767,IN
1741600768,1741601279,BD
1741601280,1741601535,ID
1741601536,1741601791,AU
1741601792,1741602815,HK
1741602816,1741603839,MN
1741604864,1741605887,KH
1741605888,1741606911,TH
1741606912,1741607935,IN
1741607936,1741609983,VN
1741609984,1741612031,IN
1741612032,1741613055,BD
1741613056,1741614079,NL
1741614080,1741615103,AU
1741615104,1741617151,ID
1741617152,1741618175,IN
1741618176,1741619199,ID
1741619200,1741623295,IN
1741623552,1741623807,IN
1741624064,1741624319,MY
1741624320,1741625343,JP
1741625344,1741626367,HK
1741626368,1741627391,AU
1741627392,1741629439,VN
1741629440,1741629951,DE
1741629952,1741630207,NL
1741630208,1741630463,SE
1741630464,1741631487,DO
1741631488,1741632511,CN
1741632512,1741634559,IN
1741634560,1741635071,MY
1741635072,1741636607,IN
1741636608,1741637631,HK
1741637632,1741638655,MY
1741638656,1741639679,NZ
1741639680,1741640703,NP
1741640704,1741641727,PK
1741641728,1741642751,IN
1741642752,1741643007,AU
1741643008,1741643263,HK
1741643776,1741644799,ID
1741644800,1741645311,IN
1741645312,1741645567,AU
1741645568,1741645823,ID
1741645824,1741646847,CN
1741646848,1741647871,SG
1741648896,1741649919,HK
1741649920,1741658111,IN
1741658112,1741658623,US
1741658624,1741659135,AU
1741659136,1741659647,HK
1741659648,1741659903,PH
1741659904,1741660159,HK
1741660160,1741661183,US
1741661184,1741661439,HK
1741661440,1741661695,SG
1741661696,1741662207,HK
1741662208,1741666303,IN
1741666304,1741674495,CN
1741674496,1741675519,JP
1741675520,1741676543,CN
1741676544,1741677567,IN
1741677568,1741679615,CN
1741679616,1741680639,ID
1741680640,1741683711,IN
1741683712,1741684735,TW
1741685248,1741685503,AU
1741685504,1741685759,SG
1741685760,1741686783,AU
1741686784,1741687807,HK
1741687808,1741689855,CN
1741689856,1741690367,IN
1741690624,1741690879,ID
1741690880,1741691903,TH
1741691904,1741692927,CN
1741692928,1741693951,HK
1741693952,1741694975,TL
1741694976,1741698047,CN
1741698048,1741701119,IN
1741701120,1741701375,KH
1741701376,1741701631,PH
1741701632,1741701887,MY
1741701888,1741702143,PH
1741702144,1741703167,IN
1741703168,1741704191,IT
1741704192,1741706239,IN
1741706240,1741706495,US
1741706496,1741707007,NZ
1741707008,1741707263,TW
1741707264,1741707775,PH
1741707776,1741708287,IN
1741708288,1741708799,AU
1741708800,1741709311,ID
1741709312,1741710335,JP
1741710336,1741711359,ID
1741711360,1741718527,IN
1741718528,1741719551,BD
1741719552,1741720063,ID
1741720064,1741720575,TH
1741720576,1741721599,NZ
1741721600,1741724415,IN
1741724416,1741724671,AU
1741724672,1741725695,IN
1741725696,1741726719,ID
1741726720,1741727743,AU
1741727744,1741729791,IN
1741729792,1741730815,HK
1741730816,1741731839,BD
1741731840,1741733887,AU
1741733888,1741734911,HK
1741734912,1741735423,TW
1741735424,1741735679,IN
1741735680,1741735935,AU
1741735936,1741736959,IN
1741736960,1741737983,ID
1741737984,1741739007,IN
1741739008,1741740031,TH
1741740032,1741741055,AU
1741741056,1741742079,JP
1741742080,1741747199,IN
1741747200,1741748223,US
1741748224,1741749247,IN
1741749248,1741750527,SG
1741750528,1741750783,ID
1741750784,1741751039,AU
1741751296,1741751807,AU
1741751808,1741753087,ID
1741753088,1741753343,BD
1741753344,1741754367,AU
1741754368,1741755391,IN
1741755392,1741756415,BD
1741756416,1741756927,AU
1741756928,1741757439,IN
1741757440,1741758463,HK
1741758464,1741759487,VN
1741759488,1741760511,IN
1741760512,1741761535,BD
1741761536,1741762559,AU
1741762560,1741763583,TH
1741763584,1741764095,PK
1741764096,1741764351,PG
1741764352,1741764607,AU
1741764608,1741765631,US
1741765632,1741766143,VN
1741766144,1741769215,IN
1741769216,1741769727,JP
1741769728,1741770751,PK
1741770752,1741771775,BD
1741771776,1741772799,PK
1741772800,1741773823,IN
1741773824,1741774335,BD
1741774336,1741774591,IN
1741774592,1741774847,ID
1741774848,1741775359,IN
1741775360,1741775615,ID
1741775616,1741775871,IN
1741775872,1741776895,MY
1741777920,1741778431,BD
1741778432,1741778943,IN
1741778944,1741779967,CN
1741779968,1741780991,JP
1741780992,1741782015,SG
1741782016,1741783039,AU
1741783040,1741783295,HK
1741783296,1741783551,SE
1741783552,1741784063,ID
1741784064,1741785087,IN
1741785088,1741786111,CN
1741786112,1741788159,IN
1741788160,1741789183,JP
1741789184,1741789695,AU
1741789696,1741790207,IN
1741790208,1741791231,MY
1741791232,1741792255,AU
1741792256,1741793279,GB
1741793280,1741794303,SG
1741794304,1741794559,IN
1741794816,1741797375,IN
1741797376,1741798399,ID
1741798400,1741798911,VN
1741798912,1741799167,SG
1741799168,1741799423,AU
1741799424,1741800447,NZ
1741800448,1741801471,BD
1741801472,1741802495,CN
1741802496,1741803519,PS
1741803520,1741804543,CN
1741804544,1741805055,MN
1741805056,1741805567,IN
1741805568,1741806591,CN
1741806592,1741807615,IN
1741807616,1741808639,NZ
1741808640,1741809151,TR
1741809152,1741809407,TM
1741809408,1741809663,SC
1741809664,1741810687,HK
1741810688,1741811711,JP
1741811712,1741812223,IN
1741812224,1741813759,AU
1741813760,1741814783,ID
1741814784,1741815807,JP
1741815808,1741816319,IN
1741816320,1741816831,ID
1741816832,1741817855,PK
1741817856,1741818367,PH
1741818368,1741818879,AU
1741818880,1741819135,US
1741819136,1741819391,NP
1741819392,1741819647,LA
1741819648,1741819903,KH
1741819904,1741820927,BD
1741820928,1741821951,SG
1741821952,1741822975,AU
1741822976,1741824511,IN
1741824512,1741825023,ID
1741825024,1741829119,IN
1741829120,1741830143,ID
1741830144,1741832191,BD
1741832192,1741833215,IN
1741833216,1741834239,ID
1741834240,1741835263,IN
1741835264,1741836287,AU
1741836288,1741837311,IN
1741837312,1741838335,JP
1741838336,1741840383,IN
1741840384,1741841407,CN
1741841408,1741842687,IN
1741842688,1741842943,ID
1741842944,1741843455,IN
1741843456,1741844479,JP
1741844480,1741844991,IN
1741844992,1741845503,PH
1741845504,1741847551,ID
1741847552,1741848063,AU
1741848064,1741848575,IN
1741848576,1741849087,LK
1741849600,1741850623,IN
1741850624,1741851647,AU
1741851648,1741853695,IN
1741853696,1741854719,AU
1741854720,1741855231,TH
1741855232,1741855743,AU
1741855744,1741864959,CN
1741864960,1741865215,AU
1741865216,1741865471,ID
1741865472,1741865983,AU
1741865984,1741866495,GB
1741866496,1741868031,US
1741868032,1741869055,IN
1741869056,1741869311,NZ
1741869312,1741869567,ID
1741869568,1741869823,KH
1741870080,1741871103,SG
1741871104,1741872127,CN
1741872128,1741872383,HK
1741872384,1741872639,ID
1741872640,1741872895,PH
1741872896,1741873151,AU
1741873152,1741873663,PK
1741873664,1741874175,SG
1741874176,1741875199,ID
1741875200,1741879295,HK
1741879296,1741879807,AU
1741879808,1741880063,ID
1741880064,1741880319,AU
1741880320,1741881343,IN
1741881344,1741882367,GB
1741882368,1741882879,ID
1741882880,1741883391,AU
1741883392,1741887487,IN
1741887488,1741887999,NZ
1741888000,1741888511,ID
1741888512,1741889535,BD
1741889536,1741890559,HK
1741890560,1741892607,IN
1741892608,1741893631,CN
1741893632,1741893887,AU
1741893888,1741894655,ID
1741894656,1741897727,IN
1741898752,1741899775,HK
1741899776,1741900799,JP
1741900800,1741902335,IN
1741902336,1741902847,ID
1741902848,1741904895,US
1741904896,1741905023,HK
1741905024,1741905031,VN
1741905032,1741905039,HK
1741905040,1741905055,VN
1741905056,1741905071,HK
1741905072,1741905087,PH
1741905088,1741905103,VN
1741905104,1741905119,HK
1741905120,1741905135,VN
1741905136,1741905151,HK
1741905152,1741905287,VN
1741905288,1741905311,HK
1741905312,1741905343,VN
1741905344,1741905359,HK
1741905360,1741905407,VN
1741905408,1741905479,PH
1741905480,1741905487,HK
1741905488,1741905495,PH
1741905496,1741905511,HK
1741905512,1741905519,PH
1741905520,1741905663,HK
1741905664,1741905727,VN
1741905728,1741905903,HK
1741905904,1741905919,VN
1741905920,1741906943,CN
1741906944,1741907967,HK
1741907968,1741908479,IN
1741908480,1741908991,ID
1741908992,1741911039,IN
1741911040,1741912063,SG
1741912064,1741913087,NZ
1741913088,1741914111,HK
1741914112,1741916159,IN
1741917184,1741917951,AU
1741917952,1741918207,ID
1741918208,1741918463,IT
1741918464,1741918591,ES
1741918592,1741918719,PT
1741918720,1741918847,SI
1741918848,1741918975,GR
1741918976,1741919103,CZ
1741919104,1741919231,HU
1741919232,1741920255,NP
1741920256,1741921279,IN
1741921280,1741922303,CN
1741922304,1741922815,ID
1741922816,1741923327,IN
1741923328,1741924351,CN
1741924352,1741925375,IN
1741925376,1741925631,AU
1741925632,1741925887,HK
1741926400,1741927423,IN
1741927424,1741928959,US
1741928960,1741930495,IN
1741930496,1741931007,HK
1741931008,1741931519,CN
1741931520,1741931775,ID
1741931776,1741932031,IN
1741932032,1741932287,HK
1741932288,1741932543,AU
1741932544,1741933055,VN
1741933056,1741934079,IN
1741934080,1741934591,VN
1741934592,1741935615,AU
1741935616,1741936639,VN
1741936640,1741937663,SC
1741937664,1741939711,CN
1741939712,1741940735,HK
1741940736,1741941759,ID
1741941760,1741942271,HK
1741942272,1741942527,AU
1741942528,1741942783,MY
1741942784,1741943807,AU
1741943808,1741944831,HK
1741944832,1741945855,CN
1741945856,1741946623,US
1741946624,1741946879,AU
1741946880,1741950975,CN
1741950976,1741953023,IN
1741953024,1741954047,GU
1741954048,1741955071,IN
1741955072,1741956095,JP
1741956096,1741957119,TH
1741957120,1741957375,PG
1741957376,1741957631,MY
1741957632,1741957887,AU
1741957888,1741958143,ID
1741958144,1741960191,CN
1741960192,1741961215,NZ
1741961216,1741962239,HK
1741963264,1741963775,NP
1741963776,1741964287,AU
1741964288,1741965311,MY
1741965312,1741966335,HK
1741966336,1741967359,JP
1741967360,1741967871,NZ
1741967872,1741968127,NL
1741968128,1741968383,CO
1741968384,1741969407,CN
1741969408,1741971455,IN
1741971456,1741972479,HK
1741972480,1741973503,CN
1741974528,1741975551,CN
1741975552,1741976319,AU
1741976320,1741976575,CA
1741976576,1741977599,MN
1741977600,1741978111,IN
1741978112,1741978367,AU
1741978368,1741978623,NZ
1741978624,1741979647,KR
1741979648,1741984767,IN
1741984768,1741985791,CN
1741985792,1741987839,IN
1741987840,1741988351,AF
1741988352,1741988863,MN
1741988864,1741989887,CN
1741989888,1741990911,SG
1741990912,1741991935,IN
1741991936,1741992191,MY
1741992192,1741992959,ID
1741992960,1741993983,TH
1741993984,1741994239,IN
1741994240,1741994495,BD
1741994496,1741995007,HK
1741995008,1741996031,JP
1741996032,1741996543,NZ
1741996544,1741997055,AU
1741997056,1741999103,CN
1741999104,1742000895,IN
1742000896,1742001151,ID
1742001152,1742002175,IN
1742002176,1742003199,AU
1742003200,1742004223,KR
1742004224,1742005247,AU
1742005248,1742006271,CN
1742006272,1742007039,ID
1742007040,1742007295,IN
1742007296,1742008319,ID
1742008320,1742009343,AU
1742009344,1742011391,KR
1742011392,1742012415,CN
1742012416,1742013439,IN
1742013440,1742013951,US
1742013952,1742014463,IN
1742014464,1742014975,VN
1742014976,1742015487,PG
1742015488,1742016511,VN
1742016512,1742019583,IN
1742019584,1742020095,BD
1742020096,1742020351,MM
1742020352,1742020607,NP
1742020608,1742021631,IN
1742021632,1742022655,BD
1742022656,1742038015,CN
1742038016,1742039039,AU
1742039040,1742040063,AF
1742040064,1742042111,PK
1742042112,1742043135,ID
1742043648,1742044159,VN
1742044160,1742045183,NP
1742045184,1742046207,ID
1742046208,1742061567,CN
1742061568,1742062591,IN
1742062592,1742063615,CN
1742063616,1742063871,AU
1742063872,1742064639,IN
1742064640,1742065663,TH
1742065664,1742066687,IN
1742066688,1742067199,US
1742067200,1742067455,BE
1742067456,1742067711,US
1742067712,1742068735,VN
1742068736,1742069247,BD
1742069248,1742070015,IN
1742070016,1742070271,BD
1742070272,1742070783,CN
1742070784,1742071039,MM
1742071040,1742071295,AU
1742071296,1742071807,ID
1742071808,1742072319,CN
1742072320,1742072831,ID
1742072832,1742074879,BD
1742074880,1742075903,HK
1742075904,1742076927,JP
1742077440,1742078463,NP
1742078464,1742078975,IN
1742078976,1742079999,NL
1742080000,1742081023,VN
1742081024,1742082047,PH
1742082048,1742083071,HK
1742083072,1742083327,AU
1742083328,1742083583,IN
1742083584,1742083839,HK
1742083840,1742084095,SG
1742084096,1742085119,KR
1742085120,1742086143,AU
1742086144,1742087167,HK
1742088192,1742088447,PK
1742088448,1742088703,HK
1742088704,1742089215,AU
1742089216,1742090239,GB
1742090240,1742091263,CN
1742091264,1742092287,ID
1742093312,1742094335,IN
1742094336,1742095359,HK
1742095360,1742095615,JP
1742095616,1742095871,CA
1742095872,1742096127,TW
1742096128,1742096383,US
1742096384,1742097407,JP
1742097408,1742098431,HK
1742098432,1742099455,BD
1742099456,1742100479,CN
1742100480,1742101503,KR
1742101504,1742101759,DE
1742101760,1742102015,PL
1742102016,1742102271,AT
1742102272,1742102527,CH
1742102528,1742103039,IN
1742103040,1742103295,AU
1742103296,1742104575,ID
1742104576,1742105599,NZ
1742105600,1742106623,SG
1742106624,1742107135,ID
1742107136,1742108671,IN
1742108672,1742109183,ID
1742109184,1742113791,IN
1742113792,1742115839,HK
1742115840,1742116863,KH
1742116864,1742117887,JP
1742117888,1742118911,BD
1742118912,1742119935,IN
1742119936,1742120959,HK
1742120960,1742121471,JP
1742121472,1742121983,IN
1742121984,1742123007,HK
1742123008,1742123263,ID
1742123264,1742123519,IN
1742123520,1742124031,BD
1742124032,1742125055,DE
1742125056,1742126079,ID
1742126080,1742127103,IN
1742127104,1742128127,HK
1742128128,1742129151,MY
1742129152,1742130175,BD
1742130176,1742130687,NZ
1742130688,1742130943,GB
1742130944,1742132223,AU
1742132224,1742133247,CN
1742133248,1742134271,BD
1742134272,1742135295,AU
1742135296,1742136319,IN
1742136320,1742136575,FR
1742136576,1742136831,ID
1742136832,1742138367,IN
1742138368,1742139391,ID
1742139392,1742141439,CN
1742141440,1742141951,IM
1742141952,1742142463,ID
1742142464,1742143487,SG
1742143488,1742144511,HK
1742144512,1742145535,PS
1742146560,1742146815,AU
1742146816,1742147071,ID
1742147072,1742147327,MN
1742147328,1742147583,AU
1742147584,1742148607,ID
1742148608,1742149119,US
1742149120,1742149631,AU
1742149632,1742150655,ID
1742150656,1742153727,CN
1742153728,1742154751,HK
1742154752,1742156799,CN
1742156800,1742157823,IN
1742157824,1742158847,JP
1742158848,1742159871,ID
1742160896,1742162431,ID
1742162432,1742162943,US
1742162944,1742164991,HK
1742164992,1742166015,JP
1742166016,1742167039,AU
1742167040,1742167551,PG
1742167552,1742168063,VN
1742168064,1742168575,IN
1742168576,1742169087,ES
1742169088,1742170111,CN
1742170112,1742171135,IN
1742171136,1742172159,CN
1742172160,1742172415,PK
1742172416,1742172671,BD
1742172672,1742173183,IN
1742173184,1742175231,CN
1742175232,1742175487,DE
1742175488,1742175999,HK
1742176000,1742176255,DE
1742176256,1742177791,AU
1742177792,1742178303,IN
1742178304,1742179327,MY
1742179328,1742180351,CN
1742180352,1742181375,KR
1742181376,1742182911,IN
1742182912,1742183167,ID
1742183168,1742184447,IN
1742184448,1742185471,AU
1742185472,1742187519,IN
1742187520,1742188543,JP
1742188544,1742189567,ID
1742189568,1742190079,TH
1742190080,1742191103,IN
1742191104,1742191359,BD
1742191360,1742191615,ID
1742192640,1742193663,MM
1742193664,1742197247,IN
1742197248,1742197759,AF
1742197760,1742198783,HK
1742198784,1742199039,IN
1742199040,1742199295,LU
1742199296,1742199551,TR
1742199552,1742199807,UA
1742199808,1742200831,IR
1742200832,1742201855,IN
1742201856,1742202367,ID
1742202368,1742202879,SG
1742202880,1742203391,TH
1742203392,1742204415,IN
1742204416,1742204927,NL
1742204928,1742207999,IN
1742208000,1742209023,JP
1742209024,1742209535,LT
1742209536,1742210047,US
1742210048,1742221311,CN
1742221312,1742222335,KH
1742222336,1742223359,IN
1742223360,1742224383,BD
1742224384,1742225407,IR
1742225408,1742226431,CN
1742226432,1742227455,IN
1742227456,1742228479,VN
1742228480,1742230527,IN
1742230528,1742231039,SG
1742231040,1742231295,IN
1742231296,1742231551,ID
1742231552,1742233599,IN
1742233600,1742234111,TH
1742234112,1742234623,IN
1742234624,1742235647,HK
1742235648,1742236671,ID
1742236672,1742237695,CN
1742237696,1742242815,VN
1742242816,1742243071,NZ
1742243072,1742243583,AU
1742243584,1742243839,PK
1742243840,1742244863,CN
1742244864,1742247935,IN
1742247936,1742249471,CN
1742249472,1742249983,TH
1742249984,1742250239,AF
1742250240,1742250495,IN
1742250496,1742251007,US
1742251008,1742253055,IN
1742253056,1742253567,UA
1742253568,1742253823,FR
1742253824,1742254079,HK
1742254080,1742256127,IN
1742256128,1742257151,PS
1742257152,1742257407,ID
1742257408,1742257663,NZ
1742257664,1742258175,AU
1742258176,1742259455,US
1742259456,1742259711,CY
1742259712,1742259967,GB
1742259968,1742260223,US
1742260224,1742260735,IN
1742260736,1742261247,KR
1742261248,1742264319,IN
1742264320,1742265343,HK
1742265344,1742265599,AU
1742265600,1742265855,SG
1742265856,1742266111,AU
1742266112,1742266367,SG
1742266368,1742267391,CN
1742267392,1742267903,US
1742267904,1742268159,BR
1742268160,1742268415,KR
1742268416,1742270463,IN
1742270464,1742290943,CN
1742290944,1742291199,IN
1742291200,1742291455,ID
1742291456,1742291967,IN
1742291968,1742292479,MM
1742292480,1742292991,MY
1742292992,1742293503,IN
1742293504,1742294015,AU
1742294016,1742294271,ID
1742294272,1742298111,IN
1742298112,1742299135,MY
1742299136,1742299647,NZ
1742299648,1742300159,BD
1742300160,1742300175,MY
1742300176,1742300191,TW
1742300192,1742300207,AU
1742300208,1742300223,TW
1742300224,1742300239,GB
1742300240,1742300271,US
1742300272,1742300287,AE
1742300288,1742300319,JP
1742300320,1742300335,LK
1742300336,1742301183,AU
1742301184,1742301695,CA
1742301696,1742301951,AU
1742301952,1742302207,IN
1742302208,1742304255,BD
1742304256,1742306303,IN
1742306304,1742307327,IR
1742307328,1742309375,IN
1742309376,1742309887,JP
1742309888,1742311423,IN
1742311424,1742312447,ID
1742312448,1742314495,IN
1742314496,1742315519,MM
1742315520,1742316543,HK
1742316544,1742317567,AU
1742317568,1742318591,CN
1742318592,1742319103,ID
1742319616,1742320639,PK
1742320640,1742327807,CN
1742327808,1742328831,ID
1742328832,1742329855,IN
1742329856,1742330879,ID
1742330880,1742331903,IN
1742331904,1742332927,ID
1742332928,1742338047,IN
1742338048,1742338303,AU
1742338304,1742338559,IN
1742338560,1742339071,BD
1742339072,1742339583,US
1742339584,1742339839,AU
1742339840,1742340095,US
1742340096,1742342143,HK
1742342144,1742346239,CN
1742347264,1742364671,CN
1742364672,1742365695,PH
1742365696,1742366719,IN
1742366720,1742366975,ID
1742366976,1742370815,IN
1742370816,1742371327,BD
1742371328,1742371839,VN
1742371840,1742374911,IN
1742374912,1742375423,BD
1742375936,1742380031,IN
1742380032,1742382079,KR
1742382080,1742382335,BD
1742382336,1742383103,ID
1742383104,1742384127,IN
1742384128,1742384639,KR
1742384640,1742385151,IN
1742385152,1742385663,KH
1742385664,1742386175,CN
1742386176,1742386943,IN
1742386944,1742387199,ID
1742387200,1742388223,IN
1742388224,1742389247,BD
1742389248,1742396415,CN
1742397440,1742397951,MY
1742398464,1742401535,IN
1742401536,1742402559,HK
1742402560,1742404607,IN
1742404608,1742405631,US
1742405632,1742407167,IN
1742407168,1742407423,ID
1742407424,1742407679,AU
1742407680,1742409727,IN
1742409728,1742410751,US
1742410752,1742411775,GB
1742411776,1742415871,CN
1742415872,1742419967,IN
1742419968,1742420991,US
1742420992,1742421503,IN
1742421504,1742422015,AU
1742422016,1742423039,CN
1742423040,1742424063,PH
1742424064,1742425343,ID
1742425344,1742426111,US
1742427136,1742432255,CN
1742432256,1742433279,HK
1742433280,1742434303,MM
1742434304,1742434559,ID
1742434560,1742434815,NZ
1742434816,1742435327,BD
1742435328,1742436351,MY
1742436352,1742437375,AU
1742437376,1742439423,KR
1742439424,1742440447,IN
1742440448,1742441471,MN
1742441472,1742442495,IN
1742442496,1742443007,AU
1742443264,1742443519,BD
1742443520,1742444543,IN
1742444544,1742445567,NL
1742445568,1742446591,MM
1742446592,1742447615,BD
1742447616,1742448639,IN
1742448640,1742449663,US
1742449664,1742450687,HK
1742450688,1742451711,CN
1742451712,1742452735,VN
1742452736,1742453759,CN
1742453760,1742454783,PH
1742454784,1742455807,HK
1742455808,1742456063,TH
1742456064,1742456831,ID
1742456832,1742459903,IN
1742459904,1742460415,RO
1742460416,1742460671,AU
1742460672,1742461951,IN
1742461952,1742462975,US
1742462976,1742463487,BD
1742463488,1742463999,ID
1742464000,1742465023,IN
1742465024,1742465535,BD
1742465536,1742466047,CO
1742466048,1742466559,MY
1742466560,1742467071,IN
1742467072,1742467583,AU
1742467584,1742469119,IN
1742469120,1742470399,ID
1742470400,1742470655,IN
1742470656,1742471167,ID
1742471168,1742472191,TM
1742472192,1742473215,MY
1742473216,1742474239,HK
1742474240,1742476799,IN
1742476800,1742477311,ID
1742477312,1742482431,IN
1742482432,1742482943,ID
1742482944,1742483199,AU
1742483200,1742483455,ID
1742483456,1742488575,CN
1742488576,1742489599,VN
1742489600,1742491647,HK
1742491648,1742492671,IN
1742492672,1742493695,VN
1742493696,1742494719,IN
1742494720,1742499839,CN
1742499840,1742500863,ID
1742500864,1742511103,CN
1742511104,1742512127,IN
1742512128,1742523391,CN
1742523392,1742524415,BD
1742524416,1742526463,IN
1742526464,1742526975,ID
1742526976,1742527487,TW
1742527488,1742528511,GB
1742528512,1742528767,IN
1742528768,1742529279,AU
1742529280,1742532607,IN
1742532608,1742550015,CN
1742550016,1742551039,IN
1742551040,1742551295,NL
1742551296,1742551551,BE
1742551552,1742551807,DK
1742551808,1742552063,NO
1742552064,1742553087,MY
1742553088,1742553599,PH
1742553600,1742554111,BD
1742554112,1742557695,IN
1742557696,1742558207,US
1742558208,1742558719,AU
1742558720,1742558975,VN
1742558976,1742559231,AU
1742559232,1742589951,CN
1742589952,1742590975,IN
1742590976,1742596095,VN
1742596096,1742597119,IN
1742597632,1742598143,IN
1742598144,1742599167,SG
1742599168,1742599423,IN
1742599424,1742599679,AU
1742599680,1742600191,PK
1742600192,1742601215,IN
1742601216,1742602239,BD
1742602240,1742607359,CN
1742607360,1742608383,BD
1742608384,1742662655,CN
1742662656,1742663167,MY
1742663168,1742663423,SG
1742663424,1742663679,ID
1742663680,1742665727,CN
1742665728,1742666751,TW
1742666752,1742667263,IN
1742667264,1742668799,ID
1742668800,1742669823,VN
1742669824,1742671871,IN
1742671872,1742702591,CN
1742702592,1742703615,AU
1742703616,1742714879,CN
1742714880,1742715903,AU
1742715904,1742734335,CN
1742734336,1742735359,IN
1742735360,1742736383,JP
1742736384,1742737407,PK
1742737408,1742738431,ID
1742738432,1742738687,HK
1742738688,1742738943,IN
1742738944,1742739455,AE
1742739456,1742740479,IN
1742740480,1742741503,KH
1742741504,1742743551,IN
1742743552,1742745599,CN
1742745600,1742745855,IN
1742745856,1742746111,AU
1742746112,1742746623,IN
1742746624,1742747135,AU
1742747136,1742747391,IN
1742747392,1742747647,BD
1742747648,1742748671,HK
1742748672,1742749695,CN
1742749696,1742750719,ID
1742750720,1742751743,IN
1742751744,1742751999,AU
1742752000,1742752255,ID
1742752256,1742752767,SG
1742752768,1742753791,ID
1742753792,1742754815,CN
1742754816,1742755839,TH
1742755840,1742756863,AU
1742756864,1742757119,HK
1742757120,1742757375,MY
1742757376,1742757887,PH
1742757888,1742758911,BN
1742758912,1742759935,ID
1742759936,1742760191,AU
1742760192,1742760447,IN
1742760448,1742760703,NP
1742760704,1742760959,NZ
1742760960,1742761983,IN
1742761984,1742763007,AU
1742763008,1742764031,SG
1742764032,1742765055,AU
1742765056,1742765567,ID
1742765568,1742765823,AU
1742765824,1742766079,AF
1742766080,1742767103,NZ
1742767104,1742768127,TW
1742768128,1742769663,ID
1742769664,1742769919,AU
1742769920,1742770175,JP
1742770176,1742774271,IN
1742774272,1742774527,AU
1742774528,1742774783,NZ
1742775040,1742775295,AU
1742775296,1742776319,SG
1742776320,1742777343,VN
1742777344,1742777855,HK
1742777856,1742778111,JP
1742778112,1742778367,IN
1742778368,1742779647,ID
1742779648,1742779903,IN
1742779904,1742780415,AU
1742780416,1742782463,IN
1742782464,1742783487,TW
1742783488,1742784511,MY
1742784512,1742786559,TW
1742786560,1742788095,AU
1742788608,1742789631,IN
1742789632,1742793727,CN
1742793728,1742796799,IN
1742796800,1742797823,HK
1742797824,1742798847,JP
1742798848,1742799871,TW
1742799872,1742800895,NZ
1742800896,1742801919,HK
1742801920,1742802943,IN
1742802944,1742803455,ID
1742803456,1742803711,CN
1742803712,1742803967,ID
1742803968,1742804991,HK
1742804992,1742806015,TH
1742806016,1742806527,HK
1742806528,1742808063,IN
1742808064,1742809087,PH
1742809088,1742810111,IN
1742810112,1742810879,ID
1742810880,1742811135,IN
1742811136,1742812159,PK
1742812160,1742815231,IN
1742815232,1742815743,GB
1742815744,1742815999,ID
1742816000,1742816255,AU
1742816256,1742816767,GB
1742816768,1742817023,IN
1742817024,1742817279,ID
1742817280,1742818303,QA
1742818304,1742818815,IN
1742819328,1742820351,JP
1742820352,1742821375,CN
1742821376,1742822399,ID
1742822400,1742823423,BD
1742823424,1742823679,AU
1742823680,1742824191,ID
1742824192,1742826495,IN
1742826496,1742827519,AU
1742827520,1742829055,IN
1742829056,1742829567,KH
1742829568,1742830591,JP
1742830592,1742831615,IN
1742831616,1742832639,US
1742832640,1742833663,IN
1742833664,1742834687,PH
1742834688,1742835711,AU
1742835712,1742836735,JP
1742836736,1742836743,SG
1742836744,1742836975,ID
1742836976,1742836983,SG
1742836984,1742837759,ID
1742837760,1742838783,JP
1742838784,1742841855,AU
1742841856,1742842367,TH
1742842368,1742843391,ID
1742843392,1742843647,ES
1742843648,1742843903,ID
1742843904,1742845951,IN
1742845952,1742846463,ID
1742846464,1742847999,IN
1742848000,1742849023,JP
1742849024,1742849279,HK
1742849280,1742849791,VN
1742849792,1742850047,HK
1742850048,1742852095,IN
1742852096,1742852607,ID
1742852608,1742853119,NZ
1742853120,1742854143,HK
1742854144,1742854655,AU
1742854656,1742855167,BD
1742855168,1742856191,PK
1742856192,1742857215,IN
1742857216,1742859263,AU
1742859264,1742860287,VN
1742860288,1742860799,AU
1742860800,1742861055,ID
1742861056,1742861311,IN
1742861312,1742862335,NP
1742862336,1742863359,HK
1742863360,1742863871,JP
1742863872,1742864383,HK
1742864384,1742866431,IN
1742866432,1742866943,AU
1742867200,1742867455,IN
1742867456,1742868479,PH
1742868480,1742869503,CN
1742869504,1742870015,IN
1742870016,1742870527,VU
1742870528,1742871039,PH
1742871040,1742871551,MM
1742871552,1742872575,IN
1742872576,1742873343,NZ
1742873344,1742874623,AU
1742874624,1742875647,CN
1742875648,1742876671,JP
1742876672,1742877695,ID
1742877696,1742877951,IN
1742877952,1742878207,AU
1742878208,1742878463,JP
1742878464,1742878719,ID
1742878720,1742880767,CN
1742880768,1742881791,NZ
1742881792,1742882815,AU
1742882816,1742884863,KR
1742884864,1742885887,CN
1742885888,1742887935,IN
1742887936,1742888959,HK
1742888960,1742889983,KR
1742889984,1742891007,TW
1742891008,1742892031,AU
1742892032,1742893055,VN
1742893056,1742894079,NZ
1742894080,1742894591,CN
1742894592,1742895103,ID
1742895104,1742895615,SG
1742895616,1742895871,BD
1742895872,1742896127,AU
1742896128,1742897151,HK
1742897152,1742898175,AU
1742898176,1742899199,CN
1742899200,1742900223,ID
1742900224,1742903295,IN
1742903296,1742904319,HK
1742904320,1742905343,CN
1742905344,1742907391,AU
1742907392,1742908415,IN
1742908416,1742908927,SG
1742908928,1742909183,ID
1742909184,1742909439,IN
1742909440,1742910463,AU
1742910464,1742911487,CN
1742911488,1742913535,IN
1742913536,1742914559,ES
1742914560,1742915583,CN
1742915584,1742917631,IN
1742918656,1742919679,TW
1742919680,1742920191,PK
1742920192,1742920447,ID
1742920448,1742921727,AU
1742921728,1742922751,IN
1742923776,1742924799,ID
1742924800,1742926847,IN
1742926848,1742927359,AU
1742927360,1742927615,US
1742927872,1742928895,VN
1742928896,1742929919,NZ
1742929920,1742930175,ID
1742930176,1742930431,IN
1742930432,1742930943,PH
1742930944,1742931455,ID
1742931456,1742931711,PK
1742931712,1742931967,ID
1742931968,1742932991,JP
1742932992,1742933503,SG
1742933504,1742933759,ID
1742933760,1742934015,NZ
1742934016,1742935039,AF
1742935040,1742936063,AU
1742936064,1742936575,ID
1742936576,1742937087,MM
1742937088,1742938111,AU
1742938112,1742939135,TW
1742939136,1742940159,IN
1742940160,1742941183,JP
1742941184,1742942207,PH
1742942208,1742943231,CN
1742943232,1742944255,IN
1742945280,1742945791,AU
1742945792,1742946047,IN
1742946048,1742947327,AU
1742947328,1742948351,IN
1742948352,1742951423,CN
1742951424,1742951679,JP
1742951680,1742951935,AE
1742951936,1742952191,BG
1742952192,1742952447,SC
1742952448,1742953471,SG
1742953472,1742955519,IN
1742955520,1742956543,CN
1742956544,1742957055,IN
1742957056,1742957567,ID
1742958592,1742959615,VN
1742959616,1742960639,IN
1742960640,1742961663,CN
1742961664,1742962687,IN
1742962688,1742963711,HK
1742963712,1742965759,CN
1742965760,1742966015,MY
1742966016,1742968319,ID
1742968320,1742969855,IN
1742970880,1742971903,JP
1742971904,1742972927,SG
1742972928,1742973439,MT
1742973952,1742974975,KH
1742974976,1742975999,SG
1742976000,1742977023,AU
1742977024,1742978047,ID
1742978048,1742979071,JP
1742979072,1742980095,HK
1742980096,1742981119,CN
1742981120,1742982143,AU
1742982144,1742983167,CN
1742983168,1742983423,LA
1742983424,1742984191,IN
1742984192,1742985215,CN
1742985216,1742986239,VN
1742986240,1742987263,ID
1742987264,1742988287,TW
1742988288,1742989311,CN
1742989312,1742989567,AU
1742989568,1742989823,PH
1742989824,1742990335,AU
1742991360,1742992383,ID
1742992384,1742993407,LK
1742993408,1742995455,ID
1742995456,1742995967,BD
1742995968,1742996223,RU
1742996224,1742996479,ES
1742997504,1742997759,ID
1742997760,1742998015,IN
1742998016,1742998527,BD
1742998528,1742999551,CN
1742999808,1743000319,ID
1743000320,1743000575,IN
1743000576,1743001599,VN
1743001600,1743002623,ID
1743002624,1743003647,HK
1743003648,1743004671,IN
1743004672,1743005183,VN
1743005184,1743005695,BD
1743005696,1743007743,IN
1743007744,1743007999,SG
1743008000,1743008255,BD
1743008256,1743008767,IN
1743008768,1743010815,MY
1743010816,1743011839,JP
1743011840,1743013887,HK
1743013888,1743014399,IN
1743014400,1743014911,VN
1743014912,1743015935,IN
1743015936,1743016447,ID
1743016448,1743016703,HK
1743016704,1743016959,IN
1743016960,1743017983,US
1743017984,1743019007,CN
1743019008,1743020031,HK
1743020032,1743021055,US
1743021056,1743021311,SG
1743021312,1743021567,LA
1743021824,1743022079,IN
1743022080,1743023103,AU
1743023104,1743024127,HK
1743025152,1743026175,ID
1743026176,1743027199,BD
1743027200,1743027711,IN
1743027712,1743028223,VN
1743028224,1743029247,ES
1743029248,1743029503,IN
1743029504,1743029759,AU
1743029760,1743030271,BD
1743030272,1743031295,CN
1743031296,1743035391,IN
1743035392,1743036415,PK
1743036416,1743037439,CN
1743037440,1743038463,AU
1743038464,1743039487,ES
1743039488,1743040511,IN
1743040512,1743041535,CN
1743041536,1743042559,HK
1743042560,1743043583,IN
1743043584,1743044607,AU
1743044608,1743045119,IN
1743045632,1743046655,JP
1743046656,1743047679,IN
1743047680,1743049727,CN
1743049728,1743050751,AU
1743050752,1743051775,TW
1743051776,1743052799,IN
1743052800,1743053823,US
1743053824,1743055871,CN
1743055872,1743059199,ID
1743059200,1743059967,IN
1743059968,1743060991,LA
1743060992,1743061247,IN
1743061248,1743061503,AU
1743061504,1743062015,IN
1743062016,1743062271,AU
1743062272,1743062527,IN
1743062528,1743063039,AU
1743063040,1743064063,SG
1743064064,1743065087,ID
1743065088,1743066111,TW
1743066112,1743067135,CN
1743067136,1743068159,IN
1743068160,1743068415,CN
1743068416,1743069183,VN
1743069184,1743070207,MY
1743070208,1743071231,FR
1743071232,1743072255,VN
1743072256,1743073279,BD
1743073280,1743073791,AU
1743073792,1743074047,TW
1743074048,1743074303,IN
1743074304,1743074815,VN
1743074816,1743075327,HK
1743075328,1743076351,MY
1743076352,1743077375,CN
1743077376,1743079423,HK
1743079424,1743080959,ID
1743080960,1743081471,IN
1743081472,1743081727,IQ
1743081728,1743081983,NL
1743081984,1743083519,BD
1743083776,1743084031,PH
1743084032,1743084543,IN
1743085568,1743085823,SG
1743086080,1743086591,NZ
1743086592,1743087615,TW
1743087616,1743088639,PH
1743090688,1743090943,HK
1743090944,1743091199,AE
1743091200,1743091711,HK
1743091712,1743092735,MN
1743092736,1743093759,TW
1743093760,1743094015,SG
1743094016,1743094271,IN
1743094528,1743094783,ID
1743094784,1743095807,TW
1743095808,1743096831,CN
1743096832,1743098879,HK
1743098880,1743099903,CN
1743099904,1743100927,US
1743100928,1743101951,KR
1743101952,1743103999,ID
1743104000,1743105023,ES
1743105024,1743106047,CN
1743106048,1743107071,MN
1743107072,1743108095,HK
1743108096,1743108607,ID
1743108608,1743108863,SG
1743108864,1743109119,AU
1743109120,1743109631,PH
1743109632,1743110143,PK
1743110144,1743111167,VN
1743111168,1743112191,MY
1743112192,1743113215,ID
1743114240,1743115263,IN
1743115264,1743118335,CN
1743118336,1743119359,HK
1743119360,1743120383,CN
1743120384,1743120639,MY
1743120640,1743120895,US
1743120896,1743121407,MY
1743121408,1743123455,CN
1743123456,1743124479,HK
1743124480,1743124991,NZ
1743124992,1743125503,IN
1743125504,1743126015,PK
1743126016,1743126527,BD
1743126528,1743127551,CN
1743127552,1743128575,US
1743128576,1743128831,PH
1743128832,1743129087,JP
1743129088,1743129599,PH
1743129600,1743129855,HK
1743129856,1743130623,JP
1743130624,1743131647,BD
1743131648,1743132671,IN
1743132672,1743133695,JP
1743133696,1743134719,CN
1743134720,1743134975,HK
1743134976,1743135231,IN
1743135232,1743135743,HK
1743135744,1743136767,SG
1743136768,1743137279,BD
1743137280,1743137791,HK
1743137792,1743138815,CN
1743138816,1743139327,ID
1743139328,1743139839,SG
1743139840,1743140863,IN
1743140864,1743141887,MY
1743141888,1743142911,BD
1743142912,1743143935,BN
1743143936,1743144191,SG
1743144192,1743144959,US
1743144960,1743145983,AU
1743145984,1743147007,NZ
1743147008,1743147263,AU
1743147264,1743147519,ID
1743147776,1743148031,ID
1743148032,1743149055,IN
1743149056,1743150079,KR
1743150080,1743150591,SG
1743150592,1743151103,BD
1743151104,1743152127,CN
1743152128,1743152383,ID
1743152384,1743153151,IN
1743153152,1743154175,BD
1743154688,1743155199,CN
1743155200,1743156223,KR
1743156224,1743157247,PH
1743157248,1743158271,TH
1743158272,1743159295,MY
1743159808,1743160319,MM
1743160320,1743161343,TH
1743161344,1743162367,HK
1743162368,1743162623,IT
1743162624,1743162879,DE
1743162880,1743163391,US
1743163392,1743164415,HK
1743164416,1743166463,IN
1743166464,1743167487,AU
1743167488,1743168511,HK
1743168512,1743169535,IN
1743169536,1743170559,JP
1743170560,1743171583,AU
1743171584,1743171839,IN
1743171840,1743172095,LK
1743172096,1743172607,IN
1743172608,1743173631,BD
1743173632,1743174655,AU
1743174656,1743175679,ID
1743175680,1743176703,HK
1743176704,1743179775,CN
1743179776,1743180799,BD
1743180800,1743181823,CN
1743181824,1743182847,HK
1743182848,1743184895,IN
1743184896,1743185919,HK
1743185920,1743186943,SG
1743186944,1743187967,CN
1743187968,1743188991,HK
1743188992,1743189503,BD
1743189504,1743189759,ID
1743189760,1743190015,IN
1743190016,1743190711,HK
1743190712,1743190719,JP
1743190720,1743191023,HK
1743191024,1743191039,JP
1743191040,1743192063,AF
1743192064,1743195135,IN
1743195136,1743196159,HK
1743196160,1743198207,CN
1743198208,1743198719,IN
1743198720,1743198975,SG
1743198976,1743199231,GB
1743199232,1743200255,HK
1743200256,1743200767,IN
1743200768,1743201279,BD
1743201280,1743202303,PH
1743202304,1743204351,IN
1743204352,1743205375,TW
1743205376,1743206399,SG
1743206400,1743207423,HK
1743207424,1743208447,KH
1743208448,1743210495,CN
1743210496,1743210751,LT
1743210752,1743211007,LV
1743211008,1743211263,NO
1743211264,1743211519,TR
1743211520,1743212543,IN
1743212544,1743213567,ID
1743213568,1743214591,HK
1743214592,1743215615,AU
1743215616,1743216639,MM
1743216640,1743217151,SG
1743217152,1743217663,JP
1743217664,1743218687,IN
1743218688,1743219711,PS
1743219712,1743221759,ID
1743221760,1743222783,IN
1743222784,1743223551,ID
1743223552,1743223807,TL
1743223808,1743224831,IN
1743224832,1743225855,KR
1743225856,1743226367,IN
1743226368,1743226623,PH
1743226624,1743226879,BD
1743226880,1743227903,IR
1743227904,1743228927,HK
1743229952,1743230975,VN
1743230976,1743231999,SG
1743232000,1743232511,NZ
1743232512,1743233023,AU
1743233024,1743234047,BD
1743235072,1743235583,AU
1743235584,1743236095,ID
1743236096,1743237119,HK
1743237120,1743238143,BD
1743238144,1743240191,CN
1743240192,1743241215,SG
1743241216,1743242239,JP
1743242240,1743244287,ID
1743244288,1743245311,AU
1743245312,1743248383,IN
1743248384,1743248895,SG
1743250432,1743251455,BD
1743251456,1743252479,IN
1743252480,1743252991,ID
1743252992,1743253503,BD
1743253504,1743254527,PH
1743254528,1743255551,CN
1743255552,1743256063,VN
1743256064,1743256319,SG
1743256320,1743256575,MY
1743256576,1743258623,HK
1743258624,1743259647,CN
1743259648,1743260671,IN
1743260672,1743261695,JP
1743261696,1743262719,HK
1743262720,1743263231,ID
1743263232,1743263743,JP
1743263744,1743264767,IN
1743264768,1743265279,MY
1743265280,1743265535,ID
1743265536,1743265791,AU
1743265792,1743266303,ID
1743266304,1743267839,HK
1743267840,1743268863,TH
1743268864,1743269887,NL
1743269888,1743270911,MY
1743270912,1743273983,VN
1743273984,1743275007,ID
1743275008,1743276031,HK
1743276032,1743277055,JP
1743277056,1743278079,AU
1743278080,1743279103,LA
1743279104,1743281151,HK
1743281152,1743283199,AU
1743283200,1743284223,BD
1743284224,1743286271,NZ
1743286272,1743287295,IN
1743287296,1743288319,AU
1743288320,1743289343,VN
1743289344,1743291391,IN
1743291392,1743292415,AU
1743292416,1743293439,HK
1743293440,1743293951,AU
1743293952,1743294463,PK
1743294464,1743295487,CN
1743295488,1743296511,HK
1743296512,1743297535,NP
1743297536,1743298303,NZ
1743298304,1743300095,AU
1743300096,1743300607,CN
1743300608,1743301631,AU
1743301632,1743302655,FR
1743302656,1743303679,IN
1743303680,1743304703,NZ
1743304704,1743305727,IN
1743305728,1743306751,CN
1743306752,1743307775,KH
1743307776,1743308799,AU
1743308800,1743309823,JP
1743309824,1743310335,NZ
1743310336,1743310847,US
1743310848,1743311871,AU
1743311872,1743312127,HK
1743312128,1743312383,JP
1743312384,1743312895,HK
1743312896,1743313663,AU
1743313664,1743313919,MY
1743313920,1743314943,HK
1743314944,1743315199,IN
1743315200,1743315455,PK
1743315456,1743315967,NZ
1743315968,1743316991,NP
1743316992,1743319039,IN
1743319040,1743319295,ID
1743319296,1743319551,IN
1743319552,1743320063,ID
1743320064,1743321087,IN
1743321088,1743323135,AU
1743323136,1743324159,MY
1743324160,1743325183,CN
1743325184,1743326207,HK
1743326208,1743327231,SG
1743327232,1743328255,AU
1743328256,1743329279,NZ
1743329280,1743330303,IN
1743330304,1743331327,AU
1743331328,1743333375,PH
1743333376,1743334399,JP
1743334400,1743335423,CN
1743335424,1743336447,VN
1743336448,1743337471,CN
1743337472,1743338495,NP
1743338496,1743339519,NZ
1743339520,1743340543,IN
1743340544,1743341567,TW
1743341568,1743341823,AU
1743341824,1743342079,IN
1743342080,1743342591,AU
1743342592,1743343615,IN
1743343616,1743344639,SG
1743344640,1743345663,IN
1743345664,1743346687,ID
1743346688,1743347711,IN
1743347712,1743348735,HK
1743348736,1743348991,ID
1743348992,1743349247,IN
1743349248,1743349759,ID
1743349760,1743350783,CN
1743350784,1743351807,ID
1743351808,1743354111,IN
1743354112,1743354367,BD
1743354368,1743355903,IN
1743355904,1743356927,CN
1743356928,1743357951,NZ
1743357952,1743358975,CN
1743358976,1743359487,IN
1743359488,1743361023,ID
1743361024,1743362047,AU
1743362048,1743364095,ID
1743364096,1743364607,MY
1743364608,1743365119,CN
1743365120,1743366143,HK
1743366144,1743367167,IN
1743367168,1743368191,DE
1743368192,1743368703,BD
1743368704,1743369215,HK
1743369216,1743369727,MY
1743369728,1743369983,NP
1743369984,1743370239,AF
1743370240,1743371263,HK
1743371264,1743372287,MO
1743372288,1743373311,TH
1743373312,1743374335,JP
1743374336,1743375359,TH
1743375360,1743376383,MM
1743376384,1743377407,AU
1743377408,1743378431,KH
1743378432,1743379455,IN
1743379456,1743380479,NZ
1743380480,1743381503,AU
1743381504,1743382527,CN
1743382528,1743383551,HK
1743383552,1743384575,AU
1743384576,1743385087,SG
1743385088,1743385343,AU
1743385600,1743386623,IN
1743386624,1743388671,HK
1743388672,1743389695,CN
1743389696,1743390719,KR
1743390720,1743391743,HK
1743391744,1743391999,BD
1743392000,1743392767,AU
1743392768,1743393279,BD
1743393280,1743393791,ID
1743393792,1743394815,CN
1743394816,1743395839,BD
1743395840,1743396863,ID
1743396864,1743397375,VN
1743397376,1743397887,ID
1743397888,1743398911,VN
1743398912,1743399935,TW
1743399936,1743400959,JP
1743400960,1743401983,PG
1743401984,1743403007,HK
1743403008,1743404031,CN
1743404032,1743405055,HK
1743405056,1743407103,IN
1743407104,1743408127,HK
1743408128,1743410175,TW
1743410176,1743411199,SG
1743411200,1743412223,VN
1743412224,1743412479,AU
1743412480,1743412991,IN
1743412992,1743413247,ID
1743413248,1743414271,HK
1743415296,1743416319,SG
1743416320,1743416575,AU
1743416576,1743416831,NZ
1743416832,1743417855,AU
1743417856,1743418879,IN
1743418880,1743419391,BD
1743419392,1743420927,ID
1743420928,1743421439,BT
1743421440,1743422463,CN
1743422464,1743423487,NZ
1743423488,1743424511,IN
1743424512,1743425535,HK
1743426560,1743426815,SG
1743426816,1743427071,IN
1743427072,1743427583,VN
1743427584,1743428095,JP
1743428096,1743428607,VN
1743428608,1743429631,IN
1743429632,1743430143,VN
1743430144,1743430399,IN
1743430400,1743430655,AU
1743430656,1743431679,BD
1743431680,1743432703,JP
1743432704,1743433727,CN
1743433728,1743434751,JP
1743434752,1743435775,CN
1743435776,1743436799,IN
1743436800,1743437311,VN
1743437312,1743437823,SG
1743437824,1743438335,BD
1743438336,1743438591,AU
1743438592,1743438847,ID
1743438848,1743439871,JP
1743439872,1743440895,BD
1743440896,1743441919,TW
1743441920,1743442943,ID
1743442944,1743443967,IN
1743443968,1743444991,ID
1743444992,1743446015,HK
1743446016,1743448063,TW
1743448064,1743449087,DE
1743449088,1743450111,TH
1743450112,1743451135,IN
1743451136,1743452159,CN
1743453184,1743454207,ID
1743454208,1743455231,IN
1743455232,1743456255,HK
1743456256,1743457279,IN
1743457280,1743458303,JP
1743458304,1743459071,HK
1743459072,1743459327,TR
1743459328,1743459583,AU
1743459584,1743459839,ID
1743459840,1743460095,AU
1743460096,1743460351,IN
1743460352,1743461375,KR
1743461376,1743462399,MY
1743462400,1743463423,ID
1743463424,1743464447,AU
1743464448,1743465471,JP
1743465472,1743466495,HK
1743466496,1743467519,CN
1743467520,1743468543,AU
1743468544,1743470591,CN
1743470592,1743470847,IN
1743470848,1743471615,ID
1743471616,1743472639,IN
1743472640,1743473663,ID
1743473664,1743474687,PK
1743474688,1743476735,CN
1743476736,1743477247,TW
1743477248,1743477759,IN
1743477760,1743478783,PH
1743478784,1743479807,AU
1743479808,1743480831,CN
1743480832,1743481855,IN
1743481856,1743482111,AU
1743482112,1743482367,ID
1743482368,1743482879,WF
1743482880,1743483903,JP
1743483904,1743484927,AU
1743484928,1743485951,IN
1743485952,1743486975,JP
1743486976,1743493119,CN
1743493120,1743493631,ID
1743493632,1743493887,AU
1743494144,1743495167,IN
1743495680,1743496191,BD
1743496192,1743496703,US
1743496704,1743497215,IN
1743497216,1743499263,HK
1743499264,1743500287,AF
1743500288,1743500543,JP
1743500544,1743501311,ID
1743501312,1743502335,CN
1743502336,1743503359,AU
1743503360,1743504383,CN
1743504384,1743505407,NP
1743505408,1743506431,CN
1743506432,1743506943,AU
1743506944,1743507455,IN
1743507456,1743509503,VN
1743509504,1743510527,HK
1743510528,1743545343,CN
1743545344,1743546367,HK
1743546368,1743546879,ID
1743546880,1743547391,BD
1743547392,1743549439,IN
1743549440,1743549951,CN
1743549952,1743550207,AU
1743550208,1743550463,SG
1743550464,1743551487,CN
1743551488,1743552511,IN
1743552512,1743553023,TL
1743553024,1743553535,ID
1743553536,1743554559,PK
1743554560,1743555583,HK
1743555584,1743556607,ID
1743556608,1743557631,JP
1743557632,1743558655,ID
1743558656,1743560703,IN
1743560704,1743561215,ID
1743561216,1743561727,AU
1743561728,1743563775,IN
1743563776,1743564287,ID
1743564288,1743564799,VN
1743564800,1743565823,PH
1743565824,1743566847,JP
1743566848,1743567871,CN
1743567872,1743569151,ID
1743569152,1743569407,IN
1743569408,1743569919,MN
1743569920,1743570943,SG
1743570944,1743571199,IN
1743571200,1743571455,ID
1743571456,1743571967,AU
1743571968,1743574527,IN
1743574528,1743575039,ID
1743575040,1743576063,HK
1743576064,1743577087,CN
1743577088,1743577599,HK
1743577600,1743578111,TW
1743578112,1743579135,MY
1743579136,1743580159,CN
1743580160,1743581183,IN
1743581184,1743589375,CN
1743589376,1743590399,AU
1743590400,1743591423,KR
1743591424,1743593471,CN
1743593472,1743594495,ID
1743594496,1743595519,BD
1743595520,1743596543,NZ
1743596544,1743597567,LV
1743597568,1743598079,TW
1743598080,1743598591,AU
1743598592,1743599103,KH
1743599104,1743599615,US
1743599616,1743600639,IN
1743600640,1743602687,VN
1743602688,1743603711,CN
1743603712,1743604735,HK
1743604736,1743605759,BD
1743605760,1743606015,SG
1743606016,1743606271,AU
1743606784,1743607039,IN
1743607296,1743607807,VN
1743607808,1743609343,CN
1743609344,1743609855,SG
1743609856,1743610879,VN
1743610880,1743611135,MO
1743611136,1743611391,TR
1743611392,1743611903,DE
1743611904,1743612927,US
1743612928,1743613951,AU
1743613952,1743614975,MM
1743614976,1743615999,IN
1743616000,1743617023,JP
1743617024,1743618047,MO
1743618048,1743619071,HK
1743619072,1743619583,SG
1743619584,1743619839,ID
1743619840,1743620095,IN
1743620096,1743621119,AU
1743621120,1743621631,ID
1743621632,1743622143,SG
1743622144,1743624191,VN
1743624192,1743625215,CN
1743625216,1743626239,IN
1743626240,1743627263,AU
1743627264,1743628287,NZ
1743628288,1743628799,SG
1743628800,1743629055,IN
1743629056,1743629311,AU
1743629312,1743630335,IN
1743630336,1743652863,CN
1743652864,1743654911,IN
1743654912,1743666175,CN
1743666176,1743666431,NZ
1743666432,1743666687,IN
1743666688,1743666943,AU
1743666944,1743667199,BD
1743667200,1743667711,IN
1743667712,1743668223,MM
1743668224,1743672319,VN
1743672320,1743673343,NZ
1743673344,1743676415,CN
1743676416,1743679999,IN
1743680000,1743680511,BD
1743680512,1743681535,TL
1743681536,1743682559,AU
1743682560,1743683583,MY
1743683584,1743683839,HK
1743683840,1743684095,JP
1743684096,1743684607,HK
1743684608,1743685631,CN
1743685632,1743686655,ID
1743686656,1743688703,CN
1743688704,1743689727,MY
1743689728,1743690239,CN
1743690240,1743690751,BD
1743691264,1743691775,IN
1743691776,1743699967,CN
1743699968,1743700479,IN
1743700480,1743700735,NZ
1743700736,1743700991,AU
1743700992,1743702015,CN
1743702016,1743703039,ID
1743703040,1743704063,CN
1743704064,1743706111,VN
1743706112,1743706623,BD
1743707136,1743708159,IN
1743708160,1743709183,HK
1743709184,1743710207,IN
1743710208,1743710719,ID
1743710720,1743711231,VN
1743711232,1743712255,JP
1743712256,1743713279,IN
1743713280,1743714303,JP
1743714304,1743715327,KR
1743715328,1743717375,CN
1743717376,1743718399,BD
1743718400,1743719423,NZ
1743719424,1743719935,IN
1743719936,1743720447,BD
1743720448,1743721471,JP
1743721472,1743722495,ID
1743722496,1743723519,AU
1743724544,1743725567,VN
1743725568,1743726591,IN
1743726848,1743727103,ID
1743727104,1743727615,BD
1743727616,1743728639,CN
1743728640,1743729151,AU
1743729152,1743729407,IN
1743729408,1743729663,AU
1743729664,1743730687,KH
1743730688,1743731711,MN
1743731712,1743732735,TW
1743732736,1743733247,IN
1743733248,1743733759,VN
1743733760,1743734783,CN
1743734784,1743735295,TH
1743735296,1743735807,HK
1743735808,1743736319,AU
1743736320,1743736575,IN
1743736576,1743736831,AU
1743736832,1743737343,VN
1743737344,1743737855,BD
1743737856,1743739391,IN
1743739392,1743740927,JP
1743740928,1743741951,PS
1743741952,1743742975,HK
1743742976,1743743231,NZ
1743743232,1743743487,MM
1743743488,1743743999,AU
1743744000,1743745023,JP
1743745024,1743746047,KR
1743746048,1743748095,VN
1743748096,1743748607,IN
1743748608,1743748863,ID
1743748864,1743749119,MY
1743749120,1743751167,AU
1743751168,1743754239,IN
1743754240,1743754751,HK
1743754752,1743755263,PH
1743755264,1743757311,CN
1743757312,1743758335,TO
1743758336,1743758591,HK
1743758592,1743758847,ID
1743758848,1743759359,AU
1743759360,1743760383,IN
1743760384,1743760895,BD
1743760896,1743761407,IN
1743761408,1743762431,HK
1743762432,1743764479,CN
1743764480,1743765503,ID
1743765504,1743767551,CN
1743767552,1743768575,PH
1743768576,1743770623,CN
1743770624,1743770879,AU
1743770880,1743771135,IN
1743771136,1743771647,ID
1743771648,1743772671,JP
1743772672,1743773439,SG
1743773440,1743773695,MY
1743773696,1743774719,CN
1743774720,1743775743,NZ
1743775744,1743775999,US
1743776000,1743776255,IN
1743776256,1743776511,MX
1743776512,1743776767,IN
1743776768,1743778815,KR
1743778816,1743779839,CN
1743779840,1743780863,MY
1743780864,1743781887,BD
1743781888,1743782143,ID
1743782144,1743783423,BD
1743783424,1743783935,VN
1743783936,1743784959,IN
1743784960,1743785983,JP
1743785984,1743787007,CN
1743787008,1743788031,JP
1743788032,1743789055,IN
1743789056,1743790079,KR
1743790080,1743791103,IN
1743791104,1743792127,CN
1743792128,1743792639,AU
1743792640,1743793151,CN
1743793152,1743794175,BD
1743794176,1743795199,KR
1743795200,1743796223,NZ
1743796224,1743796735,MO
1743796736,1743797247,IN
1743797248,1743798271,TH
1743798272,1743799295,HK
1743799296,1743800319,ID
1743800320,1743801343,CN
1743801344,1743802367,IN
1743802368,1743803391,HK
1743803392,1743804415,CN
1743804416,1743804671,AU
1743804672,1743805439,IN
1743805440,1743806463,HK
1743806464,1743809535,IN
1743809536,1743810559,ID
1743810560,1743811583,KH
1743811584,1743812607,JP
1743812608,1743813631,PH
1743813632,1743814655,CN
1743814656,1743815679,SG
1743815680,1743815935,AU
1743815936,1743816191,NZ
1743816192,1743816703,AU
1743816704,1743817727,IN
1743817728,1743818751,HK
1743818752,1743819007,DE
1743819008,1743819263,GB
1743819264,1743819519,ES
1743819520,1743820031,IT
1743820032,1743820799,HK
1743820800,1743821823,NZ
1743821824,1743822847,ZA
1743822848,1743825919,IN
1743825920,1743826943,CN
1743826944,1743827967,MY
1743827968,1743828991,IN
1743828992,1743830015,NZ
1743830016,1743831039,CN
1743831040,1743832063,IN
1743832064,1743833087,HK
1743833088,1743834111,CN
1743834112,1743838207,IN
1743838208,1743838463,PK
1743838464,1743838719,US
1743838720,1743841279,AU
1743841280,1743843327,IN
1743843328,1743844351,LA
1743844352,1743845375,CN
1743845376,1743846399,BD
1743846400,1743847423,JP
1743847424,1743848447,AU
1743848448,1743848959,ID
1743848960,1743849471,AU
1743849472,1743850495,IN
1743850496,1743851519,CN
1743851520,1743852543,HK
1743852544,1743853567,IN
1743853568,1743853823,ID
1743853824,1743854079,IN
1743854336,1743854591,LK
1743854592,1743856639,TH
1743856640,1743857663,NZ
1743858176,1743858687,VN
1743858688,1743859711,IN
1743859712,1743860735,DE
1743860736,1743861759,IN
1743861760,1743862783,NZ
1743862784,1743863807,SG
1743863808,1743864319,GB
1743864320,1743864575,IT
1743864576,1743864831,ES
1743864832,1743865855,TW
1743866880,1743867903,KR
1743867904,1743868927,IN
1743868928,1743870975,NZ
1743870976,1743873023,CN
1743873024,1743874047,KH
1743874048,1743874303,JP
1743874304,1743875071,SG
1743875072,1743876095,KZ
1743876096,1743877119,IN
1743877120,1743878143,KR
1743878144,1743879167,NZ
1743879168,1743881215,JP
1743881216,1743885311,IN
1743885312,1743885567,AU
1743885568,1743885823,IN
1743885824,1743886335,MY
1743886336,1743887359,JP
1743887360,1743888383,AF
1743888384,1743889407,CN
1743889408,1743890431,HK
1743890432,1743891455,IN
1743891456,1743891967,CN
1743892992,1743893503,ID
1743893504,1743894527,IN
1743894528,1743896575,CN
1743896576,1743896831,ID
1743896832,1743897087,IN
1743897088,1743897599,BD
1743897600,1743897855,IN
1743898112,1743898623,VN
1743898624,1743899647,AU
1743899648,1743900671,ID
1743900672,1743901695,JP
1743901696,1743903743,AU
1743903744,1743904767,CN
1743904768,1743905791,IN
1743905792,1743906815,HK
1743906816,1743908863,IN
1743908864,1743909375,AU
1743909376,1743910911,IN
1743910912,1743911935,VN
1743911936,1743912959,AU
1743912960,1743913983,HK
1743913984,1743915007,JP
1743915008,1743915519,BD
1743915520,1743916031,ID
1743916032,1743917055,HK
1743917056,1743918079,MY
1743918080,1743919103,BD
1743919104,1743920127,AU
1743920128,1743921151,JP
1743921152,1743922175,AU
1743922176,1743923199,NZ
1743924224,1743925247,MN
1743925248,1743925503,NZ
1743925504,1743925759,AU
1743925760,1743926271,AF
1743926272,1743927295,VN
1743927296,1743928319,KH
1743928320,1743929343,PS
1743929344,1743930367,CN
1743930368,1743931391,NZ
1743931392,1743932415,HK
1743932416,1743934207,ID
1743934208,1743934463,IN
1743934464,1743935231,ID
1743935488,1743936511,SG
1743936512,1743937535,AU
1743937536,1743938559,MM
1743938560,1743939071,VN
1743939072,1743939583,BD
1743939584,1743940607,ID
1743940608,1743941631,HK
1743941632,1743942655,JP
1743942656,1743944703,IN
1743944704,1743945215,ID
1743945216,1743945727,TO
1743945728,1743947775,CN
1743947776,1743948799,IN
1743948800,1743949823,HK
1743949824,1743950847,TH
1743951360,1743951871,ID
1743951872,1743953919,IN
1743953920,1743954943,CN
1743954944,1743955967,PG
1743955968,1743959039,CN
1743959040,1743959551,ID
1743959552,1743959807,AU
1743960064,1743962111,IN
1743962112,1743963135,US
1743963136,1743964159,IN
1743964160,1743965183,CN
1743965184,1743966719,ID
1743967232,1743968255,CN
1743968256,1743969279,BD
1743969280,1743970303,CN
1743970304,1743971327,IN
1743971328,1743972351,NZ
1743972352,1743972607,IN
1743972608,1743973119,ID
1743973120,1743973375,AU
1743973376,1743974399,IN
1743974400,1743975423,CN
1743975424,1743976447,NZ
1743976448,1743977471,AU
1743977472,1743978495,JP
1743978496,1743979519,HK
1743979520,1743980543,IN
1743980544,1743981055,HK
1743981056,1743981567,ID
1743981568,1743982591,SG
1743982592,1743983103,AU
1743983104,1743983359,HK
1743983360,1743983615,ID
1743983616,1743984639,KR
1743984640,1743985663,HK
1743985664,1743990783,IN
1743990784,1743991807,ID
1743991808,1743994879,IN
1743994880,1743995903,HK
1743997952,1743999999,BD
1744000000,1744001023,AU
1744001024,1744001535,IN
1744001536,1744001791,NZ
1744001792,1744002047,AU
1744002048,1744003071,SG
1744003072,1744004095,NZ
1744004096,1744004607,NP
1744004608,1744005119,NZ
1744005120,1744006143,VN
1744006144,1744006655,ID
1744006656,1744006911,AU
1744007168,1744008191,IN
1744008192,1744008447,SG
1744008448,1744008703,IN
1744008704,1744008959,KH
1744008960,1744009215,IN
1744009216,1744010239,JP
1744010240,1744011263,PT
1744011264,1744012287,HK
1744012288,1744013311,IN
1744013312,1744014335,CN
1744014336,1744015359,BD
1744015360,1744016383,IN
1744016384,1744017407,AU
1744017408,1744018431,JP
1744018432,1744019455,MY
1744019456,1744020479,NZ
1744020480,1744021503,HK
1744021504,1744022015,VN
1744022016,1744022527,NZ
1744022528,1744023551,SG
1744023552,1744023807,AU
1744023808,1744024319,ID
1744024320,1744024575,TH
1744024576,1744025599,HK
1744025600,1744026623,IN
1744026624,1744027647,SG
1744027648,1744028671,MY
1744028672,1744029695,JP
1744029696,1744030719,KR
1744030720,1744031743,NZ
1744031744,1744032767,JP
1744032768,1744033791,MY
1744033792,1744034815,VN
1744034816,1744035839,SG
1744035840,1744038143,IN
1744038400,1744038911,BD
1744038912,1744039423,IN
1744039424,1744039679,BD
1744039680,1744039935,AU
1744039936,1744040959,JP
1744040960,1744041471,BD
1744041472,1744041983,ID
1744041984,1744043007,TW
1744043008,1744044031,CN
1744044032,1744045055,HK
1744045056,1744046079,IN
1744046080,1744047103,SG
1744047104,1744048127,BD
1744048128,1744049151,CN
1744049152,1744049919,IN
1744049920,1744050175,ID
1744050176,1744050687,IN
1744050688,1744051199,CN
1744051200,1744052223,PH
1744052224,1744053247,IN
1744053248,1744054271,ID
1744055296,1744056319,JP
1744056320,1744056575,IN
1744056576,1744056831,BD
1744056832,1744057087,NZ
1744057088,1744057343,ID
1744057344,1744058367,HK
1744058368,1744058879,AU
1744058880,1744066559,CN
1744066560,1744067583,HK
1744067584,1744068095,PK
1744068096,1744068607,IN
1744068608,1744069631,ID
1744069632,1744070655,SG
1744070656,1744071679,ID
1744071680,1744072703,KR
1744072704,1744073727,SG
1744073728,1744074495,CN
1744074496,1744074751,KR
1744074752,1744076799,IN
1744076800,1744077823,AU
1744077824,1744078847,PK
1744078848,1744079871,VN
1744079872,1744080895,BD
1744080896,1744081407,RO
1744081408,1744081919,PL
1744081920,1744082943,HK
1744082944,1744083967,IN
1744083968,1744084991,HK
1744084992,1744085503,ID
1744085504,1744085759,BD
1744085760,1744086015,TW
1744086016,1744087039,CN
1744087040,1744088063,IN
1744088064,1744090111,PK
1744090112,1744091135,NZ
1744092160,1744092671,MM
1744092672,1744092927,IN
1744092928,1744093183,MY
1744093184,1744093695,PH
1744094208,1744096255,AU
1744096256,1744097279,ID
1744097280,1744098303,JP
1744098304,1744099327,NZ
1744099328,1744100351,ID
1744100352,1744101375,JP
1744101376,1744101887,IN
1744101888,1744102143,NZ
1744102144,1744102399,DE
1744102400,1744103423,FJ
1744103424,1744104447,CN
1744104448,1744105471,ES
1744105472,1744106751,IN
1744106752,1744107007,ID
1744107008,1744107263,SG
1744107264,1744107519,BD
1744107520,1744108543,KH
1744108544,1744109567,CN
1744109568,1744110591,IN
1744110592,1744111615,JP
1744111616,1744113663,IN
1744113664,1744114687,ID
1744114688,1744115455,IN
1744115456,1744116223,CN
1744116224,1744116735,ID
1744116736,1744117759,HK
1744117760,1744118783,IN
1744118784,1744119807,ID
1744119808,1744120831,US
1744120832,1744122879,IN
1744122880,1744123903,CN
1744123904,1744124927,ID
1744124928,1744125951,CN
1744125952,1744127999,IN
1744128000,1744128511,ID
1744128512,1744128767,IN
1744129024,1744130047,KH
1744130048,1744131071,CN
1744131072,1744132095,AU
1744132096,1744133119,MY
1744133120,1744134143,SG
1744134144,1744135167,BD
1744135168,1744137215,IN
1744137216,1744138239,BD
1744138240,1744139263,TH
1744139264,1744140287,GB
1744140288,1744140799,MY
1744140800,1744141311,ID
1744141312,1744143359,CN
1744143360,1744144383,PK
1744144384,1744145407,ID
1744145408,1744146431,BD
1744146432,1744146687,IN
1744146944,1744147199,AU
1744147200,1744147455,IN
1744147456,1744148479,VN
1744148480,1744149503,AU
1744149504,1744149759,PH
1744149760,1744150271,AU
1744150272,1744150527,ID
1744150528,1744151551,TO
1744151552,1744151807,LA
1744151808,1744152319,TH
1744152320,1744152575,LA
1744152576,1744153087,ID
1744153088,1744153599,IN
1744153600,1744154623,NZ
1744154624,1744154879,TH
1744154880,1744156671,ID
1744156672,1744158207,IN
1744158208,1744158719,HK
1744158720,1744159743,PK
1744159744,1744161791,IN
1744161792,1744162815,BD
1744162816,1744163839,MY
1744163840,1744165375,AU
1744165376,1744165631,NZ
1744165632,1744166655,AU
1744166656,1744166911,SG
1744166912,1744167167,JP
1744167168,1744167679,ID
1744167680,1744167935,AU
1744167936,1744168191,NL
1744168192,1744168447,FI
1744168448,1744168703,AE
1744168704,1744168959,NL
1744168960,1744169983,JP
1744169984,1744171007,VN
1744171008,1744172031,BT
1744172032,1744175103,VN
1744175104,1744176127,ID
1744176128,1744177151,AU
1744177152,1744179199,CN
1744179200,1744180223,TH
1744180224,1744181247,PH
1744181248,1744182271,TH
1744182272,1744184575,AU
1744184576,1744184831,SG
1744184832,1744185087,HK
1744185088,1744185343,JP
1744185344,1744187903,IN
1744187904,1744188159,TH
1744188160,1744188415,AU
1744188416,1744189439,NZ
1744189440,1744190463,KR
1744190464,1744191487,IN
1744191488,1744191999,NP
1744192000,1744194047,JP
1744194048,1744194303,ID
1744194304,1744194559,IN
1744194560,1744194815,ID
1744194816,1744195071,HK
1744195072,1744195583,ID
1744195584,1744196607,JP
1744196608,1744197631,IN
1744197632,1744198655,MY
1744198656,1744199679,SG
1744199680,1744201727,AU
1744201728,1744201983,VN
1744202240,1744202495,IN
1744202496,1744202751,ID
1744202752,1744203775,PK
1744203776,1744204799,MY
1744204800,1744205823,ID
1744205824,1744207871,CN
1744207872,1744208127,AU
1744208128,1744208383,ID
1744208384,1744208895,AU
1744208896,1744209919,CN
1744209920,1744210943,AU
1744210944,1744211967,SG
1744211968,1744212991,NL
1744212992,1744213503,SG
1744213504,1744214015,JP
1744214016,1744216063,CN
1744216064,1744217087,HK
1744217088,1744218111,JP
1744218112,1744218623,ID
1744218624,1744219135,IN
1744219136,1744220159,KR
1744220160,1744221183,HK
1744221184,1744222207,AU
1744222208,1744222719,ID
1744222720,1744222975,US
1744222976,1744223231,IN
1744223232,1744224255,TH
1744224256,1744226303,IN
1744226304,1744227327,CA
1744227328,1744228351,MY
1744228352,1744229375,TW
1744229376,1744230399,IN
1744230656,1744230911,MY
1744230912,1744231423,TW
1744231424,1744232447,VN
1744232448,1744233471,IN
1744234496,1744234751,JP
1744234752,1744235519,AU
1744235520,1744236543,KR
1744236544,1744237567,IN
1744237568,1744238591,HK
1744238592,1744239103,RO
1744239104,1744239359,AU
1744239360,1744239615,US
1744239616,1744240639,JP
1744240640,1744241663,AU
1744241664,1744242687,IN
1744242688,1744245503,ID
1744245504,1744245759,IN
1744245760,1744247807,ID
1744247808,1744248319,CA
1744248320,1744248831,SG
1744248832,1744249855,ID
1744249856,1744250367,US
1744250368,1744250879,PH
1744250880,1744251903,ID
1744251904,1744252927,BD
1744252928,1744253951,LK
1744253952,1744255487,IN
1744255488,1744255743,LK
1744255744,1744255999,US
1744256000,1744257023,TH
1744257536,1744257791,PK
1744257792,1744258047,IN
1744258048,1744259071,JP
1744259072,1744260095,NZ
1744260096,1744261119,AU
1744261120,1744261631,IN
1744261632,1744262143,ID
1744262144,1744264191,JP
1744264192,1744265215,HK
1744265216,1744266239,IN
1744266240,1744267263,ID
1744267264,1744268287,IN
1744268288,1744269311,SG
1744270336,1744270591,AU
1744270848,1744271359,AU
1744271360,1744272383,ID
1744272384,1744272895,PK
1744272896,1744273407,ID
1744273408,1744274431,AU
1744274432,1744275455,SG
1744275456,1744278527,HK
1744278528,1744279551,IN
1744279552,1744280575,NZ
1744280576,1744283647,HK
1744283648,1744286719,CN
1744286720,1744286975,SG
1744286976,1744287231,JP
1744287232,1744287743,ID
1744287744,1744289023,AU
1744289536,1744289791,CN
1744289792,1744290815,NZ
1744290816,1744291327,ID
1744291328,1744291583,AF
1744291584,1744291839,SG
1744291840,1744292863,CN
1744292864,1744293887,SG
1744293888,1744294655,IN
1744294656,1744294911,ID
1744294912,1744295935,CN
1744295936,1744296959,ID
1744296960,1744297983,KR
1744297984,1744298495,AU
1744298496,1744299007,ID
1744299008,1744299519,PH
1744299520,1744300031,HK
1744300032,1744301055,KR
1744301056,1744301567,AU
1744301568,1744302079,BD
1744302080,1744302335,ID
1744302336,1744302591,IN
1744302592,1744303615,ID
1744303616,1744303871,IN
1744303872,1744304127,NZ
1744304128,1744305151,AU
1744305152,1744306175,PH
1744306176,1744306687,CN
1744306688,1744308223,AU
1744308224,1744308735,ID
1744308736,1744309247,US
1744309248,1744310271,BD
1744310272,1744312319,AU
1744312320,1744312575,PL
1744312576,1744312831,ID
1744312832,1744313343,AU
1744313344,1744315391,IN
1744315392,1744316415,PS
1744316416,1744317439,KH
1744317440,1744318463,AU
1744318464,1744318975,US
1744318976,1744319487,AU
1744319488,1744320511,IN
1744320512,1744321535,ID
1744321536,1744322559,IN
1744322560,1744323583,CN
1744323584,1744324607,JP
1744324608,1744325631,IN
1744325632,1744326655,HK
1744326656,1744328703,IN
1744328704,1744329727,HK
1744329728,1744330751,IN
1744330752,1744331263,AU
1744331264,1744331775,SG
1744331776,1744332799,CN
1744332800,1744333823,KR
1744333824,1744334847,MY
1744334848,1744335871,MV
1744335872,1744337919,IN
1744337920,1744338943,CN
1744338944,1744339967,AU
1744339968,1744340991,SG
1744340992,1744342015,HK
1744342016,1744342527,PK
1744342528,1744342783,HK
1744342784,1744343039,PH
1744343040,1744343551,SG
1744343552,1744343807,ID
1744343808,1744344063,AU
1744344064,1744345087,JP
1744345088,1744346111,CN
1744346112,1744347135,IN
1744347136,1744349183,VN
1744349184,1744350207,CN
1744350208,1744351231,IN
1744351232,1744352255,NZ
1744352256,1744353279,HK
1744353280,1744354303,IT
1744354304,1744355327,AU
1744355328,1744356351,CN
1744356352,1744357375,ID
1744357376,1744357631,NZ
1744357632,1744357887,SG
1744357888,1744358399,IN
1744358400,1744359423,BD
1744359424,1744360447,IN
1744360448,1744361471,CN
1744361472,1744362495,ID
1744362496,1744363007,AU
1744363008,1744363519,PK
1744363520,1744364543,CN
1744364544,1744365055,SG
1744365056,1744365567,VN
1744365568,1744366591,IN
1744366592,1744367615,BD
1744367616,1744368639,IN
1744368640,1744369663,PS
1744369664,1744369919,ID
1744369920,1744370175,NL
1744370432,1744370687,JP
1744370688,1744371711,HK
1744371712,1744372735,BD
1744372736,1744373759,IN
1744373760,1744375807,CN
1744375808,1744376319,IN
1744376320,1744376831,ID
1744376832,1744377855,VN
1744377856,1744378879,IN
1744378880,1744379903,KR
1744379904,1744380927,HK
1744380928,1744383999,IN
1744384000,1744384255,US
1744384256,1744385023,AU
1744385024,1744386047,CN
1744386048,1744386303,BD
1744386304,1744386559,AU
1744386560,1744387071,ID
1744387072,1744388095,NZ
1744388096,1744388607,ID
1744389120,1744389375,AU
1744389376,1744389631,KH
1744389632,1744390143,AU
1744390144,1744391167,HK
1744391168,1744393215,IN
1744394240,1744395263,IN
1744395264,1744396287,MY
1744396288,1744397311,IN
1744397312,1744398335,VN
1744398336,1744399359,CN
1744399360,1744400383,HK
1744400384,1744400895,IN
1744400896,1744401407,PK
1744401408,1744401919,VN
1744401920,1744403455,IN
1744403456,1744404479,AU
1744404480,1744405503,CN
1744405504,1744406015,NL
1744406016,1744406527,BG
1744406528,1744407551,CN
1744407552,1744408575,AU
1744408576,1744409599,CN
1744409600,1744409855,AU
1744409856,1744410111,NZ
1744410112,1744410367,US
1744410368,1744410623,SG
1744410624,1744411647,PK
1744411648,1744412671,VN
1744412672,1744413695,TW
1744413696,1744417791,CN
1744417792,1744418303,IN
1744418304,1744418815,AU
1744418816,1744419839,JP
1744419840,1744421887,CN
1744421888,1744422399,IN
1744422400,1744422911,PH
1744422912,1744423423,VN
1744423424,1744423679,AU
1744423680,1744423935,PH
1744423936,1744424959,IN
1744424960,1744425471,MY
1744425472,1744425727,ID
1744425984,1744427007,TH
1744428032,1744429055,AU
1744429568,1744430079,ID
1744430080,1744431103,PK
1744431104,1744432127,IN
1744432128,1744433151,AU
1744433152,1744434175,IN
1744434176,1744435199,CN
1744435200,1744436223,IN
1744436224,1744437247,CN
1744437248,1744438271,KI
1744438272,1744439295,MY
1744439296,1744439807,AU
1744439808,1744441343,ID
1744441344,1744442367,IN
1744442368,1744443391,AU
1744443392,1744444415,VN
1744444416,1744444927,PK
1744444928,1744445439,IN
1744445440,1744446463,CN
1744446464,1744447487,IN
1744447488,1744447743,AU
1744447744,1744447999,HK
1744448000,1744448511,BD
1744448512,1744449535,IN
1744449536,1744450559,NZ
1744450560,1744451583,HK
1744451584,1744452607,SG
1744452608,1744453119,AU
1744453120,1744453375,PH
1744453376,1744454655,AU
1744454656,1744455679,BD
1744455680,1744456703,JP
1744456704,1744456959,MM
1744456960,1744457215,PH
1744457216,1744457727,VN
1744457728,1744459775,IN
1744459776,1744460799,NZ
1744460800,1744461823,JP
1744461824,1744462847,IN
1744462848,1744463359,JP
1744463360,1744463615,AU
1744463616,1744463871,ID
1744463872,1744464895,CN
1744464896,1744466943,IN
1744466944,1744467967,NZ
1744467968,1744468479,IN
1744468480,1744468991,KH
1744468992,1744470015,CN
1744470016,1744471039,ID
1744471040,1744471551,NP
1744471552,1744471807,US
1744471808,1744472063,NP
1744472064,1744473087,IN
1744473088,1744473343,PH
1744473344,1744473599,VN
1744473600,1744473855,ID
1744473856,1744474111,TH
1744474112,1744481279,IN
1744481280,1744482303,CN
1744482304,1744483327,HK
1744483328,1744484351,CN
1744484352,1744486399,IN
1744486400,1744487423,CN
1744487424,1744487935,PH
1744487936,1744488191,NZ
1744488192,1744488447,ID
1744488448,1744489471,JP
1744489472,1744490495,NZ
1744490496,1744491519,ID
1744491520,1744492543,AU
1744492544,1744493567,CN
1744493568,1744494079,MM
1744494080,1744494591,PK
1744494592,1744495615,CN
1744495616,1744497663,NZ
1744497664,1744498687,CN
1744498688,1744499711,NZ
1744499712,1744500735,IN
1744500736,1744502783,CN
1744502784,1744503807,MY
1744503808,1744504831,AU
1744504832,1744505343,ID
1744506368,1744506623,ID
1744506624,1744506879,AU
1744506880,1744509183,IN
1744509184,1744509439,SG
1744509440,1744510975,IN
1744510976,1744511999,CN
1744512000,1744513023,HK
1744513024,1744513535,ID
1744513536,1744513791,AU
1744513792,1744514047,IN
1744514048,1744514559,ID
1744514816,1744515071,AU
1744515072,1744519167,IN
1744519168,1744520191,AU
1744520192,1744520447,IN
1744520448,1744520703,ID
1744520704,1744521215,IN
1744521216,1744523263,JP
1744523264,1744524287,IN
1744524288,1744525311,CN
1744525312,1744526335,HK
1744526336,1744527359,IN
1744527360,1744528383,CN
1744528384,1744529407,IN
1744529408,1744530431,KR
1744530432,1744530943,SG
1744530944,1744531455,AU
1744531456,1744532479,HK
1744532480,1744533503,JP
1744533504,1744534527,BD
1744534528,1744536575,CN
1744536576,1744537087,PW
1744537088,1744538623,AU
1744538624,1744539647,IN
1744539648,1744540671,AU
1744540672,1744541695,IN
1744541696,1744542719,ID
1744542720,1744543743,NL
1744543744,1744544767,CN
1744544768,1744545791,NL
1744545792,1744546047,NZ
1744546048,1744546303,IN
1744546304,1744547839,AU
1744548864,1744549887,ID
1744549888,1744551935,IN
1744551936,1744552959,CN
1744552960,1744553471,SG
1744553472,1744553983,HK
1744553984,1744555007,MY
1744555008,1744556031,CN
1744556032,1744559103,IN
1744559104,1744560127,US
1744560128,1744562175,IN
1744562176,1744563199,BD
1744563200,1744564223,HK
1744564224,1744565247,CN
1744565248,1744566271,BD
1744566272,1744567807,IN
1744567808,1744568319,PK
1744568320,1744569343,VN
1744569344,1744570367,IN
1744570368,1744571391,AU
1744571392,1744571903,ID
1744571904,1744572415,AU
1744572416,1744573439,HK
1744573440,1744574463,ID
1744574464,1744575487,IN
1744575488,1744576511,CN
1744576512,1744577535,PH
1744577536,1744578559,CN
1744578560,1744580351,IN
1744580352,1744580607,BD
1744580608,1744580863,ID
1744580864,1744581119,SG
1744581120,1744581631,ID
1744581632,1744582655,IN
1744582656,1744583679,AU
1744583680,1744584703,IN
1744584704,1744585727,CN
1744586752,1744587775,VN
1744587776,1744588799,HK
1744588800,1744589823,PK
1744589824,1744590079,BT
1744590080,1744590847,ID
1744590848,1744591871,DE
1744591872,1744592895,VN
1744592896,1744593919,CN
1744593920,1744594431,ID
1744594432,1744594943,AU
1744594944,1744595967,CN
1744595968,1744596991,IN
1744596992,1744598015,SG
1744598016,1744599039,HK
1744599040,1744599551,BD
1744599552,1744600063,VN
1744600064,1744600575,NZ
1744600576,1744601087,BD
1744601088,1744602111,TW
1744602112,1744603135,HK
1744603136,1744603647,VN
1744603648,1744604159,HK
1744604160,1744607231,IN
1744607232,1744608255,AU
1744608256,1744609279,IN
1744609280,1744609535,ID
1744609536,1744609791,IN
1744609792,1744610047,HK
1744610048,1744610303,ID
1744610304,1744612351,IN
1744612352,1744613375,CN
1744613376,1744614399,PH
1744614400,1744615423,IN
1744615424,1744616447,US
1744616448,1744616959,ID
1744616960,1744617471,AU
1744617472,1744617983,IN
1744617984,1744618495,AU
1744618496,1744619519,TW
1744619520,1744620543,SG
1744620544,1744622591,CN
1744622592,1744624639,IN
1744624640,1744624895,BG
1744624896,1744625151,IT
1744625152,1744625407,NL
1744625408,1744625663,DE
1744625664,1744626687,BD
1744626688,1744627711,KR
1744627712,1744628735,CN
1744628736,1744630783,IN
1744630784,1744631039,TW
1744631040,1744631295,IN
1744631296,1744631551,AU
1744631552,1744631807,NZ
1744631808,1744632831,CN
1744632832,1744633855,VN
1744633856,1744634879,ID
1744634880,1744635903,CN
1744635904,1744636927,HK
1744636928,1744637951,MY
1744637952,1744638463,VN
1744638464,1744638975,PK
1744638976,1744639999,VN
1744640000,1744641023,SG
1744641024,1744643071,IN
1744643072,1744643583,LT
1744643584,1744644095,BD
1744644096,1744645119,HK
1744645120,1744646143,BD
1744646144,1744647167,NZ
1744647168,1744648191,IN
1744648192,1744649215,KR
1744649216,1744650239,CN
1744650240,1744651263,AU
1744651264,1744651775,ID
1744651776,1744652287,IN
1744652288,1744653311,TH
1744653312,1744655871,JP
1744655872,1744656383,ID
1744656384,1744657407,VN
1744657408,1744658431,AU
1744658432,1744659455,CA
1744659456,1744659967,MY
1744659968,1744660479,BD
1744660480,1744660735,IN
1744660736,1744660991,MY
1744660992,1744661503,ID
1744661504,1744662527,MY
1744662528,1744663551,ID
1744663552,1744663807,NZ
1744663808,1744664063,TH
1744664064,1744664575,AU
1744664576,1744665599,HK
1744665600,1744665855,ID
1744665856,1744666111,IN
1744666112,1744666367,AU
1744666368,1744666623,ID
1744666624,1744667647,IN
1744667648,1744668671,TH
1744668672,1744669695,NZ
1744669696,1744670719,ES
1744670720,1744671743,SG
1744671744,1744673791,IN
1744673792,1744674815,PK
1744674816,1744675839,BD
1744675840,1744676351,ID
1744676352,1744678911,IN
1744678912,1744679423,BD
1744679424,1744679935,IN
1744679936,1744680959,KH
1744680960,1744681983,PH
1744681984,1744683007,JP
1744683008,1744683263,NZ
1744683264,1744683519,AU
1744683520,1744684031,NZ
1744685056,1744686079,IN
1744686080,1744687103,CN
1744687104,1744688127,IN
1744688128,1744689151,ID
1744689152,1744690175,JP
1744690176,1744692223,CN
1744692224,1744692479,TH
1744692480,1744693247,ID
1744693248,1744694271,CN
1744694272,1744695295,HK
1744695296,1744696319,KR
1744696320,1744696831,ID
1744696832,1744697343,BD
1744697344,1744698367,HK
1744699392,1744700415,NZ
1744700416,1744701439,AU
1744701440,1744702463,CN
1744702464,1744704511,VN
1744704512,1744705535,CN
1744705536,1744705791,AU
1744705792,1744706047,ID
1744706048,1744706303,BD
1744706304,1744708607,IN
1744708608,1744709631,HK
1744709632,1744710655,VN
1744710656,1744711679,SG
1744711680,1744712191,ID
1744712192,1744712447,AU
1744712448,1744712703,ID
1744712704,1744714751,IN
1744714752,1744715007,US
1744715008,1744715263,JP
1744715264,1744715519,US
1744715520,1744715775,CA
1744715776,1744719871,CN
1744719872,1744720383,IN
1744720896,1744721919,BD
1744721920,1744722687,AU
1744722688,1744722943,IN
1744722944,1744723455,AU
1744723456,1744723711,BD
1744723712,1744723967,ID
1744723968,1744726015,IN
1744726016,1744727039,ID
1744727040,1744728063,HK
1744728064,1744729087,CN
1744729088,1744730111,HK
1744730112,1744730623,MN
1744730624,1744731135,HK
1744731136,1744732159,ID
1744732160,1744733183,IN
1744733184,1744734207,NZ
1744734208,1744736255,AU
1744736256,1744737279,JP
1744737280,1744738303,HK
1744738304,1744739327,SG
1744739328,1744740351,NZ
1744740352,1744741119,IN
1744741120,1744741375,US
1744741376,1744741631,ID
1744741632,1744741887,AU
1744741888,1744742143,AF
1744742144,1744742399,BD
1744742400,1744743423,ID
1744743424,1744744447,IN
1744744448,1744745471,CN
1744745472,1744747519,NP
1744747520,1744748543,CN
1744748544,1744749055,IN
1744749056,1744749567,NZ
1744749568,1744749823,CN
1744749824,1744750079,ID
1744750080,1744750591,US
1744750592,1744752639,IN
1744752640,1744753663,HK
1744753664,1744754175,TW
1744754176,1744754431,PH
1744754432,1744754687,TH
1744754688,1744755711,VN
1744755712,1744756735,CN
1744756736,1744757759,PF
1744758272,1744758527,IN
1744758528,1744758783,AU
1744758784,1744759807,PF
1744759808,1744760831,IN
1744760832,1744761855,US
1744761856,1744762879,IN
1744762880,1744763903,KR
1744763904,1744765439,SG
1744765440,1744765951,IN
1744765952,1744766975,PK
1744766976,1744767999,IN
1744768000,1744768255,ID
1744768256,1744768511,TH
1744768512,1744769023,ID
1744769024,1744770047,AU
1744770048,1744771071,JP
1744771072,1744772095,NZ
1744772096,1744772351,IN
1744772352,1744772607,ID
1744772608,1744772863,BD
1744772864,1744773119,AU
1744773120,1744774143,SG
1744774144,1744775167,IN
1744775168,1744776191,TW
1744776192,1744777215,HK
1744777216,1744778239,AU
1744778240,1744778751,ID
1744779008,1744779263,AU
1744780288,1744781311,BR
1744781312,1744781823,IN
1744781824,1744782335,PK
1744782336,1744783359,CN
1744783360,1744784383,IN
1744784384,1744784895,US
1744784896,1744785407,AU
1744785408,1744786431,IN
1744786432,1744787455,VN
1744787456,1744789503,CN
1744789504,1744790015,IN
1744790016,1744790527,ID
1744790528,1744792575,IN
1744792576,1744793599,ID
1744793600,1744794623,IN
1744795648,1744797183,ID
1744797184,1744797439,NP
1744797440,1744797695,HK
1744797696,1744798719,PK
1744798720,1744799231,ID
1744799232,1744799743,IN
1744799744,1744801791,CN
1744801792,1744802815,IN
1744802816,1744803839,PK
1744803840,1744804863,PH
1744804864,1744805375,ID
1744805376,1744805887,IN
1744805888,1744806399,VN
1744806400,1744807935,ID
1744807936,1744808447,IN
1744808448,1744808959,MY
1744808960,1744809983,MM
1744811008,1744812031,IN
1744812032,1744813055,CN
1744813056,1744814079,IN
1744814080,1744814591,SG
1744814592,1744815103,AU
1744815104,1744815615,US
1744815616,1744815871,TH
1744815872,1744816127,IN
1744816128,1744817151,CN
1744817152,1744817663,AF
1744817664,1744818175,TW
1744818176,1744818687,HK
1744818688,1744819199,TW
1744819200,1744820223,CN
1744820224,1744823295,IN
1744823296,1744824319,CN
1744824320,1744825343,IN
1744825344,1744826367,VN
1744826368,1744827391,ID
1744827392,1744828415,JP
1744828416,1744828927,AU
1744828928,1744829183,SG
1744829184,1744829439,AU
1744829440,1744830463,HK
