1744830464,1746272255,US
1746272256,1746272511,IN
1746272512,1746273279,US
1746273280,1746273535,IN
1746273536,1746273791,PK
1746273792,1746274047,IN
1746274048,1746274559,ES
1746274560,1746274815,IN
1746274816,1746275327,BR
1746275328,1746275839,PT
1746275840,1746278143,US
1746278144,1746278399,ES
1746278400,1746279167,US
1746279168,1746279423,PL
1746279424,1746279679,AL
1746279680,1746279935,BD
1746279936,1746280191,KE
1746280192,1746280703,CA
1746280704,1746281727,IN
1746281728,1746281983,JM
1746281984,1746282239,SI
1746282240,1746282495,CI
1746282496,1746282751,LB
1746282752,1746283007,ZA
1746283008,1746283263,US
1746283264,1746283775,SE
1746283776,1746284287,ZA
1746284288,1746284799,IN
1746284800,1746285311,US
1746285312,1746285823,TR
1746285824,1746286079,PE
1746286080,1746286335,PA
1746286336,1746286591,CR
1746286592,1746287359,US
1746287360,1746287615,TT
1746287616,1746287871,IN
1746287872,1746288127,AR
1746288128,1746289151,US
1746289152,1746289663,SG
1746289664,1746289919,BH
1746289920,1746290687,DK
1746290688,1746291199,US
1746291200,1746291455,TZ
1746291456,1746291711,TT
1746291712,1746291967,NG
1746291968,1746292223,KE
1746292224,1746292735,DE
1746292736,1746292991,ID
1746292992,1746293247,ZA
1746293248,1746293503,FI
1746293504,1746294271,DE
1746294272,1746295807,US
1746295808,1746296063,PH
1746296064,1746296831,US
1746296832,1746297087,PK
1746297088,1746300159,US
1746300160,1746301695,NL
1746301696,1746303231,US
1746303232,1746303487,NZ
1746303488,1746303743,PK
1746303744,1746303999,DE
1746304000,1746304767,CA
1746304768,1746305535,AU
1746305536,1746305791,ID
1746305792,1746306047,AU
1746306048,1746306815,IN
1746306816,1746307071,AZ
1746307072,1746308607,ES
1746308608,1746309375,US
1746309376,1746309631,TR
1746309632,1746309887,IN
1746309888,1746310143,TH
1746310144,1746312447,US
1746312448,1746313215,KR
1746313216,1746313983,US
1746313984,1746314239,TJ
1746314240,1746314495,CM
1746314496,1746314751,ZA
1746314752,1746315007,KZ
1746315008,1746315263,FI
1746315264,1746315519,CA
1746315520,1746315775,US
1746315776,1746316031,CA
1746316032,1746317055,IN
1746317056,1746317311,PK
1746317312,1746317567,SG
1746317568,1746318079,BG
1746318080,1746318335,IE
1746318336,1746318847,ES
1746318848,1746319871,BR
1746319872,1746320383,DE
1746320384,1746320639,PH
1746320640,1746320895,ID
1746320896,1746322687,US
1746322688,1746323199,JP
1746323200,1746327551,US
1746327552,1746328063,JP
1746328064,1746328319,US
1746328320,1746328831,SE
1746328832,1746329087,TH
1746329088,1746345983,US
1746345984,1746362367,NL
1746362368,1746379263,US
1746379264,1746379775,AT
1746379776,1746380287,TR
1746380288,1746382335,NL
1746382336,1746382591,TR
1746382592,1746383359,SG
1746383360,1746383871,US
1746383872,1746385151,TR
1746385152,1746385407,SA
1746385408,1746385663,CO
1746385664,1746386943,US
1746386944,1746387199,ZM
1746387200,1746387455,OM
1746387456,1746387711,MX
1746387712,1746388479,US
1746388480,1746388735,NZ
1746388736,1746388991,DE
1746388992,1746389247,KW
1746389248,1746389503,US
1746389504,1746389759,CL
1746389760,1746390271,US
1746390272,1746390527,JO
1746390528,1746390783,IN
1746390784,1746391039,AE
1746391040,1746391295,ET
1746391296,1746392831,US
1746392832,1746393343,IN
1746393344,1746393855,SE
1746393856,1746394367,DE
1746394368,1746395391,SE
1746395392,1746396927,FR
1746396928,1746397183,IN
1746397184,1746397695,ID
1746397696,1746398207,NZ
1746398208,1746398975,AR
1746398976,1746399487,DE
1746399488,1746399999,BE
1746400000,1746401535,US
1746401536,1746401791,MW
1746401792,1746402815,US
1746402816,1746403327,BR
1746403328,1746667520,US
1746667521,1746667523,AD
1746667524,1746667526,AE
1746667527,1746667529,AF
1746667530,1746667532,AG
1746667533,1746667535,AI
1746667536,1746667538,AL
1746667539,1746667542,AM
1746667543,1746667545,AO
1746667546,1746667548,AQ
1746667549,1746667559,AR
1746667560,1746667562,AS
1746667563,1746667574,AT
1746667575,1746667600,AU
1746667601,1746667603,AW
1746667604,1746667606,AX
1746667607,1746667609,AZ
1746667610,1746667612,BA
1746667613,1746667615,BB
1746667616,1746667624,BD
1746667625,1746667628,BE
1746667629,1746667631,BF
1746667632,1746667635,BG
1746667636,1746667638,BH
1746667639,1746667641,BI
1746667642,1746667644,BJ
1746667645,1746667647,BL
1746667648,1746667650,BM
1746667651,1746667653,BN
1746667654,1746667656,BO
1746667657,1746667659,BQ
1746667660,1746667749,BR
1746667750,1746667752,BS
1746667753,1746667755,BT
1746667756,1746667758,BV
1746667759,1746667761,BW
1746667762,1746667764,BY
1746667765,1746667767,BZ
1746667768,1746667787,CA
1746667788,1746667790,CC
1746667791,1746667793,CD
1746667794,1746667796,CF
1746667797,1746667799,CG
1746667800,1746667803,CH
1746667804,1746667806,CI
1746667807,1746667809,CK
1746667810,1746667818,CL
1746667819,1746667821,CM
1746667822,1746667824,CN
1746667825,1746667829,CO
1746667830,1746667832,CR
1746667833,1746667835,CU
1746667836,1746667838,CV
1746667839,1746667841,CW
1746667842,1746667844,CX
1746667845,1746667847,CY
1746667848,1746667853,CZ
1746667854,1746667913,DE
1746667914,1746667916,DJ
1746667917,1746667921,DK
1746667922,1746667924,DM
1746667925,1746667927,DO
1746667928,1746667930,DZ
1746667931,1746667933,EC
1746667934,1746667936,EE
1746667937,1746667939,EG
1746667940,1746667942,EH
1746667943,1746667945,ER
1746667946,1746667962,ES
1746667963,1746667965,ET
1746667966,1746667969,FI
1746667970,1746667972,FJ
1746667973,1746667975,FK
1746667976,1746667978,FM
1746667979,1746667981,FO
1746667982,1746668032,FR
1746668033,1746668035,GA
1746668036,1746668092,GB
1746668093,1746668095,GD
1746668096,1746668098,GE
1746668099,1746668101,GF
1746668102,1746668104,GG
1746668105,1746668107,GH
1746668108,1746668110,GI
1746668111,1746668113,GL
1746668114,1746668116,GM
1746668117,1746668119,GN
1746668120,1746668122,GP
1746668123,1746668125,GQ
1746668126,1746668132,GR
1746668133,1746668135,GS
1746668136,1746668138,GT
1746668139,1746668141,GU
1746668142,1746668144,GW
1746668145,1746668147,GY
1746668148,1746668189,HK
1746668190,1746668192,HM
1746668193,1746668195,HN
1746668196,1746668198,HR
1746668199,1746668201,HT
1746668202,1746668204,HU
1746668205,1746668210,ID
1746668211,1746668218,IE
1746668219,1746668222,IL
1746668223,1746668225,IM
1746668226,1746668300,IN
1746668301,1746668303,IO
1746668304,1746668315,IQ
1746668316,1746668318,IR
1746668319,1746668321,IS
1746668322,1746668337,IT
1746668338,1746668340,JE
1746668341,1746668343,JM
1746668344,1746668346,JO
1746668347,1746668408,JP
1746668409,1746668411,KE
1746668412,1746668414,KG
1746668415,1746668417,KH
1746668418,1746668420,KI
1746668421,1746668423,KM
1746668424,1746668426,KN
1746668427,1746668437,KR
1746668438,1746668440,KW
1746668441,1746668443,KY
1746668444,1746668446,KZ
1746668447,1746668449,LA
1746668450,1746668452,LB
1746668453,1746668455,LC
1746668456,1746668458,LI
1746668459,1746668461,LK
1746668462,1746668464,LR
1746668465,1746668467,LS
1746668468,1746668470,LT
1746668471,1746668473,LU
1746668474,1746668476,LV
1746668477,1746668479,LY
1746668480,1746668482,MA
1746668483,1746668485,MC
1746668486,1746668488,MD
1746668489,1746668491,ME
1746668492,1746668494,MF
1746668495,1746668497,MG
1746668498,1746668500,MH
1746668501,1746668503,MK
1746668504,1746668506,ML
1746668507,1746668510,MM
1746668511,1746668513,MN
1746668514,1746668516,MO
1746668517,1746668519,MP
1746668520,1746668522,MQ
1746668523,1746668525,MR
1746668526,1746668528,MS
1746668529,1746668531,MT
1746668532,1746668534,MU
1746668535,1746668537,MV
1746668538,1746668540,MW
1746668541,1746668546,MX
1746668547,1746668552,MY
1746668553,1746668555,MZ
1746668556,1746668558,NA
1746668559,1746668561,NC
1746668562,1746668564,NE
1746668565,1746668567,NF
1746668568,1746668570,NG
1746668571,1746668573,NI
1746668574,1746668614,NL
1746668615,1746668618,NO
1746668619,1746668623,NP
1746668624,1746668626,NR
1746668627,1746668629,NU
1746668630,1746668632,NZ
1746668633,1746668635,OM
1746668636,1746668638,PA
1746668639,1746668644,PE
1746668645,1746668647,PF
1746668648,1746668650,PG
1746668651,1746668658,PH
1746668659,1746668663,PK
1746668664,1746668675,PL
1746668676,1746668678,PM
1746668679,1746668681,PN
1746668682,1746668684,PR
1746668685,1746668687,PS
1746668688,1746668691,PT
1746668692,1746668694,PW
1746668695,1746668697,PY
1746668698,1746668700,QA
1746668701,1746668703,RE
1746668704,1746668710,RO
1746668711,1746668713,RS
1746668714,1746668736,RU
1746668737,1746668739,RW
1746668740,1746668747,SA
1746668748,1746668750,SB
1746668751,1746668753,SC
1746668754,1746668756,SD
1746668757,1746668766,SE
1746668767,1746668815,SG
1746668816,1746668818,SH
1746668819,1746668821,SI
1746668822,1746668824,SJ
1746668825,1746668827,SK
1746668828,1746668830,SL
1746668831,1746668833,SM
1746668834,1746668836,SN
1746668837,1746668839,SO
1746668840,1746668842,SR
1746668843,1746668845,SS
1746668846,1746668848,ST
1746668849,1746668851,SV
1746668852,1746668854,SX
1746668855,1746668857,SY
1746668858,1746668860,SZ
1746668861,1746668863,TC
1746668864,1746668866,TD
1746668867,1746668869,TF
1746668870,1746668872,TG
1746668873,1746668887,TH
1746668888,1746668890,TJ
1746668891,1746668893,TK
1746668894,1746668896,TL
1746668897,1746668899,TM
1746668900,1746668902,TN
1746668903,1746668905,TO
1746668906,1746668924,TR
1746668925,1746668927,TT
1746668928,1746668930,TV
1746668931,1746668940,TW
1746668941,1746668943,TZ
1746668944,1746668947,UA
1746668948,1746668950,UG
1746668951,1746668953,UM
1746668954,1746669374,US
1746669375,1746669377,UY
1746669378,1746669380,UZ
1746669381,1746669383,VA
1746669384,1746669386,VC
1746669387,1746669389,VE
1746669390,1746669392,VG
1746669393,1746669395,VI
1746669396,1746669399,VN
1746669400,1746669402,VU
1746669403,1746669405,WF
1746669406,1746669408,WS
1746669409,1746669411,YE
1746669412,1746669414,YT
1746669415,1746669427,ZA
1746669428,1746669430,ZM
1746669431,1746669433,ZW
1746669434,1746669434,AT
1746669435,1746669435,AU
1746669436,1746669436,BG
1746669437,1746669437,CA
1746669438,1746669470,DE
1746669471,1746669471,EC
1746669472,1746669473,ES
1746669474,1746669480,FR
1746669481,1746669482,ID
1746669483,1746669483,IN
1746669484,1746669484,JP
1746669485,1746669486,MY
1746669487,1746669487,PK
1746669488,1746669497,PL
1746669498,1746669498,PT
1746669499,1746669501,SE
1746669502,1746669530,SG
1746669531,1746669532,TH
1746669533,1746669537,TW
1746669538,1746669603,US
1746669604,1746669614,FR
1746669615,1746670591,US
1746670592,1746670597,PA
1746670598,1746670603,CO
1746670604,1746670611,CN
1746670612,1746670618,CA
1746670619,1746670633,BE
1746670634,1746670641,US
1746670642,1746670658,GB
1746670659,1746670667,US
1746670668,1746670677,ES
1746670678,1746670684,BR
1746670685,1746670691,UA
1746670692,1746670698,CU
1746670699,1746670704,MQ
1746670705,1746670712,US
1746670713,1746670720,IN
1746670721,1746670727,CN
1746670728,1746670740,GB
1746670741,1746670749,US
1746670750,1746670762,FR
1746670763,1746670769,AZ
1746670770,1746670777,JP
1746670778,1746670787,IN
1746670788,1746670794,CN
1746670795,1746670801,US
1746670802,1746670809,TW
1746670810,1746670818,CA
1746670819,1746670827,US
1746670828,1746670834,DE
1746670835,1746670843,US
1746670844,1746670850,BR
1746670851,1746670860,IN
1746670861,1746670868,JP
1746670869,1746670877,US
1746670878,1746670884,CN
1746670885,1746670891,BR
1746670892,1746670898,US
1746670899,1746670903,JO
1746670904,1746670911,JP
1746670912,1746670918,BR
1746670919,1746670926,JP
1746670927,1746670933,BR
1746670934,1746670938,MW
1746670939,1746670945,DE
1746670946,1746670953,CN
1746670954,1746670960,US
1746670961,1746670967,DE
1746670968,1746670973,NZ
1746670974,1746670978,RO
1746670979,1746670985,IQ
1746670986,1746670993,JP
1746670994,1746670999,TG
1746671000,1746671007,RU
1746671008,1746671010,PE
1746671011,1746671018,IN
1746671019,1746671026,RU
1746671027,1746671031,PL
1746671032,1746671039,MX
1746671040,1746671041,CL
1746671042,1746671050,US
1746671051,1746671058,AR
1746671059,1746671063,ST
1746671064,1746671068,SE
1746671069,1746671071,VE
1746671072,1746671079,KR
1746671080,1746671085,BR
1746671086,1746671094,US
1746671095,1746671101,KZ
1746671102,1746671112,US
1746671113,1746671120,IN
1746671121,1746671134,GB
1746671135,1746671142,KZ
1746671143,1746671152,AD
1746671153,1746671158,NG
1746671159,1746671165,BR
1746671166,1746671168,PE
1746671169,1746671176,JP
1746671177,1746671186,FR
1746671187,1746671194,MY
1746671195,1746671201,AE
1746671202,1746671209,PH
1746671210,1746671218,CA
1746671219,1746671226,JP
1746671227,1746671236,FR
1746671237,1746671240,IS
1746671241,1746671247,TM
1746671248,1746671255,KR
1746671256,1746671265,DE
1746671266,1746671276,US
1746671277,1746671288,CH
1746671289,1746671297,US
1746671298,1746671303,SC
1746671304,1746671311,KR
1746671312,1746671317,NG
1746671318,1746671324,IR
1746671325,1746671330,IT
1746671331,1746671335,IO
1746671336,1746671342,BR
1746671343,1746671350,ID
1746671351,1746671355,NO
1746671356,1746671361,CO
1746671362,1746671370,US
1746671371,1746671377,CN
1746671378,1746671384,CA
1746671385,1746671397,GB
1746671398,1746671423,IN
1746671424,1746671426,PE
1746671427,1746671434,IQ
1746671435,1746671446,US
1746671447,1746671457,CH
1746671458,1746671466,US
1746671467,1746671472,UG
1746671473,1746671478,CO
1746671479,1746671494,BE
1746671495,1746671500,NI
1746671501,1746671508,IN
1746671509,1746671516,JP
1746671517,1746671524,US
1746671525,1746671531,BR
1746671532,1746671546,US
1746671547,1746671553,CN
1746671554,1746671560,PK
1746671561,1746671569,DE
1746671570,1746671575,CO
1746671576,1746671583,US
1746671584,1746671591,VN
1746671592,1746671599,UY
1746671600,1746671608,US
1746671609,1746671624,JP
1746671625,1746671634,ES
1746671635,1746671643,US
1746671644,1746671651,NO
1746671652,1746671658,AF
1746671659,1746671667,FR
1746671668,1746671676,US
1746671677,1746671681,EG
1746671682,1746671688,US
1746671689,1746671696,NP
1746671697,1746671703,DE
1746671704,1746671710,BR
1746671711,1746671717,RU
1746671718,1746671726,MX
1746671727,1746671743,US
1746671744,1746671750,UZ
1746671751,1746671753,PE
1746671754,1746671758,AO
1746671759,1746671765,US
1746671766,1746671772,AW
1746671773,1746671779,FI
1746671780,1746671787,US
1746671788,1746671791,PS
1746671792,1746671798,SA
1746671799,1746671804,CD
1746671805,1746671810,AU
1746671811,1746671817,BR
1746671818,1746671824,US
1746671825,1746671832,RU
1746671833,1746671838,CO
1746671839,1746671844,IT
1746671845,1746671851,PR
1746671852,1746671860,US
1746671861,1746671867,KR
1746671868,1746671879,DE
1746671880,1746671905,GB
1746671906,1746671910,TC
1746671911,1746671917,CU
1746671918,1746671922,YE
1746671923,1746671928,ES
1746671929,1746671939,US
1746671940,1746671947,IN
1746671948,1746671953,GL
1746671954,1746671961,CN
1746671962,1746671966,VG
1746671967,1746671976,MA
1746671977,1746671982,VE
1746671983,1746671992,US
1746671993,1746672000,IN
1746672001,1746672008,ZA
1746672009,1746672016,BD
1746672017,1746672026,ES
1746672027,1746672035,US
1746672036,1746672042,BR
1746672043,1746672049,OM
1746672050,1746672055,ES
1746672056,1746672062,US
1746672063,1746672067,SZ
1746672068,1746672074,KZ
1746672075,1746672080,NG
1746672081,1746672087,US
1746672088,1746672095,AR
1746672096,1746672103,MY
1746672104,1746672110,US
1746672111,1746672117,BR
1746672118,1746672125,TW
1746672126,1746672133,IN
1746672134,1746672139,ES
1746672140,1746672147,US
1746672148,1746672154,UA
1746672155,1746672161,US
1746672162,1746672169,KR
1746672170,1746672178,US
1746672179,1746672185,CA
1746672186,1746672193,JP
1746672194,1746672199,FR
1746672200,1746672208,US
1746672209,1746672216,MX
1746672217,1746672223,BR
1746672224,1746672230,US
1746672231,1746672236,NG
1746672237,1746672245,US
1746672246,1746672253,BD
1746672254,1746672260,BR
1746672261,1746672268,KR
1746672269,1746672273,YE
1746672274,1746672285,DE
1746672286,1746672292,CN
1746672293,1746672299,SY
1746672300,1746672307,IN
1746672308,1746672314,BR
1746672315,1746672324,FR
1746672325,1746672335,US
1746672336,1746672342,BR
1746672343,1746672350,IN
1746672351,1746672356,CA
1746672357,1746672363,RU
1746672364,1746672373,US
1746672374,1746672379,GH
1746672380,1746672395,BE
1746672396,1746672401,MR
1746672402,1746672412,US
1746672413,1746672414,RU
1746672415,1746672423,US
1746672424,1746672431,AR
1746672432,1746672438,BR
1746672439,1746672443,DJ
1746672444,1746672458,US
1746672459,1746672465,BR
1746672466,1746672472,VE
1746672473,1746672478,NG
1746672479,1746672486,AR
1746672487,1746672490,AX
1746672491,1746672493,PE
1746672494,1746672500,VN
1746672501,1746672510,MX
1746672511,1746672527,IN
1746672528,1746672533,BR
1746672534,1746672538,YT
1746672539,1746672549,US
1746672550,1746672552,NC
1746672553,1746672560,IN
1746672561,1746672568,JP
1746672569,1746672575,CN
1746672576,1746672584,CA
1746672585,1746672596,US
1746672597,1746672602,SA
1746672603,1746672613,US
1746672614,1746672630,GB
1746672631,1746672638,TW
1746672639,1746672639,GB
1746672640,1746672685,AU
1746672686,1746672687,SB
1746672688,1746672689,FJ
1746672690,1746672716,ID
1746672717,1746672718,US
1746672719,1746672720,VU
1746672721,1746672722,US
1746672723,1746672728,NZ
1746672729,1746672730,US
1746672731,1746672732,NF
1746672733,1746672734,US
1746672735,1746672736,PG
1746672737,1746672738,TL
1746672739,1746672740,TO
1746672741,1746672895,US
1746672896,1746672897,AS
1746672898,1746672932,AU
1746672933,1746672934,SB
1746672935,1746672936,CK
1746672937,1746672938,FJ
1746672939,1746672939,NC
1746672940,1746672940,NR
1746672941,1746672941,NZ
1746672942,1746672942,PG
1746672943,1746672944,PF
1746672945,1746672945,TK
1746672946,1746672946,WF
1746672947,1746672948,US
1746672949,1746672950,KI
1746672951,1746672954,US
1746672955,1746672956,VU
1746672957,1746672958,US
1746672959,1746672964,NZ
1746672965,1746672966,US
1746672967,1746672968,NU
1746672969,1746672970,NF
1746672971,1746672972,MH
1746672973,1746672974,US
1746672975,1746672976,PG
1746672977,1746672978,TO
1746672979,1746672980,TV
1746672981,1746672982,US
1746672983,1746672984,WS
1746672985,1746673151,US
1746673152,1746673163,BE
1746673164,1746673165,DK
1746673166,1746673167,FO
1746673168,1746673186,FR
1746673187,1746673217,DE
1746673218,1746673219,BQ
1746673220,1746673225,IE
1746673226,1746673235,NL
1746673236,1746673237,NO
1746673238,1746673243,GB
1746673244,1746673245,BQ
1746673246,1746673246,CW
1746673247,1746673314,GB
1746673315,1746673316,IM
1746673317,1746673319,CW
1746673320,1746673407,US
1746673408,1746673414,BY
1746673415,1746673416,US
1746673417,1746673418,DK
1746673419,1746673420,EE
1746673421,1746673428,FI
1746673429,1746673430,US
1746673431,1746673432,GL
1746673433,1746673436,KZ
1746673437,1746673438,LV
1746673439,1746673440,LT
1746673441,1746673444,NO
1746673445,1746673446,RU
1746673447,1746673448,US
1746673449,1746673468,RU
1746673469,1746673474,SE
1746673475,1746673663,US
1746673664,1746673665,BS
1746673666,1746673667,BZ
1746673668,1746673669,KY
1746673670,1746673711,CO
1746673712,1746673713,CR
1746673714,1746673720,CU
1746673721,1746673723,DO
1746673724,1746673725,LC
1746673726,1746673729,SV
1746673730,1746673731,GD
1746673732,1746673733,HT
1746673734,1746673737,HN
1746673738,1746673739,JM
1746673740,1746673743,MX
1746673744,1746673745,AW
1746673746,1746673747,NI
1746673748,1746673749,PA
1746673750,1746673751,PR
1746673752,1746673753,VC
1746673754,1746673754,LC
1746673755,1746674055,US
1746674056,1746674079,VE
1746674080,1746674175,US
1746674176,1746674179,DZ
1746674180,1746674181,AD
1746674182,1746674186,AO
1746674187,1746674190,CM
1746674191,1746674192,CV
1746674193,1746674194,CF
1746674195,1746674196,TD
1746674197,1746674198,CG
1746674199,1746674205,CD
1746674206,1746674207,BJ
1746674208,1746674209,GQ
1746674210,1746674223,FR
1746674224,1746674225,GA
1746674226,1746674227,US
1746674228,1746674231,GH
1746674232,1746674233,GI
1746674234,1746674235,GN
1746674236,1746674241,IT
1746674242,1746674244,CI
1746674245,1746674246,LR
1746674247,1746674248,LY
1746674249,1746674250,ML
1746674251,1746674252,MT
1746674253,1746674254,MR
1746674255,1746674256,MC
1746674257,1746674258,MA
1746674259,1746674260,US
1746674261,1746674267,MA
1746674268,1746674269,NE
1746674270,1746674291,NG
1746674292,1746674293,US
1746674294,1746674308,NG
1746674309,1746674310,US
1746674311,1746674312,NG
1746674313,1746674314,US
1746674315,1746674316,NG
1746674317,1746674320,PT
1746674321,1746674322,GW
1746674323,1746674324,ST
1746674325,1746674326,SN
1746674327,1746674328,SL
1746674329,1746674351,ES
1746674352,1746674353,US
1746674354,1746674357,ES
1746674358,1746674359,TG
1746674360,1746674361,TN
1746674362,1746674363,BF
1746674364,1746674431,US
1746674432,1746674433,AS
1746674434,1746674475,AU
1746674476,1746674477,SB
1746674478,1746674479,CK
1746674480,1746674481,FJ
1746674482,1746674483,PF
1746674484,1746674485,US
1746674486,1746674487,KI
1746674488,1746674489,US
1746674490,1746674493,ID
1746674494,1746674497,US
1746674498,1746674499,VU
1746674500,1746674501,US
1746674502,1746674507,NZ
1746674508,1746674509,US
1746674510,1746674511,NU
1746674512,1746674513,NF
1746674514,1746674515,US
1746674516,1746674517,FM
1746674518,1746674519,US
1746674520,1746674521,MH
1746674522,1746674523,US
1746674524,1746674525,PG
1746674526,1746674527,TL
1746674528,1746674529,TO
1746674530,1746674531,TV
1746674532,1746674533,US
1746674534,1746674535,WS
1746674536,1746674689,US
1746674690,1746674691,BB
1746674692,1746674703,BR
1746674704,1746674705,VG
1746674706,1746674707,KY
1746674708,1746674749,CO
1746674750,1746674751,CR
1746674752,1746674755,CU
1746674756,1746674757,DM
1746674758,1746674760,DO
1746674761,1746674762,US
1746674763,1746674770,EC
1746674771,1746674774,SV
1746674775,1746674776,GF
1746674777,1746674778,GD
1746674779,1746674780,GP
1746674781,1746674783,GT
1746674784,1746674785,GY
1746674786,1746674787,HT
1746674788,1746674791,HN
1746674792,1746674793,JM
1746674794,1746674795,US
1746674796,1746674797,AW
1746674798,1746674799,NI
1746674800,1746674801,PA
1746674802,1746674827,PE
1746674828,1746674829,PR
1746674830,1746674831,US
1746674832,1746674833,KN
1746674834,1746674835,US
1746674836,1746674837,VC
1746674838,1746674839,SR
1746674840,1746674841,TT
1746674842,1746674845,US
1746674846,1746674875,VE
1746674876,1746674943,US
1746674944,1746674947,AF
1746674948,1746674949,US
1746674950,1746674953,AF
1746674954,1746674955,BH
1746674956,1746674964,BD
1746674965,1746674966,BT
1746674967,1746674968,BW
1746674969,1746674970,US
1746674971,1746674972,MM
1746674973,1746674982,US
1746674983,1746674985,KH
1746674986,1746674987,LK
1746674988,1746674989,CN
1746674990,1746674991,KM
1746674992,1746674993,YT
1746674994,1746674995,CD
1746674996,1746674997,ET
1746674998,1746674999,ER
1746675000,1746675001,DJ
1746675002,1746675105,IN
1746675106,1746675107,US
1746675108,1746675130,IN
1746675131,1746675132,US
1746675133,1746675172,IN
1746675173,1746675178,ID
1746675179,1746675180,US
1746675181,1746675185,IR
1746675186,1746675189,US
1746675190,1746675191,IQ
1746675192,1746675198,KZ
1746675199,1746675199,US
1746675200,1746675202,KZ
1746675203,1746675209,KE
1746675210,1746675211,KW
1746675212,1746675213,KG
1746675214,1746675215,LA
1746675216,1746675217,LS
1746675218,1746675220,MG
1746675221,1746675224,MW
1746675225,1746675251,MY
1746675252,1746675253,MV
1746675254,1746675255,MU
1746675256,1746675257,MN
1746675258,1746675259,US
1746675260,1746675261,MZ
1746675262,1746675263,OM
1746675264,1746675267,NP
1746675268,1746675272,PK
1746675273,1746675274,US
1746675275,1746675290,PK
1746675291,1746675292,QA
1746675293,1746675294,RE
1746675295,1746675296,RU
1746675297,1746675304,US
1746675305,1746675310,SA
1746675311,1746675314,US
1746675315,1746675321,SA
1746675322,1746675323,SC
1746675324,1746675329,SG
1746675330,1746675347,VN
1746675348,1746675349,SO
1746675350,1746675364,ZA
1746675365,1746675366,ZW
1746675367,1746675368,SZ
1746675369,1746675370,TJ
1746675371,1746675376,TH
1746675377,1746675380,AE
1746675381,1746675382,US
1746675383,1746675385,AE
1746675386,1746675387,TM
1746675388,1746675389,US
1746675390,1746675391,UG
1746675392,1746675395,TZ
1746675396,1746675400,UZ
1746675401,1746675402,US
1746675403,1746675404,UZ
1746675405,1746675406,US
1746675407,1746675415,YE
1746675416,1746675417,ZM
1746675418,1746675455,US
1746675456,1746675457,BM
1746675458,1746675474,CA
1746675475,1746675476,GL
1746675477,1746675478,PM
1746675479,1746675711,US
1746675712,1746675723,BE
1746675724,1746675754,FR
1746675755,1746675780,DE
1746675781,1746675782,LU
1746675783,1746675792,NL
1746675793,1746675798,GB
1746675799,1746675800,FK
1746675801,1746675801,GG
1746675802,1746675879,GB
1746675880,1746675880,GG
1746675881,1746675881,IS
1746675882,1746675883,JE
1746675884,1746675885,IM
1746675886,1746675886,IS
1746675887,1746676223,US
1746676224,1746676225,AD
1746676226,1746676237,BE
1746676238,1746676278,FR
1746676279,1746676280,GI
1746676281,1746676286,IE
1746676287,1746676288,LU
1746676289,1746676295,MA
1746676296,1746676301,NL
1746676302,1746676303,PT
1746676304,1746676315,ES
1746676316,1746676317,BL
1746676318,1746676319,ES
1746676320,1746676329,CH
1746676330,1746676367,GB
1746676368,1746676369,BL
1746676370,1746676371,JE
1746676372,1746676375,GM
1746676376,1746676379,MF
1746676380,1746676383,MQ
1746676384,1746676479,US
1746676480,1746676483,AU
1746676484,1746676492,BD
1746676493,1746676494,BT
1746676495,1746676496,US
1746676497,1746676498,BN
1746676499,1746676500,MM
1746676501,1746676510,US
1746676511,1746676513,KH
1746676514,1746676515,LK
1746676516,1746676535,CN
1746676536,1746676543,HK
1746676544,1746676621,IN
1746676622,1746676623,US
1746676624,1746676633,IN
1746676634,1746676635,US
1746676636,1746676654,IN
1746676655,1746676687,ID
1746676688,1746676734,JP
1746676735,1746676735,US
1746676736,1746676824,JP
1746676825,1746676831,KR
1746676832,1746676833,US
1746676834,1746676843,KR
1746676844,1746676845,US
1746676846,1746676851,KR
1746676852,1746676853,LA
1746676854,1746676855,US
1746676856,1746676858,MG
1746676859,1746676889,MY
1746676890,1746676891,MV
1746676892,1746676893,MU
1746676894,1746676897,NP
1746676898,1746676899,PW
1746676900,1746676908,PH
1746676909,1746676910,TL
1746676911,1746676912,RE
1746676913,1746676918,SG
1746676919,1746676961,VN
1746676962,1746676963,US
1746676964,1746676969,TH
1746676970,1746676991,US
1746676992,1746676995,BY
1746676996,1746676999,DK
1746677000,1746677001,EE
1746677002,1746677009,FI
1746677010,1746677017,DE
1746677018,1746677019,US
1746677020,1746677021,LV
1746677022,1746677023,LT
1746677024,1746677027,NO
1746677028,1746677029,PL
1746677030,1746677033,US
1746677034,1746677035,PL
1746677036,1746677039,US
1746677040,1746677041,RU
1746677042,1746677047,SE
1746677048,1746677247,US
1746677248,1746677252,AO
1746677253,1746677254,BW
1746677255,1746677256,BI
1746677257,1746677258,CM
1746677259,1746677260,CF
1746677261,1746677262,KM
1746677263,1746677264,YT
1746677265,1746677266,CG
1746677267,1746677273,CD
1746677274,1746677275,US
1746677276,1746677277,CD
1746677278,1746677279,US
1746677280,1746677281,CD
1746677282,1746677283,GQ
1746677284,1746677285,GA
1746677286,1746677292,KE
1746677293,1746677294,LS
1746677295,1746677297,MG
1746677298,1746677301,MW
1746677302,1746677303,MU
1746677304,1746677305,MZ
1746677306,1746677307,NA
1746677308,1746677309,RE
1746677310,1746677311,RW
1746677312,1746677313,ST
1746677314,1746677315,SC
1746677316,1746677317,SO
1746677318,1746677334,ZA
1746677335,1746677336,ZW
1746677337,1746677338,SS
1746677339,1746677340,SZ
1746677341,1746677342,UG
1746677343,1746677346,TZ
1746677347,1746677348,ZM
1746677349,1746677503,US
1746677504,1746677538,AR
1746677539,1746677547,BO
1746677548,1746677581,BR
1746677582,1746677583,US
1746677584,1746677697,BR
1746677698,1746677713,CL
1746677714,1746677715,GF
1746677716,1746677717,NA
1746677718,1746677721,PY
1746677722,1746677743,PE
1746677744,1746677745,ZA
1746677746,1746677747,UY
1746677748,1746677759,US
1746677760,1746677783,CA
1746677784,1746677795,MX
1746677796,1746678271,US
1746678272,1746678273,BZ
1746678274,1746678276,CU
1746678277,1746678278,EC
1746678279,1746678281,GT
1746678282,1746678304,MX
1746678305,1746678489,US
1746678490,1746678493,MS
1746678494,1746678497,SX
1746678498,1746678501,TC
1746678502,1746678505,VI
1746678506,1746678527,US
1746678528,1746678531,AF
1746678532,1746678533,US
1746678534,1746678537,AF
1746678538,1746678540,AZ
1746678541,1746678542,BH
1746678543,1746678544,AM
1746678545,1746678549,BY
1746678550,1746678553,US
1746678554,1746678557,FI
1746678558,1746678559,GE
1746678560,1746678608,IN
1746678609,1746678610,US
1746678611,1746678615,IR
1746678616,1746678617,IQ
1746678618,1746678619,US
1746678620,1746678621,IQ
1746678622,1746678623,US
1746678624,1746678639,IQ
1746678640,1746678641,US
1746678642,1746678647,IQ
1746678648,1746678661,KZ
1746678662,1746678663,KW
1746678664,1746678665,KG
1746678666,1746678667,LT
1746678668,1746678669,MD
1746678670,1746678671,OM
1746678672,1746678676,PK
1746678677,1746678678,US
1746678679,1746678694,PK
1746678695,1746678696,QA
1746678697,1746678700,RU
1746678701,1746678702,US
1746678703,1746678722,RU
1746678723,1746678724,US
1746678725,1746678726,SA
1746678727,1746678734,US
1746678735,1746678741,SA
1746678742,1746678745,SY
1746678746,1746678747,TJ
1746678748,1746678751,AE
1746678752,1746678753,US
1746678754,1746678756,AE
1746678757,1746678758,TM
1746678759,1746678760,US
1746678761,1746678769,UA
1746678770,1746678771,US
1746678772,1746678779,UA
1746678780,1746678781,US
1746678782,1746678782,UA
1746678783,1746678783,US
1746678784,1746678786,UA
1746678787,1746678791,UZ
1746678792,1746678793,US
1746678794,1746678795,UZ
1746678796,1746679039,US
1746679040,1746679041,FO
1746679042,1746679043,FR
1746679044,1746679045,GL
1746679046,1746679047,US
1746679048,1746679049,GL
1746679050,1746679051,US
1746679052,1746679057,IE
1746679058,1746679059,PT
1746679060,1746679063,GB
1746679064,1746679066,US
1746679067,1746679116,GB
1746679117,1746679118,US
1746679119,1746679120,JE
1746679121,1746679122,IM
1746679123,1746679295,US
1746679296,1746679307,BE
1746679308,1746679334,FR
1746679335,1746679373,DE
1746679374,1746679375,LI
1746679376,1746679377,LU
1746679378,1746679387,NL
1746679388,1746679391,CH
1746679392,1746679393,GB
1746679394,1746679551,US
1746679552,1746679553,BM
1746679554,1746679600,CA
1746679601,1746679602,GL
1746679603,1746679604,PM
1746679605,1746680063,US
1746680064,1746680065,BM
1746680066,1746680112,CA
1746680113,1746680114,GL
1746680115,1746680116,PM
1746680117,1746680575,US
1746680576,1746680610,AR
1746680611,1746680615,BO
1746680616,1746680699,BR
1746680700,1746680715,CL
1746680716,1746680719,PY
1746680720,1746680741,PE
1746680742,1746680743,UY
1746680744,1746680744,CL
1746680745,1746680746,PF
1746680747,1746680831,US
1746680832,1746680833,AL
1746680834,1746680837,DZ
1746680838,1746680842,AO
1746680843,1746680844,BA
1746680845,1746680848,BG
1746680849,1746680850,BI
1746680851,1746680854,CM
1746680855,1746680856,CF
1746680857,1746680858,TD
1746680859,1746680860,CG
1746680861,1746680867,CD
1746680868,1746680869,US
1746680870,1746680871,CD
1746680872,1746680873,US
1746680874,1746680875,CD
1746680876,1746680877,HR
1746680878,1746680879,CY
1746680880,1746680881,BJ
1746680882,1746680883,GQ
1746680884,1746680885,ER
1746680886,1746680889,FR
1746680890,1746680891,GA
1746680892,1746680895,GH
1746680896,1746680899,GR
1746680900,1746680903,IL
1746680904,1746680927,IT
1746680928,1746680929,US
1746680930,1746680936,JO
1746680937,1746680938,LB
1746680939,1746680940,LY
1746680941,1746680942,ML
1746680943,1746680944,MT
1746680945,1746680946,MC
1746680947,1746680948,ME
1746680949,1746680950,NE
1746680951,1746680972,NG
1746680973,1746680974,US
1746680975,1746680989,NG
1746680990,1746680991,US
1746680992,1746680993,NG
1746680994,1746680995,US
1746680996,1746680997,NG
1746680998,1746680999,RW
1746681000,1746681001,SM
1746681002,1746681005,US
1746681006,1746681007,SA
1746681008,1746681009,US
1746681010,1746681011,SA
1746681012,1746681013,US
1746681014,1746681017,SA
1746681018,1746681019,US
1746681020,1746681023,RS
1746681024,1746681025,SI
1746681026,1746681032,ES
1746681033,1746681034,SS
1746681035,1746681040,SD
1746681041,1746681046,SY
1746681047,1746681048,TG
1746681049,1746681050,TN
1746681051,1746681056,TR
1746681057,1746681058,MK
1746681059,1746681073,EG
1746681074,1746681075,BF
1746681076,1746681084,YE
1746681085,1746681086,ZM
1746681087,1746681087,US
1746681088,1746681092,AO
1746681093,1746681094,BB
1746681095,1746681096,BW
1746681097,1746681116,BR
1746681117,1746681118,US
1746681119,1746681160,BR
1746681161,1746681162,CV
1746681163,1746681164,GF
1746681165,1746681166,US
1746681167,1746681168,GD
1746681169,1746681170,GN
1746681171,1746681172,GY
1746681173,1746681175,CI
1746681176,1746681177,LR
1746681178,1746681179,MR
1746681180,1746681181,NA
1746681182,1746681183,GW
1746681184,1746681185,VC
1746681186,1746681187,SN
1746681188,1746681189,SL
1746681190,1746681191,ZA
1746681192,1746681193,SR
1746681194,1746681195,TT
1746681196,1746681205,VE
1746681206,1746681343,US
1746681344,1746681351,BE
1746681352,1746681355,CZ
1746681356,1746681363,FR
1746681364,1746681410,DE
1746681411,1746681416,IT
1746681417,1746681418,LI
1746681419,1746681420,LU
1746681421,1746681426,NL
1746681427,1746681436,CH
1746681437,1746681438,AX
1746681439,1746681440,PS
1746681441,1746681442,VA
1746681443,1746681599,US
1746681600,1746681634,AR
1746681635,1746681638,BO
1746681639,1746681640,BW
1746681641,1746681790,BR
1746681791,1746681806,CL
1746681807,1746681808,GF
1746681809,1746681810,LS
1746681811,1746681812,NA
1746681813,1746681816,PY
1746681817,1746681831,ZA
1746681832,1746681833,SR
1746681834,1746681835,UY
1746681836,1746681837,BR
1746681838,1746681855,US
1746681856,1746681857,CZ
1746681858,1746681861,DK
1746681862,1746681895,DE
1746681896,1746681899,NL
1746681900,1746681903,NO
1746681904,1746681905,PL
1746681906,1746681909,US
1746681910,1746681911,PL
1746681912,1746681917,SE
1746681918,1746682111,US
1746682112,1746682118,BY
1746682119,1746682122,US
1746682123,1746682124,EE
1746682125,1746682132,FI
1746682133,1746682134,GL
1746682135,1746682144,KZ
1746682145,1746682146,KG
1746682147,1746682148,LV
1746682149,1746682150,LT
1746682151,1746682152,NO
1746682153,1746682154,RU
1746682155,1746682156,US
1746682157,1746682174,RU
1746682175,1746682176,SE
1746682177,1746682178,UA
1746682179,1746682367,US
1746682368,1746682376,BD
1746682377,1746682378,BT
1746682379,1746682380,BN
1746682381,1746682382,MM
1746682383,1746682385,CN
1746682386,1746682388,FM
1746682389,1746682391,IO
1746682392,1746682392,MN
1746682393,1746682395,KH
1746682396,1746682397,LK
1746682398,1746682439,CN
1746682440,1746682441,MN
1746682442,1746682461,CN
1746682462,1746682463,MO
1746682464,1746682473,CN
1746682474,1746682474,MO
1746682475,1746682479,US
1746682480,1746682481,TW
1746682482,1746682484,US
1746682485,1746682494,TW
1746682495,1746682496,US
1746682497,1746682504,HK
1746682505,1746682608,IN
1746682609,1746682610,US
1746682611,1746682622,IN
1746682623,1746682623,US
1746682624,1746682634,IN
1746682635,1746682636,US
1746682637,1746682676,IN
1746682677,1746682707,ID
1746682708,1746682845,JP
1746682846,1746682860,US
1746682861,1746682864,KR
1746682865,1746682866,US
1746682867,1746682874,KR
1746682875,1746682876,US
1746682877,1746682878,KR
1746682879,1746682881,US
1746682882,1746682889,KR
1746682890,1746682891,US
1746682892,1746682897,KR
1746682898,1746682901,US
1746682902,1746682931,KR
1746682932,1746682933,LA
1746682934,1746682935,US
1746682936,1746682966,MY
1746682967,1746682968,MV
1746682969,1746682970,MN
1746682971,1746682972,US
1746682973,1746682976,NP
1746682977,1746682980,US
1746682981,1746682982,PW
1746682983,1746682984,US
1746682985,1746682992,PK
1746682993,1746683001,PH
1746683002,1746683003,TL
1746683004,1746683005,RU
1746683006,1746683007,US
1746683008,1746683013,RU
1746683014,1746683019,SG
1746683020,1746683062,VN
1746683063,1746683064,US
1746683065,1746683070,TH
1746683071,1746683135,US
1746683136,1746683144,BD
1746683145,1746683146,BT
1746683147,1746683148,BN
1746683149,1746683150,MM
1746683151,1746683160,US
1746683161,1746683163,KH
1746683164,1746683165,LK
1746683166,1746683207,CN
1746683208,1746683209,US
1746683210,1746683229,CN
1746683230,1746683231,US
1746683232,1746683241,CN
1746683242,1746683247,US
1746683248,1746683249,TW
1746683250,1746683252,US
1746683253,1746683262,TW
1746683263,1746683264,US
1746683265,1746683272,HK
1746683273,1746683376,IN
1746683377,1746683378,US
1746683379,1746683390,IN
1746683391,1746683391,US
1746683392,1746683402,IN
1746683403,1746683404,US
1746683405,1746683444,IN
1746683445,1746683475,ID
1746683476,1746683613,JP
1746683614,1746683628,US
1746683629,1746683632,KR
1746683633,1746683634,US
1746683635,1746683642,KR
1746683643,1746683644,US
1746683645,1746683646,KR
1746683647,1746683649,US
1746683650,1746683657,KR
1746683658,1746683659,US
1746683660,1746683665,KR
1746683666,1746683669,US
1746683670,1746683699,KR
1746683700,1746683701,LA
1746683702,1746683703,US
1746683704,1746683734,MY
1746683735,1746683736,MV
1746683737,1746683738,MN
1746683739,1746683740,US
1746683741,1746683744,NP
1746683745,1746683748,US
1746683749,1746683750,PW
1746683751,1746683752,US
1746683753,1746683760,PK
1746683761,1746683769,PH
1746683770,1746683771,TL
1746683772,1746683773,RU
1746683774,1746683775,US
1746683776,1746683781,RU
1746683782,1746683787,SG
1746683788,1746683830,VN
1746683831,1746683832,US
1746683833,1746683838,TH
1746683839,1746683903,US
1746683904,1746683905,AS
1746683906,1746683907,CK
1746683908,1746683911,US
1746683912,1746683913,PF
1746683914,1746683917,US
1746683918,1746683919,KI
1746683920,1746683921,JP
1746683922,1746683923,US
1746683924,1746683925,NU
1746683926,1746683927,FM
1746683928,1746683929,MH
1746683930,1746683931,US
1746683932,1746683933,RU
1746683934,1746683935,TV
1746683936,1746683939,US
1746683940,1746683941,WS
1746683942,1746684928,US
1746684929,1746684929,AG
1746684930,1746684931,BS
1746684932,1746684933,BM
1746684934,1746684935,VG
1746684936,1746684965,CA
1746684966,1746684969,CU
1746684970,1746684971,DM
1746684972,1746684974,DO
1746684975,1746684975,AG
1746684976,1746684976,AI
1746684977,1746684978,GP
1746684979,1746684980,HT
1746684981,1746684982,JM
1746684983,1746684983,AI
1746684984,1746684984,US
1746684985,1746684986,AW
1746684987,1746684988,PR
1746684989,1746684990,US
1746684991,1746684992,KN
1746684993,1746685382,US
1746685383,1746685400,VE
1746685401,1746685441,US
1746685442,1746685443,BS
1746685444,1746685445,BM
1746685446,1746685447,VG
1746685448,1746685477,CA
1746685478,1746685481,CU
1746685482,1746685483,DM
1746685484,1746685486,DO
1746685487,1746685488,US
1746685489,1746685490,GP
1746685491,1746685492,HT
1746685493,1746685494,JM
1746685495,1746685496,US
1746685497,1746685498,AW
1746685499,1746685500,PR
1746685501,1746685502,US
1746685503,1746685504,KN
1746685505,1746685894,US
1746685895,1746685912,VE
1746685913,1746685951,US
1746685952,1746685955,AF
1746685956,1746685956,PS
1746685957,1746685957,US
1746685958,1746685961,AF
1746685962,1746685963,AL
1746685964,1746685966,AZ
1746685967,1746685968,BH
1746685969,1746685970,AM
1746685971,1746685976,BG
1746685977,1746685978,BI
1746685979,1746685980,CF
1746685981,1746685982,TD
1746685983,1746685984,KM
1746685985,1746685986,YT
1746685987,1746685993,CD
1746685994,1746685995,US
1746685996,1746685997,CD
1746685998,1746685999,US
1746686000,1746686001,CD
1746686002,1746686003,CY
1746686004,1746686005,ET
1746686006,1746686007,ER
1746686008,1746686009,DJ
1746686010,1746686011,GE
1746686012,1746686015,GR
1746686016,1746686034,IN
1746686035,1746686036,US
1746686037,1746686041,IR
1746686042,1746686043,IQ
1746686044,1746686045,US
1746686046,1746686047,IQ
1746686048,1746686049,US
1746686050,1746686065,IQ
1746686066,1746686067,US
1746686068,1746686073,IQ
1746686074,1746686077,IL
1746686078,1746686087,KZ
1746686088,1746686089,US
1746686090,1746686096,JO
1746686097,1746686103,KE
1746686104,1746686105,KW
1746686106,1746686107,KG
1746686108,1746686109,LB
1746686110,1746686111,LY
1746686112,1746686115,MW
1746686116,1746686117,MD
1746686118,1746686119,ME
1746686120,1746686121,MZ
1746686122,1746686123,OM
1746686124,1746686125,NG
1746686126,1746686130,PK
1746686131,1746686132,US
1746686133,1746686148,PK
1746686149,1746686150,QA
1746686151,1746686152,RO
1746686153,1746686154,RW
1746686155,1746686158,US
1746686159,1746686160,SA
1746686161,1746686166,US
1746686167,1746686168,SA
1746686169,1746686170,US
1746686171,1746686174,SA
1746686175,1746686178,US
1746686179,1746686185,SA
1746686186,1746686187,RS
1746686188,1746686189,SO
1746686190,1746686191,ZA
1746686192,1746686193,ZW
1746686194,1746686195,SS
1746686196,1746686201,SD
1746686202,1746686203,SZ
1746686204,1746686206,SY
1746686207,1746686207,US
1746686208,1746686212,SY
1746686213,1746686214,TJ
1746686215,1746686218,AE
1746686219,1746686220,US
1746686221,1746686223,AE
1746686224,1746686229,TR
1746686230,1746686231,TM
1746686232,1746686233,US
1746686234,1746686235,UG
1746686236,1746686244,UA
1746686245,1746686246,US
1746686247,1746686254,UA
1746686255,1746686256,US
1746686257,1746686260,UA
1746686261,1746686262,MK
1746686263,1746686277,EG
1746686278,1746686281,TZ
1746686282,1746686286,UZ
1746686287,1746686288,US
1746686289,1746686290,UZ
1746686291,1746686292,US
1746686293,1746686301,YE
1746686302,1746686303,ZM
1746686304,1746686463,US
1746686464,1746686468,AO
1746686469,1746686470,BW
1746686471,1746686472,US
1746686473,1746686474,BI
1746686475,1746686478,CM
1746686479,1746686480,CF
1746686481,1746686482,KM
1746686483,1746686484,YT
1746686485,1746686486,CG
1746686487,1746686493,CD
1746686494,1746686495,US
1746686496,1746686497,CD
1746686498,1746686499,US
1746686500,1746686501,CD
1746686502,1746686503,GQ
1746686504,1746686505,ET
1746686506,1746686507,DJ
1746686508,1746686509,GA
1746686510,1746686516,KE
1746686517,1746686518,LS
1746686519,1746686521,MG
1746686522,1746686525,MW
1746686526,1746686527,MU
1746686528,1746686529,MZ
1746686530,1746686531,NA
1746686532,1746686535,NG
1746686536,1746686537,RE
1746686538,1746686539,RW
1746686540,1746686541,ST
1746686542,1746686543,SC
1746686544,1746686545,SO
1746686546,1746686562,ZA
1746686563,1746686564,ZW
1746686565,1746686566,SS
1746686567,1746686568,SZ
1746686569,1746686570,UG
1746686571,1746686574,TZ
1746686575,1746686576,ZM
1746686577,1746686719,US
1746686720,1746686721,BN
1746686722,1746686763,CN
1746686764,1746686764,RU
1746686765,1746686765,US
1746686766,1746686785,CN
1746686786,1746686787,US
1746686788,1746686797,CN
1746686798,1746686803,US
1746686804,1746686805,TW
1746686806,1746686808,US
1746686809,1746686818,TW
1746686819,1746686820,US
1746686821,1746686828,HK
1746686829,1746686966,JP
1746686967,1746686982,US
1746686983,1746686986,KR
1746686987,1746686988,US
1746686989,1746686996,KR
1746686997,1746686998,US
1746686999,1746687000,KR
1746687001,1746687002,US
1746687003,1746687010,KR
1746687011,1746687012,US
1746687013,1746687018,KR
1746687019,1746687022,US
1746687023,1746687052,KR
1746687053,1746687054,US
1746687055,1746687058,MY
1746687059,1746687060,MN
1746687061,1746687064,US
1746687065,1746687066,FM
1746687067,1746687068,US
1746687069,1746687070,MH
1746687071,1746687072,PW
1746687073,1746687081,PH
1746687082,1746687083,RU
1746687084,1746687085,US
1746687086,1746687091,RU
1746687092,1746687116,VN
1746687117,1746687231,US
1746687232,1746687249,CA
1746687250,1746687251,MP
1746687252,1746687253,US
1746687254,1746687255,PF
1746687256,1746687257,US
1746687258,1746687265,MX
1746687266,1746687487,US
1746687488,1746687491,BE
1746687492,1746687493,FO
1746687494,1746687518,FR
1746687519,1746687520,GL
1746687521,1746687526,IE
1746687527,1746687530,NL
1746687531,1746687532,PT
1746687533,1746687534,ES
1746687535,1746687540,GB
1746687541,1746687542,GL
1746687543,1746687543,US
1746687544,1746687621,GB
1746687622,1746687623,US
1746687624,1746687625,JE
1746687626,1746687627,IM
1746687628,1746687743,US
1746687744,1746687745,DZ
1746687746,1746687747,CM
1746687748,1746687749,CV
1746687750,1746687751,BJ
1746687752,1746687752,GM
1746687753,1746687753,US
1746687754,1746687757,GH
1746687758,1746687759,GI
1746687760,1746687761,GN
1746687762,1746687764,CI
1746687765,1746687766,LR
1746687767,1746687768,ML
1746687769,1746687770,MR
1746687771,1746687772,MA
1746687773,1746687774,US
1746687775,1746687781,MA
1746687782,1746687783,NE
1746687784,1746687805,NG
1746687806,1746687807,US
1746687808,1746687820,NG
1746687821,1746687822,US
1746687823,1746687824,NG
1746687825,1746687826,US
1746687827,1746687828,NG
1746687829,1746687832,PT
1746687833,1746687834,GW
1746687835,1746687836,ST
1746687837,1746687838,SN
1746687839,1746687840,SL
1746687841,1746687856,ES
1746687857,1746687858,US
1746687859,1746687862,ES
1746687863,1746687864,TG
1746687865,1746687866,BF
1746687867,1746687999,US
1746688000,1746688003,DZ
1746688004,1746688005,AD
1746688006,1746688009,CM
1746688010,1746688011,CV
1746688012,1746688013,TD
1746688014,1746688015,CG
1746688016,1746688017,BJ
1746688018,1746688019,GQ
1746688020,1746688021,FR
1746688022,1746688023,GA
1746688024,1746688025,US
1746688026,1746688029,GH
1746688030,1746688031,GI
1746688032,1746688033,GN
1746688034,1746688036,CI
1746688037,1746688038,LR
1746688039,1746688040,ML
1746688041,1746688042,MR
1746688043,1746688044,MA
1746688045,1746688046,US
1746688047,1746688053,MA
1746688054,1746688055,NE
1746688056,1746688077,NG
1746688078,1746688079,US
1746688080,1746688094,NG
1746688095,1746688096,US
1746688097,1746688098,NG
1746688099,1746688100,US
1746688101,1746688102,NG
1746688103,1746688106,PT
1746688107,1746688108,GW
1746688109,1746688110,ST
1746688111,1746688112,SN
1746688113,1746688114,SL
1746688115,1746688137,ES
1746688138,1746688139,US
1746688140,1746688143,ES
1746688144,1746688145,TG
1746688146,1746688147,BF
1746688148,1746688255,US
1746688256,1746688257,FO
1746688258,1746688263,FR
1746688264,1746688265,GL
1746688266,1746688267,GG
1746688268,1746688273,IE
1746688274,1746688279,GB
1746688280,1746688281,IS
1746688282,1746688282,US
1746688283,1746688360,GB
1746688361,1746688362,US
1746688363,1746688364,JE
1746688365,1746688366,IM
1746688367,1746688511,US
1746688512,1746688513,AS
1746688514,1746688559,AU
1746688560,1746688561,SB
1746688562,1746688563,CK
1746688564,1746688565,FJ
1746688566,1746688566,AU
1746688567,1746688567,KI
1746688568,1746688569,ID
1746688570,1746688570,KI
1746688571,1746688571,TK
1746688572,1746688573,US
1746688574,1746688575,VU
1746688576,1746688577,US
1746688578,1746688583,NZ
1746688584,1746688585,US
1746688586,1746688587,NU
1746688588,1746688589,NF
1746688590,1746688591,US
1746688592,1746688593,PG
1746688594,1746688595,TO
1746688596,1746688597,TV
1746688598,1746688599,US
1746688600,1746688601,WS
1746688602,1746688767,US
1746688768,1746688769,BZ
1746688770,1746688771,KY
1746688772,1746688813,CO
1746688814,1746688815,CR
1746688816,1746688818,CU
1746688819,1746688826,EC
1746688827,1746688830,SV
1746688831,1746688833,GT
1746688834,1746688837,HN
1746688838,1746688860,MX
1746688861,1746688862,NI
1746688863,1746688864,PA
1746688865,1746688949,US
1746688950,1746688951,VE
1746688952,1746689024,US
1746689025,1746689025,AG
1746689026,1746689027,BS
1746689028,1746689029,BB
1746689030,1746689031,BZ
1746689032,1746689033,VG
1746689034,1746689035,KY
1746689036,1746689077,CO
1746689078,1746689079,CR
1746689080,1746689086,CU
1746689087,1746689088,DM
1746689089,1746689091,DO
1746689092,1746689092,AI
1746689093,1746689093,AQ
1746689094,1746689101,EC
1746689102,1746689105,SV
1746689106,1746689107,GD
1746689108,1746689109,GP
1746689110,1746689112,GT
1746689113,1746689114,GY
1746689115,1746689116,HT
1746689117,1746689120,HN
1746689121,1746689122,JM
1746689123,1746689135,MX
1746689136,1746689136,BL
1746689137,1746689137,BQ
1746689138,1746689139,AW
1746689140,1746689141,NI
1746689142,1746689143,PA
1746689144,1746689149,PE
1746689150,1746689151,PR
1746689152,1746689152,BR
1746689153,1746689153,CW
1746689154,1746689155,KN
1746689156,1746689156,FK
1746689157,1746689157,LC
1746689158,1746689159,VC
1746689160,1746689161,SR
1746689162,1746689163,TT
1746689164,1746689164,MF
1746689165,1746689165,MQ
1746689166,1746689218,US
1746689219,1746689219,MS
1746689220,1746689220,SX
1746689221,1746689259,US
1746689260,1746689260,TC
1746689261,1746689261,VI
1746689262,1746689278,VE
1746689279,1746689279,US
1746689280,1746689292,VE
1746689293,1746689293,WF
1746689294,1746689537,US
1746689538,1746689539,BS
1746689540,1746689541,BB
1746689542,1746689543,BZ
1746689544,1746689545,VG
1746689546,1746689547,KY
1746689548,1746689589,CO
1746689590,1746689591,CR
1746689592,1746689598,CU
1746689599,1746689600,DM
1746689601,1746689603,DO
1746689604,1746689605,US
1746689606,1746689613,EC
1746689614,1746689617,SV
1746689618,1746689619,GD
1746689620,1746689621,GP
1746689622,1746689624,GT
1746689625,1746689626,GY
1746689627,1746689628,HT
1746689629,1746689632,HN
1746689633,1746689634,JM
1746689635,1746689647,MX
1746689648,1746689649,US
1746689650,1746689651,AW
1746689652,1746689653,NI
1746689654,1746689655,PA
1746689656,1746689661,PE
1746689662,1746689663,PR
1746689664,1746689665,US
1746689666,1746689667,KN
1746689668,1746689669,US
1746689670,1746689671,VC
1746689672,1746689673,SR
1746689674,1746689675,TT
1746689676,1746689773,US
1746689774,1746689790,VE
1746689791,1746689791,US
1746689792,1746689804,VE
1746689805,1746690047,US
1746690048,1746690051,DZ
1746690052,1746690053,AD
1746690054,1746690055,CV
1746690056,1746690057,TD
1746690058,1746690059,BJ
1746690060,1746690075,FR
1746690076,1746690077,US
1746690078,1746690081,GH
1746690082,1746690083,GI
1746690084,1746690085,GN
1746690086,1746690107,IT
1746690108,1746690110,CI
1746690111,1746690112,LR
1746690113,1746690114,LY
1746690115,1746690116,ML
1746690117,1746690118,MT
1746690119,1746690120,MR
1746690121,1746690122,MC
1746690123,1746690124,MA
1746690125,1746690126,US
1746690127,1746690133,MA
1746690134,1746690135,NE
1746690136,1746690155,NG
1746690156,1746690157,US
1746690158,1746690170,NG
1746690171,1746690172,US
1746690173,1746690174,NG
1746690175,1746690176,US
1746690177,1746690178,NG
1746690179,1746690180,PT
1746690181,1746690182,GW
1746690183,1746690184,SM
1746690185,1746690186,SN
1746690187,1746690188,SL
1746690189,1746690209,ES
1746690210,1746690211,US
1746690212,1746690215,ES
1746690216,1746690221,CH
1746690222,1746690223,TG
1746690224,1746690225,TN
1746690226,1746690227,BF
1746690228,1746690303,US
1746690304,1746690314,CA
1746690315,1746690559,US
1746690560,1746690561,AL
1746690562,1746690563,DZ
1746690564,1746690565,AD
1746690566,1746690567,BA
1746690568,1746690569,HR
1746690570,1746690587,FR
1746690588,1746690595,DE
1746690596,1746690599,GR
1746690600,1746690623,IT
1746690624,1746690625,LY
1746690626,1746690627,LI
1746690628,1746690629,MT
1746690630,1746690631,MC
1746690632,1746690633,ME
1746690634,1746690634,VA
1746690635,1746690635,US
1746690636,1746690637,MA
1746690638,1746690639,SM
1746690640,1746690641,SI
1746690642,1746690654,ES
1746690655,1746690660,SD
1746690661,1746690670,CH
1746690671,1746690672,TN
1746690673,1746690675,EG
1746690676,1746690815,US
1746690816,1746690858,CN
1746690859,1746690859,GU
1746690860,1746690875,CN
1746690876,1746690876,MN
1746690877,1746690877,MO
1746690878,1746690887,CN
1746690888,1746690888,MP
1746690889,1746690889,RU
1746690890,1746690893,US
1746690894,1746690895,TW
1746690896,1746690898,US
1746690899,1746690908,TW
1746690909,1746690910,KI
1746690911,1746690912,US
1746690913,1746690920,HK
1746690921,1746691058,JP
1746691059,1746691074,US
1746691075,1746691078,KR
1746691079,1746691080,US
1746691081,1746691088,KR
1746691089,1746691090,US
1746691091,1746691092,KR
1746691093,1746691094,US
1746691095,1746691102,KR
1746691103,1746691104,US
1746691105,1746691110,KR
1746691111,1746691114,US
1746691115,1746691144,KR
1746691145,1746691146,US
1746691147,1746691150,MY
1746691151,1746691152,MN
1746691153,1746691156,US
1746691157,1746691158,FM
1746691159,1746691160,US
1746691161,1746691162,MH
1746691163,1746691164,PW
1746691165,1746691173,PH
1746691174,1746691175,RU
1746691176,1746691177,US
1746691178,1746691183,RU
1746691184,1746691327,US
1746691328,1746691369,CN
1746691370,1746691371,US
1746691372,1746691387,CN
1746691388,1746691389,US
1746691390,1746691399,CN
1746691400,1746691405,US
1746691406,1746691407,TW
1746691408,1746691410,US
1746691411,1746691420,TW
1746691421,1746691422,KI
1746691423,1746691424,US
1746691425,1746691432,HK
1746691433,1746691570,JP
1746691571,1746691586,US
1746691587,1746691590,KR
1746691591,1746691592,US
1746691593,1746691600,KR
1746691601,1746691602,US
1746691603,1746691604,KR
1746691605,1746691606,US
1746691607,1746691614,KR
1746691615,1746691616,US
1746691617,1746691622,KR
1746691623,1746691626,US
1746691627,1746691656,KR
1746691657,1746691658,US
1746691659,1746691662,MY
1746691663,1746691664,MN
1746691665,1746691668,US
1746691669,1746691670,FM
1746691671,1746691672,US
1746691673,1746691674,MH
1746691675,1746691676,PW
1746691677,1746691685,PH
1746691686,1746691687,RU
1746691688,1746691689,US
1746691690,1746691695,RU
1746691696,1746691839,US
1746691840,1746691849,CA
1746691850,1746692095,US
1746692096,1746692105,CA
1746692106,1746692351,US
1746692352,1746692355,DK
1746692356,1746692357,EE
1746692358,1746692359,FO
1746692360,1746692367,FI
1746692368,1746692368,AX
1746692369,1746692369,US
1746692370,1746692371,GL
1746692372,1746692373,US
1746692374,1746692375,LV
1746692376,1746692379,NO
1746692380,1746692381,RU
1746692382,1746692387,SE
1746692388,1746692607,US
1746692608,1746692611,AF
1746692612,1746692613,US
1746692614,1746692617,AF
1746692618,1746692619,AL
1746692620,1746692622,AZ
1746692623,1746692624,BH
1746692625,1746692626,AM
1746692627,1746692628,BA
1746692629,1746692634,BG
1746692635,1746692636,BI
1746692637,1746692642,US
1746692643,1746692644,CD
1746692645,1746692646,US
1746692647,1746692648,CY
1746692649,1746692650,ET
1746692651,1746692652,ER
1746692653,1746692654,DJ
1746692655,1746692656,GE
1746692657,1746692660,GR
1746692661,1746692662,HU
1746692663,1746692664,US
1746692665,1746692669,IR
1746692670,1746692671,IQ
1746692672,1746692673,US
1746692674,1746692675,IQ
1746692676,1746692677,US
1746692678,1746692693,IQ
1746692694,1746692695,US
1746692696,1746692701,IQ
1746692702,1746692705,IL
1746692706,1746692707,IT
1746692708,1746692717,KZ
1746692718,1746692719,US
1746692720,1746692726,JO
1746692727,1746692728,KW
1746692729,1746692730,LB
1746692731,1746692732,MD
1746692733,1746692734,ME
1746692735,1746692736,OM
1746692737,1746692749,PK
1746692750,1746692751,US
1746692752,1746692753,QA
1746692754,1746692755,RO
1746692756,1746692757,RU
1746692758,1746692759,US
1746692760,1746692773,RU
1746692774,1746692775,RW
1746692776,1746692779,US
1746692780,1746692781,SA
1746692782,1746692787,US
1746692788,1746692789,SA
1746692790,1746692791,US
1746692792,1746692795,SA
1746692796,1746692799,US
1746692800,1746692806,SA
1746692807,1746692810,RS
1746692811,1746692812,SS
1746692813,1746692818,SD
1746692819,1746692826,SY
1746692827,1746692828,TJ
1746692829,1746692832,AE
1746692833,1746692834,US
1746692835,1746692837,AE
1746692838,1746692843,TR
1746692844,1746692845,TM
1746692846,1746692847,US
1746692848,1746692849,UG
1746692850,1746692858,UA
1746692859,1746692860,US
1746692861,1746692862,UA
1746692863,1746692863,US
1746692864,1746692869,UA
1746692870,1746692871,US
1746692872,1746692877,UA
1746692878,1746692879,MK
1746692880,1746692894,EG
1746692895,1746692899,UZ
1746692900,1746692901,US
1746692902,1746692903,UZ
1746692904,1746692905,US
1746692906,1746692914,YE
1746692915,1746693119,US
1746693120,1746693130,AU
1746693131,1746693377,US
1746693378,1746693379,BS
1746693380,1746693381,BB
1746693382,1746693383,BM
1746693384,1746693385,VG
1746693386,1746693432,CA
1746693433,1746693434,DM
1746693435,1746693436,GP
1746693437,1746693440,US
1746693441,1746693442,KN
1746693443,1746693444,US
1746693445,1746693446,PM
1746693447,1746693887,US
1746693888,1746693902,CA
1746693903,1746693908,US
1746693909,1746693931,MX
1746693932,1746694399,US
1746694400,1746694434,AR
1746694435,1746694443,BO
1746694444,1746694475,BR
1746694476,1746694477,US
1746694478,1746694581,BR
1746694582,1746694597,CL
1746694598,1746694599,LS
1746694600,1746694603,PY
1746694604,1746694605,ZA
1746694606,1746694607,UY
1746694608,1746694655,US
1746694656,1746694657,AT
1746694658,1746694659,BA
1746694660,1746694661,BG
1746694662,1746694663,HR
1746694664,1746694667,CZ
1746694668,1746694684,DE
1746694685,1746694686,HU
1746694687,1746694688,LI
1746694689,1746694692,PL
1746694693,1746694698,US
1746694699,1746694700,PL
1746694701,1746694704,US
1746694705,1746694706,RO
1746694707,1746694708,RU
1746694709,1746694712,RS
1746694713,1746694714,SK
1746694715,1746694716,SI
1746694717,1746694718,UA
1746694719,1746694720,MK
1746694721,1746694911,US
1746694912,1746694946,AR
1746694947,1746694955,BO
1746694956,1746694957,BR
1746694958,1746694973,CL
1746694974,1746694979,EC
1746694980,1746694980,CL
1746694981,1746694981,PF
1746694982,1746695007,PE
1746695008,1746695009,UY
1746695010,1746695010,PF
1746695011,1746695167,US
1746695168,1746695189,CA
1746695190,1746695191,MX
1746695192,1746695193,GU
1746695194,1746695360,US
1746695361,1746695362,GU
1746695363,1746695423,US
1746695424,1746695432,BD
1746695433,1746695434,BT
1746695435,1746695436,FM
1746695437,1746695438,BN
1746695439,1746695440,MM
1746695441,1746695442,IO
1746695443,1746695450,US
1746695451,1746695453,KH
1746695454,1746695455,LK
1746695456,1746695497,CN
1746695498,1746695499,US
1746695500,1746695519,CN
1746695520,1746695521,US
1746695522,1746695531,CN
1746695532,1746695537,US
1746695538,1746695539,TW
1746695540,1746695542,US
1746695543,1746695552,TW
1746695553,1746695554,US
1746695555,1746695562,HK
1746695563,1746695662,IN
1746695663,1746695664,US
1746695665,1746695678,IN
1746695679,1746695679,US
1746695680,1746695688,IN
1746695689,1746695690,US
1746695691,1746695726,IN
1746695727,1746695757,ID
1746695758,1746695895,JP
1746695896,1746695910,US
1746695911,1746695914,KR
1746695915,1746695916,US
1746695917,1746695924,KR
1746695925,1746695926,US
1746695927,1746695928,KR
1746695929,1746695930,US
1746695931,1746695934,KR
1746695935,1746695935,US
1746695936,1746695939,KR
1746695940,1746695941,US
1746695942,1746695947,KR
1746695948,1746695951,US
1746695952,1746695981,KR
1746695982,1746695983,LA
1746695984,1746695985,US
1746695986,1746696016,MY
1746696017,1746696018,MV
1746696019,1746696022,NP
1746696023,1746696024,US
1746696025,1746696026,PW
1746696027,1746696035,PH
1746696036,1746696037,TL
1746696038,1746696041,RU
1746696042,1746696043,SC
1746696044,1746696049,SG
1746696050,1746696092,VN
1746696093,1746696094,US
1746696095,1746696100,TH
1746696101,1746696191,US
1746696192,1746696200,BD
1746696201,1746696202,BT
1746696203,1746696204,US
1746696205,1746696206,BN
1746696207,1746696208,MM
1746696209,1746696218,US
1746696219,1746696221,KH
1746696222,1746696223,LK
1746696224,1746696265,CN
1746696266,1746696267,US
1746696268,1746696287,CN
1746696288,1746696289,US
1746696290,1746696299,CN
1746696300,1746696305,US
1746696306,1746696307,TW
1746696308,1746696310,US
1746696311,1746696320,TW
1746696321,1746696322,US
1746696323,1746696330,HK
1746696331,1746696430,IN
1746696431,1746696432,US
1746696433,1746696446,IN
1746696447,1746696447,US
1746696448,1746696456,IN
1746696457,1746696458,US
1746696459,1746696494,IN
1746696495,1746696525,ID
1746696526,1746696663,JP
1746696664,1746696678,US
1746696679,1746696682,KR
1746696683,1746696684,US
1746696685,1746696692,KR
1746696693,1746696694,US
1746696695,1746696696,KR
1746696697,1746696698,US
1746696699,1746696702,KR
1746696703,1746696703,US
1746696704,1746696707,KR
1746696708,1746696709,US
1746696710,1746696715,KR
1746696716,1746696719,US
1746696720,1746696749,KR
1746696750,1746696751,LA
1746696752,1746696753,US
1746696754,1746696784,MY
1746696785,1746696786,MV
1746696787,1746696790,NP
1746696791,1746696792,US
1746696793,1746696794,PW
1746696795,1746696803,PH
1746696804,1746696805,TL
1746696806,1746696809,RU
1746696810,1746696811,SC
1746696812,1746696817,SG
1746696818,1746696860,VN
1746696861,1746696862,US
1746696863,1746696868,TH
1746696869,1746696959,US
1746696960,1746696979,CA
1746696980,1746696980,AQ
1746696981,1746696983,US
1746696984,1746696985,MX
1746696986,1746697215,US
1746697216,1746697235,CA
1746697236,1746697239,US
1746697240,1746697241,MX
1746697242,1746697471,US
1746697472,1746697473,AS
1746697474,1746697519,AU
1746697520,1746697521,SB
1746697522,1746697523,CK
1746697524,1746697525,FJ
1746697526,1746697527,PF
1746697528,1746697529,AU
1746697530,1746697531,KI
1746697532,1746697533,ID
1746697534,1746697537,KI
1746697538,1746697539,VU
1746697540,1746697541,NC
1746697542,1746697547,NZ
1746697548,1746697549,NR
1746697550,1746697551,NU
1746697552,1746697553,NF
1746697554,1746697555,FM
1746697556,1746697557,NZ
1746697558,1746697561,PG
1746697562,1746697563,TO
1746697564,1746697565,TV
1746697566,1746697567,US
1746697568,1746697569,WS
1746697570,1746697729,US
1746697730,1746697731,BS
1746697732,1746697733,BB
1746697734,1746697735,BZ
1746697736,1746697737,VG
1746697738,1746697739,KY
1746697740,1746697781,CO
1746697782,1746697783,CR
1746697784,1746697790,CU
1746697791,1746697792,DM
1746697793,1746697795,DO
1746697796,1746697797,US
1746697798,1746697805,EC
1746697806,1746697809,SV
1746697810,1746697811,GD
1746697812,1746697813,GP
1746697814,1746697816,GT
1746697817,1746697818,GY
1746697819,1746697820,HT
1746697821,1746697824,HN
1746697825,1746697826,JM
1746697827,1746697841,MX
1746697842,1746697843,US
1746697844,1746697845,AW
1746697846,1746697847,NI
1746697848,1746697849,PA
1746697850,1746697851,PE
1746697852,1746697853,PR
1746697854,1746697855,US
1746697856,1746697857,KN
1746697858,1746697859,US
1746697860,1746697861,VC
1746697862,1746697863,TT
1746697864,1746698021,US
1746698022,1746698051,VE
1746698052,1746698245,US
1746698246,1746698247,TW
1746698248,1746698250,US
1746698251,1746698260,TW
1746698261,1746698495,US
1746698496,1746698497,AT
1746698498,1746698502,BY
1746698503,1746698506,CZ
1746698507,1746698510,DK
1746698511,1746698528,DE
1746698529,1746698530,HU
1746698531,1746698534,PL
1746698535,1746698540,US
1746698541,1746698542,PL
1746698543,1746698546,US
1746698547,1746698548,RU
1746698549,1746698550,SK
1746698551,1746698554,SE
1746698555,1746698556,UA
1746698557,1746698751,US
1746698752,1746698753,AL
1746698754,1746698756,AZ
1746698757,1746698758,AT
1746698759,1746698760,AM
1746698761,1746698762,BA
1746698763,1746698768,BG
1746698769,1746698770,US
1746698771,1746698772,HR
1746698773,1746698774,CY
1746698775,1746698778,CZ
1746698779,1746698780,ER
1746698781,1746698782,GE
1746698783,1746698788,DE
1746698789,1746698792,GR
1746698793,1746698794,HU
1746698795,1746698812,IQ
1746698813,1746698814,US
1746698815,1746698820,IQ
1746698821,1746698824,IL
1746698825,1746698838,IT
1746698839,1746698840,US
1746698841,1746698847,JO
1746698848,1746698849,LB
1746698850,1746698851,MT
1746698852,1746698853,MD
1746698854,1746698855,ME
1746698856,1746698859,PL
1746698860,1746698865,US
1746698866,1746698867,RO
1746698868,1746698869,SM
1746698870,1746698873,US
1746698874,1746698875,SA
1746698876,1746698877,US
1746698878,1746698881,SA
1746698882,1746698883,US
1746698884,1746698887,RS
1746698888,1746698889,SK
1746698890,1746698891,SI
1746698892,1746698897,SD
1746698898,1746698905,SY
1746698906,1746698911,TR
1746698912,1746698920,UA
1746698921,1746698922,US
1746698923,1746698934,UA
1746698935,1746698936,MK
1746698937,1746698951,EG
1746698952,1746699007,US
1746699008,1746699010,AZ
1746699011,1746699012,AT
1746699013,1746699014,AM
1746699015,1746699020,BG
1746699021,1746699027,BY
1746699028,1746699031,US
1746699032,1746699033,CY
1746699034,1746699035,CZ
1746699036,1746699037,EE
1746699038,1746699041,FI
1746699042,1746699043,GE
1746699044,1746699045,HU
1746699046,1746699048,IR
1746699049,1746699050,IQ
1746699051,1746699052,US
1746699053,1746699054,IQ
1746699055,1746699056,US
1746699057,1746699072,IQ
1746699073,1746699074,US
1746699075,1746699080,IQ
1746699081,1746699084,IL
1746699085,1746699090,KZ
1746699091,1746699092,US
1746699093,1746699099,JO
1746699100,1746699101,KW
1746699102,1746699103,LB
1746699104,1746699105,LV
1746699106,1746699107,LT
1746699108,1746699109,MD
1746699110,1746699113,PL
1746699114,1746699119,US
1746699120,1746699121,PL
1746699122,1746699125,US
1746699126,1746699127,RO
1746699128,1746699129,RU
1746699130,1746699131,US
1746699132,1746699151,RU
1746699152,1746699153,US
1746699154,1746699155,RS
1746699156,1746699157,SK
1746699158,1746699163,SY
1746699164,1746699169,TR
1746699170,1746699178,UA
1746699179,1746699180,US
1746699181,1746699188,UA
1746699189,1746699190,US
1746699191,1746699196,UA
1746699197,1746699208,EG
1746699209,1746699263,US
1746699264,1746699265,BM
1746699266,1746699310,CA
1746699311,1746699314,GL
1746699315,1746699316,PM
1746699317,1746699519,US
1746699520,1746699568,CA
1746699569,1746699570,GL
1746699571,1746699572,PM
1746699573,1746700031,US
1746700032,1746700033,AT
1746700034,1746700035,HR
1746700036,1746700057,FR
1746700058,1746700073,DE
1746700074,1746700095,IT
1746700096,1746700097,LI
1746700098,1746700099,LU
1746700100,1746700101,MC
1746700102,1746700103,SM
1746700104,1746700105,SK
1746700106,1746700107,SI
1746700108,1746700117,CH
1746700118,1746700119,TN
1746700120,1746700288,US
1746700289,1746700289,BR
1746700290,1746700291,US
1746700292,1746700295,ES
1746700296,1746700298,CO
1746700299,1746700301,US
1746700302,1746700302,BD
1746700303,1746700303,KW
1746700304,1746700304,KR
1746700305,1746700305,BG
1746700306,1746700306,BD
1746700307,1746700310,US
1746700311,1746700314,ES
1746700315,1746700325,JP
1746700326,1746700326,GB
1746700327,1746700330,FI
1746700331,1746700331,IN
1746700332,1746700333,FR
1746700334,1746700338,GB
1746700339,1746700339,US
1746700340,1746700344,ES
1746700345,1746700345,US
1746700346,1746700346,MY
1746700347,1746700347,BR
1746700348,1746700348,ID
1746700349,1746700354,BR
1746700355,1746700355,BH
1746700356,1746700361,CA
1746700362,1746700366,US
1746700367,1746700372,FR
1746700373,1746700381,US
1746700382,1746700384,JP
1746700385,1746700398,US
1746700399,1746700399,JP
1746700400,1746700400,NL
1746700401,1746700401,JP
1746700402,1746700406,CA
1746700407,1746700408,PT
1746700409,1746700410,JP
1746700411,1746700414,NL
1746700415,1746700418,US
1746700419,1746700424,BR
1746700425,1746700425,US
1746700426,1746700426,DE
1746700427,1746700428,US
1746700429,1746700430,JP
1746700431,1746700436,US
1746700437,1746700440,ES
1746700441,1746700441,US
1746700442,1746700442,PK
1746700443,1746700447,US
1746700448,1746700448,BR
1746700449,1746700455,HK
1746700456,1746700458,US
1746700459,1746700459,PL
1746700460,1746700469,US
1746700470,1746700470,MT
1746700471,1746700471,BD
1746700472,1746700472,KE
1746700473,1746700477,CL
1746700478,1746700483,IN
1746700484,1746700484,NP
1746700485,1746700485,IN
1746700486,1746700486,BD
1746700487,1746700487,SE
1746700488,1746700491,CA
1746700492,1746700492,JO
1746700493,1746700493,US
1746700494,1746700498,IN
1746700499,1746700501,US
1746700502,1746700503,IN
1746700504,1746700504,AZ
1746700505,1746700505,CR
1746700506,1746700506,GB
1746700507,1746700507,PA
1746700508,1746700508,NZ
1746700509,1746700509,TR
1746700510,1746700510,BD
1746700511,1746700511,IN
1746700512,1746700512,TZ
1746700513,1746700513,US
1746700514,1746700519,SG
1746700520,1746700524,US
1746700525,1746700525,ZA
1746700526,1746700531,US
1746700532,1746700532,PH
1746700533,1746700541,US
1746700542,1746700542,CO
1746700543,1746700543,ZA
1746700544,1746700544,US
1746700545,1746700545,TT
1746700546,1746700546,US
1746700547,1746700547,AL
1746700548,1746700548,KE
1746700549,1746700549,CO
1746700550,1746700550,IN
1746700551,1746700551,LK
1746700552,1746700561,DK
1746700562,1746700563,US
1746700564,1746700564,SI
1746700565,1746700565,NG
1746700566,1746700570,DE
1746700571,1746700571,TT
1746700572,1746700572,KE
1746700573,1746700573,BR
1746700574,1746700574,KZ
1746700575,1746700576,IN
1746700577,1746700579,ZA
1746700580,1746700580,AR
1746700581,1746700584,US
1746700585,1746700586,FI
1746700587,1746700588,DE
1746700589,1746700593,US
1746700594,1746700595,ZA
1746700596,1746700597,KR
1746700598,1746700598,NL
1746700599,1746700599,AR
1746700600,1746700619,US
1746700620,1746700621,IN
1746700622,1746700622,AT
1746700623,1746700623,TH
1746700624,1746700624,PH
1746700625,1746700626,DE
1746700627,1746700628,NL
1746700629,1746700629,AR
1746700630,1746700630,BH
1746700631,1746700632,JP
1746700633,1746700633,BR
1746700634,1746700635,PK
1746700636,1746700636,TH
1746700637,1746700637,MX
1746700638,1746700638,CI
1746700639,1746700639,PE
1746700640,1746700647,US
1746700648,1746700648,AZ
1746700649,1746700649,PH
1746700650,1746700650,TH
1746700651,1746700651,LA
1746700652,1746700652,US
1746700653,1746700653,KW
1746700654,1746700654,AU
1746700655,1746700655,DE
1746700656,1746700668,US
1746700669,1746700669,JP
1746700670,1746700670,IN
1746700671,1746700674,US
1746700675,1746700675,NZ
1746700676,1746700676,CA
1746700677,1746700677,JM
1746700678,1746700682,AU
1746700683,1746700687,US
1746700688,1746700688,CM
1746700689,1746700690,DE
1746700691,1746700693,BG
1746700694,1746700694,KR
1746700695,1746700696,IN
1746700697,1746700697,CO
1746700698,1746700698,PH
1746700699,1746700699,US
1746700700,1746700701,ID
1746700702,1746700707,US
1746700708,1746700708,PR
1746700709,1746700709,KZ
1746700710,1746700711,IN
1746700712,1746700712,HK
1746700713,1746700713,IN
1746700714,1746700716,SG
1746700717,1746700717,DE
1746700718,1746700718,LB
1746700719,1746700725,US
1746700726,1746700726,SG
1746700727,1746700728,ES
1746700729,1746700729,TR
1746700730,1746700731,IN
1746700732,1746700733,NL
1746700734,1746700734,US
1746700735,1746700735,TJ
1746700736,1746700736,US
1746700737,1746700737,ID
1746700738,1746700740,IN
1746700741,1746700741,SE
1746700742,1746700744,TH
1746700745,1746700745,AU
1746700746,1746700746,US
1746700747,1746700747,PK
1746700748,1746700748,US
1746700749,1746700749,TH
1746700750,1746700750,US
1746700751,1746700752,FR
1746700753,1746700759,US
1746700760,1746700760,AU
1746700761,1746700762,IN
1746700763,1746700763,BD
1746700764,1746700764,US
1746700765,1746700765,PK
1746700766,1746700768,US
1746700769,1746700769,FR
1746700770,1746700770,CA
1746700771,1746700772,PH
1746700773,1746700773,SE
1746700774,1746700776,US
1746700777,1746700777,CO
1746700778,1746700778,NZ
1746700779,1746700800,US
1746700801,1746700801,AR
1746700802,1746700803,IL
1746700804,1746700806,BE
1746700807,1746700807,US
1746700808,1746700811,FR
1746700812,1746700813,US
1746700814,1746700814,IN
1746700815,1746700815,CH
1746700816,1746700826,US
1746700827,1746700828,ES
1746700829,1746700829,GB
1746700830,1746700831,BR
1746700832,1746700833,CL
1746700834,1746700835,ID
1746700836,1746700837,BR
1746700838,1746700838,ID
1746700839,1746700839,DK
1746700840,1746700842,DE
1746700843,1746700843,CL
1746700844,1746700845,IN
1746700846,1746700846,SN
1746700847,1746700847,BD
1746700848,1746700848,KR
1746700849,1746700849,GE
1746700850,1746700850,ZA
1746700851,1746700851,BR
1746700852,1746700852,KG
1746700853,1746700853,US
1746700854,1746700855,PT
1746700856,1746700856,BR
1746700857,1746700863,US
1746700864,1746700865,DK
1746700866,1746700871,PL
1746700872,1746700873,NO
1746700874,1746700883,US
1746700884,1746700885,BR
1746700886,1746700886,IN
1746700887,1746700888,BR
1746700889,1746700889,MW
1746700890,1746700890,IL
1746700891,1746700892,IN
1746700893,1746700893,TR
1746700894,1746700894,ID
1746700895,1746700895,ZA
1746700896,1746700897,IN
1746700898,1746700898,EC
1746700899,1746700899,ZA
1746700900,1746700901,DE
1746700902,1746700902,JP
1746700903,1746700903,IE
1746700904,1746700904,PL
1746700905,1746700905,BD
1746700906,1746700912,PL
1746700913,1746700913,JO
1746700914,1746700915,IE
1746700916,1746700916,DZ
1746700917,1746700922,US
1746700923,1746700923,CA
1746700924,1746700924,US
1746700925,1746700927,FI
1746700928,1746700928,AT
1746700929,1746700932,DE
1746700933,1746700937,US
1746700938,1746700944,BR
1746700945,1746701056,US
1746701057,1746701057,GE
1746701058,1746701058,ID
1746701059,1746701059,DZ
1746701060,1746701060,BR
1746701061,1746701061,AU
1746701062,1746701062,US
1746701063,1746701063,CA
1746701064,1746701064,IN
1746701065,1746701065,AO
1746701066,1746701070,KR
1746701071,1746701071,JO
1746701072,1746701072,US
1746701073,1746701074,TW
1746701075,1746701075,DZ
1746701076,1746701082,CA
1746701083,1746701083,CO
1746701084,1746701108,IN
1746701109,1746701109,BR
1746701110,1746701111,IT
1746701112,1746701124,IN
1746701125,1746701125,IT
1746701126,1746701131,DE
1746701132,1746701136,US
1746701137,1746701137,NP
1746701138,1746701138,US
1746701139,1746701139,DZ
1746701140,1746701140,US
1746701141,1746701141,PK
1746701142,1746701144,ZA
1746701145,1746701145,PH
1746701146,1746701146,PK
1746701147,1746701147,AU
1746701148,1746701148,US
1746701149,1746701149,BR
1746701150,1746701150,LA
1746701151,1746701151,US
1746701152,1746701152,FR
1746701153,1746701156,US
1746701157,1746701157,BR
1746701158,1746701158,IT
1746701159,1746701159,BR
1746701160,1746701161,US
1746701162,1746701164,GB
1746701165,1746701165,US
1746701166,1746701166,EG
1746701167,1746701170,US
1746701171,1746701171,EE
1746701172,1746701178,IN
1746701179,1746701179,BR
1746701180,1746701181,NO
1746701182,1746701182,US
1746701183,1746701189,IN
1746701190,1746701190,BR
1746701191,1746701196,AT
1746701197,1746701197,KE
1746701198,1746701203,AT
1746701204,1746701205,PT
1746701206,1746701206,EE
1746701207,1746701207,BR
1746701208,1746701208,BB
1746701209,1746701212,DE
1746701213,1746701215,US
1746701216,1746701216,HK
1746701217,1746701217,MD
1746701218,1746701218,VN
1746701219,1746701220,US
1746701221,1746701221,ID
1746701222,1746701222,US
1746701223,1746701223,SE
1746701224,1746701227,SG
1746701228,1746701239,US
1746701240,1746701241,DE
1746701242,1746701257,GB
1746701258,1746701261,BR
1746701262,1746701263,NL
1746701264,1746701266,DE
1746701267,1746701277,NL
1746701278,1746701282,US
1746701283,1746701283,DE
1746701284,1746701287,US
1746701288,1746701288,CR
1746701289,1746701289,ID
1746701290,1746701293,US
1746701294,1746701294,DE
1746701295,1746701295,GB
1746701296,1746701297,BR
1746701298,1746701313,US
1746701314,1746701315,BR
1746701316,1746701316,IL
1746701317,1746701317,AR
1746701318,1746701318,NL
1746701319,1746701331,US
1746701332,1746701334,FR
1746701335,1746701347,US
1746701348,1746701349,NL
1746701350,1746701352,US
1746701353,1746701354,IT
1746701355,1746701370,US
1746701371,1746701380,FR
1746701381,1746701384,NL
1746701385,1746701385,OM
1746701386,1746701391,US
1746701392,1746701392,PL
1746701393,1746701393,TH
1746701394,1746701395,JP
1746701396,1746701397,ZA
1746701398,1746701403,US
1746701404,1746701406,JP
1746701407,1746701421,US
1746701422,1746701422,BD
1746701423,1746701438,US
1746701439,1746701439,MY
1746701440,1746701440,US
1746701441,1746701441,CD
1746701442,1746701450,US
1746701451,1746701456,JP
1746701457,1746701457,US
1746701458,1746701463,FR
1746701464,1746701465,US
1746701466,1746701474,JP
1746701475,1746701477,US
1746701478,1746701478,SE
1746701479,1746701480,NL
1746701481,1746701481,BD
1746701482,1746701483,SA
1746701484,1746701484,US
1746701485,1746701485,FR
1746701486,1746701486,IT
1746701487,1746701487,SG
1746701488,1746701488,TH
1746701489,1746701489,BR
1746701490,1746701493,FR
1746701494,1746701495,GB
1746701496,1746701500,BR
1746701501,1746701503,DE
1746701504,1746701504,US
1746701505,1746701514,DE
1746701515,1746701516,US
1746701517,1746701517,TH
1746701518,1746701520,US
1746701521,1746701526,BR
1746701527,1746701527,BW
1746701528,1746701528,US
1746701529,1746701529,BD
1746701530,1746701530,FJ
1746701531,1746701531,US
1746701532,1746701534,BR
1746701535,1746701535,BD
1746701536,1746701542,IN
1746701543,1746701543,NP
1746701544,1746701546,IN
1746701547,1746701549,BR
1746701550,1746701551,DE
1746701552,1746701556,AR
1746701557,1746701564,BR
1746701565,1746701567,IN
1746701568,1746701568,US
1746701569,1746701569,IN
1746701570,1746701571,US
1746701572,1746701577,SG
1746701578,1746701579,TW
1746701580,1746701581,SE
1746701582,1746701583,BR
1746701584,1746701585,SG
1746701586,1746701586,IN
1746701587,1746701587,EC
1746701588,1746701590,TW
1746701591,1746701602,HK
1746701603,1746701605,AU
1746701606,1746701606,BR
1746701607,1746701607,CA
1746701608,1746701609,TH
1746701610,1746701610,BD
1746701611,1746701612,KE
1746701613,1746701613,JO
1746701614,1746701614,NL
1746701615,1746701615,DO
1746701616,1746701616,KR
1746701617,1746701617,BO
1746701618,1746701618,BR
1746701619,1746701619,FI
1746701620,1746701623,AR
1746701624,1746701628,FI
1746701629,1746701629,US
1746701630,1746701630,BR
1746701631,1746701633,DE
1746701634,1746701640,US
1746701641,1746701642,PK
1746701643,1746701643,TW
1746701644,1746701644,IN
1746701645,1746701648,DE
1746701649,1746701650,DK
1746701651,1746701651,GH
1746701652,1746701657,GB
1746701658,1746701659,AT
1746701660,1746701660,DZ
1746701661,1746701664,AT
1746701665,1746701669,US
1746701670,1746701678,GB
1746701679,1746701679,EC
1746701680,1746701680,ZA
1746701681,1746701683,NL
1746701684,1746701687,DE
1746701688,1746701688,IQ
1746701689,1746701694,JP
1746701695,1746701695,AR
1746701696,1746701703,SG
1746701704,1746701709,JP
1746701710,1746701710,IT
1746701711,1746701711,BE
1746701712,1746701713,ES
1746701714,1746701714,GB
1746701715,1746701716,MX
1746701717,1746701717,BR
1746701718,1746701718,US
1746701719,1746701727,RU
1746701728,1746701732,FR
1746701733,1746701733,DE
1746701734,1746701736,NL
1746701737,1746701737,DE
1746701738,1746701738,PR
1746701739,1746701741,FR
1746701742,1746701742,BR
1746701743,1746701743,PK
1746701744,1746701745,GB
1746701746,1746701747,US
1746701748,1746701754,CA
1746701755,1746701759,US
1746701760,1746701761,DE
1746701762,1746701764,BR
1746701765,1746701768,US
1746701769,1746701769,CO
1746701770,1746701773,US
1746701774,1746701783,IN
1746701784,1746701784,LV
1746701785,1746701785,VN
1746701786,1746701787,SG
1746701788,1746701788,VN
1746701789,1746701789,US
1746701790,1746701790,VN
1746701791,1746701791,SG
1746701792,1746701793,KR
1746701794,1746701807,CA
1746701808,1746701810,US
1746701811,1746701811,BR
1746701812,1746701812,IQ
1746701813,1746701818,US
1746701819,1746701819,MK
1746701820,1746701821,GB
1746701822,1746701822,BD
1746701823,1746701823,PL
1746701824,1746701824,US
1746701825,1746701828,PL
1746701829,1746701829,IN
1746701830,1746701830,TZ
1746701831,1746701831,TW
1746701832,1746701836,GB
1746701837,1746701837,CA
1746701838,1746701838,PH
1746701839,1746701840,CL
1746701841,1746701841,NA
1746701842,1746701844,ID
1746701845,1746701845,TR
1746701846,1746701846,RO
1746701847,1746701847,DZ
1746701848,1746701848,CO
1746701849,1746701849,BE
1746701850,1746701850,US
1746701851,1746701852,PL
1746701853,1746701853,CI
1746701854,1746701859,US
1746701860,1746701860,BE
1746701861,1746701861,CI
1746701862,1746701862,DZ
1746701863,1746701863,FR
1746701864,1746701864,PL
1746701865,1746701866,CH
1746701867,1746701867,BR
1746701868,1746701873,US
1746701874,1746701880,IE
1746701881,1746701881,CH
1746701882,1746701883,PL
1746701884,1746701884,IE
1746701885,1746701890,US
1746701891,1746701891,IQ
1746701892,1746701892,GB
1746701893,1746701893,ZA
1746701894,1746701894,MY
1746701895,1746701895,DK
1746701896,1746701898,US
1746701899,1746701900,PL
1746701901,1746701902,IN
1746701903,1746701903,IL
1746701904,1746701904,IE
1746701905,1746701905,PE
1746701906,1746701906,HK
1746701907,1746701908,PL
1746701909,1746701909,GB
1746701910,1746701910,HR
1746701911,1746701912,US
1746701913,1746701913,CH
1746701914,1746701916,US
1746701917,1746701917,GB
1746701918,1746701918,IN
1746701919,1746701922,DE
1746701923,1746701923,UG
1746701924,1746701924,TT
1746701925,1746701926,ES
1746701927,1746701933,US
1746701934,1746701934,UA
1746701935,1746701938,ES
1746701939,1746701946,BR
1746701947,1746701953,SG
1746701954,1746701954,US
1746701955,1746701955,GB
1746701956,1746701956,ID
1746701957,1746701962,GB
1746701963,1746701965,US
1746701966,1746701968,ES
1746701969,1746701969,CA
1746701970,1746701970,BD
1746701971,1746701971,BR
1746701972,1746701973,FR
1746701974,1746701976,BG
1746701977,1746701979,FR
1746701980,1746701980,KZ
1746701981,1746701982,RO
1746701983,1746701984,US
1746701985,1746701985,JP
1746701986,1746701986,KR
1746701987,1746701993,DE
1746701994,1746701995,JP
1746701996,1746702002,DE
1746702003,1746702004,US
1746702005,1746702005,JP
1746702006,1746702006,US
1746702007,1746702014,JP
1746702015,1746702015,UA
1746702016,1746702017,NL
1746702018,1746702018,JP
1746702019,1746702022,US
1746702023,1746702024,AU
1746702025,1746702028,JP
1746702029,1746702029,NZ
1746702030,1746702030,DE
1746702031,1746702032,BD
1746702033,1746702033,DE
1746702034,1746702034,PH
1746702035,1746702043,DE
1746702044,1746702044,TZ
1746702045,1746702045,AR
1746702046,1746702046,JP
1746702047,1746702049,US
1746702050,1746702052,BR
1746702053,1746702053,DE
1746702054,1746702055,BR
1746702056,1746702056,DE
1746702057,1746702058,BR
1746702059,1746702066,FR
1746702067,1746702067,RS
1746702068,1746702069,BR
1746702070,1746702073,FR
1746702074,1746702074,RS
1746702075,1746702079,BR
1746702080,1746702080,US
1746702081,1746702081,MY
1746702082,1746702082,RU
1746702083,1746702084,TR
1746702085,1746702088,JP
1746702089,1746702089,RU
1746702090,1746702090,MY
1746702091,1746702094,FR
1746702095,1746702095,PT
1746702096,1746702096,MY
1746702097,1746702102,RO
1746702103,1746702105,ES
1746702106,1746702106,RU
1746702107,1746702110,RO
1746702111,1746702112,HK
1746702113,1746702124,RO
1746702125,1746702127,US
1746702128,1746702128,RU
1746702129,1746702130,TR
1746702131,1746702131,KZ
1746702132,1746702133,LV
1746702134,1746702135,CN
1746702136,1746702137,DE
1746702138,1746702143,US
1746702144,1746702144,ID
1746702145,1746702145,BR
1746702146,1746702146,CL
1746702147,1746702147,DE
1746702148,1746702153,AU
1746702154,1746702154,US
1746702155,1746702155,ZA
1746702156,1746702158,GB
1746702159,1746702159,DE
1746702160,1746702161,FR
1746702162,1746702162,RU
1746702163,1746702163,CL
1746702164,1746702164,ID
1746702165,1746702165,KR
1746702166,1746702167,IT
1746702168,1746702168,ID
1746702169,1746702169,KR
1746702170,1746702170,US
1746702171,1746702171,GB
1746702172,1746702172,CA
1746702173,1746702173,DK
1746702174,1746702174,JP
1746702175,1746702175,ES
1746702176,1746702176,JP
1746702177,1746702177,SE
1746702178,1746702181,IT
1746702182,1746702182,AU
1746702183,1746702186,IT
1746702187,1746702187,NP
1746702188,1746702188,GH
1746702189,1746702189,ID
1746702190,1746702193,IT
1746702194,1746702195,PL
1746702196,1746702196,PH
1746702197,1746702197,BR
1746702198,1746702200,ID
1746702201,1746702206,US
1746702207,1746702207,IE
1746702208,1746702208,TR
1746702209,1746702210,IN
1746702211,1746702217,BR
1746702218,1746702218,US
1746702219,1746702220,BR
1746702221,1746702221,CO
1746702222,1746702222,DE
1746702223,1746702223,SG
1746702224,1746702224,SE
1746702225,1746702227,SG
1746702228,1746702228,DE
1746702229,1746702229,OM
1746702230,1746702231,US
1746702232,1746702233,JP
1746702234,1746702234,US
1746702235,1746702248,SG
1746702249,1746702250,PH
1746702251,1746702251,US
1746702252,1746702253,SG
1746702254,1746702254,IN
1746702255,1746702255,PL
1746702256,1746702263,HK
1746702264,1746702269,US
1746702270,1746702270,AO
1746702271,1746702272,GB
1746702273,1746702274,JP
1746702275,1746702278,ES
1746702279,1746702279,CH
1746702280,1746702280,IN
1746702281,1746702286,US
1746702287,1746702288,HK
1746702289,1746702296,DE
1746702297,1746702298,HK
1746702299,1746702299,AU
1746702300,1746702304,SG
1746702305,1746702305,HK
1746702306,1746702306,PK
1746702307,1746702314,GB
1746702315,1746702315,IN
1746702316,1746702316,MY
1746702317,1746702318,CH
1746702319,1746702328,FR
1746702329,1746702329,ZA
1746702330,1746702330,IN
1746702331,1746702336,US
1746702337,1746702337,AR
1746702338,1746702345,CL
1746702346,1746702351,US
1746702352,1746702352,AU
1746702353,1746702356,AR
1746702357,1746702358,PY
1746702359,1746702400,BR
1746702401,1746702408,PE
1746702409,1746702411,EC
1746702412,1746702420,BR
1746702421,1746702423,US
1746702424,1746702427,TR
1746702428,1746702429,AU
1746702430,1746702438,BR
1746702439,1746702440,US
1746702441,1746702441,GT
1746702442,1746702448,MX
1746702449,1746702471,US
1746702472,1746702473,TH
1746702474,1746702476,GB
1746702477,1746702481,AT
1746702482,1746702482,MX
1746702483,1746702485,FR
1746702486,1746702529,US
1746702530,1746702531,MX
1746702532,1746702536,US
1746702537,1746702537,IN
1746702538,1746702538,HU
1746702539,1746702548,US
1746702549,1746702549,IN
1746702550,1746702619,US
1746702620,1746702629,CA
1746702630,1746702630,CR
1746702631,1746702631,PA
1746702632,1746702636,CO
1746702637,1746702637,HN
1746702638,1746702638,VE
1746702639,1746702639,HT
1746702640,1746702640,GY
1746702641,1746702641,SR
1746702642,1746702642,GD
1746702643,1746702711,US
1746702712,1746702714,FR
1746702715,1746702718,NL
1746702719,1746702739,US
1746702740,1746702741,IN
1746702742,1746702742,NL
1746702743,1746702758,US
1746702759,1746702768,CA
1746702769,1746702770,US
1746702771,1746702782,NL
1746702783,1746702850,US
1746702851,1746702852,NL
1746702853,1746702853,CO
1746702854,1746702857,BR
1746702858,1746702887,US
1746702888,1746702888,GH
1746702889,1746702889,LR
1746702890,1746702890,SN
1746702891,1746702891,BF
1746702892,1746702892,MA
1746702893,1746702897,PT
1746702898,1746702909,ES
1746702910,1746702914,CA
1746702915,1746702915,IS
1746702916,1746702922,IE
1746702923,1746702931,GB
1746702932,1746702932,BR
1746702933,1746702965,GB
1746702966,1746702966,BR
1746702967,1746702968,GB
1746702969,1746702971,US
1746702972,1746702972,GB
1746702973,1746702977,ZA
1746702978,1746702978,BW
1746702979,1746702985,ZA
1746702986,1746702986,MZ
1746702987,1746702987,AO
1746702988,1746702988,ZW
1746702989,1746702989,RW
1746702990,1746702990,TZ
1746702991,1746702993,KE
1746702994,1746702994,MG
1746702995,1746702995,RE
1746702996,1746702996,MU
1746702997,1746702997,AU
1746702998,1746703002,ID
1746703003,1746703028,AU
1746703029,1746703031,NZ
1746703032,1746703032,NC
1746703033,1746703034,NG
1746703035,1746703035,DJ
1746703036,1746703037,SA
1746703038,1746703038,DZ
1746703039,1746703040,TN
1746703041,1746703041,ES
1746703042,1746703044,US
1746703045,1746703046,PL
1746703047,1746703047,ZM
1746703048,1746703048,MX
1746703049,1746703049,US
1746703050,1746703050,OM
1746703051,1746703051,US
1746703052,1746703052,NP
1746703053,1746703055,IT
1746703056,1746703056,RS
1746703057,1746703060,IL
1746703061,1746703061,JO
1746703062,1746703062,IL
1746703063,1746703068,IQ
1746703069,1746703073,GR
1746703074,1746703076,CY
1746703077,1746703077,GR
1746703078,1746703080,BG
1746703081,1746703082,BR
1746703083,1746703083,MX
1746703084,1746703085,IT
1746703086,1746703102,TR
1746703103,1746703103,LB
1746703104,1746703104,US
1746703105,1746703105,IQ
1746703106,1746703108,AM
1746703109,1746703109,GE
1746703110,1746703110,MV
1746703111,1746703113,LK
1746703114,1746703141,IN
1746703142,1746703142,IT
1746703143,1746703161,IN
1746703162,1746703168,SA
1746703169,1746703169,QA
1746703170,1746703171,AE
1746703172,1746703172,BH
1746703173,1746703174,IQ
1746703175,1746703177,KW
1746703178,1746703178,OM
1746703179,1746703181,PK
1746703182,1746703185,AZ
1746703186,1746703187,IN
1746703188,1746703188,PK
1746703189,1746703197,IN
1746703198,1746703198,PK
1746703199,1746703204,IN
1746703205,1746703205,BD
1746703206,1746703207,IN
1746703208,1746703210,NP
1746703211,1746703211,BT
1746703212,1746703212,UZ
1746703213,1746703215,KZ
1746703216,1746703241,FR
1746703242,1746703242,CH
1746703243,1746703258,IT
1746703259,1746703261,CH
1746703262,1746703262,LU
1746703263,1746703276,DE
1746703277,1746703278,SG
1746703279,1746703309,DE
1746703310,1746703314,SG
1746703315,1746703319,BE
1746703320,1746703338,NL
1746703339,1746703339,SG
1746703340,1746703340,AZ
1746703341,1746703343,ID
1746703344,1746703349,NL
1746703350,1746703358,DE
1746703359,1746703359,HR
1746703360,1746703360,US
1746703361,1746703363,DE
1746703364,1746703371,AT
1746703372,1746703378,CZ
1746703379,1746703381,HU
1746703382,1746703382,SK
1746703383,1746703385,DE
1746703386,1746703391,DK
1746703392,1746703404,PL
1746703405,1746703409,NO
1746703410,1746703417,SE
1746703418,1746703418,MD
1746703419,1746703422,UA
1746703423,1746703424,LT
1746703425,1746703425,BY
1746703426,1746703439,RU
1746703440,1746703441,ID
1746703442,1746703445,GB
1746703446,1746703446,RU
1746703447,1746703448,LV
1746703449,1746703449,EE
1746703450,1746703451,FI
1746703452,1746703457,RU
1746703458,1746703458,TH
1746703459,1746703516,SG
1746703517,1746703524,MY
1746703525,1746703527,VN
1746703528,1746703540,TH
1746703541,1746703542,BD
1746703543,1746703545,MM
1746703546,1746703546,TH
1746703547,1746703549,KH
1746703550,1746703550,LA
1746703551,1746703553,VN
1746703554,1746703554,BN
1746703555,1746703563,PH
1746703564,1746703564,CN
1746703565,1746703593,HK
1746703594,1746703599,BD
1746703600,1746703606,TW
1746703607,1746703607,JP
1746703608,1746703615,KR
1746703616,1746703616,US
1746703617,1746703620,KR
1746703621,1746703621,GU
1746703622,1746703638,JP
1746703639,1746703640,IT
1746703641,1746703641,BG
1746703642,1746703642,IT
1746703643,1746703650,JP
1746703651,1746703651,BD
1746703652,1746703652,IL
1746703653,1746703655,CZ
1746703656,1746703657,US
1746703658,1746703658,GT
1746703659,1746703659,JP
1746703660,1746703661,CZ
1746703662,1746703670,JP
1746703671,1746703671,RU
1746703672,1746703673,MN
1746703674,1746703674,RU
1746703675,1746703675,IN
1746703676,1746703676,DE
1746703677,1746703677,FI
1746703678,1746703679,AT
1746703680,1746703681,US
1746703682,1746703682,KR
1746703683,1746703683,CL
1746703684,1746703689,BR
1746703690,1746703695,TR
1746703696,1746703699,US
1746703700,1746703704,BR
1746703705,1746703705,TR
1746703706,1746703706,CO
1746703707,1746703711,US
1746703712,1746703712,JP
1746703713,1746703713,TR
1746703714,1746703717,BR
1746703718,1746703736,US
1746703737,1746703737,DO
1746703738,1746703738,US
1746703739,1746703746,GB
1746703747,1746703748,ZA
1746703749,1746703749,ID
1746703750,1746703750,AL
1746703751,1746703752,IQ
1746703753,1746703753,BG
1746703754,1746703765,IN
1746703766,1746703766,QA
1746703767,1746703767,IQ
1746703768,1746703768,IN
1746703769,1746703769,LT
1746703770,1746703771,TH
1746703772,1746703776,TW
1746703777,1746703777,MN
1746703778,1746703791,US
1746703792,1746703792,TR
1746703793,1746703793,US
1746703794,1746703795,ES
1746703796,1746703797,GB
1746703798,1746703799,FR
1746703800,1746703800,GR
1746703801,1746703801,TR
1746703802,1746703802,GB
1746703803,1746703803,OM
1746703804,1746703804,FR
1746703805,1746703805,DE
1746703806,1746703807,AT
1746703808,1746703808,FI
1746703809,1746703818,HK
1746703819,1746703819,US
1746703820,1746703820,JP
1746703821,1746703821,NL
1746703822,1746703822,JP
1746703823,1746703824,CL
1746703825,1746703825,GB
1746703826,1746703827,BR
1746703828,1746703849,US
1746703850,1746703851,GB
1746703852,1746703852,ID
1746703853,1746703859,US
1746703860,1746703861,ID
1746703862,1746703862,IT
1746703863,1746703866,US
1746703867,1746703867,ZA
1746703868,1746703868,ID
1746703869,1746703869,AU
1746703870,1746703871,FR
1746703872,1746703872,US
1746703873,1746703876,FR
1746703877,1746703877,GR
1746703878,1746703878,KR
1746703879,1746703879,GB
1746703880,1746703882,IN
1746703883,1746703888,FR
1746703889,1746703901,NL
1746703902,1746703904,DE
1746703905,1746703905,HR
1746703906,1746703906,AT
1746703907,1746703908,GB
1746703909,1746703909,HU
1746703910,1746703911,PL
1746703912,1746703915,SE
1746703916,1746703916,FI
1746703917,1746703918,SG
1746703919,1746703920,PH
1746703921,1746703928,HK
1746703929,1746703929,KR
1746703930,1746703932,GB
1746703933,1746703934,JP
1746703935,1746703936,GB
1746703937,1746703939,JP
1746703940,1746703940,MV
1746703941,1746703941,IN
1746703942,1746703942,US
1746703943,1746703943,BR
1746703944,1746703953,US
1746703954,1746703954,ES
1746703955,1746703955,US
1746703956,1746703957,IN
1746703958,1746703959,DE
1746703960,1746703960,SG
1746703961,1746703961,AU
1746703962,1746703963,US
1746703964,1746703969,JP
1746703970,1746703976,BR
1746703977,1746703978,US
1746703979,1746703980,ES
1746703981,1746703982,IE
1746703983,1746703984,BR
1746703985,1746703985,US
1746703986,1746703986,MU
1746703987,1746703987,NZ
1746703988,1746703988,IQ
1746703989,1746703989,BH
1746703990,1746703990,US
1746703991,1746703993,NL
1746703994,1746704004,US
1746704005,1746704006,HK
1746704007,1746704007,ZA
1746704008,1746704011,US
1746704012,1746704013,FR
1746704014,1746704018,US
1746704019,1746704019,AR
1746704020,1746704023,US
1746704024,1746704024,MX
1746704025,1746704030,US
1746704031,1746704031,ES
1746704032,1746704032,IE
1746704033,1746704038,GB
1746704039,1746704039,AU
1746704040,1746704042,TR
1746704043,1746704044,IN
1746704045,1746704045,FR
1746704046,1746704046,SA
1746704047,1746704047,NL
1746704048,1746704049,HK
1746704050,1746704050,JP
1746704051,1746704051,BR
1746704052,1746704054,TR
1746704055,1746704055,NP
1746704056,1746704056,BR
1746704057,1746704057,GB
1746704058,1746704058,NP
1746704059,1746704060,US
1746704061,1746704061,JP
1746704062,1746704066,US
1746704067,1746704067,PF
1746704068,1746704068,CL
1746704069,1746704070,US
1746704071,1746704072,AM
1746704073,1746704074,JP
1746704075,1746704078,US
1746704079,1746704081,FR
1746704082,1746704082,IN
1746704083,1746704093,DE
1746704094,1746704100,US
1746704101,1746704101,IN
1746704102,1746704106,US
1746704107,1746704107,ES
1746704108,1746704108,BG
1746704109,1746704109,GT
1746704110,1746704110,US
1746704111,1746704111,JM
1746704112,1746704112,US
1746704113,1746704113,IE
1746704114,1746704119,PL
1746704120,1746704120,ES
1746704121,1746704129,US
1746704130,1746704150,DE
1746704151,1746704153,US
1746704154,1746704154,EC
1746704155,1746704155,JP
1746704156,1746704163,US
1746704164,1746704165,MY
1746704166,1746704167,FR
1746704168,1746704169,US
1746704170,1746704170,BR
1746704171,1746704171,TH
1746704172,1746704181,SG
1746704182,1746704182,US
1746704183,1746704183,MY
1746704184,1746704184,BD
1746704185,1746704185,TH
1746704186,1746704186,PK
1746704187,1746704188,GB
1746704189,1746704189,HN
1746704190,1746704198,SG
1746704199,1746704201,SE
1746704202,1746704213,US
1746704214,1746704214,GB
1746704215,1746704216,AU
1746704217,1746704220,IN
1746704221,1746704222,ES
1746704223,1746704223,JO
1746704224,1746704224,ET
1746704225,1746704225,SE
1746704226,1746704226,FR
1746704227,1746704227,SE
1746704228,1746704229,US
1746704230,1746704230,DZ
1746704231,1746704232,US
1746704233,1746704233,CO
1746704234,1746704234,AE
1746704235,1746704238,SE
1746704239,1746704246,US
1746704247,1746704249,SE
1746704250,1746704250,US
1746704251,1746704260,SG
1746704261,1746704261,IE
1746704262,1746704265,SE
1746704266,1746704266,QA
1746704267,1746704280,US
1746704281,1746704285,TW
1746704286,1746704299,US
1746704300,1746704300,ID
1746704301,1746704301,BR
1746704302,1746704302,IT
1746704303,1746704303,US
1746704304,1746704304,LT
1746704305,1746704305,GT
1746704306,1746704307,DE
1746704308,1746704319,FR
1746704320,1746704320,BR
1746704321,1746704321,DE
1746704322,1746704326,US
1746704327,1746704328,FR
1746704329,1746704330,SG
1746704331,1746704332,NL
1746704333,1746704333,SA
1746704334,1746704336,US
1746704337,1746704338,AE
1746704339,1746704339,KW
1746704340,1746704344,DE
1746704345,1746704347,IN
1746704348,1746704348,ES
1746704349,1746704349,AT
1746704350,1746704350,AE
1746704351,1746704351,GR
1746704352,1746704352,NZ
1746704353,1746704361,US
1746704362,1746704363,HK
1746704364,1746704365,IN
1746704366,1746704367,AR
1746704368,1746704368,DE
1746704369,1746704369,US
1746704370,1746704370,MX
1746704371,1746704377,FR
1746704378,1746704378,IN
1746704379,1746704379,US
1746704380,1746704381,GB
1746704382,1746704384,US
1746704385,1746704385,AR
1746704386,1746704393,CL
1746704394,1746704404,AR
1746704405,1746704406,PY
1746704407,1746704448,BR
1746704449,1746704456,PE
1746704457,1746704459,EC
1746704460,1746704486,BR
1746704487,1746704488,US
1746704489,1746704489,GT
1746704490,1746704496,MX
1746704497,1746704577,US
1746704578,1746704579,MX
1746704580,1746704667,US
1746704668,1746704677,CA
1746704678,1746704678,CR
1746704679,1746704679,PA
1746704680,1746704684,CO
1746704685,1746704685,HN
1746704686,1746704686,VE
1746704687,1746704687,HT
1746704688,1746704688,GY
1746704689,1746704689,SR
1746704690,1746704690,GD
1746704691,1746704806,US
1746704807,1746704816,CA
1746704817,1746704829,US
1746704830,1746704830,AU
1746704831,1746704935,US
1746704936,1746704936,GH
1746704937,1746704937,LR
1746704938,1746704938,SN
1746704939,1746704939,BF
1746704940,1746704940,MA
1746704941,1746704945,PT
1746704946,1746704957,ES
1746704958,1746704962,CA
1746704963,1746704963,IS
1746704964,1746704970,IE
1746704971,1746704979,GB
1746704980,1746704980,US
1746704981,1746705013,GB
1746705014,1746705014,BR
1746705015,1746705020,GB
1746705021,1746705025,ZA
1746705026,1746705026,BW
1746705027,1746705033,ZA
1746705034,1746705034,MZ
1746705035,1746705035,AO
1746705036,1746705036,ZW
1746705037,1746705037,RW
1746705038,1746705038,TZ
1746705039,1746705041,KE
1746705042,1746705042,MG
1746705043,1746705043,RE
1746705044,1746705044,MU
1746705045,1746705045,AU
1746705046,1746705050,ID
1746705051,1746705076,AU
1746705077,1746705079,NZ
1746705080,1746705080,NC
1746705081,1746705082,NG
1746705083,1746705083,DJ
1746705084,1746705085,SA
1746705086,1746705086,DZ
1746705087,1746705088,TN
1746705089,1746705089,ES
1746705090,1746705099,FR
1746705100,1746705100,LA
1746705101,1746705103,IT
1746705104,1746705104,RS
1746705105,1746705108,IL
1746705109,1746705109,JO
1746705110,1746705110,IL
1746705111,1746705116,IQ
1746705117,1746705121,GR
1746705122,1746705124,CY
1746705125,1746705125,GR
1746705126,1746705128,BG
1746705129,1746705133,RO
1746705134,1746705150,TR
1746705151,1746705151,LB
1746705152,1746705152,US
1746705153,1746705153,IQ
1746705154,1746705156,AM
1746705157,1746705157,GE
1746705158,1746705158,MV
1746705159,1746705161,LK
1746705162,1746705189,IN
1746705190,1746705190,US
1746705191,1746705209,IN
1746705210,1746705216,SA
1746705217,1746705217,QA
1746705218,1746705219,AE
1746705220,1746705220,BH
1746705221,1746705222,IQ
1746705223,1746705225,KW
1746705226,1746705226,OM
1746705227,1746705229,PK
1746705230,1746705233,AZ
1746705234,1746705235,IN
1746705236,1746705236,PK
1746705237,1746705245,IN
1746705246,1746705246,PK
1746705247,1746705252,IN
1746705253,1746705253,BD
1746705254,1746705255,IN
1746705256,1746705258,NP
1746705259,1746705259,BT
1746705260,1746705260,UZ
1746705261,1746705263,KZ
1746705264,1746705289,FR
1746705290,1746705290,CH
1746705291,1746705306,IT
1746705307,1746705309,CH
1746705310,1746705310,LU
1746705311,1746705324,DE
1746705325,1746705325,FR
1746705326,1746705326,US
1746705327,1746705361,DE
1746705362,1746705362,US
1746705363,1746705367,BE
1746705368,1746705397,NL
1746705398,1746705406,DE
1746705407,1746705407,HR
1746705408,1746705408,US
1746705409,1746705411,DE
1746705412,1746705419,AT
1746705420,1746705426,CZ
1746705427,1746705429,HU
1746705430,1746705430,SK
1746705431,1746705433,DE
1746705434,1746705439,DK
1746705440,1746705452,PL
1746705453,1746705457,NO
1746705458,1746705465,SE
1746705466,1746705466,MD
1746705467,1746705470,UA
1746705471,1746705472,LT
1746705473,1746705473,BY
1746705474,1746705487,RU
1746705488,1746705489,US
1746705490,1746705490,BR
1746705491,1746705491,IT
1746705492,1746705492,BR
1746705493,1746705493,US
1746705494,1746705494,RU
1746705495,1746705496,LV
1746705497,1746705497,EE
1746705498,1746705499,FI
1746705500,1746705505,RU
1746705506,1746705506,TH
1746705507,1746705564,SG
1746705565,1746705572,MY
1746705573,1746705575,VN
1746705576,1746705588,TH
1746705589,1746705590,BD
1746705591,1746705593,MM
1746705594,1746705594,TH
1746705595,1746705597,KH
1746705598,1746705598,LA
1746705599,1746705601,VN
1746705602,1746705602,BN
1746705603,1746705611,PH
1746705612,1746705612,CN
1746705613,1746705641,HK
1746705642,1746705647,BD
1746705648,1746705654,TW
1746705655,1746705655,JP
1746705656,1746705663,KR
1746705664,1746705664,US
1746705665,1746705668,KR
1746705669,1746705669,GU
1746705670,1746705718,JP
1746705719,1746705719,RU
1746705720,1746705721,MN
1746705722,1746705722,RU
1746705723,1746705723,IN
1746705724,1746705724,DE
1746705725,1746705725,FI
1746705726,1746705727,AT
1746705728,1746705729,US
1746705730,1746705730,KR
1746705731,1746705731,CL
1746705732,1746705737,BR
1746705738,1746705738,US
1746705739,1746705741,GB
1746705742,1746705742,US
1746705743,1746705743,EG
1746705744,1746705747,US
1746705748,1746705752,BR
1746705753,1746705753,EE
1746705754,1746705760,IN
1746705761,1746705765,BR
1746705766,1746705784,US
1746705785,1746705785,DO
1746705786,1746705786,US
1746705787,1746705794,GB
1746705795,1746705796,ZA
1746705797,1746705797,ID
1746705798,1746705798,AL
1746705799,1746705800,IQ
1746705801,1746705801,BG
1746705802,1746705813,IN
1746705814,1746705814,QA
1746705815,1746705815,IQ
1746705816,1746705816,IN
1746705817,1746705817,LT
1746705818,1746705819,TH
1746705820,1746705824,TW
1746705825,1746705825,MN
1746705826,1746705841,US
1746705842,1746705843,ES
1746705844,1746705845,GB
1746705846,1746705847,FR
1746705848,1746705848,GR
1746705849,1746705850,RO
1746705851,1746705851,OM
1746705852,1746705852,FR
1746705853,1746705853,DE
1746705854,1746705855,AT
1746705856,1746705856,FI
1746705857,1746705866,HK
1746705867,1746705870,JP
1746705871,1746705872,CL
1746705873,1746705873,AR
1746705874,1746705875,BR
1746705876,1746705898,US
1746705899,1746705900,NO
1746705901,1746705909,US
1746705910,1746705910,IN
1746705911,1746705914,US
1746705915,1746705915,ZA
1746705916,1746705916,ID
1746705917,1746705917,AU
1746705918,1746705919,FR
1746705920,1746705920,US
1746705921,1746705924,FR
1746705925,1746705925,GR
1746705926,1746705927,RO
1746705928,1746705930,IN
1746705931,1746705936,FR
1746705937,1746705949,NL
1746705950,1746705952,DE
1746705953,1746705953,HR
1746705954,1746705956,AT
1746705957,1746705957,HU
1746705958,1746705959,PL
1746705960,1746705963,SE
1746705964,1746705964,FI
1746705965,1746705966,SG
1746705967,1746705968,PH
1746705969,1746705976,HK
1746705977,1746705977,KR
1746705978,1746705979,JP
1746705980,1746705980,IN
1746705981,1746705987,JP
1746705988,1746705988,MV
1746705989,1746705989,IN
1746705990,1746705991,BR
1746705992,1746705996,US
1746705997,1746705998,IN
1746705999,1746706001,US
1746706002,1746706002,ES
1746706003,1746706003,GB
1746706004,1746706005,IN
1746706006,1746706007,DE
1746706008,1746706008,SG
1746706009,1746706009,AU
1746706010,1746706011,US
1746706012,1746706017,JP
1746706018,1746706024,BR
1746706025,1746706026,US
1746706027,1746706028,ES
1746706029,1746706030,IE
1746706031,1746706032,BR
1746706033,1746706033,US
1746706034,1746706034,MU
1746706035,1746706035,NZ
1746706036,1746706036,IQ
1746706037,1746706037,BH
1746706038,1746706041,NL
1746706042,1746706052,US
1746706053,1746706054,HK
1746706055,1746706055,ZA
1746706056,1746706059,US
1746706060,1746706061,FR
1746706062,1746706066,US
1746706067,1746706067,AR
1746706068,1746706071,US
1746706072,1746706072,IN
1746706073,1746706078,US
1746706079,1746706079,ES
1746706080,1746706080,IE
1746706081,1746706086,GB
1746706087,1746706087,AU
1746706088,1746706090,TR
1746706091,1746706092,IN
1746706093,1746706093,FR
1746706094,1746706095,NL
1746706096,1746706097,HK
1746706098,1746706098,JP
1746706099,1746706099,BR
1746706100,1746706102,TR
1746706103,1746706103,NP
1746706104,1746706104,BR
1746706105,1746706105,GB
1746706106,1746706106,NP
1746706107,1746706107,JP
1746706108,1746706108,IN
1746706109,1746706109,JP
1746706110,1746706114,US
1746706115,1746706115,PF
1746706116,1746706116,CL
1746706117,1746706118,US
1746706119,1746706120,AM
1746706121,1746706122,JP
1746706123,1746706126,US
1746706127,1746706129,FR
1746706130,1746706130,IN
1746706131,1746706141,DE
1746706142,1746706148,US
1746706149,1746706149,IN
1746706150,1746706154,US
1746706155,1746706155,ES
1746706156,1746706156,BG
1746706157,1746706157,GT
1746706158,1746706158,US
1746706159,1746706159,JM
1746706160,1746706160,IN
1746706161,1746706161,BR
1746706162,1746706167,PL
1746706168,1746706168,ES
1746706169,1746706177,US
1746706178,1746706198,DE
1746706199,1746706201,US
1746706202,1746706202,EC
1746706203,1746706203,JP
1746706204,1746706209,AT
1746706210,1746706210,KE
1746706211,1746706211,AT
1746706212,1746706213,MY
1746706214,1746706215,FR
1746706216,1746706217,AT
1746706218,1746706218,BR
1746706219,1746706219,TH
1746706220,1746706229,SG
1746706230,1746706232,AT
1746706233,1746706233,TH
1746706234,1746706234,PK
1746706235,1746706236,GB
1746706237,1746706237,PT
1746706238,1746706246,SG
1746706247,1746706247,PT
1746706248,1746706248,EE
1746706249,1746706249,BR
1746706250,1746706261,US
1746706262,1746706262,BB
1746706263,1746706266,DE
1746706267,1746706269,US
1746706270,1746706270,HK
1746706271,1746706271,MD
1746706272,1746706272,VN
1746706273,1746706273,US
1746706274,1746706274,FR
1746706275,1746706275,US
1746706276,1746706276,ID
1746706277,1746706277,US
1746706278,1746706278,SE
1746706279,1746706282,SG
1746706283,1746706298,US
1746706299,1746706308,SG
1746706309,1746706312,US
1746706313,1746706314,DE
1746706315,1746706316,GB
1746706317,1746706328,US
1746706329,1746706333,TW
1746706334,1746706336,GB
1746706337,1746706347,US
1746706348,1746706348,ID
1746706349,1746706349,BR
1746706350,1746706350,IT
1746706351,1746706355,GB
1746706356,1746706367,FR
1746706368,1746706368,BR
1746706369,1746706374,GB
1746706375,1746706376,FR
1746706377,1746706378,SG
1746706379,1746706380,NL
1746706381,1746706384,BR
1746706385,1746706386,NL
1746706387,1746706389,DE
1746706390,1746706398,NL
1746706399,1746706399,AR
1746706400,1746706400,NL
1746706401,1746706409,US
1746706410,1746706411,HK
1746706412,1746706413,IN
1746706414,1746706418,US
1746706419,1746706419,DE
1746706420,1746706423,US
1746706424,1746706424,CR
1746706425,1746706425,ID
1746706426,1746706426,IN
1746706427,1746706427,US
1746706428,1746706429,GB
1746706430,1746706433,US
1746706434,1746706435,BR
1746706436,1746706436,IL
1746706437,1746706437,AR
1746706438,1746706438,NL
1746706439,1746706442,US
1746706443,1746706443,DE
1746706444,1746706444,GB
1746706445,1746706446,BR
1746706447,1746706472,US
1746706473,1746706474,IT
1746706475,1746706482,FR
1746706483,1746706484,US
1746706485,1746706489,FR
1746706490,1746706490,PL
1746706491,1746706491,TH
1746706492,1746706493,JP
1746706494,1746706495,ZA
1746706496,1746706502,US
1746706503,1746706503,BD
1746706504,1746706504,US
1746706505,1746706505,OM
1746706506,1746706518,US
1746706519,1746706519,SE
1746706520,1746706522,US
1746706523,1746706524,NL
1746706525,1746706525,BD
1746706526,1746706527,SA
1746706528,1746706528,US
1746706529,1746706529,FR
1746706530,1746706530,IT
1746706531,1746706531,SG
1746706532,1746706532,TH
1746706533,1746706533,BR
1746706534,1746706535,GB
1746706536,1746706540,BR
1746706541,1746706542,US
1746706543,1746706543,TH
1746706544,1746706546,US
1746706547,1746706552,BR
1746706553,1746706553,US
1746706554,1746706554,BW
1746706555,1746706555,US
1746706556,1746706556,BD
1746706557,1746706557,FJ
1746706558,1746706558,MY
1746706559,1746706559,US
1746706560,1746706560,CD
1746706561,1746706561,US
1746706562,1746706563,BR
1746706564,1746706569,US
1746706570,1746706571,JP
1746706572,1746706572,BR
1746706573,1746706573,BD
1746706574,1746706575,IN
1746706576,1746706576,US
1746706577,1746706581,IN
1746706582,1746706582,NP
1746706583,1746706584,US
1746706585,1746706591,IN
1746706592,1746706593,US
1746706594,1746706599,SG
1746706600,1746706601,TW
1746706602,1746706603,SE
1746706604,1746706605,BR
1746706606,1746706607,SG
1746706608,1746706608,IN
1746706609,1746706609,EC
1746706610,1746706612,TW
1746706613,1746706619,HK
1746706620,1746706622,DE
1746706623,1746706623,US
1746706624,1746706629,DE
1746706630,1746706634,HK
1746706635,1746706637,AU
1746706638,1746706638,BR
1746706639,1746706639,CA
1746706640,1746706641,TH
1746706642,1746706642,BD
1746706643,1746706644,KE
1746706645,1746706645,JO
1746706646,1746706646,NL
1746706647,1746706647,DO
1746706648,1746706648,KR
1746706649,1746706649,BO
1746706650,1746706650,BR
1746706651,1746706656,FI
1746706657,1746706659,DE
1746706660,1746706666,US
1746706667,1746706668,PK
1746706669,1746706670,DE
1746706671,1746706671,TW
1746706672,1746706672,IN
1746706673,1746706676,DE
1746706677,1746706678,DK
1746706679,1746706679,GH
1746706680,1746706681,GB
1746706682,1746706683,BR
1746706684,1746706687,GB
1746706688,1746706688,US
1746706689,1746706697,GB
1746706698,1746706698,EC
1746706699,1746706699,ZA
1746706700,1746706702,NL
1746706703,1746706706,DE
1746706707,1746706707,IQ
1746706708,1746706713,JP
1746706714,1746706714,AR
1746706715,1746706722,SG
1746706723,1746706731,RU
1746706732,1746706736,FR
1746706737,1746706737,DE
1746706738,1746706740,NL
1746706741,1746706741,DE
1746706742,1746706742,PR
1746706743,1746706745,FR
1746706746,1746706746,BR
1746706747,1746706749,US
1746706750,1746706756,CA
1746706757,1746706761,US
1746706762,1746706763,DE
1746706764,1746706766,BR
1746706767,1746706770,US
1746706771,1746706771,CO
1746706772,1746706775,US
1746706776,1746706776,IN
1746706777,1746706778,AT
1746706779,1746706779,DZ
1746706780,1746706781,AT
1746706782,1746706790,IN
1746706791,1746706791,LV
1746706792,1746706792,VN
1746706793,1746706794,SG
1746706795,1746706795,VN
1746706796,1746706796,US
1746706797,1746706797,VN
1746706798,1746706798,SG
1746706799,1746706800,KR
1746706801,1746706814,CA
1746706815,1746706817,US
1746706818,1746706818,BR
1746706819,1746706819,IQ
1746706820,1746706825,US
1746706826,1746706826,MK
1746706827,1746706828,GB
1746706829,1746706829,IT
1746706830,1746706830,BE
1746706831,1746706832,ES
1746706833,1746706833,GB
1746706834,1746706835,MX
1746706836,1746706836,BR
1746706837,1746706837,US
1746706838,1746706838,BD
1746706839,1746706843,PL
1746706844,1746706844,IN
1746706845,1746706845,TZ
1746706846,1746706846,TW
1746706847,1746706851,GB
1746706852,1746706852,CA
1746706853,1746706853,PH
1746706854,1746706855,CL
1746706856,1746706856,NA
1746706857,1746706859,ID
1746706860,1746706860,TR
1746706861,1746706861,RO
1746706862,1746706862,PK
1746706863,1746706863,GB
1746706864,1746706864,DZ
1746706865,1746706865,CO
1746706866,1746706866,BE
1746706867,1746706867,US
1746706868,1746706869,PL
1746706870,1746706870,CI
1746706871,1746706876,US
1746706877,1746706877,BE
1746706878,1746706878,CI
1746706879,1746706879,DZ
1746706880,1746706880,FR
1746706881,1746706881,PL
1746706882,1746706883,CH
1746706884,1746706884,BR
1746706885,1746706890,US
1746706891,1746706897,IE
1746706898,1746706898,CH
1746706899,1746706900,PL
1746706901,1746706901,IE
1746706902,1746706908,US
1746706909,1746706910,PL
1746706911,1746706912,IN
1746706913,1746706913,IL
1746706914,1746706914,IE
1746706915,1746706915,PE
1746706916,1746706916,HK
1746706917,1746706918,PL
1746706919,1746706920,GB
1746706921,1746706921,IN
1746706922,1746706925,DE
1746706926,1746706926,UG
1746706927,1746706927,TT
1746706928,1746706929,ES
1746706930,1746706936,US
1746706937,1746706937,UA
1746706938,1746706941,ES
1746706942,1746706943,BR
1746706944,1746706944,US
1746706945,1746706950,BR
1746706951,1746706957,SG
1746706958,1746706958,US
1746706959,1746706959,GB
1746706960,1746706960,ID
1746706961,1746706966,GB
1746706967,1746706969,US
1746706970,1746706972,ES
1746706973,1746706973,CA
1746706974,1746706974,BD
1746706975,1746706975,BR
1746706976,1746706977,FR
1746706978,1746706980,BG
1746706981,1746706983,FR
1746706984,1746706984,KZ
1746706985,1746706986,RO
1746706987,1746706988,US
1746706989,1746706989,JP
1746706990,1746706990,KR
1746706991,1746706997,DE
1746706998,1746706999,JP
1746707000,1746707006,DE
1746707007,1746707008,US
1746707009,1746707009,JP
1746707010,1746707010,IQ
1746707011,1746707011,GB
1746707012,1746707012,ZA
1746707013,1746707013,MY
1746707014,1746707014,DK
1746707015,1746707017,US
1746707018,1746707025,JP
1746707026,1746707026,UA
1746707027,1746707028,NL
1746707029,1746707029,HR
1746707030,1746707031,US
1746707032,1746707032,CH
1746707033,1746707035,US
1746707036,1746707036,JP
1746707037,1746707040,US
1746707041,1746707042,AU
1746707043,1746707046,JP
1746707047,1746707047,NZ
1746707048,1746707048,DE
1746707049,1746707050,BD
1746707051,1746707051,DE
1746707052,1746707052,PH
1746707053,1746707061,DE
1746707062,1746707062,TZ
1746707063,1746707063,AR
1746707064,1746707064,JP
1746707065,1746707067,US
1746707068,1746707070,BR
1746707071,1746707071,DE
1746707072,1746707073,BR
1746707074,1746707074,DE
1746707075,1746707076,BR
1746707077,1746707084,FR
1746707085,1746707085,RS
1746707086,1746707087,BR
1746707088,1746707091,FR
1746707092,1746707092,RS
1746707093,1746707097,BR
1746707098,1746707098,MY
1746707099,1746707099,RU
1746707100,1746707101,TR
1746707102,1746707105,JP
1746707106,1746707106,RU
1746707107,1746707107,MY
1746707108,1746707111,FR
1746707112,1746707112,MY
1746707113,1746707113,PT
1746707114,1746707116,ES
1746707117,1746707117,RU
1746707118,1746707124,RO
1746707125,1746707127,US
1746707128,1746707128,RU
1746707129,1746707130,TR
1746707131,1746707131,KZ
1746707132,1746707133,LV
1746707134,1746707135,CN
1746707136,1746707137,DE
1746707138,1746707143,US
1746707144,1746707144,ID
1746707145,1746707145,BR
1746707146,1746707146,CL
1746707147,1746707147,DE
1746707148,1746707153,AU
1746707154,1746707154,DE
1746707155,1746707155,RU
1746707156,1746707156,CL
1746707157,1746707157,ID
1746707158,1746707158,KR
1746707159,1746707160,IT
1746707161,1746707161,ID
1746707162,1746707162,KR
1746707163,1746707163,US
1746707164,1746707164,GB
1746707165,1746707165,CA
1746707166,1746707166,DK
1746707167,1746707167,ES
1746707168,1746707168,JP
1746707169,1746707169,SE
1746707170,1746707170,JP
1746707171,1746707174,IT
1746707175,1746707175,AU
1746707176,1746707179,IT
1746707180,1746707180,NP
1746707181,1746707181,GH
1746707182,1746707182,ID
1746707183,1746707186,IT
1746707187,1746707188,PL
1746707189,1746707189,PH
1746707190,1746707190,BR
1746707191,1746707193,ID
1746707194,1746707200,US
1746707201,1746707201,IE
1746707202,1746707208,BR
1746707209,1746707209,US
1746707210,1746707211,BR
1746707212,1746707212,CO
1746707213,1746707213,DE
1746707214,1746707214,SG
1746707215,1746707215,SE
1746707216,1746707218,SG
1746707219,1746707219,DE
1746707220,1746707220,OM
1746707221,1746707222,US
1746707223,1746707224,JP
1746707225,1746707225,US
1746707226,1746707229,SG
1746707230,1746707231,HK
1746707232,1746707241,SG
1746707242,1746707243,PH
1746707244,1746707244,US
1746707245,1746707246,SG
1746707247,1746707247,IN
1746707248,1746707248,PL
1746707249,1746707256,HK
1746707257,1746707262,US
1746707263,1746707263,AO
1746707264,1746707265,GB
1746707266,1746707267,JP
1746707268,1746707271,ES
1746707272,1746707272,CH
1746707273,1746707273,US
1746707274,1746707274,ZA
1746707275,1746707275,IN
1746707276,1746707278,US
1746707279,1746707280,FR
1746707281,1746707283,US
1746707284,1746707285,HK
1746707286,1746707293,DE
1746707294,1746707295,HK
1746707296,1746707296,AU
1746707297,1746707301,SG
1746707302,1746707302,HK
1746707303,1746707303,PK
1746707304,1746707311,GB
1746707312,1746707312,IN
1746707313,1746707313,MY
1746707314,1746707315,CH
1746707316,1746707325,FR
1746707326,1746707326,ZA
1746707327,1746707327,TR
1746707328,1746707330,IN
1746707331,1746707340,US
1746707341,1746707341,AU
1746707342,1746707344,US
1746707345,1746707348,TR
1746707349,1746707350,AU
1746707351,1746707352,TH
1746707353,1746707355,GB
1746707356,1746707360,AT
1746707361,1746707361,MX
1746707362,1746707364,FR
1746707365,1746707365,IN
1746707366,1746707366,HU
1746707367,1746707367,IN
1746707368,1746707378,US
1746707379,1746707381,FR
1746707382,1746707385,NL
1746707386,1746707387,IN
1746707388,1746707402,NL
1746707403,1746707403,CO
1746707404,1746707409,BR
1746707410,1746707415,US
1746707416,1746707417,PL
1746707418,1746707418,ZM
1746707419,1746707419,MX
1746707420,1746707420,US
1746707421,1746707421,OM
1746707422,1746707422,US
1746707423,1746707423,NP
1746707424,1746707425,BR
1746707426,1746707426,MX
1746707427,1746707429,IT
1746707430,1746707437,SG
1746707438,1746707438,AZ
1746707439,1746707443,ID
1746707444,1746707447,GB
1746707448,1746707449,IT
1746707450,1746707450,BG
1746707451,1746707451,IT
1746707452,1746707452,BD
1746707453,1746707453,IL
1746707454,1746707454,CZ
1746707455,1746707456,US
1746707457,1746707457,GE
1746707458,1746707458,ID
1746707459,1746707459,DZ
1746707460,1746707460,BR
1746707461,1746707461,AU
1746707462,1746707462,US
1746707463,1746707463,CA
1746707464,1746707464,IN
1746707465,1746707465,AO
1746707466,1746707470,KR
1746707471,1746707471,JO
1746707472,1746707472,US
1746707473,1746707474,TW
1746707475,1746707475,DZ
1746707476,1746707482,CA
1746707483,1746707483,CO
1746707484,1746707508,IN
1746707509,1746707509,BR
1746707510,1746707511,IT
1746707512,1746707524,IN
1746707525,1746707525,IT
1746707526,1746707531,DE
1746707532,1746707536,US
1746707537,1746707537,NP
1746707538,1746707538,US
1746707539,1746707539,DZ
1746707540,1746707540,US
1746707541,1746707541,PK
1746707542,1746707544,ZA
1746707545,1746707545,PH
1746707546,1746707546,PK
1746707547,1746707548,CZ
1746707549,1746707550,US
1746707551,1746707551,GT
1746707552,1746707552,JP
1746707553,1746707554,CZ
1746707555,1746707560,TR
1746707561,1746707564,US
1746707565,1746707565,TR
1746707566,1746707566,CO
1746707567,1746707571,US
1746707572,1746707572,JP
1746707573,1746707575,TR
1746707576,1746707576,GB
1746707577,1746707577,US
1746707578,1746707578,NL
1746707579,1746707581,GB
1746707582,1746707584,ID
1746707585,1746707585,IT
1746707586,1746707586,KR
1746707587,1746707594,GB
1746707595,1746707599,US
1746707600,1746707600,MX
1746707601,1746707601,SA
1746707602,1746707604,US
1746707605,1746707605,IE
1746707606,1746707616,US
1746707617,1746707617,MY
1746707618,1746707618,BD
1746707619,1746707619,HN
1746707620,1746707622,SE
1746707623,1746707623,GB
1746707624,1746707625,AU
1746707626,1746707629,IN
1746707630,1746707631,ES
1746707632,1746707632,JO
1746707633,1746707633,ET
1746707634,1746707635,SE
1746707636,1746707637,US
1746707638,1746707638,DZ
1746707639,1746707640,US
1746707641,1746707641,CO
1746707642,1746707642,AE
1746707643,1746707649,SE
1746707650,1746707650,US
1746707651,1746707651,IE
1746707652,1746707655,SE
1746707656,1746707656,QA
1746707657,1746707662,US
1746707663,1746707663,LT
1746707664,1746707664,GT
1746707665,1746707667,DE
1746707668,1746707672,US
1746707673,1746707673,SA
1746707674,1746707676,US
1746707677,1746707678,AE
1746707679,1746707679,KW
1746707680,1746707684,DE
1746707685,1746707687,IN
1746707688,1746707688,ES
1746707689,1746707689,AT
1746707690,1746707690,AE
1746707691,1746707691,GR
1746707692,1746707692,NZ
1746707693,1746707694,AR
1746707695,1746707695,DE
1746707696,1746707696,US
1746707697,1746707697,MX
1746707698,1746707704,FR
1746707705,1746707705,US
1746707706,1746707709,FR
1746707710,1746707712,US
1746707713,1746707713,AR
1746707714,1746707715,IL
1746707716,1746707718,BE
1746707719,1746707720,US
1746707721,1746707721,IN
1746707722,1746707722,CH
1746707723,1746707733,US
1746707734,1746707735,ES
1746707736,1746707736,GB
1746707737,1746707738,BR
1746707739,1746707740,CL
1746707741,1746707742,ID
1746707743,1746707744,BR
1746707745,1746707745,ID
1746707746,1746707746,DK
1746707747,1746707749,DE
1746707750,1746707750,CL
1746707751,1746707752,IN
1746707753,1746707753,SN
1746707754,1746707754,BD
1746707755,1746707755,KR
1746707756,1746707756,GE
1746707757,1746707757,ZA
1746707758,1746707758,BR
1746707759,1746707759,KG
1746707760,1746707760,US
1746707761,1746707762,PT
1746707763,1746707763,BR
1746707764,1746707770,US
1746707771,1746707772,DK
1746707773,1746707778,PL
1746707779,1746707780,NO
1746707781,1746707790,US
1746707791,1746707792,BR
1746707793,1746707793,IN
1746707794,1746707795,BR
1746707796,1746707796,MW
1746707797,1746707797,IL
1746707798,1746707799,IN
1746707800,1746707800,TR
1746707801,1746707801,ID
1746707802,1746707802,ZA
1746707803,1746707804,IN
1746707805,1746707805,EC
1746707806,1746707806,ZA
1746707807,1746707808,DE
1746707809,1746707809,JP
1746707810,1746707810,IE
1746707811,1746707811,PL
1746707812,1746707812,BD
1746707813,1746707819,PL
1746707820,1746707820,JO
1746707821,1746707822,IE
1746707823,1746707823,DZ
1746707824,1746707829,US
1746707830,1746707830,CA
1746707831,1746707831,US
1746707832,1746707834,FI
1746707835,1746707835,AT
1746707836,1746707839,DE
1746707840,1746707844,US
1746707845,1746707851,BR
1746707852,1746707852,US
1746707853,1746707853,BR
1746707854,1746707855,US
1746707856,1746707859,ES
1746707860,1746707862,CO
1746707863,1746707865,US
1746707866,1746707866,BD
1746707867,1746707867,KW
1746707868,1746707868,KR
1746707869,1746707869,BG
1746707870,1746707870,BD
1746707871,1746707874,US
1746707875,1746707878,ES
1746707879,1746707889,JP
1746707890,1746707890,GB
1746707891,1746707894,FI
1746707895,1746707895,IN
1746707896,1746707897,FR
1746707898,1746707902,GB
1746707903,1746707903,US
1746707904,1746707908,ES
1746707909,1746707909,US
1746707910,1746707910,MY
1746707911,1746707911,BR
1746707912,1746707912,ID
1746707913,1746707918,BR
1746707919,1746707919,BH
1746707920,1746707925,CA
1746707926,1746707930,US
1746707931,1746707936,FR
1746707937,1746707945,US
1746707946,1746707948,JP
1746707949,1746707962,US
1746707963,1746707963,JP
1746707964,1746707964,NL
1746707965,1746707965,JP
1746707966,1746707966,CA
1746707967,1746707968,US
1746707969,1746707972,CA
1746707973,1746707974,PT
1746707975,1746707976,JP
1746707977,1746707980,NL
1746707981,1746707984,US
1746707985,1746707990,BR
1746707991,1746707991,US
1746707992,1746707992,DE
1746707993,1746707994,US
1746707995,1746707996,JP
1746707997,1746708002,US
1746708003,1746708006,ES
1746708007,1746708007,US
1746708008,1746708008,PK
1746708009,1746708013,US
1746708014,1746708014,BR
1746708015,1746708021,HK
1746708022,1746708024,US
1746708025,1746708025,PL
1746708026,1746708035,US
1746708036,1746708036,MT
1746708037,1746708037,BD
1746708038,1746708038,KE
1746708039,1746708043,CL
1746708044,1746708049,IN
1746708050,1746708050,NP
1746708051,1746708051,IN
1746708052,1746708052,BD
1746708053,1746708053,SE
1746708054,1746708057,CA
1746708058,1746708058,JO
1746708059,1746708059,US
1746708060,1746708064,IN
1746708065,1746708067,US
1746708068,1746708069,IN
1746708070,1746708070,AZ
1746708071,1746708071,CR
1746708072,1746708072,GB
1746708073,1746708073,PA
1746708074,1746708074,NZ
1746708075,1746708075,TR
1746708076,1746708076,BD
1746708077,1746708077,IN
1746708078,1746708078,TZ
1746708079,1746708079,US
1746708080,1746708085,SG
1746708086,1746708090,US
1746708091,1746708091,ZA
1746708092,1746708097,US
1746708098,1746708098,PH
1746708099,1746708106,US
1746708107,1746708107,CO
1746708108,1746708108,ZA
1746708109,1746708109,TT
1746708110,1746708110,US
1746708111,1746708111,AL
1746708112,1746708112,KE
1746708113,1746708113,CO
1746708114,1746708114,IN
1746708115,1746708115,LK
1746708116,1746708125,DK
1746708126,1746708127,US
1746708128,1746708128,SI
1746708129,1746708129,NG
1746708130,1746708134,DE
1746708135,1746708135,TT
1746708136,1746708136,KE
1746708137,1746708137,BR
1746708138,1746708138,KZ
1746708139,1746708140,IN
1746708141,1746708143,ZA
1746708144,1746708144,AR
1746708145,1746708148,US
1746708149,1746708150,FI
1746708151,1746708152,DE
1746708153,1746708157,US
1746708158,1746708159,ZA
1746708160,1746708161,KR
1746708162,1746708162,NL
1746708163,1746708163,AR
1746708164,1746708183,US
1746708184,1746708185,IN
1746708186,1746708186,AT
1746708187,1746708187,TH
1746708188,1746708188,PH
1746708189,1746708190,DE
1746708191,1746708192,NL
1746708193,1746708193,AR
1746708194,1746708194,BH
1746708195,1746708196,JP
1746708197,1746708197,BR
1746708198,1746708199,PK
1746708200,1746708200,TH
1746708201,1746708201,MX
1746708202,1746708202,CI
1746708203,1746708203,PE
1746708204,1746708211,US
1746708212,1746708212,AZ
1746708213,1746708213,PH
1746708214,1746708214,TH
1746708215,1746708215,LA
1746708216,1746708216,US
1746708217,1746708217,KW
1746708218,1746708218,AU
1746708219,1746708219,DE
1746708220,1746708233,US
1746708234,1746708234,JP
1746708235,1746708235,IN
1746708236,1746708239,US
1746708240,1746708240,NZ
1746708241,1746708241,CA
1746708242,1746708242,JM
1746708243,1746708247,AU
1746708248,1746708252,US
1746708253,1746708253,CM
1746708254,1746708255,DE
1746708256,1746708258,BG
1746708259,1746708259,KR
1746708260,1746708261,IN
1746708262,1746708262,CO
1746708263,1746708263,PH
1746708264,1746708264,US
1746708265,1746708266,ID
1746708267,1746708272,US
1746708273,1746708273,PR
1746708274,1746708274,KZ
1746708275,1746708276,IN
1746708277,1746708277,HK
1746708278,1746708278,IN
1746708279,1746708281,SG
1746708282,1746708282,DE
1746708283,1746708283,LB
1746708284,1746708290,US
1746708291,1746708291,SG
1746708292,1746708293,ES
1746708294,1746708294,TR
1746708295,1746708296,IN
1746708297,1746708298,NL
1746708299,1746708299,US
1746708300,1746708300,TJ
1746708301,1746708301,US
1746708302,1746708302,ID
1746708303,1746708305,IN
1746708306,1746708306,SE
1746708307,1746708309,TH
1746708310,1746708310,AU
1746708311,1746708311,US
1746708312,1746708312,PK
1746708313,1746708313,US
1746708314,1746708314,TH
1746708315,1746708315,US
1746708316,1746708317,FR
1746708318,1746708324,US
1746708325,1746708325,AU
1746708326,1746708327,IN
1746708328,1746708328,BD
1746708329,1746708329,US
1746708330,1746708330,PK
1746708331,1746708333,US
1746708334,1746708334,FR
1746708335,1746708335,CA
1746708336,1746708337,PH
1746708338,1746708338,SE
1746708339,1746708341,US
1746708342,1746708342,CO
1746708343,1746708343,NZ
1746708344,1746708479,US
1746708480,1746708491,GB
1746708492,1746708521,IE
1746708522,1746708529,NA
1746708530,1746708536,GE
1746708537,1746708544,JP
1746708545,1746708553,US
1746708554,1746708561,IN
1746708562,1746708567,CA
1746708568,1746708577,US
1746708578,1746708586,PK
1746708587,1746708600,GB
1746708601,1746708618,US
1746708619,1746708631,FR
1746708632,1746708640,US
1746708641,1746708647,PF
1746708648,1746708660,GB
1746708661,1746708667,RU
1746708668,1746708677,US
1746708678,1746708690,GB
1746708691,1746708699,US
1746708700,1746708702,AG
1746708703,1746708708,BR
1746708709,1746708716,KR
1746708717,1746708722,LR
1746708723,1746708727,RE
1746708728,1746708733,CO
1746708734,1746708741,JP
1746708742,1746708748,TJ
1746708749,1746708755,BR
1746708756,1746708763,JP
1746708764,1746708769,AU
1746708770,1746708777,BT
1746708778,1746708783,KY
1746708784,1746708789,NG
1746708790,1746708798,US
1746708799,1746708806,IN
1746708807,1746708813,DO
1746708814,1746708820,UA
1746708821,1746708831,US
1746708832,1746708837,CO
1746708838,1746708842,GR
1746708843,1746708852,US
1746708853,1746708857,EE
1746708858,1746708865,JP
1746708866,1746708871,KI
1746708872,1746708880,US
1746708881,1746708886,GN
1746708887,1746708891,DK
1746708892,1746708902,US
1746708903,1746708909,FI
1746708910,1746708918,US
1746708919,1746708925,UA
1746708926,1746708930,CG
1746708931,1746708937,VN
1746708938,1746708943,FJ
1746708944,1746708953,IN
1746708954,1746708967,JE
1746708968,1746708972,RS
1746708973,1746708995,US
1746708996,1746709008,GB
1746709009,1746709015,BN
1746709016,1746709024,US
1746709025,1746709031,QA
1746709032,1746709038,BR
1746709039,1746709057,US
1746709058,1746709062,CD
1746709063,1746709070,ZA
1746709071,1746709075,CY
1746709076,1746709081,CO
1746709082,1746709086,MW
1746709087,1746709095,US
1746709096,1746709102,AE
1746709103,1746709109,KG
1746709110,1746709117,JP
1746709118,1746709122,BG
1746709123,1746709130,MY
1746709131,1746709155,US
1746709156,1746709163,IT
1746709164,1746709172,CA
1746709173,1746709174,PF
1746709175,1746709185,US
1746709186,1746709191,NZ
1746709192,1746709196,SE
1746709197,1746709204,ZA
1746709205,1746709210,ES
1746709211,1746709215,SY
1746709216,1746709222,UZ
1746709223,1746709227,GA
1746709228,1746709233,PG
1746709234,1746709241,CL
1746709242,1746709248,US
1746709249,1746709261,GB
1746709262,1746709302,US
1746709303,1746709307,LB
1746709308,1746709309,TK
1746709310,1746709316,US
1746709317,1746709323,VE
1746709324,1746709330,BR
1746709331,1746709336,NE
1746709337,1746709339,KI
1746709340,1746709348,US
1746709349,1746709353,EG
1746709354,1746709360,BR
1746709361,1746709363,GL
1746709364,1746709371,KR
1746709372,1746709388,GB
1746709389,1746709394,SB
1746709395,1746709414,US
1746709415,1746709426,DE
1746709427,1746709435,US
1746709436,1746709444,MX
1746709445,1746709447,VE
1746709448,1746709454,BR
1746709455,1746709464,IN
1746709465,1746709471,US
1746709472,1746709478,MD
1746709479,1746709483,VI
1746709484,1746709489,CO
1746709490,1746709496,BH
1746709497,1746709504,US
1746709505,1746709509,SD
1746709510,1746709522,GB
1746709523,1746709537,US
1746709538,1746709547,IN
1746709548,1746709556,US
1746709557,1746709563,ID
1746709564,1746709570,AF
1746709571,1746709577,RU
1746709578,1746709585,US
1746709586,1746709593,JP
1746709594,1746709602,US
1746709603,1746709610,JP
1746709611,1746709615,BQ
1746709616,1746709624,US
1746709625,1746709630,CO
1746709631,1746709639,US
1746709640,1746709646,ID
1746709647,1746709653,VE
1746709654,1746709660,US
1746709661,1746709667,CN
1746709668,1746709676,MX
1746709677,1746709682,CA
1746709683,1746709708,US
1746709709,1746709711,AU
1746709712,1746709717,NG
1746709718,1746709723,CO
1746709724,1746709729,NG
1746709730,1746709741,DE
1746709742,1746709750,US
1746709751,1746709755,UA
1746709756,1746709763,KW
1746709764,1746709767,BB
1746709768,1746709780,GB
1746709781,1746709788,MY
1746709789,1746709795,RU
1746709796,1746709802,PY
1746709803,1746709810,VN
1746709811,1746709818,US
1746709819,1746709827,IN
1746709828,1746709877,US
1746709878,1746709883,ER
1746709884,1746709889,NG
1746709890,1746709898,US
1746709899,1746709903,SK
1746709904,1746709910,US
1746709911,1746709917,DE
1746709918,1746709924,BR
1746709925,1746709928,MO
1746709929,1746709936,MY
1746709937,1746709943,BR
1746709944,1746709951,JP
1746709952,1746709958,BR
1746709959,1746709965,CA
1746709966,1746709971,CV
1746709972,1746709978,VN
1746709979,1746709998,US
1746709999,1746710002,MN
1746710003,1746710005,VE
1746710006,1746710008,KI
1746710009,1746710015,IQ
1746710016,1746710023,JP
1746710024,1746710028,KE
1746710029,1746710038,ES
1746710039,1746710044,MA
1746710045,1746710062,US
1746710063,1746710069,IQ
1746710070,1746710083,FR
1746710084,1746710094,FO
1746710095,1746710099,SE
1746710100,1746710107,JP
1746710108,1746710117,MA
1746710118,1746710121,EC
1746710122,1746710130,US
1746710131,1746710139,CA
1746710140,1746710146,VN
1746710147,1746710154,ZA
1746710155,1746710160,AU
1746710161,1746710168,ID
1746710169,1746710176,JP
1746710177,1746710185,US
1746710186,1746710193,JP
1746710194,1746710201,KR
1746710202,1746710209,US
1746710210,1746710214,RW
1746710215,1746710239,US
1746710240,1746710246,CZ
1746710247,1746710252,GH
1746710253,1746710268,US
1746710269,1746710274,CO
1746710275,1746710279,SS
1746710280,1746710284,AT
1746710285,1746710290,CI
1746710291,1746710297,UA
1746710298,1746710304,KR
1746710305,1746710313,US
1746710314,1746710316,TT
1746710317,1746710323,VE
1746710324,1746710325,WF
1746710326,1746710331,PM
1746710332,1746710336,NG
1746710337,1746710341,GU
1746710342,1746710349,IN
1746710350,1746710356,US
1746710357,1746710364,JP
1746710365,1746710372,AR
1746710373,1746710379,BR
1746710380,1746710387,CA
1746710388,1746710395,MY
1746710396,1746710403,IT
1746710404,1746710416,GB
1746710417,1746710423,VE
1746710424,1746710427,GG
1746710428,1746710434,US
1746710435,1746710441,BR
1746710442,1746710448,GT
1746710449,1746710455,BR
1746710456,1746710462,DE
1746710463,1746710467,CW
1746710468,1746710473,MT
1746710474,1746710480,BR
1746710481,1746710488,IN
1746710489,1746710495,CN
1746710496,1746710513,US
1746710514,1746710521,NP
1746710522,1746710528,CN
1746710529,1746710535,US
1746710536,1746710543,MY
1746710544,1746710560,GB
1746710561,1746710567,CN
1746710568,1746710575,MY
1746710576,1746710583,BD
1746710584,1746710591,IN
1746710592,1746710598,EC
1746710599,1746710607,US
1746710608,1746710620,CA
1746710621,1746710635,CN
1746710636,1746710641,AU
1746710642,1746710648,CN
1746710649,1746710657,CA
1746710658,1746710664,US
1746710665,1746710669,ME
1746710670,1746710675,CO
1746710676,1746710678,AI
1746710679,1746710693,US
1746710694,1746710701,TL
1746710702,1746710708,BR
1746710709,1746710734,US
1746710735,1746710742,IN
1746710743,1746710750,US
1746710751,1746710753,PE
1746710754,1746710760,BO
1746710761,1746710772,DE
1746710773,1746710777,GP
1746710778,1746710784,ID
1746710785,1746710792,JP
1746710793,1746710799,KR
1746710800,1746710817,US
1746710818,1746710823,IT
1746710824,1746710837,GB
1746710838,1746710842,YE
1746710843,1746710852,DE
1746710853,1746710858,SR
1746710859,1746710867,US
1746710868,1746710873,NU
1746710874,1746710879,FM
1746710880,1746710885,IT
1746710886,1746710892,KZ
1746710893,1746710899,US
1746710900,1746710907,IN
1746710908,1746710915,AR
1746710916,1746710921,AU
1746710922,1746710926,GR
1746710927,1746710933,PK
1746710934,1746710939,AU
1746710940,1746710945,BL
1746710946,1746710950,BI
1746710951,1746710957,CA
1746710958,1746710972,BE
1746710973,1746710980,CN
1746710981,1746710994,GB
1746710995,1746711001,CN
1746711002,1746711019,US
1746711020,1746711024,CM
1746711025,1746711031,BR
1746711032,1746711039,JP
1746711040,1746711047,MY
1746711048,1746711052,CD
1746711053,1746711061,US
1746711062,1746711068,BR
1746711069,1746711080,DE
1746711081,1746711090,FR
1746711091,1746711098,US
1746711099,1746711106,LK
1746711107,1746711114,MY
1746711115,1746711121,BR
1746711122,1746711126,PL
1746711127,1746711144,US
1746711145,1746711152,IN
1746711153,1746711160,VN
1746711161,1746711166,AS
1746711167,1746711178,CH
1746711179,1746711184,SL
1746711185,1746711193,US
1746711194,1746711200,LI
1746711201,1746711206,IT
1746711207,1746711211,GL
1746711212,1746711218,BR
1746711219,1746711225,SA
1746711226,1746711242,FR
1746711243,1746711248,NG
1746711249,1746711255,VN
1746711256,1746711262,JM
1746711263,1746711269,CN
1746711270,1746711276,AF
1746711277,1746711282,PT
1746711283,1746711289,KR
1746711290,1746711297,IN
1746711298,1746711304,CN
1746711305,1746711311,BR
1746711312,1746711318,VN
1746711319,1746711323,BA
1746711324,1746711330,IQ
1746711331,1746711336,AU
1746711337,1746711342,TN
1746711343,1746711351,US
1746711352,1746711361,MX
1746711362,1746711369,JP
1746711370,1746711375,VE
1746711376,1746711382,US
1746711383,1746711387,FM
1746711388,1746711399,US
1746711400,1746711405,SV
1746711406,1746711410,KE
1746711411,1746711423,GB
1746711424,1746711429,CO
1746711430,1746711435,NG
1746711436,1746711442,IQ
1746711443,1746711457,FR
1746711458,1746711466,US
1746711467,1746711474,MV
1746711475,1746711481,BR
1746711482,1746711491,IN
1746711492,1746711502,US
1746711503,1746711510,MX
1746711511,1746711519,CA
1746711520,1746711527,IN
1746711528,1746711532,IL
1746711533,1746711539,BR
1746711540,1746711557,US
1746711558,1746711564,BM
1746711565,1746711573,BW
1746711574,1746711583,CU
1746711584,1746711591,RU
1746711592,1746711604,GB
1746711605,1746711610,MF
1746711611,1746711616,NG
1746711617,1746711624,JP
1746711625,1746711633,US
1746711634,1746711642,PK
1746711643,1746711650,CN
1746711651,1746711657,UA
1746711658,1746711662,TR
1746711663,1746711664,AQ
1746711665,1746711670,BJ
1746711671,1746711676,CO
1746711677,1746711683,KR
1746711684,1746711689,CA
1746711690,1746711698,US
1746711699,1746711703,SD
1746711704,1746711710,KZ
1746711711,1746711718,US
1746711719,1746711723,IL
1746711724,1746711729,ID
1746711730,1746711738,US
1746711739,1746711743,PL
1746711744,1746711749,WS
1746711750,1746711757,JP
1746711758,1746711765,IN
1746711766,1746711770,EG
1746711771,1746711777,BR
1746711778,1746711783,TD
1746711784,1746711790,IQ
1746711791,1746711793,NZ
1746711794,1746711830,US
1746711831,1746711836,NG
1746711837,1746711844,JP
1746711845,1746711853,US
1746711854,1746711860,BR
1746711861,1746711867,PY
1746711868,1746711873,AU
1746711874,1746711881,US
1746711882,1746711888,VE
1746711889,1746711895,ID
1746711896,1746711901,LY
1746711902,1746711907,NF
1746711908,1746711917,US
1746711918,1746711926,IN
1746711927,1746711934,US
1746711935,1746711942,CN
1746711943,1746711948,AU
1746711949,1746711955,IQ
1746711956,1746711963,JP
1746711964,1746711970,CN
1746711971,1746711978,US
1746711979,1746711985,UZ
1746711986,1746711987,US
1746711988,1746711992,MS
1746711993,1746711999,RU
1746712000,1746712007,MX
1746712008,1746712013,SM
1746712014,1746712023,PT
1746712024,1746712031,US
1746712032,1746712044,GB
1746712045,1746712052,CL
1746712053,1746712060,AR
1746712061,1746712065,SY
1746712066,1746712071,CA
1746712072,1746712076,BG
1746712077,1746712091,FR
1746712092,1746712109,US
1746712110,1746712122,IM
1746712123,1746712130,LA
1746712131,1746712141,US
1746712142,1746712148,RU
1746712149,1746712156,BS
1746712157,1746712162,CR
1746712163,1746712170,TH
1746712171,1746712173,FK
1746712174,1746712179,CO
1746712180,1746712187,IR
1746712188,1746712195,AR
1746712196,1746712198,PG
1746712199,1746712201,PE
1746712202,1746712208,BR
1746712209,1746712214,GW
1746712215,1746712231,GB
1746712232,1746712238,BR
1746712239,1746712246,US
1746712247,1746712253,RU
1746712254,1746712256,NR
1746712257,1746712267,US
1746712268,1746712275,CL
1746712276,1746712288,LU
1746712289,1746712293,MZ
1746712294,1746712303,US
1746712304,1746712311,CL
1746712312,1746712318,CA
1746712319,1746712325,BY
1746712326,1746712333,ZA
1746712334,1746712339,SV
1746712340,1746712347,HK
1746712348,1746712357,IN
1746712358,1746712365,KZ
1746712366,1746712370,MH
1746712371,1746712379,US
1746712380,1746712389,IN
1746712390,1746712394,HR
1746712395,1746712401,IQ
1746712402,1746712408,ID
1746712409,1746712415,US
1746712416,1746712420,YE
1746712421,1746712428,US
1746712429,1746712436,KR
1746712437,1746712445,US
1746712446,1746712453,IN
1746712454,1746712483,US
1746712484,1746712491,IN
1746712492,1746712513,US
1746712514,1746712521,JP
1746712522,1746712536,NL
1746712537,1746712541,KE
1746712542,1746712549,JP
1746712550,1746712564,FR
1746712565,1746712569,JO
1746712570,1746712578,US
1746712579,1746712589,CN
1746712590,1746712594,BG
1746712595,1746712607,GB
1746712608,1746712614,CA
1746712615,1746712641,US
1746712642,1746712649,IN
1746712650,1746712658,US
1746712659,1746712666,CN
1746712667,1746712675,US
1746712676,1746712680,CM
1746712681,1746712697,US
1746712698,1746712702,TR
1746712703,1746712709,MN
1746712710,1746712715,FR
1746712716,1746712722,CN
1746712723,1746712730,IN
1746712731,1746712738,PW
1746712739,1746712746,AR
1746712747,1746712753,PK
1746712754,1746712760,CZ
1746712761,1746712770,GI
1746712771,1746712782,FR
1746712783,1746712801,US
1746712802,1746712807,AU
1746712808,1746712815,JP
1746712816,1746712822,VE
1746712823,1746712833,US
1746712834,1746712840,VN
1746712841,1746712852,DE
1746712853,1746712861,US
1746712862,1746712873,DE
1746712874,1746712882,US
1746712883,1746712887,MG
1746712888,1746712895,CA
1746712896,1746712901,SN
1746712902,1746712909,AR
1746712910,1746712917,MY
1746712918,1746712929,NL
1746712930,1746712939,IN
1746712940,1746712948,US
1746712949,1746712955,DE
1746712956,1746712964,ZA
1746712965,1746712972,ID
1746712973,1746712980,US
1746712981,1746712987,IQ
1746712988,1746712992,TR
1746712993,1746712999,KR
1746713000,1746713008,US
1746713009,1746713014,IT
1746713015,1746713023,US
1746713024,1746713027,BO
1746713028,1746713039,CH
1746713040,1746713048,IN
1746713049,1746713060,DE
1746713061,1746713065,DM
1746713066,1746713081,NL
1746713082,1746713089,JP
1746713090,1746713094,RU
1746713095,1746713100,VU
1746713101,1746713105,RS
1746713106,1746713121,US
1746713122,1746713128,BR
1746713129,1746713134,CK
1746713135,1746713139,HU
1746713140,1746713148,CA
1746713149,1746713153,SA
1746713154,1746713158,MU
1746713159,1746713166,MY
1746713167,1746713173,ID
1746713174,1746713181,IN
1746713182,1746713187,AU
1746713188,1746713190,GY
1746713191,1746713200,US
1746713201,1746713205,CF
1746713206,1746713211,TO
1746713212,1746713218,US
1746713219,1746713225,AE
1746713226,1746713232,BY
1746713233,1746713241,MX
1746713242,1746713253,DE
1746713254,1746713257,VA
1746713258,1746713266,PK
1746713267,1746713274,IN
1746713275,1746713278,BO
1746713279,1746713281,PE
1746713282,1746713288,KZ
1746713289,1746713294,HN
1746713295,1746713300,NZ
1746713301,1746713305,AL
1746713306,1746713311,HN
1746713312,1746713318,PK
1746713319,1746713324,BR
1746713325,1746713329,BY
1746713330,1746713334,ZW
1746713335,1746713342,CN
1746713343,1746713348,BF
1746713349,1746713356,JP
1746713357,1746713369,GB
1746713370,1746713377,DK
1746713378,1746713385,IN
1746713386,1746713391,NG
1746713392,1746713397,BR
1746713398,1746713404,CN
1746713405,1746713412,IN
1746713413,1746713418,BR
1746713419,1746713425,SY
1746713426,1746713437,NL
1746713438,1746713445,MM
1746713446,1746713453,KR
1746713454,1746713463,ES
1746713464,1746713478,NL
1746713479,1746713489,US
1746713490,1746713496,VN
1746713497,1746713503,US
1746713504,1746713507,EC
1746713508,1746713513,US
1746713514,1746713529,BE
1746713530,1746713536,ID
1746713537,1746713557,US
1746713558,1746713562,ET
1746713563,1746713568,GD
1746713569,1746713576,PH
1746713577,1746713584,IN
1746713585,1746713589,NG
1746713590,1746713599,FR
1746713600,1746713611,DE
1746713612,1746713618,BR
1746713619,1746713627,US
1746713628,1746713636,LS
1746713637,1746713653,US
1746713654,1746713658,SX
1746713659,1746713663,BR
1746713664,1746713669,VE
1746713670,1746713679,MA
1746713680,1746713687,JP
1746713688,1746713692,GQ
1746713693,1746713708,BE
1746713709,1746713711,GL
1746713712,1746713719,IN
1746713720,1746713727,KH
1746713728,1746713734,US
1746713735,1746713742,IN
1746713743,1746713749,AM
1746713750,1746713756,CN
1746713757,1746713767,US
1746713768,1746713773,GM
1746713774,1746713778,IT
1746713779,1746713784,TV
1746713785,1746713789,SI
1746713790,1746713796,UA
1746713797,1746713798,PF
1746713799,1746713805,CN
1746713806,1746713818,GB
1746713819,1746713823,KM
1746713824,1746713830,CA
1746713831,1746713842,DE
1746713843,1746713847,TZ
1746713848,1746713853,GF
1746713854,1746713859,VC
1746713860,1746713879,US
1746713880,1746713884,FI
1746713885,1746713892,IN
1746713893,1746713900,ID
1746713901,1746713907,BR
1746713908,1746713921,GB
1746713922,1746713931,IN
1746713932,1746713942,FR
1746713943,1746713949,UA
1746713950,1746713963,US
1746713964,1746713969,IT
1746713970,1746713986,US
1746713987,1746713993,BR
1746713994,1746714001,US
1746714002,1746714007,DZ
1746714008,1746714014,HT
1746714015,1746714023,US
1746714024,1746714029,DZ
1746714030,1746714035,ML
1746714036,1746714046,CH
1746714047,1746714064,US
1746714065,1746714069,FI
1746714070,1746714076,US
1746714077,1746714083,VE
1746714084,1746714088,LV
1746714089,1746714093,ZA
1746714094,1746714101,SG
1746714102,1746714109,JP
1746714110,1746714117,CN
1746714118,1746714123,CA
1746714124,1746714130,VN
1746714131,1746714166,US
1746714167,1746714172,NG
1746714173,1746714180,IN
1746714181,1746714187,BR
1746714188,1746714193,AU
1746714194,1746714202,US
1746714203,1746714207,KN
1746714208,1746714215,TW
1746714216,1746714221,MC
1746714222,1746714231,IN
1746714232,1746714240,CA
1746714241,1746714251,US
1746714252,1746714261,IN
1746714262,1746714267,NG
1746714268,1746714277,BZ
1746714278,1746714287,IN
1746714288,1746714294,UA
1746714295,1746714312,US
1746714313,1746714319,KR
1746714320,1746714340,US
1746714341,1746714344,LC
1746714345,1746714347,MP
1746714348,1746714354,LT
1746714355,1746714362,TW
1746714363,1746714371,US
1746714372,1746714379,IN
1746714380,1746714386,CN
1746714387,1746714393,VE
1746714394,1746714402,US
1746714403,1746714409,IQ
1746714410,1746714415,ES
1746714416,1746714423,IN
1746714424,1746714430,UA
1746714431,1746714440,ES
1746714441,1746714448,IN
1746714449,1746714455,PK
1746714456,1746714466,US
1746714467,1746714473,CN
1746714474,1746714481,IN
1746714482,1746714488,CN
1746714489,1746714493,SO
1746714494,1746714496,PE
1746714497,1746714504,DE
1746714505,1746714511,CN
1746714512,1746714522,US
1746714523,1746714529,BR
1746714530,1746714537,IT
1746714538,1746714545,IN
1746714546,1746714550,MK
1746714551,1746714556,ZM
1746714557,1746714624,US
1746714625,1746714630,PA
1746714631,1746714636,CO
1746714637,1746714644,CN
1746714645,1746714651,CA
1746714652,1746714666,BE
1746714667,1746714674,US
1746714675,1746714691,GB
1746714692,1746714700,US
1746714701,1746714710,ES
1746714711,1746714717,BR
1746714718,1746714724,UA
1746714725,1746714731,CU
1746714732,1746714737,MQ
1746714738,1746714745,US
1746714746,1746714753,IN
1746714754,1746714760,CN
1746714761,1746714773,GB
1746714774,1746714782,US
1746714783,1746714795,FR
1746714796,1746714802,AZ
1746714803,1746714810,JP
1746714811,1746714820,IN
1746714821,1746714827,CN
1746714828,1746714834,US
1746714835,1746714842,TW
1746714843,1746714851,CA
1746714852,1746714860,US
1746714861,1746714867,DE
1746714868,1746714876,US
1746714877,1746714878,BR
1746714879,1746714880,US
1746714881,1746714885,BR
1746714886,1746714895,IN
1746714896,1746714903,JP
1746714904,1746714912,US
1746714913,1746714919,CN
1746714920,1746714926,BR
1746714927,1746714933,US
1746714934,1746714938,JO
1746714939,1746714946,JP
1746714947,1746714953,BR
1746714954,1746714961,JP
1746714962,1746714968,BR
1746714969,1746714973,MW
1746714974,1746714980,DE
1746714981,1746714988,CN
1746714989,1746714995,US
1746714996,1746715002,DE
1746715003,1746715008,NZ
1746715009,1746715013,RO
1746715014,1746715020,IQ
1746715021,1746715028,JP
1746715029,1746715034,TG
1746715035,1746715042,RU
1746715043,1746715045,PE
1746715046,1746715053,IN
1746715054,1746715061,RU
1746715062,1746715066,PL
1746715067,1746715074,MX
1746715075,1746715076,CL
1746715077,1746715085,US
1746715086,1746715093,AR
1746715094,1746715098,ST
1746715099,1746715103,SE
1746715104,1746715106,VE
1746715107,1746715114,KR
1746715115,1746715120,BR
1746715121,1746715129,US
1746715130,1746715134,KZ
1746715135,1746715136,US
1746715137,1746715138,KZ
1746715139,1746715149,US
1746715150,1746715157,IN
1746715158,1746715171,GB
1746715172,1746715179,KZ
1746715180,1746715189,AD
1746715190,1746715195,NG
1746715196,1746715202,BR
1746715203,1746715205,PE
1746715206,1746715213,JP
1746715214,1746715223,FR
1746715224,1746715231,MY
1746715232,1746715238,AE
1746715239,1746715246,PH
1746715247,1746715255,CA
1746715256,1746715263,JP
1746715264,1746715273,FR
1746715274,1746715277,IS
1746715278,1746715284,TM
1746715285,1746715292,KR
1746715293,1746715302,DE
1746715303,1746715313,US
1746715314,1746715325,CH
1746715326,1746715334,US
1746715335,1746715340,SC
1746715341,1746715348,KR
1746715349,1746715354,NG
1746715355,1746715361,IR
1746715362,1746715367,IT
1746715368,1746715372,IO
1746715373,1746715379,BR
1746715380,1746715387,ID
1746715388,1746715390,NO
1746715391,1746715392,US
1746715393,1746715394,NO
1746715395,1746715400,CO
1746715401,1746715409,US
1746715410,1746715416,CN
1746715417,1746715423,CA
1746715424,1746715436,GB
1746715437,1746715462,IN
1746715463,1746715465,PE
1746715466,1746715473,IQ
1746715474,1746715485,US
1746715486,1746715496,CH
1746715497,1746715505,US
1746715506,1746715511,UG
1746715512,1746715517,CO
1746715518,1746715533,BE
1746715534,1746715539,NI
1746715540,1746715547,IN
1746715548,1746715555,JP
1746715556,1746715563,US
1746715564,1746715570,BR
1746715571,1746715585,US
1746715586,1746715592,CN
1746715593,1746715599,PK
1746715600,1746715608,DE
1746715609,1746715614,CO
1746715615,1746715622,US
1746715623,1746715630,VN
1746715631,1746715638,UY
1746715639,1746715649,US
1746715650,1746715665,JP
1746715666,1746715675,ES
1746715676,1746715684,US
1746715685,1746715692,NO
1746715693,1746715699,AF
1746715700,1746715708,FR
1746715709,1746715717,US
1746715718,1746715722,EG
1746715723,1746715729,US
1746715730,1746715737,NP
1746715738,1746715744,DE
1746715745,1746715751,BR
1746715752,1746715758,RU
1746715759,1746715767,MX
1746715768,1746715784,US
1746715785,1746715791,UZ
1746715792,1746715794,PE
1746715795,1746715799,AO
1746715800,1746715806,US
1746715807,1746715813,AW
1746715814,1746715820,FI
1746715821,1746715828,US
1746715829,1746715832,PS
1746715833,1746715839,SA
1746715840,1746715845,CD
1746715846,1746715851,AU
1746715852,1746715858,BR
1746715859,1746715865,US
1746715866,1746715873,RU
1746715874,1746715879,CO
1746715880,1746715885,IT
1746715886,1746715892,PR
1746715893,1746715901,US
1746715902,1746715902,KR
1746715903,1746715904,US
1746715905,1746715910,KR
1746715911,1746715922,DE
1746715923,1746715948,GB
1746715949,1746715953,TC
1746715954,1746715960,CU
1746715961,1746715965,YE
1746715966,1746715971,ES
1746715972,1746715982,US
1746715983,1746715990,IN
1746715991,1746715996,GL
1746715997,1746716004,CN
1746716005,1746716009,VG
1746716010,1746716019,MA
1746716020,1746716025,VE
1746716026,1746716035,US
1746716036,1746716043,IN
1746716044,1746716051,ZA
1746716052,1746716059,BD
1746716060,1746716069,ES
1746716070,1746716078,US
1746716079,1746716085,BR
1746716086,1746716092,OM
1746716093,1746716098,ES
1746716099,1746716105,US
1746716106,1746716110,SZ
1746716111,1746716117,KZ
1746716118,1746716123,NG
1746716124,1746716130,US
1746716131,1746716138,AR
1746716139,1746716146,MY
1746716147,1746716153,US
1746716154,1746716158,BR
1746716159,1746716160,US
1746716161,1746716162,BR
1746716163,1746716170,TW
1746716171,1746716178,IN
1746716179,1746716184,ES
1746716185,1746716192,US
1746716193,1746716199,UA
1746716200,1746716206,US
1746716207,1746716214,KR
1746716215,1746716223,US
1746716224,1746716230,CA
1746716231,1746716238,JP
1746716239,1746716244,FR
1746716245,1746716253,US
1746716254,1746716261,MX
1746716262,1746716268,BR
1746716269,1746716275,US
1746716276,1746716281,NG
1746716282,1746716290,US
1746716291,1746716298,BD
1746716299,1746716305,BR
1746716306,1746716313,KR
1746716314,1746716318,YE
1746716319,1746716330,DE
1746716331,1746716337,CN
1746716338,1746716344,SY
1746716345,1746716352,IN
1746716353,1746716359,BR
1746716360,1746716369,FR
1746716370,1746716380,US
1746716381,1746716387,BR
1746716388,1746716395,IN
1746716396,1746716401,CA
1746716402,1746716408,RU
1746716409,1746716420,US
1746716421,1746716426,GH
1746716427,1746716442,BE
1746716443,1746716448,MR
1746716449,1746716459,US
1746716460,1746716461,RU
1746716462,1746716470,US
1746716471,1746716478,AR
1746716479,1746716485,BR
1746716486,1746716490,DJ
1746716491,1746716505,US
1746716506,1746716512,BR
1746716513,1746716519,VE
1746716520,1746716525,NG
1746716526,1746716533,AR
1746716534,1746716537,AX
1746716538,1746716540,PE
1746716541,1746716547,VN
1746716548,1746716557,MX
1746716558,1746716574,IN
1746716575,1746716580,BR
1746716581,1746716585,YT
1746716586,1746716596,US
1746716597,1746716599,NC
1746716600,1746716607,IN
1746716608,1746716615,JP
1746716616,1746716622,CN
1746716623,1746716631,CA
1746716632,1746716643,US
1746716644,1746716649,SA
1746716650,1746716660,US
1746716661,1746716670,GB
1746716671,1746716672,US
1746716673,1746716679,GB
1746716680,1746716687,TW
1746716688,1746716700,GB
1746716701,1746716730,IE
1746716731,1746716738,NA
1746716739,1746716745,GE
1746716746,1746716753,JP
1746716754,1746716762,US
1746716763,1746716770,IN
1746716771,1746716776,CA
1746716777,1746716786,US
1746716787,1746716795,PK
1746716796,1746716809,GB
1746716810,1746716827,US
1746716828,1746716840,FR
1746716841,1746716849,US
1746716850,1746716856,PF
1746716857,1746716869,GB
1746716870,1746716876,RU
1746716877,1746716886,US
1746716887,1746716899,GB
1746716900,1746716908,US
1746716909,1746716911,AG
1746716912,1746716917,BR
1746716918,1746716925,KR
1746716926,1746716926,LR
1746716927,1746716928,US
1746716929,1746716933,LR
1746716934,1746716938,RE
1746716939,1746716944,CO
1746716945,1746716952,JP
1746716953,1746716959,TJ
1746716960,1746716966,BR
1746716967,1746716974,JP
1746716975,1746716980,AU
1746716981,1746716988,BT
1746716989,1746716994,KY
1746716995,1746717000,NG
1746717001,1746717009,US
1746717010,1746717017,IN
1746717018,1746717024,DO
1746717025,1746717031,UA
1746717032,1746717042,US
1746717043,1746717048,CO
1746717049,1746717053,GR
1746717054,1746717063,US
1746717064,1746717068,EE
1746717069,1746717076,JP
1746717077,1746717082,KI
1746717083,1746717091,US
1746717092,1746717097,GN
1746717098,1746717102,DK
1746717103,1746717113,US
1746717114,1746717120,FI
1746717121,1746717129,US
1746717130,1746717136,UA
1746717137,1746717141,CG
1746717142,1746717148,VN
1746717149,1746717154,FJ
1746717155,1746717164,IN
1746717165,1746717178,JE
1746717179,1746717182,RS
1746717183,1746717184,US
1746717185,1746717185,RS
1746717186,1746717208,US
1746717209,1746717221,GB
1746717222,1746717228,BN
1746717229,1746717237,US
1746717238,1746717244,QA
1746717245,1746717251,BR
1746717252,1746717270,US
1746717271,1746717275,CD
1746717276,1746717283,ZA
1746717284,1746717288,CY
1746717289,1746717294,CO
1746717295,1746717299,MW
1746717300,1746717308,US
1746717309,1746717315,AE
1746717316,1746717322,KG
1746717323,1746717330,JP
1746717331,1746717335,BG
1746717336,1746717343,MY
1746717344,1746717368,US
1746717369,1746717376,IT
1746717377,1746717385,CA
1746717386,1746717387,PF
1746717388,1746717398,US
1746717399,1746717404,NZ
1746717405,1746717409,SE
1746717410,1746717417,ZA
1746717418,1746717423,ES
1746717424,1746717428,SY
1746717429,1746717435,UZ
1746717436,1746717438,GA
1746717439,1746717440,US
1746717441,1746717442,GA
1746717443,1746717448,PG
1746717449,1746717456,CL
1746717457,1746717463,US
1746717464,1746717476,GB
1746717477,1746717517,US
1746717518,1746717522,LB
1746717523,1746717524,TK
1746717525,1746717531,US
1746717532,1746717538,VE
1746717539,1746717545,BR
1746717546,1746717551,NE
1746717552,1746717554,KI
1746717555,1746717563,US
1746717564,1746717568,EG
1746717569,1746717575,BR
1746717576,1746717578,GL
1746717579,1746717586,KR
1746717587,1746717603,GB
1746717604,1746717609,SB
1746717610,1746717629,US
1746717630,1746717641,DE
1746717642,1746717650,US
1746717651,1746717659,MX
1746717660,1746717662,VE
1746717663,1746717669,BR
1746717670,1746717679,IN
1746717680,1746717686,US
1746717687,1746717693,MD
1746717694,1746717694,VI
1746717695,1746717696,US
1746717697,1746717700,VI
1746717701,1746717706,CO
1746717707,1746717713,BH
1746717714,1746717721,US
1746717722,1746717726,SD
1746717727,1746717739,GB
1746717740,1746717754,US
1746717755,1746717764,IN
1746717765,1746717773,US
1746717774,1746717780,ID
1746717781,1746717787,AF
1746717788,1746717794,RU
1746717795,1746717802,US
1746717803,1746717810,JP
1746717811,1746717819,US
1746717820,1746717827,JP
1746717828,1746717832,BQ
1746717833,1746717841,US
1746717842,1746717847,CO
1746717848,1746717856,US
1746717857,1746717863,ID
1746717864,1746717870,VE
1746717871,1746717877,US
1746717878,1746717884,CN
1746717885,1746717893,MX
1746717894,1746717899,CA
1746717900,1746717925,US
1746717926,1746717928,AU
1746717929,1746717934,NG
1746717935,1746717940,CO
1746717941,1746717946,NG
1746717947,1746717950,DE
1746717951,1746717952,US
1746717953,1746717960,DE
1746717961,1746717969,US
1746717970,1746717974,UA
1746717975,1746717982,KW
1746717983,1746717986,BB
1746717987,1746717999,GB
1746718000,1746718007,MY
1746718008,1746718014,RU
1746718015,1746718021,PY
1746718022,1746718029,VN
1746718030,1746718037,US
1746718038,1746718046,IN
1746718047,1746718096,US
1746718097,1746718102,ER
1746718103,1746718108,NG
1746718109,1746718117,US
1746718118,1746718122,SK
1746718123,1746718129,US
1746718130,1746718136,DE
1746718137,1746718143,BR
1746718144,1746718147,MO
1746718148,1746718155,MY
1746718156,1746718162,BR
1746718163,1746718170,JP
1746718171,1746718177,BR
1746718178,1746718184,CA
1746718185,1746718190,CV
1746718191,1746718197,VN
1746718198,1746718219,US
1746718220,1746718223,MN
1746718224,1746718226,VE
1746718227,1746718229,KI
1746718230,1746718236,IQ
1746718237,1746718244,JP
1746718245,1746718249,KE
1746718250,1746718259,ES
1746718260,1746718265,MA
1746718266,1746718283,US
1746718284,1746718290,IQ
1746718291,1746718304,FR
1746718305,1746718315,FO
1746718316,1746718320,SE
1746718321,1746718328,JP
1746718329,1746718338,MA
1746718339,1746718342,EC
1746718343,1746718351,US
1746718352,1746718360,CA
1746718361,1746718367,VN
1746718368,1746718375,ZA
1746718376,1746718381,AU
1746718382,1746718389,ID
1746718390,1746718397,JP
1746718398,1746718406,US
1746718407,1746718414,JP
1746718415,1746718422,KR
1746718423,1746718430,US
1746718431,1746718435,RW
1746718436,1746718460,US
1746718461,1746718462,CZ
1746718463,1746718464,US
1746718465,1746718469,CZ
1746718470,1746718475,GH
1746718476,1746718491,US
1746718492,1746718497,CO
1746718498,1746718502,SS
1746718503,1746718507,AT
1746718508,1746718513,CI
1746718514,1746718520,UA
1746718521,1746718527,KR
1746718528,1746718536,US
1746718537,1746718539,TT
1746718540,1746718546,VE
1746718547,1746718548,WF
1746718549,1746718554,PM
1746718555,1746718559,NG
1746718560,1746718564,GU
1746718565,1746718572,IN
1746718573,1746718579,US
1746718580,1746718587,JP
1746718588,1746718595,AR
1746718596,1746718602,BR
1746718603,1746718610,CA
1746718611,1746718618,MY
1746718619,1746718626,IT
1746718627,1746718639,GB
1746718640,1746718646,VE
1746718647,1746718650,GG
1746718651,1746718657,US
1746718658,1746718664,BR
1746718665,1746718671,GT
1746718672,1746718678,BR
1746718679,1746718685,DE
1746718686,1746718690,CW
1746718691,1746718696,MT
1746718697,1746718703,BR
1746718704,1746718711,IN
1746718712,1746718718,CN
1746718719,1746718738,US
1746718739,1746718746,NP
1746718747,1746718753,CN
1746718754,1746718760,US
1746718761,1746718768,MY
1746718769,1746718785,GB
1746718786,1746718792,CN
1746718793,1746718800,MY
1746718801,1746718808,BD
1746718809,1746718816,IN
1746718817,1746718823,EC
1746718824,1746718832,US
1746718833,1746718845,CA
1746718846,1746718860,CN
1746718861,1746718866,AU
1746718867,1746718873,CN
1746718874,1746718882,CA
1746718883,1746718889,US
1746718890,1746718894,ME
1746718895,1746718900,CO
1746718901,1746718903,AI
1746718904,1746718918,US
1746718919,1746718926,TL
1746718927,1746718933,BR
1746718934,1746718959,US
1746718960,1746718967,IN
1746718968,1746718977,US
1746718978,1746718980,PE
1746718981,1746718987,BO
1746718988,1746718999,DE
1746719000,1746719004,GP
1746719005,1746719011,ID
1746719012,1746719019,JP
1746719020,1746719026,KR
1746719027,1746719044,US
1746719045,1746719050,IT
1746719051,1746719064,GB
1746719065,1746719069,YE
1746719070,1746719079,DE
1746719080,1746719085,SR
1746719086,1746719094,US
1746719095,1746719100,NU
1746719101,1746719106,FM
1746719107,1746719112,IT
1746719113,1746719119,KZ
1746719120,1746719126,US
1746719127,1746719134,IN
1746719135,1746719142,AR
1746719143,1746719148,AU
1746719149,1746719153,GR
1746719154,1746719160,PK
1746719161,1746719166,AU
1746719167,1746719172,BL
1746719173,1746719177,BI
1746719178,1746719184,CA
1746719185,1746719199,BE
1746719200,1746719207,CN
1746719208,1746719221,GB
1746719222,1746719228,CN
1746719229,1746719248,US
1746719249,1746719253,CM
1746719254,1746719260,BR
1746719261,1746719268,JP
1746719269,1746719276,MY
1746719277,1746719281,CD
1746719282,1746719290,US
1746719291,1746719297,BR
1746719298,1746719309,DE
1746719310,1746719319,FR
1746719320,1746719327,US
1746719328,1746719335,LK
1746719336,1746719343,MY
1746719344,1746719350,BR
1746719351,1746719355,PL
1746719356,1746719373,US
1746719374,1746719381,IN
1746719382,1746719389,VN
1746719390,1746719395,AS
1746719396,1746719407,CH
1746719408,1746719413,SL
1746719414,1746719422,US
1746719423,1746719429,LI
1746719430,1746719435,IT
1746719436,1746719440,GL
1746719441,1746719447,BR
1746719448,1746719454,SA
1746719455,1746719471,FR
1746719472,1746719477,NG
1746719478,1746719484,VN
1746719485,1746719486,JM
1746719487,1746719488,US
1746719489,1746719493,JM
1746719494,1746719500,CN
1746719501,1746719507,AF
1746719508,1746719513,PT
1746719514,1746719520,KR
1746719521,1746719528,IN
1746719529,1746719535,CN
1746719536,1746719542,BR
1746719543,1746719549,VN
1746719550,1746719554,BA
1746719555,1746719561,IQ
1746719562,1746719567,AU
1746719568,1746719573,TN
1746719574,1746719582,US
1746719583,1746719592,MX
1746719593,1746719600,JP
1746719601,1746719606,VE
1746719607,1746719613,US
1746719614,1746719618,FM
1746719619,1746719630,US
1746719631,1746719636,SV
1746719637,1746719641,KE
1746719642,1746719654,GB
1746719655,1746719660,CO
1746719661,1746719666,NG
1746719667,1746719673,IQ
1746719674,1746719688,FR
1746719689,1746719697,US
1746719698,1746719705,MV
1746719706,1746719712,BR
1746719713,1746719722,IN
1746719723,1746719733,US
1746719734,1746719741,MX
1746719742,1746719742,CA
1746719743,1746719744,US
1746719745,1746719752,CA
1746719753,1746719760,IN
1746719761,1746719765,IL
1746719766,1746719772,BR
1746719773,1746719790,US
1746719791,1746719797,BM
1746719798,1746719806,BW
1746719807,1746719816,CU
1746719817,1746719824,RU
1746719825,1746719837,GB
1746719838,1746719843,MF
1746719844,1746719849,NG
1746719850,1746719857,JP
1746719858,1746719866,US
1746719867,1746719875,PK
1746719876,1746719883,CN
1746719884,1746719890,UA
1746719891,1746719895,TR
1746719896,1746719897,AQ
1746719898,1746719903,BJ
1746719904,1746719909,CO
1746719910,1746719916,KR
1746719917,1746719922,CA
1746719923,1746719931,US
1746719932,1746719936,SD
1746719937,1746719943,KZ
1746719944,1746719951,US
1746719952,1746719956,IL
1746719957,1746719962,ID
1746719963,1746719971,US
1746719972,1746719976,PL
1746719977,1746719982,WS
1746719983,1746719990,JP
1746719991,1746719998,IN
1746719999,1746720000,US
1746720001,1746720005,EG
1746720006,1746720012,BR
1746720013,1746720018,TD
1746720019,1746720025,IQ
1746720026,1746720028,NZ
1746720029,1746720065,US
1746720066,1746720071,NG
1746720072,1746720079,JP
1746720080,1746720088,US
1746720089,1746720095,BR
1746720096,1746720102,PY
1746720103,1746720108,AU
1746720109,1746720116,US
1746720117,1746720123,VE
1746720124,1746720130,ID
1746720131,1746720136,LY
1746720137,1746720142,NF
1746720143,1746720152,US
1746720153,1746720161,IN
1746720162,1746720169,US
1746720170,1746720177,CN
1746720178,1746720183,AU
1746720184,1746720190,IQ
1746720191,1746720198,JP
1746720199,1746720205,CN
1746720206,1746720213,US
1746720214,1746720220,UZ
1746720221,1746720222,US
1746720223,1746720227,MS
1746720228,1746720234,RU
1746720235,1746720242,MX
1746720243,1746720248,SM
1746720249,1746720254,PT
1746720255,1746720256,US
1746720257,1746720260,PT
1746720261,1746720268,US
1746720269,1746720281,GB
1746720282,1746720289,CL
1746720290,1746720297,AR
1746720298,1746720302,SY
1746720303,1746720308,CA
1746720309,1746720313,BG
1746720314,1746720328,FR
1746720329,1746720346,US
1746720347,1746720359,IM
1746720360,1746720367,LA
1746720368,1746720378,US
1746720379,1746720385,RU
1746720386,1746720393,BS
1746720394,1746720399,CR
1746720400,1746720400,TH
1746720401,1746720401,US
1746720402,1746720404,TH
1746720405,1746720407,US
1746720408,1746720410,FK
1746720411,1746720416,CO
1746720417,1746720424,IR
1746720425,1746720432,AR
1746720433,1746720435,PG
1746720436,1746720438,PE
1746720439,1746720445,BR
1746720446,1746720451,GW
1746720452,1746720468,GB
1746720469,1746720475,BR
1746720476,1746720483,US
1746720484,1746720490,RU
1746720491,1746720493,NR
1746720494,1746720504,US
1746720505,1746720510,CL
1746720511,1746720512,US
1746720513,1746720514,CL
1746720515,1746720527,LU
1746720528,1746720532,MZ
1746720533,1746720542,US
1746720543,1746720550,CL
1746720551,1746720557,CA
1746720558,1746720564,BY
1746720565,1746720572,ZA
1746720573,1746720578,SV
1746720579,1746720586,HK
1746720587,1746720596,IN
1746720597,1746720604,KZ
1746720605,1746720609,MH
1746720610,1746720618,US
1746720619,1746720628,IN
1746720629,1746720633,HR
1746720634,1746720640,IQ
1746720641,1746720647,ID
1746720648,1746720654,US
1746720655,1746720659,YE
1746720660,1746720667,US
1746720668,1746720675,KR
1746720676,1746720684,US
1746720685,1746720692,IN
1746720693,1746720722,US
1746720723,1746720730,IN
1746720731,1746720752,US
1746720753,1746720760,JP
1746720761,1746720766,NL
1746720767,1746720768,US
1746720769,1746720777,NL
1746720778,1746720782,KE
1746720783,1746720790,JP
1746720791,1746720805,FR
1746720806,1746720810,JO
1746720811,1746720819,US
1746720820,1746720830,CN
1746720831,1746720835,BG
1746720836,1746720848,GB
1746720849,1746720855,CA
1746720856,1746720882,US
1746720883,1746720890,IN
1746720891,1746720899,US
1746720900,1746720907,CN
1746720908,1746720916,US
1746720917,1746720921,CM
1746720922,1746720938,US
1746720939,1746720943,TR
1746720944,1746720950,MN
1746720951,1746720956,FR
1746720957,1746720963,CN
1746720964,1746720971,IN
1746720972,1746720979,PW
1746720980,1746720987,AR
1746720988,1746720994,PK
1746720995,1746721001,CZ
1746721002,1746721011,GI
1746721012,1746721022,FR
1746721023,1746721024,US
1746721025,1746721025,FR
1746721026,1746721044,US
1746721045,1746721050,AU
1746721051,1746721058,JP
1746721059,1746721065,VE
1746721066,1746721076,US
1746721077,1746721083,VN
1746721084,1746721095,DE
1746721096,1746721104,US
1746721105,1746721116,DE
1746721117,1746721125,US
1746721126,1746721130,MG
1746721131,1746721138,CA
1746721139,1746721144,SN
1746721145,1746721152,AR
1746721153,1746721160,MY
1746721161,1746721172,NL
1746721173,1746721182,IN
1746721183,1746721191,US
1746721192,1746721198,DE
1746721199,1746721207,ZA
1746721208,1746721215,ID
1746721216,1746721223,US
1746721224,1746721230,IQ
1746721231,1746721235,TR
1746721236,1746721242,KR
1746721243,1746721251,US
1746721252,1746721257,IT
1746721258,1746721266,US
1746721267,1746721270,BO
1746721271,1746721278,CH
1746721279,1746721280,US
1746721281,1746721284,CH
1746721285,1746721293,IN
1746721294,1746721305,DE
1746721306,1746721310,DM
1746721311,1746721326,NL
1746721327,1746721334,JP
1746721335,1746721339,RU
1746721340,1746721345,VU
1746721346,1746721350,RS
1746721351,1746721366,US
1746721367,1746721373,BR
1746721374,1746721379,CK
1746721380,1746721384,HU
1746721385,1746721393,CA
1746721394,1746721398,SA
1746721399,1746721403,MU
1746721404,1746721411,MY
1746721412,1746721418,ID
1746721419,1746721426,IN
1746721427,1746721432,AU
1746721433,1746721435,GY
1746721436,1746721445,US
1746721446,1746721450,CF
1746721451,1746721456,TO
1746721457,1746721463,US
1746721464,1746721470,AE
1746721471,1746721477,BY
1746721478,1746721486,MX
1746721487,1746721498,DE
1746721499,1746721502,VA
1746721503,1746721511,PK
1746721512,1746721519,IN
1746721520,1746721523,BO
1746721524,1746721526,PE
1746721527,1746721533,KZ
1746721534,1746721534,HN
1746721535,1746721536,US
1746721537,1746721541,HN
1746721542,1746721547,NZ
1746721548,1746721552,AL
1746721553,1746721558,HN
1746721559,1746721565,PK
1746721566,1746721571,BR
1746721572,1746721576,BY
1746721577,1746721581,ZW
1746721582,1746721589,CN
1746721590,1746721595,BF
1746721596,1746721603,JP
1746721604,1746721616,GB
1746721617,1746721624,DK
1746721625,1746721632,IN
1746721633,1746721638,NG
1746721639,1746721644,BR
1746721645,1746721651,CN
1746721652,1746721659,IN
1746721660,1746721665,BR
1746721666,1746721672,SY
1746721673,1746721684,NL
1746721685,1746721692,MM
1746721693,1746721700,KR
1746721701,1746721710,ES
1746721711,1746721725,NL
1746721726,1746721736,US
1746721737,1746721743,VN
1746721744,1746721750,US
1746721751,1746721754,EC
1746721755,1746721760,US
1746721761,1746721776,BE
1746721777,1746721783,ID
1746721784,1746721806,US
1746721807,1746721811,ET
1746721812,1746721817,GD
1746721818,1746721825,PH
1746721826,1746721833,IN
1746721834,1746721838,NG
1746721839,1746721848,FR
1746721849,1746721860,DE
1746721861,1746721867,BR
1746721868,1746721876,US
1746721877,1746721885,LS
1746721886,1746721902,US
1746721903,1746721907,SX
1746721908,1746721912,BR
1746721913,1746721918,VE
1746721919,1746721928,MA
1746721929,1746721936,JP
1746721937,1746721941,GQ
1746721942,1746721957,BE
1746721958,1746721960,GL
1746721961,1746721968,IN
1746721969,1746721976,KH
1746721977,1746721983,US
1746721984,1746721991,IN
1746721992,1746721998,AM
1746721999,1746722005,CN
1746722006,1746722016,US
1746722017,1746722022,GM
1746722023,1746722027,IT
1746722028,1746722033,TV
1746722034,1746722038,SI
1746722039,1746722045,UA
1746722046,1746722046,PF
1746722047,1746722048,US
1746722049,1746722049,PF
1746722050,1746722056,CN
1746722057,1746722069,GB
1746722070,1746722074,KM
1746722075,1746722081,CA
1746722082,1746722093,DE
1746722094,1746722098,TZ
1746722099,1746722104,GF
1746722105,1746722110,VC
1746722111,1746722130,US
1746722131,1746722135,FI
1746722136,1746722143,IN
1746722144,1746722151,ID
1746722152,1746722158,BR
1746722159,1746722172,GB
1746722173,1746722182,IN
1746722183,1746722193,FR
1746722194,1746722200,UA
1746722201,1746722214,US
1746722215,1746722220,IT
1746722221,1746722237,US
1746722238,1746722244,BR
1746722245,1746722252,US
1746722253,1746722258,DZ
1746722259,1746722265,HT
1746722266,1746722274,US
1746722275,1746722280,DZ
1746722281,1746722286,ML
1746722287,1746722297,CH
1746722298,1746722317,US
1746722318,1746722322,FI
1746722323,1746722329,US
1746722330,1746722336,VE
1746722337,1746722341,LV
1746722342,1746722346,ZA
1746722347,1746722354,SG
1746722355,1746722362,JP
1746722363,1746722370,CN
1746722371,1746722376,CA
1746722377,1746722383,VN
1746722384,1746722419,US
1746722420,1746722425,NG
1746722426,1746722433,IN
1746722434,1746722440,BR
1746722441,1746722446,AU
1746722447,1746722455,US
1746722456,1746722460,KN
1746722461,1746722468,TW
1746722469,1746722474,MC
1746722475,1746722484,IN
1746722485,1746722493,CA
1746722494,1746722504,US
1746722505,1746722514,IN
1746722515,1746722520,NG
1746722521,1746722530,BZ
1746722531,1746722540,IN
1746722541,1746722547,UA
1746722548,1746722567,US
1746722568,1746722574,KR
1746722575,1746722595,US
1746722596,1746722599,LC
1746722600,1746722602,MP
1746722603,1746722609,LT
1746722610,1746722617,TW
1746722618,1746722626,US
1746722627,1746722634,IN
1746722635,1746722641,CN
1746722642,1746722648,VE
1746722649,1746722657,US
1746722658,1746722664,IQ
1746722665,1746722670,ES
1746722671,1746722678,IN
1746722679,1746722685,UA
1746722686,1746722695,ES
1746722696,1746722703,IN
1746722704,1746722710,PK
1746722711,1746722721,US
1746722722,1746722728,CN
1746722729,1746722736,IN
1746722737,1746722743,CN
1746722744,1746722748,SO
1746722749,1746722751,PE
1746722752,1746722759,DE
1746722760,1746722766,CN
1746722767,1746722777,US
1746722778,1746722784,BR
1746722785,1746722792,IT
1746722793,1746722800,IN
1746722801,1746722805,MK
1746722806,1746722811,ZM
1746722812,1746722816,US
1746722817,1746722822,PA
1746722823,1746722828,CO
1746722829,1746722836,CN
1746722837,1746722843,CA
1746722844,1746722858,BE
1746722859,1746722866,US
1746722867,1746722883,GB
1746722884,1746722892,US
1746722893,1746722902,ES
1746722903,1746722909,BR
1746722910,1746722916,UA
1746722917,1746722923,CU
1746722924,1746722929,MQ
1746722930,1746722937,US
1746722938,1746722945,IN
1746722946,1746722952,CN
1746722953,1746722965,GB
1746722966,1746722974,US
1746722975,1746722987,FR
1746722988,1746722994,AZ
1746722995,1746723002,JP
1746723003,1746723012,IN
1746723013,1746723019,CN
1746723020,1746723026,US
1746723027,1746723034,TW
1746723035,1746723043,CA
1746723044,1746723052,US
1746723053,1746723059,DE
1746723060,1746723068,US
1746723069,1746723070,BR
1746723071,1746723072,US
1746723073,1746723077,BR
1746723078,1746723087,IN
1746723088,1746723095,JP
1746723096,1746723104,US
1746723105,1746723111,CN
1746723112,1746723118,BR
1746723119,1746723125,US
1746723126,1746723130,JO
1746723131,1746723138,JP
1746723139,1746723145,BR
1746723146,1746723153,JP
1746723154,1746723160,BR
1746723161,1746723165,MW
1746723166,1746723172,DE
1746723173,1746723180,CN
1746723181,1746723187,US
1746723188,1746723194,DE
1746723195,1746723200,NZ
1746723201,1746723205,RO
1746723206,1746723212,IQ
1746723213,1746723220,JP
1746723221,1746723226,TG
1746723227,1746723234,RU
1746723235,1746723237,PE
1746723238,1746723245,IN
1746723246,1746723253,RU
1746723254,1746723258,PL
1746723259,1746723266,MX
1746723267,1746723268,CL
1746723269,1746723277,US
1746723278,1746723285,AR
1746723286,1746723290,ST
1746723291,1746723295,SE
1746723296,1746723298,VE
1746723299,1746723306,KR
1746723307,1746723312,BR
1746723313,1746723321,US
1746723322,1746723326,KZ
1746723327,1746723328,US
1746723329,1746723330,KZ
1746723331,1746723341,US
1746723342,1746723349,IN
1746723350,1746723363,GB
1746723364,1746723371,KZ
1746723372,1746723381,AD
1746723382,1746723387,NG
1746723388,1746723394,BR
1746723395,1746723397,PE
1746723398,1746723405,JP
1746723406,1746723415,FR
1746723416,1746723423,MY
1746723424,1746723430,AE
1746723431,1746723438,PH
1746723439,1746723447,CA
1746723448,1746723455,JP
1746723456,1746723465,FR
1746723466,1746723469,IS
1746723470,1746723476,TM
1746723477,1746723484,KR
1746723485,1746723494,DE
1746723495,1746723505,US
1746723506,1746723517,CH
1746723518,1746723526,US
1746723527,1746723532,SC
1746723533,1746723540,KR
1746723541,1746723546,NG
1746723547,1746723553,IR
1746723554,1746723559,IT
1746723560,1746723564,IO
1746723565,1746723571,BR
1746723572,1746723579,ID
1746723580,1746723582,NO
1746723583,1746723584,US
1746723585,1746723586,NO
1746723587,1746723592,CO
1746723593,1746723601,US
1746723602,1746723608,CN
1746723609,1746723615,CA
1746723616,1746723628,GB
1746723629,1746723654,IN
1746723655,1746723657,PE
1746723658,1746723665,IQ
1746723666,1746723677,US
1746723678,1746723688,CH
1746723689,1746723697,US
1746723698,1746723703,UG
1746723704,1746723709,CO
1746723710,1746723725,BE
1746723726,1746723731,NI
1746723732,1746723739,IN
1746723740,1746723747,JP
1746723748,1746723755,US
1746723756,1746723762,BR
1746723763,1746723777,US
1746723778,1746723784,CN
1746723785,1746723791,PK
1746723792,1746723800,DE
1746723801,1746723806,CO
1746723807,1746723814,US
1746723815,1746723822,VN
1746723823,1746723830,UY
1746723831,1746723841,US
1746723842,1746723857,JP
1746723858,1746723867,ES
1746723868,1746723876,US
1746723877,1746723884,NO
1746723885,1746723891,AF
1746723892,1746723900,FR
1746723901,1746723909,US
1746723910,1746723914,EG
1746723915,1746723921,US
1746723922,1746723929,NP
1746723930,1746723936,DE
1746723937,1746723943,BR
1746723944,1746723950,RU
1746723951,1746723959,MX
1746723960,1746723976,US
1746723977,1746723983,UZ
1746723984,1746723986,PE
1746723987,1746723991,AO
1746723992,1746723998,US
1746723999,1746724005,AW
1746724006,1746724012,FI
1746724013,1746724020,US
1746724021,1746724024,PS
1746724025,1746724031,SA
1746724032,1746724037,CD
1746724038,1746724043,AU
1746724044,1746724050,BR
1746724051,1746724057,US
1746724058,1746724065,RU
1746724066,1746724071,CO
1746724072,1746724077,IT
1746724078,1746724084,PR
1746724085,1746724093,US
1746724094,1746724094,KR
1746724095,1746724096,US
1746724097,1746724102,KR
1746724103,1746724114,DE
1746724115,1746724140,GB
1746724141,1746724145,TC
1746724146,1746724152,CU
1746724153,1746724157,YE
1746724158,1746724163,ES
1746724164,1746724174,US
1746724175,1746724182,IN
1746724183,1746724188,GL
1746724189,1746724196,CN
1746724197,1746724201,VG
1746724202,1746724211,MA
1746724212,1746724217,VE
1746724218,1746724227,US
1746724228,1746724235,IN
1746724236,1746724243,ZA
1746724244,1746724251,BD
1746724252,1746724261,ES
1746724262,1746724270,US
1746724271,1746724277,BR
1746724278,1746724284,OM
1746724285,1746724290,ES
1746724291,1746724297,US
1746724298,1746724302,SZ
1746724303,1746724309,KZ
1746724310,1746724315,NG
1746724316,1746724322,US
1746724323,1746724330,AR
1746724331,1746724338,MY
1746724339,1746724345,US
1746724346,1746724350,BR
1746724351,1746724352,US
1746724353,1746724354,BR
1746724355,1746724362,TW
1746724363,1746724370,IN
1746724371,1746724376,ES
1746724377,1746724384,US
1746724385,1746724391,UA
1746724392,1746724398,US
1746724399,1746724406,KR
1746724407,1746724415,US
1746724416,1746724422,CA
1746724423,1746724430,JP
1746724431,1746724436,FR
1746724437,1746724445,US
1746724446,1746724453,MX
1746724454,1746724460,BR
1746724461,1746724467,US
1746724468,1746724473,NG
1746724474,1746724482,US
1746724483,1746724490,BD
1746724491,1746724497,BR
1746724498,1746724505,KR
1746724506,1746724510,YE
1746724511,1746724522,DE
1746724523,1746724529,CN
1746724530,1746724536,SY
1746724537,1746724544,IN
1746724545,1746724551,BR
1746724552,1746724561,FR
1746724562,1746724572,US
1746724573,1746724579,BR
1746724580,1746724587,IN
1746724588,1746724593,CA
1746724594,1746724600,RU
1746724601,1746724612,US
1746724613,1746724618,GH
1746724619,1746724634,BE
1746724635,1746724640,MR
1746724641,1746724651,US
1746724652,1746724653,RU
1746724654,1746724662,US
1746724663,1746724670,AR
1746724671,1746724677,BR
1746724678,1746724682,DJ
1746724683,1746724697,US
1746724698,1746724704,BR
1746724705,1746724711,VE
1746724712,1746724717,NG
1746724718,1746724725,AR
1746724726,1746724729,AX
1746724730,1746724732,PE
1746724733,1746724739,VN
1746724740,1746724749,MX
1746724750,1746724766,IN
1746724767,1746724772,BR
1746724773,1746724777,YT
1746724778,1746724788,US
1746724789,1746724791,NC
1746724792,1746724799,IN
1746724800,1746724807,JP
1746724808,1746724814,CN
1746724815,1746724823,CA
1746724824,1746724835,US
1746724836,1746724841,SA
1746724842,1746724852,US
1746724853,1746724862,GB
1746724863,1746724864,US
1746724865,1746724871,GB
1746724872,1746724879,TW
1746724880,1746724892,GB
1746724893,1746724922,IE
1746724923,1746724930,NA
1746724931,1746724937,GE
1746724938,1746724945,JP
1746724946,1746724954,US
1746724955,1746724962,IN
1746724963,1746724968,CA
1746724969,1746724978,US
1746724979,1746724987,PK
1746724988,1746725001,GB
1746725002,1746725019,US
1746725020,1746725032,FR
1746725033,1746725041,US
1746725042,1746725048,PF
1746725049,1746725061,GB
1746725062,1746725068,RU
1746725069,1746725078,US
1746725079,1746725091,GB
1746725092,1746725100,US
1746725101,1746725103,AG
1746725104,1746725109,BR
1746725110,1746725117,KR
1746725118,1746725118,LR
1746725119,1746725120,US
1746725121,1746725125,LR
1746725126,1746725130,RE
1746725131,1746725136,CO
1746725137,1746725144,JP
1746725145,1746725151,TJ
1746725152,1746725158,BR
1746725159,1746725166,JP
1746725167,1746725172,AU
1746725173,1746725180,BT
1746725181,1746725186,KY
1746725187,1746725192,NG
1746725193,1746725201,US
1746725202,1746725209,IN
1746725210,1746725216,DO
1746725217,1746725223,UA
1746725224,1746725234,US
1746725235,1746725240,CO
1746725241,1746725245,GR
1746725246,1746725255,US
1746725256,1746725260,EE
1746725261,1746725268,JP
1746725269,1746725274,KI
1746725275,1746725283,US
1746725284,1746725289,GN
1746725290,1746725294,DK
1746725295,1746725305,US
1746725306,1746725312,FI
1746725313,1746725321,US
1746725322,1746725328,UA
1746725329,1746725333,CG
1746725334,1746725340,VN
1746725341,1746725346,FJ
1746725347,1746725356,IN
1746725357,1746725370,JE
1746725371,1746725374,RS
1746725375,1746725376,US
1746725377,1746725377,RS
1746725378,1746725400,US
1746725401,1746725413,GB
1746725414,1746725420,BN
1746725421,1746725429,US
1746725430,1746725436,QA
1746725437,1746725443,BR
1746725444,1746725462,US
1746725463,1746725467,CD
1746725468,1746725475,ZA
1746725476,1746725480,CY
1746725481,1746725486,CO
1746725487,1746725491,MW
1746725492,1746725500,US
1746725501,1746725507,AE
1746725508,1746725514,KG
1746725515,1746725522,JP
1746725523,1746725527,BG
1746725528,1746725535,MY
1746725536,1746725560,US
1746725561,1746725568,IT
1746725569,1746725577,CA
1746725578,1746725579,PF
1746725580,1746725590,US
1746725591,1746725596,NZ
1746725597,1746725601,SE
1746725602,1746725609,ZA
1746725610,1746725615,ES
1746725616,1746725620,SY
1746725621,1746725627,UZ
1746725628,1746725630,GA
1746725631,1746725632,US
1746725633,1746725634,GA
1746725635,1746725640,PG
1746725641,1746725648,CL
1746725649,1746725655,US
1746725656,1746725668,GB
1746725669,1746725709,US
1746725710,1746725714,LB
1746725715,1746725716,TK
1746725717,1746725723,US
1746725724,1746725730,VE
1746725731,1746725737,BR
1746725738,1746725743,NE
1746725744,1746725746,KI
1746725747,1746725755,US
1746725756,1746725760,EG
1746725761,1746725767,BR
1746725768,1746725770,GL
1746725771,1746725778,KR
1746725779,1746725795,GB
1746725796,1746725801,SB
1746725802,1746725821,US
1746725822,1746725833,DE
1746725834,1746725842,US
1746725843,1746725851,MX
1746725852,1746725854,VE
1746725855,1746725861,BR
1746725862,1746725871,IN
1746725872,1746725878,US
1746725879,1746725885,MD
1746725886,1746725886,VI
1746725887,1746725888,US
1746725889,1746725892,VI
1746725893,1746725898,CO
1746725899,1746725905,BH
1746725906,1746725913,US
1746725914,1746725918,SD
1746725919,1746725931,GB
1746725932,1746725946,US
1746725947,1746725956,IN
1746725957,1746725965,US
1746725966,1746725972,ID
1746725973,1746725979,AF
1746725980,1746725986,RU
1746725987,1746725994,US
1746725995,1746726002,JP
1746726003,1746726011,US
1746726012,1746726019,JP
1746726020,1746726024,BQ
1746726025,1746726033,US
1746726034,1746726039,CO
1746726040,1746726048,US
1746726049,1746726055,ID
1746726056,1746726062,VE
1746726063,1746726069,US
1746726070,1746726076,CN
1746726077,1746726085,MX
1746726086,1746726091,CA
1746726092,1746726117,US
1746726118,1746726120,AU
1746726121,1746726126,NG
1746726127,1746726132,CO
1746726133,1746726138,NG
1746726139,1746726142,DE
1746726143,1746726144,US
1746726145,1746726152,DE
1746726153,1746726161,US
1746726162,1746726166,UA
1746726167,1746726174,KW
1746726175,1746726178,BB
1746726179,1746726191,GB
1746726192,1746726199,MY
1746726200,1746726206,RU
1746726207,1746726213,PY
1746726214,1746726221,VN
1746726222,1746726229,US
1746726230,1746726238,IN
1746726239,1746726288,US
1746726289,1746726294,ER
1746726295,1746726300,NG
1746726301,1746726309,US
1746726310,1746726314,SK
1746726315,1746726321,US
1746726322,1746726328,DE
1746726329,1746726335,BR
1746726336,1746726339,MO
1746726340,1746726347,MY
1746726348,1746726354,BR
1746726355,1746726362,JP
1746726363,1746726369,BR
1746726370,1746726376,CA
1746726377,1746726382,CV
1746726383,1746726389,VN
1746726390,1746726411,US
1746726412,1746726415,MN
1746726416,1746726418,VE
1746726419,1746726421,KI
1746726422,1746726428,IQ
1746726429,1746726436,JP
1746726437,1746726441,KE
1746726442,1746726451,ES
1746726452,1746726457,MA
1746726458,1746726475,US
1746726476,1746726482,IQ
1746726483,1746726496,FR
1746726497,1746726507,FO
1746726508,1746726512,SE
1746726513,1746726520,JP
1746726521,1746726530,MA
1746726531,1746726534,EC
1746726535,1746726543,US
1746726544,1746726552,CA
1746726553,1746726559,VN
1746726560,1746726567,ZA
1746726568,1746726573,AU
1746726574,1746726581,ID
1746726582,1746726589,JP
1746726590,1746726598,US
1746726599,1746726606,JP
1746726607,1746726614,KR
1746726615,1746726622,US
1746726623,1746726627,RW
1746726628,1746726652,US
1746726653,1746726654,CZ
1746726655,1746726656,US
1746726657,1746726661,CZ
1746726662,1746726667,GH
1746726668,1746726683,US
1746726684,1746726689,CO
1746726690,1746726694,SS
1746726695,1746726699,AT
1746726700,1746726705,CI
1746726706,1746726712,UA
1746726713,1746726719,KR
1746726720,1746726728,US
1746726729,1746726731,TT
1746726732,1746726738,VE
1746726739,1746726740,WF
1746726741,1746726746,PM
1746726747,1746726751,NG
1746726752,1746726756,GU
1746726757,1746726764,IN
1746726765,1746726771,US
1746726772,1746726779,JP
1746726780,1746726787,AR
1746726788,1746726794,BR
1746726795,1746726802,CA
1746726803,1746726810,MY
1746726811,1746726818,IT
1746726819,1746726831,GB
1746726832,1746726838,VE
1746726839,1746726842,GG
1746726843,1746726849,US
1746726850,1746726856,BR
1746726857,1746726863,GT
1746726864,1746726870,BR
1746726871,1746726877,DE
1746726878,1746726882,CW
1746726883,1746726888,MT
1746726889,1746726895,BR
1746726896,1746726903,IN
1746726904,1746726910,CN
1746726911,1746726930,US
1746726931,1746726938,NP
1746726939,1746726945,CN
1746726946,1746726952,US
1746726953,1746726960,MY
1746726961,1746726977,GB
1746726978,1746726984,CN
1746726985,1746726992,MY
1746726993,1746727000,BD
1746727001,1746727008,IN
1746727009,1746727015,EC
1746727016,1746727024,US
1746727025,1746727037,CA
1746727038,1746727052,CN
1746727053,1746727058,AU
1746727059,1746727065,CN
1746727066,1746727074,CA
1746727075,1746727081,US
1746727082,1746727086,ME
1746727087,1746727092,CO
1746727093,1746727095,AI
1746727096,1746727110,US
1746727111,1746727118,TL
1746727119,1746727125,BR
1746727126,1746727151,US
1746727152,1746727159,IN
1746727160,1746727169,US
1746727170,1746727172,PE
1746727173,1746727179,BO
1746727180,1746727191,DE
1746727192,1746727196,GP
1746727197,1746727203,ID
1746727204,1746727211,JP
1746727212,1746727218,KR
1746727219,1746727236,US
1746727237,1746727242,IT
1746727243,1746727256,GB
1746727257,1746727261,YE
1746727262,1746727271,DE
1746727272,1746727277,SR
1746727278,1746727286,US
1746727287,1746727292,NU
1746727293,1746727298,FM
1746727299,1746727304,IT
1746727305,1746727311,KZ
1746727312,1746727318,US
1746727319,1746727326,IN
1746727327,1746727334,AR
1746727335,1746727340,AU
1746727341,1746727345,GR
1746727346,1746727352,PK
1746727353,1746727358,AU
1746727359,1746727364,BL
1746727365,1746727369,BI
1746727370,1746727376,CA
1746727377,1746727391,BE
1746727392,1746727399,CN
1746727400,1746727413,GB
1746727414,1746727420,CN
1746727421,1746727440,US
1746727441,1746727445,CM
1746727446,1746727452,BR
1746727453,1746727460,JP
1746727461,1746727468,MY
1746727469,1746727473,CD
1746727474,1746727482,US
1746727483,1746727489,BR
1746727490,1746727501,DE
1746727502,1746727511,FR
1746727512,1746727519,US
1746727520,1746727527,LK
1746727528,1746727535,MY
1746727536,1746727542,BR
1746727543,1746727547,PL
1746727548,1746727565,US
1746727566,1746727573,IN
1746727574,1746727581,VN
1746727582,1746727587,AS
1746727588,1746727599,CH
1746727600,1746727605,SL
1746727606,1746727614,US
1746727615,1746727621,LI
1746727622,1746727627,IT
1746727628,1746727632,GL
1746727633,1746727639,BR
1746727640,1746727646,SA
1746727647,1746727663,FR
1746727664,1746727669,NG
1746727670,1746727676,VN
1746727677,1746727678,JM
1746727679,1746727680,US
1746727681,1746727685,JM
1746727686,1746727692,CN
1746727693,1746727699,AF
1746727700,1746727705,PT
1746727706,1746727712,KR
1746727713,1746727720,IN
1746727721,1746727727,CN
1746727728,1746727734,BR
1746727735,1746727741,VN
1746727742,1746727746,BA
1746727747,1746727753,IQ
1746727754,1746727759,AU
1746727760,1746727765,TN
1746727766,1746727774,US
1746727775,1746727784,MX
1746727785,1746727792,JP
1746727793,1746727798,VE
1746727799,1746727805,US
1746727806,1746727810,FM
1746727811,1746727822,US
1746727823,1746727828,SV
1746727829,1746727833,KE
1746727834,1746727846,GB
1746727847,1746727852,CO
1746727853,1746727858,NG
1746727859,1746727865,IQ
1746727866,1746727880,FR
1746727881,1746727889,US
1746727890,1746727897,MV
1746727898,1746727904,BR
1746727905,1746727914,IN
1746727915,1746727925,US
1746727926,1746727933,MX
1746727934,1746727934,CA
1746727935,1746727936,US
1746727937,1746727944,CA
1746727945,1746727952,IN
1746727953,1746727957,IL
1746727958,1746727964,BR
1746727965,1746727982,US
1746727983,1746727989,BM
1746727990,1746727998,BW
1746727999,1746728008,CU
1746728009,1746728016,RU
1746728017,1746728029,GB
1746728030,1746728035,MF
1746728036,1746728041,NG
1746728042,1746728049,JP
1746728050,1746728058,US
1746728059,1746728067,PK
1746728068,1746728075,CN
1746728076,1746728082,UA
1746728083,1746728087,TR
1746728088,1746728089,AQ
1746728090,1746728095,BJ
1746728096,1746728101,CO
1746728102,1746728108,KR
1746728109,1746728114,CA
1746728115,1746728123,US
1746728124,1746728128,SD
1746728129,1746728135,KZ
1746728136,1746728143,US
1746728144,1746728148,IL
1746728149,1746728154,ID
1746728155,1746728163,US
1746728164,1746728168,PL
1746728169,1746728174,WS
1746728175,1746728182,JP
1746728183,1746728190,IN
1746728191,1746728192,US
1746728193,1746728197,EG
1746728198,1746728204,BR
1746728205,1746728210,TD
1746728211,1746728217,IQ
1746728218,1746728220,NZ
1746728221,1746728257,US
1746728258,1746728263,NG
1746728264,1746728271,JP
1746728272,1746728280,US
1746728281,1746728287,BR
1746728288,1746728294,PY
1746728295,1746728300,AU
1746728301,1746728308,US
1746728309,1746728315,VE
1746728316,1746728322,ID
1746728323,1746728328,LY
1746728329,1746728334,NF
1746728335,1746728344,US
1746728345,1746728353,IN
1746728354,1746728361,US
1746728362,1746728369,CN
1746728370,1746728375,AU
1746728376,1746728382,IQ
1746728383,1746728390,JP
1746728391,1746728397,CN
1746728398,1746728405,US
1746728406,1746728412,UZ
1746728413,1746728414,US
1746728415,1746728419,MS
1746728420,1746728426,RU
1746728427,1746728434,MX
1746728435,1746728440,SM
1746728441,1746728446,PT
1746728447,1746728448,US
1746728449,1746728452,PT
1746728453,1746728460,US
1746728461,1746728473,GB
1746728474,1746728481,CL
1746728482,1746728489,AR
1746728490,1746728494,SY
1746728495,1746728500,CA
1746728501,1746728505,BG
1746728506,1746728520,FR
1746728521,1746728538,US
1746728539,1746728551,IM
1746728552,1746728559,LA
1746728560,1746728570,US
1746728571,1746728577,RU
1746728578,1746728585,BS
1746728586,1746728591,CR
1746728592,1746728593,TH
1746728594,1746728594,US
1746728595,1746728596,TH
1746728597,1746728599,US
1746728600,1746728602,FK
1746728603,1746728608,CO
1746728609,1746728616,IR
1746728617,1746728624,AR
1746728625,1746728627,PG
1746728628,1746728630,PE
1746728631,1746728637,BR
1746728638,1746728643,GW
1746728644,1746728660,GB
1746728661,1746728667,BR
1746728668,1746728675,US
1746728676,1746728682,RU
1746728683,1746728685,NR
1746728686,1746728696,US
1746728697,1746728702,CL
1746728703,1746728704,US
1746728705,1746728706,CL
1746728707,1746728719,LU
1746728720,1746728724,MZ
1746728725,1746728734,US
1746728735,1746728742,CL
1746728743,1746728749,CA
1746728750,1746728756,BY
1746728757,1746728764,ZA
1746728765,1746728770,SV
1746728771,1746728778,HK
1746728779,1746728788,IN
1746728789,1746728796,KZ
1746728797,1746728801,MH
1746728802,1746728810,US
1746728811,1746728820,IN
1746728821,1746728825,HR
1746728826,1746728832,IQ
1746728833,1746728839,ID
1746728840,1746728846,US
1746728847,1746728851,YE
1746728852,1746728859,US
1746728860,1746728867,KR
1746728868,1746728876,US
1746728877,1746728884,IN
1746728885,1746728914,US
1746728915,1746728922,IN
1746728923,1746728944,US
1746728945,1746728952,JP
1746728953,1746728958,NL
1746728959,1746728960,US
1746728961,1746728969,NL
1746728970,1746728974,KE
1746728975,1746728982,JP
1746728983,1746728997,FR
1746728998,1746729002,JO
1746729003,1746729011,US
1746729012,1746729022,CN
1746729023,1746729027,BG
1746729028,1746729040,GB
1746729041,1746729047,CA
1746729048,1746729074,US
1746729075,1746729082,IN
1746729083,1746729091,US
1746729092,1746729099,CN
1746729100,1746729108,US
1746729109,1746729113,CM
1746729114,1746729130,US
1746729131,1746729135,TR
1746729136,1746729142,MN
1746729143,1746729148,FR
1746729149,1746729155,CN
1746729156,1746729163,IN
1746729164,1746729171,PW
1746729172,1746729179,AR
1746729180,1746729186,PK
1746729187,1746729193,CZ
1746729194,1746729203,GI
1746729204,1746729214,FR
1746729215,1746729216,US
1746729217,1746729217,FR
1746729218,1746729236,US
1746729237,1746729242,AU
1746729243,1746729250,JP
1746729251,1746729257,VE
1746729258,1746729268,US
1746729269,1746729275,VN
1746729276,1746729287,DE
1746729288,1746729296,US
1746729297,1746729308,DE
1746729309,1746729317,US
1746729318,1746729322,MG
1746729323,1746729330,CA
1746729331,1746729336,SN
1746729337,1746729344,AR
1746729345,1746729352,MY
1746729353,1746729364,NL
1746729365,1746729374,IN
1746729375,1746729383,US
1746729384,1746729390,DE
1746729391,1746729399,ZA
1746729400,1746729407,ID
1746729408,1746729415,US
1746729416,1746729422,IQ
1746729423,1746729427,TR
1746729428,1746729434,KR
1746729435,1746729443,US
1746729444,1746729449,IT
1746729450,1746729458,US
1746729459,1746729462,BO
1746729463,1746729470,CH
1746729471,1746729472,US
1746729473,1746729476,CH
1746729477,1746729485,IN
1746729486,1746729497,DE
1746729498,1746729502,DM
1746729503,1746729518,NL
1746729519,1746729526,JP
1746729527,1746729531,RU
1746729532,1746729537,VU
1746729538,1746729542,RS
1746729543,1746729558,US
1746729559,1746729565,BR
1746729566,1746729571,CK
1746729572,1746729576,HU
1746729577,1746729585,CA
1746729586,1746729590,SA
1746729591,1746729595,MU
1746729596,1746729603,MY
1746729604,1746729610,ID
1746729611,1746729618,IN
1746729619,1746729624,AU
1746729625,1746729627,GY
1746729628,1746729637,US
1746729638,1746729642,CF
1746729643,1746729648,TO
1746729649,1746729655,US
1746729656,1746729662,AE
1746729663,1746729669,BY
1746729670,1746729678,MX
1746729679,1746729690,DE
1746729691,1746729694,VA
1746729695,1746729703,PK
1746729704,1746729711,IN
1746729712,1746729715,BO
1746729716,1746729718,PE
1746729719,1746729725,KZ
1746729726,1746729726,HN
1746729727,1746729728,US
1746729729,1746729733,HN
1746729734,1746729739,NZ
1746729740,1746729744,AL
1746729745,1746729750,HN
1746729751,1746729757,PK
1746729758,1746729763,BR
1746729764,1746729768,BY
1746729769,1746729773,ZW
1746729774,1746729781,CN
1746729782,1746729787,BF
1746729788,1746729795,JP
1746729796,1746729808,GB
1746729809,1746729816,DK
1746729817,1746729824,IN
1746729825,1746729830,NG
1746729831,1746729836,BR
1746729837,1746729843,CN
1746729844,1746729851,IN
1746729852,1746729857,BR
1746729858,1746729864,SY
1746729865,1746729876,NL
1746729877,1746729884,MM
1746729885,1746729892,KR
1746729893,1746729902,ES
1746729903,1746729917,NL
1746729918,1746729928,US
1746729929,1746729935,VN
1746729936,1746729942,US
1746729943,1746729946,EC
1746729947,1746729952,US
1746729953,1746729968,BE
1746729969,1746729975,ID
1746729976,1746729998,US
1746729999,1746730003,ET
1746730004,1746730009,GD
1746730010,1746730017,PH
1746730018,1746730025,IN
1746730026,1746730030,NG
1746730031,1746730040,FR
1746730041,1746730052,DE
1746730053,1746730059,BR
1746730060,1746730068,US
1746730069,1746730077,LS
1746730078,1746730094,US
1746730095,1746730099,SX
1746730100,1746730104,BR
1746730105,1746730110,VE
1746730111,1746730120,MA
1746730121,1746730128,JP
1746730129,1746730133,GQ
1746730134,1746730149,BE
1746730150,1746730152,GL
1746730153,1746730160,IN
1746730161,1746730168,KH
1746730169,1746730175,US
1746730176,1746730183,IN
1746730184,1746730190,AM
1746730191,1746730197,CN
1746730198,1746730208,US
1746730209,1746730214,GM
1746730215,1746730219,IT
1746730220,1746730225,TV
1746730226,1746730230,SI
1746730231,1746730237,UA
1746730238,1746730238,PF
1746730239,1746730240,US
1746730241,1746730241,PF
1746730242,1746730248,CN
1746730249,1746730261,GB
1746730262,1746730266,KM
1746730267,1746730273,CA
1746730274,1746730285,DE
1746730286,1746730290,TZ
1746730291,1746730296,GF
1746730297,1746730302,VC
1746730303,1746730322,US
1746730323,1746730327,FI
1746730328,1746730335,IN
1746730336,1746730343,ID
1746730344,1746730350,BR
1746730351,1746730364,GB
1746730365,1746730374,IN
1746730375,1746730385,FR
1746730386,1746730392,UA
1746730393,1746730406,US
1746730407,1746730412,IT
1746730413,1746730429,US
1746730430,1746730436,BR
1746730437,1746730444,US
1746730445,1746730450,DZ
1746730451,1746730457,HT
1746730458,1746730466,US
1746730467,1746730472,DZ
1746730473,1746730478,ML
1746730479,1746730489,CH
1746730490,1746730509,US
1746730510,1746730514,FI
1746730515,1746730521,US
1746730522,1746730528,VE
1746730529,1746730533,LV
1746730534,1746730538,ZA
1746730539,1746730546,SG
1746730547,1746730554,JP
1746730555,1746730562,CN
1746730563,1746730568,CA
1746730569,1746730575,VN
1746730576,1746730611,US
1746730612,1746730617,NG
1746730618,1746730625,IN
1746730626,1746730632,BR
1746730633,1746730638,AU
1746730639,1746730647,US
1746730648,1746730652,KN
1746730653,1746730660,TW
1746730661,1746730666,MC
1746730667,1746730676,IN
1746730677,1746730685,CA
1746730686,1746730696,US
1746730697,1746730706,IN
1746730707,1746730712,NG
1746730713,1746730722,BZ
1746730723,1746730732,IN
1746730733,1746730739,UA
1746730740,1746730759,US
1746730760,1746730766,KR
1746730767,1746730787,US
1746730788,1746730791,LC
1746730792,1746730794,MP
1746730795,1746730801,LT
1746730802,1746730809,TW
1746730810,1746730818,US
1746730819,1746730826,IN
1746730827,1746730833,CN
1746730834,1746730840,VE
1746730841,1746730849,US
1746730850,1746730856,IQ
1746730857,1746730862,ES
1746730863,1746730870,IN
1746730871,1746730877,UA
1746730878,1746730887,ES
1746730888,1746730895,IN
1746730896,1746730902,PK
1746730903,1746730913,US
1746730914,1746730920,CN
1746730921,1746730928,IN
1746730929,1746730935,CN
1746730936,1746730940,SO
1746730941,1746730943,PE
1746730944,1746730951,DE
1746730952,1746730958,CN
1746730959,1746730969,US
1746730970,1746730976,BR
1746730977,1746730984,IT
1746730985,1746730992,IN
1746730993,1746730997,MK
1746730998,1746731003,ZM
1746731004,1746731007,US
1746731008,1746732031,IN
1746732032,1746732287,US
1746732288,1746732799,JP
1746732800,1746733055,US
1746733056,1746733311,MX
1746733312,1746733823,US
1746733824,1746734079,NZ
1746734080,1746734335,PH
1746734336,1746734591,KR
1746734592,1746734847,MY
1746734848,1746735103,LK
1746735104,1746735359,IN
1746735360,1746735615,KZ
1746735616,1746735871,KH
1746735872,1746736127,DZ
1746736128,1746736383,US
1746736384,1746738943,BR
1746738944,1746739199,EC
1746739200,1746739455,BR
1746739456,1746739711,US
1746739712,1746739967,BR
1746739968,1746740223,AR
1746740224,1746740479,BR
1746740480,1746740735,GT
1746740736,1746741247,BR
1746741248,1746741503,AO
1746741504,1746742527,FR
1746742528,1746742783,IT
1746742784,1746744319,US
1746744320,1746744575,CL
1746744576,1746745599,US
1746745600,1746745855,GB
1746745856,1746746111,ID
1746746112,1746746367,HK
1746746368,1746747135,US
1746747136,1746747391,GB
1746747392,1746747647,TW
1746747648,1746748159,IN
1746748160,1746748927,HK
1746748928,1746749183,US
1746749184,1746749695,BR
1746749696,1746749951,JP
1746749952,1746750463,AT
1746750464,1746750719,PL
1746750720,1746751487,US
1746751488,1746752255,IL
1746752256,1746752511,US
1746752512,1746752767,PH
1746752768,1746753023,KH
1746753024,1746753279,EC
1746753280,1746753535,US
1746753536,1746753791,AE
1746753792,1746754047,US
1746754048,1746754559,DE
1746754560,1746755327,US
1746755328,1746755839,QA
1746755840,1746757375,SA
1746757376,1746757631,US
1746757632,1746757887,SA
1746757888,1746758655,US
1746758656,1746758911,FR
1746758912,1746759167,IN
1746759168,1746759423,CA
1746759424,1746759679,US
1746759680,1746760191,IN
1746760192,1746760447,US
1746760448,1746760703,ZA
1746760704,1746829361,US
1746829362,1746829362,HU
1746829363,1746829364,US
1746829365,1746829365,HU
1746829366,1746829375,US
1746829376,1746829377,BG
1746829378,1746829385,HU
1746829386,1746829391,MY
1746829392,1746829399,US
1746829400,1746829401,MX
1746829402,1746829405,PT
1746829406,1746829409,MX
1746829410,1746829411,US
1746829412,1746829417,AU
1746829418,1746829424,MX
1746829425,1746829425,US
1746829426,1746829433,MX
1746829434,1746829439,BG
1746829440,1746829497,US
1746829498,1746829501,PT
1746829502,1746829503,AU
1746829504,1746829511,IT
1746829512,1746829512,US
1746829513,1746829518,KR
1746829519,1746829568,US
1746829569,1746829572,BG
1746829573,1746829575,HU
1746829576,1746829578,US
1746829579,1746829579,MX
1746829580,1746829582,US
1746829583,1746829585,MX
1746829586,1746829598,US
1746829599,1746829600,MX
1746829601,1746829603,US
1746829604,1746829604,MX
1746829605,1746829605,MY
1746829606,1746829606,MX
1746829607,1746829608,US
1746829609,1746829612,KR
1746829613,1746829615,MX
1746829616,1746829628,US
1746829629,1746829629,KR
1746829630,1746829630,US
1746829631,1746829631,KR
1746829632,1746829632,US
1746829633,1746829635,BG
1746829636,1746829639,MX
1746829640,1746829640,BG
1746829641,1746829729,US
1746829730,1746829732,HU
1746829733,1746829735,MX
1746829736,1746829742,MY
1746829743,1746829791,US
1746829792,1746829792,MY
1746829793,1746829793,US
1746829794,1746829794,MX
1746829795,1746829798,US
1746829799,1746829799,MX
1746829800,1746829800,US
1746829801,1746829802,MX
1746829803,1746830336,US
1746830337,1746830337,RO
1746830338,1746830338,ID
1746830339,1746830341,US
1746830342,1746830342,JP
1746830343,1746830343,IN
1746830344,1746830344,US
1746830345,1746830345,KR
1746830346,1746830346,US
1746830347,1746830347,HK
1746830348,1746830349,US
1746830350,1746830350,KR
1746830351,1746830351,JP
1746830352,1746830352,GB
1746830353,1746830353,NL
1746830354,1746830354,US
1746830355,1746830355,GB
1746830356,1746830356,SG
1746830357,1746830357,US
1746830358,1746830358,GB
1746830359,1746830361,US
1746830362,1746830362,IE
1746830363,1746830363,FR
1746830364,1746830369,US
1746830370,1746830370,JP
1746830371,1746830371,GB
1746830372,1746830372,CH
1746830373,1746830373,FR
1746830374,1746830374,AU
1746830375,1746830376,RS
1746830377,1746830377,IE
1746830378,1746830382,GB
1746830383,1746830384,US
1746830385,1746830386,GB
1746830387,1746830388,IE
1746830389,1746830390,PL
1746830391,1746830392,IN
1746830393,1746830394,FR
1746830395,1746830396,IT
1746830397,1746830397,US
1746830398,1746830398,IN
1746830399,1746830399,JP
1746830400,1746830402,US
1746830403,1746830404,GB
1746830405,1746830405,IN
1746830406,1746830406,ES
1746830407,1746830407,AR
1746830408,1746830408,US
1746830409,1746830409,IN
1746830410,1746830410,SE
1746830411,1746830411,DE
1746830412,1746830415,US
1746830416,1746830416,IN
1746830417,1746830417,SG
1746830418,1746830418,PH
1746830419,1746830420,US
1746830421,1746830421,RO
1746830422,1746830422,ES
1746830423,1746830423,US
1746830424,1746830424,GB
1746830425,1746830425,JP
1746830426,1746830426,US
1746830427,1746830427,DE
1746830428,1746830428,FR
1746830429,1746830429,AE
1746830430,1746830430,CA
1746830431,1746830431,ES
1746830432,1746830434,US
1746830435,1746830435,DE
1746830436,1746830438,FI
1746830439,1746830441,DE
1746830442,1746830443,US
1746830444,1746830444,GB
1746830445,1746830445,US
1746830446,1746830446,IE
1746830447,1746830447,US
1746830448,1746830448,IE
1746830449,1746830449,CA
1746830450,1746830450,US
1746830451,1746830451,GB
1746830452,1746830452,KR
1746830453,1746830453,GB
1746830454,1746830454,US
1746830455,1746830455,FR
1746830456,1746830456,AU
1746830457,1746830457,JP
1746830458,1746830458,BR
1746830459,1746830459,TR
1746830460,1746830460,AE
1746830461,1746830468,US
1746830469,1746830470,MD
1746830471,1746830519,US
1746830520,1746830522,IN
1746830523,1746830523,UA
1746830524,1746830524,DE
1746830525,1746830525,ES
1746830526,1746830526,RO
1746830527,1746830527,TR
1746830528,1746830528,FR
1746830529,1746830529,SE
1746830530,1746830530,PT
1746830531,1746830533,US
1746830534,1746830534,SG
1746830535,1746830535,HK
1746830536,1746830536,NO
1746830537,1746830537,AU
1746830538,1746830538,US
1746830539,1746830539,JP
1746830540,1746830540,US
1746830541,1746830542,AU
1746830543,1746830543,SG
1746830544,1746830544,IN
1746830545,1746830545,DE
1746830546,1746830546,GB
1746830547,1746830550,US
1746830551,1746830551,NL
1746830552,1746830552,PT
1746830553,1746830553,FR
1746830554,1746830555,US
1746830556,1746830557,SG
1746830558,1746830559,US
1746830560,1746830560,GB
1746830561,1746830561,US
1746830562,1746830562,IE
1746830563,1746830563,GB
1746830564,1746830564,JP
1746830565,1746830565,US
1746830566,1746830566,IL
1746830567,1746830567,AT
1746830568,1746830568,GB
1746830569,1746830569,US
1746830570,1746830570,BE
1746830571,1746830571,US
1746830572,1746830572,IN
1746830573,1746830573,US
1746830574,1746830574,IN
1746830575,1746830575,PL
1746830576,1746830576,US
1746830577,1746830578,GB
1746830579,1746830579,IN
1746830580,1746830580,GB
1746830581,1746830584,US
1746830585,1746830585,SG
1746830586,1746830586,KR
1746830587,1746830587,IE
1746830588,1746830588,DE
1746830589,1746830590,AU
1746830591,1746830591,ES
1746830592,1746830592,MX
1746830593,1746830594,IT
1746830595,1746830595,DE
1746830596,1746830596,AR
1746830597,1746830599,US
1746830600,1746830600,IE
1746830601,1746830601,DE
1746830602,1746830602,IN
1746830603,1746830603,SG
1746830604,1746830604,BR
1746830605,1746830605,AU
1746830606,1746830606,US
1746830607,1746830607,HK
1746830608,1746830610,US
1746830611,1746830611,DE
1746830612,1746830613,US
1746830614,1746830614,FR
1746830615,1746830616,US
1746830617,1746830617,GB
1746830618,1746830619,IE
1746830620,1746830621,IN
1746830622,1746830622,HU
1746830623,1746830623,HR
1746830624,1746830624,RO
1746830625,1746830625,RS
1746830626,1746830627,IT
1746830628,1746830628,US
1746830629,1746830629,AU
1746830630,1746830630,US
1746830631,1746830631,PT
1746830632,1746830632,US
1746830633,1746830633,DE
1746830634,1746830634,JP
1746830635,1746830635,IE
1746830636,1746830636,CA
1746830637,1746830637,TH
1746830638,1746830638,MA
1746830639,1746830639,EG
1746830640,1746830640,FI
1746830641,1746830641,NO
1746830642,1746830642,KZ
1746830643,1746830643,CO
1746830644,1746830644,SA
1746830645,1746830645,AE
1746830646,1746830646,JP
1746830647,1746830647,IL
1746830648,1746830648,GE
1746830649,1746830650,CA
1746830651,1746830651,DE
1746830652,1746830652,AU
1746830653,1746830653,MX
1746830654,1746830654,US
1746830655,1746830655,SG
1746830656,1746830656,AE
1746830657,1746830657,HK
1746830658,1746830661,US
1746830662,1746830662,AU
1746830663,1746830663,BE
1746830664,1746830665,US
1746830666,1746830666,IL
1746830667,1746830667,SA
1746830668,1746830668,ID
1746830669,1746830669,TH
1746830670,1746830670,MY
1746830671,1746830671,FR
1746830672,1746830672,AU
1746830673,1746830674,US
1746830675,1746830675,CA
1746830676,1746830676,US
1746830677,1746830678,FR
1746830679,1746830680,IE
1746830681,1746830681,US
1746830682,1746830682,SG
1746830683,1746830683,AR
1746830684,1746830684,ES
1746830685,1746830685,NZ
1746830686,1746830686,IE
1746830687,1746830687,DE
1746830688,1746830688,CA
1746830689,1746830690,US
1746830691,1746830691,HK
1746830692,1746830692,JP
1746830693,1746830694,AU
1746830695,1746830695,IE
1746830696,1746830696,NO
1746830697,1746830697,GB
1746830698,1746830698,CZ
1746830699,1746830701,US
1746830702,1746830702,ES
1746830703,1746830703,NL
1746830704,1746830704,GB
1746830705,1746830705,IE
1746830706,1746830706,GB
1746830707,1746830707,JP
1746830708,1746830708,AU
1746830709,1746830710,US
1746830711,1746830711,MY
1746830712,1746830713,US
1746830714,1746830714,NG
1746830715,1746830715,US
1746830716,1746830716,GB
1746830717,1746830719,US
1746830720,1746830720,GB
1746830721,1746830721,BR
1746830722,1746830722,MX
1746830723,1746830723,PA
1746830724,1746830724,HK
1746830725,1746830725,US
1746830726,1746830726,HK
1746830727,1746830727,NZ
1746830728,1746830728,US
1746830729,1746830729,DO
1746830730,1746830730,MX
1746830731,1746830731,DE
1746830732,1746830732,US
1746830733,1746830733,GB
1746830734,1746830734,DE
1746830735,1746830735,BH
1746830736,1746830743,US
1746830744,1746830744,FI
1746830745,1746830747,US
1746830748,1746830749,GB
1746830750,1746830753,US
1746830754,1746830756,GB
1746830757,1746830757,IN
1746830758,1746830758,BR
1746830759,1746830759,SG
1746830760,1746830760,PT
1746830761,1746830763,US
1746830764,1746830764,IE
1746830765,1746830765,SG
1746830766,1746830766,QA
1746830767,1746830767,SA
1746830768,1746830768,US
1746830769,1746830769,DE
1746830770,1746830770,US
1746830771,1746830771,FR
1746830772,1746830772,AU
1746830773,1746830773,DE
1746830774,1746830774,SG
1746830775,1746830775,IN
1746830776,1746830776,AE
1746830777,1746830777,HK
1746830778,1746830778,FR
1746830779,1746830779,GB
1746830780,1746830780,DE
1746830781,1746830785,US
1746830786,1746830786,IT
1746830787,1746830787,GB
1746830788,1746830788,FR
1746830789,1746830789,US
1746830790,1746830790,DE
1746830791,1746830791,JP
1746830792,1746830792,HK
1746830793,1746830793,JP
1746830794,1746830797,US
1746830798,1746830798,AU
1746830799,1746830799,IN
1746830800,1746830800,SG
1746830801,1746830801,LT
1746830802,1746830806,US
1746830807,1746830807,BR
1746830808,1746830808,US
1746830809,1746830809,FR
1746830810,1746830810,US
1746830811,1746830812,DE
1746830813,1746830813,GB
1746830814,1746830814,IN
1746830815,1746830817,US
1746830818,1746830818,GB
1746830819,1746830819,DE
1746830820,1746830820,AU
1746830821,1746830822,CA
1746830823,1746830823,PH
1746830824,1746830824,US
1746830825,1746830825,LT
1746830826,1746830826,AU
1746830827,1746830828,US
1746830829,1746830829,GB
1746830830,1746830832,US
1746830833,1746830833,JP
1746830834,1746830835,CA
1746830836,1746830837,US
1746830838,1746830838,DE
1746830839,1746830840,US
1746830841,1746830841,KR
1746830842,1746830842,ES
1746830843,1746830843,US
1746830844,1746830844,GB
1746830845,1746830845,AU
1746830846,1746830846,JP
1746830847,1746830847,FR
1746830848,1746830848,ES
1746830849,1746830849,ID
1746830850,1746830851,US
1746830852,1746830852,DE
1746830853,1746830853,US
1746830854,1746830854,AU
1746830855,1746830855,GB
1746830856,1746830856,JP
1746830857,1746830857,KR
1746830858,1746830858,IE
1746830859,1746830862,US
1746830863,1746830863,AR
1746830864,1746830864,US
1746830865,1746830865,AU
1746830866,1746830866,US
1746830867,1746830867,GB
1746830868,1746830868,IN
1746830869,1746830873,US
1746830874,1746830874,DE
1746830875,1746830875,US
1746830876,1746830876,SG
1746830877,1746830878,US
1746830879,1746830879,GB
1746830880,1746830880,JP
1746830881,1746830881,US
1746830882,1746830882,AT
1746830883,1746830883,US
1746830884,1746830884,ES
1746830885,1746830885,DE
1746830886,1746830886,CA
1746830887,1746830887,FI
1746830888,1746830889,US
1746830890,1746830890,IE
1746830891,1746830892,US
1746830893,1746830893,GB
1746830894,1746830894,US
1746830895,1746830895,IN
1746830896,1746830897,AU
1746830898,1746830901,US
1746830902,1746830902,IE
1746830903,1746830903,US
1746830904,1746830904,AU
1746830905,1746830905,IE
1746830906,1746830906,HU
1746830907,1746830907,DE
1746830908,1746830909,US
1746830910,1746830910,NL
1746830911,1746830911,US
1746830912,1746830912,IE
1746830913,1746830913,US
1746830914,1746830914,GB
1746830915,1746830915,ES
1746830916,1746830916,IN
1746830917,1746830917,GB
1746830918,1746830918,PH
1746830919,1746830919,SG
1746830920,1746830920,NZ
1746830921,1746830921,SG
1746830922,1746830922,US
1746830923,1746830923,GR
1746830924,1746830925,AU
1746830926,1746830926,IT
1746830927,1746830927,BR
1746830928,1746830928,US
1746830929,1746830929,CA
1746830930,1746830930,US
1746830931,1746830931,AR
1746830932,1746830935,US
1746830936,1746830936,FR
1746830937,1746830937,IL
1746830938,1746830938,US
1746830939,1746830939,GB
1746830940,1746830942,US
1746830943,1746830943,DE
1746830944,1746830944,JP
1746830945,1746830945,GB
1746830946,1746830946,JP
1746830947,1746830947,AU
1746830948,1746830948,US
1746830949,1746830949,IN
1746830950,1746830951,US
1746830952,1746830952,AU
1746830953,1746830953,GB
1746830954,1746830954,CO
1746830955,1746830955,US
1746830956,1746830956,JP
1746830957,1746830957,SG
1746830958,1746830958,CH
1746830959,1746830959,CA
1746830960,1746830960,AU
1746830961,1746830961,US
1746830962,1746830962,SG
1746830963,1746830963,IE
1746830964,1746830964,DE
1746830965,1746830969,US
1746830970,1746830970,AT
1746830971,1746830971,US
1746830972,1746830972,AE
1746830973,1746830976,US
1746830977,1746830977,AU
1746830978,1746830979,US
1746830980,1746830980,GB
1746830981,1746830981,SG
1746830982,1746830982,GB
1746830983,1746830983,US
1746830984,1746830984,NL
1746830985,1746830986,US
1746830987,1746830987,FR
1746830988,1746830988,US
1746830989,1746830989,SG
1746830990,1746830990,GB
1746830991,1746830991,CA
1746830992,1746830992,DE
1746830993,1746830993,US
1746830994,1746830994,CA
1746830995,1746830996,US
1746830997,1746830997,AU
1746830998,1746830998,US
1746830999,1746830999,BR
1746831000,1746831000,CH
1746831001,1746831002,US
1746831003,1746831003,AU
1746831004,1746831005,US
1746831006,1746831006,FR
1746831007,1746831007,GB
1746831008,1746831008,US
1746831009,1746831009,JP
1746831010,1746831010,FR
1746831011,1746831011,DE
1746831012,1746831012,US
1746831013,1746831013,CA
1746831014,1746831014,BR
1746831015,1746831015,SG
1746831016,1746831016,US
1746831017,1746831018,AU
1746831019,1746831019,JP
1746831020,1746831021,US
1746831022,1746831023,IN
1746831024,1746831024,CZ
1746831025,1746831025,GB
1746831026,1746831026,PH
1746831027,1746831027,SG
1746831028,1746831031,US
1746831032,1746831032,JP
1746831033,1746831034,US
1746831035,1746831036,JP
1746831037,1746831037,AU
1746831038,1746831038,NL
1746831039,1746831039,IL
1746831040,1746831040,SE
1746831041,1746831042,US
1746831043,1746831044,IL
1746831045,1746831045,JP
1746831046,1746831046,US
1746831047,1746831048,SG
1746831049,1746831050,AE
1746831051,1746831051,GB
1746831052,1746831053,US
1746831054,1746831054,CH
1746831055,1746831055,JP
1746831056,1746831056,IT
1746831057,1746831057,US
1746831058,1746831058,MX
1746831059,1746831059,MY
1746831060,1746831060,US
1746831061,1746831061,AZ
1746831062,1746831063,US
1746831064,1746831064,DE
1746831065,1746831067,US
1746831068,1746831068,BR
1746831069,1746831069,CA
1746831070,1746831071,US
1746831072,1746831072,JP
1746831073,1746831073,CH
1746831074,1746831074,US
1746831075,1746831075,FR
1746831076,1746831076,US
1746831077,1746831077,IE
1746831078,1746831078,US
1746831079,1746831079,CA
1746831080,1746831082,US
1746831083,1746831083,FR
1746831084,1746831084,CA
1746831085,1746831085,SG
1746831086,1746831086,HK
1746831087,1746831089,US
1746831090,1746831090,JP
1746831091,1746831091,IN
1746831092,1746831092,BR
1746831093,1746831093,KR
1746831094,1746831094,GB
1746831095,1746831095,US
1746831096,1746831096,DE
1746831097,1746831097,JP
1746831098,1746831100,US
1746831101,1746831102,JP
1746831103,1746831103,MX
1746831104,1746831104,US
1746831105,1746831106,IN
1746831107,1746831108,BR
1746831109,1746831110,AU
1746831111,1746831112,AE
1746831113,1746831114,AR
1746831115,1746831116,CL
1746831117,1746831117,KR
1746831118,1746831118,CA
1746831119,1746831121,US
1746831122,1746831122,DE
1746831123,1746831123,PL
1746831124,1746831124,AR
1746831125,1746831125,CH
1746831126,1746831126,AU
1746831127,1746831127,FR
1746831128,1746831128,CA
1746831129,1746831129,GB
1746831130,1746831130,US
1746831131,1746831131,JP
1746831132,1746831134,US
1746831135,1746831136,EG
1746831137,1746831139,NG
1746831140,1746831141,KE
1746831142,1746831142,DZ
1746831143,1746831143,PT
1746831144,1746831145,RW
1746831146,1746831146,SN
1746831147,1746831147,DZ
1746831148,1746831149,TN
1746831150,1746831151,DZ
1746831152,1746831153,GH
1746831154,1746831155,ZA
1746831156,1746831156,PT
1746831157,1746831157,ES
1746831158,1746831158,HK
1746831159,1746831159,TW
1746831160,1746831160,US
1746831161,1746831161,DE
1746831162,1746831162,AE
1746831163,1746831163,GH
1746831164,1746831164,HK
1746831165,1746831165,SG
1746831166,1746831167,US
1746831168,1746831175,AU
1746831176,1746831177,GB
1746831178,1746831178,DE
1746831179,1746831179,GB
1746831180,1746831180,SG
1746831181,1746831181,JP
1746831182,1746831183,US
1746831184,1746831185,GB
1746831186,1746831186,AU
1746831187,1746831187,IT
1746831188,1746831188,US
1746831189,1746831189,GB
1746831190,1746831190,ZA
1746831191,1746831191,CH
1746831192,1746831192,KR
1746831193,1746831194,US
1746831195,1746831195,HK
1746831196,1746831196,JP
1746831197,1746831197,NZ
1746831198,1746831198,US
1746831199,1746831199,ES
1746831200,1746831200,IN
1746831201,1746831201,US
1746831202,1746831203,JP
1746831204,1746831204,DE
1746831205,1746831206,US
1746831207,1746831207,HK
1746831208,1746831208,AR
1746831209,1746831209,EE
1746831210,1746831210,AU
1746831211,1746831211,BR
1746831212,1746831212,AU
1746831213,1746831213,JP
1746831214,1746831214,PA
1746831215,1746831215,SE
1746831216,1746831216,AE
1746831217,1746831217,SG
1746831218,1746831220,JP
1746831221,1746831221,US
1746831222,1746831222,HK
1746831223,1746831223,BR
1746831224,1746831224,SG
1746831225,1746831225,ES
1746831226,1746831226,EE
1746831227,1746831227,LV
1746831228,1746831228,CH
1746831229,1746831229,CA
1746831230,1746831230,GB
1746831231,1746831232,JP
1746831233,1746831233,US
1746831234,1746831234,DE
1746831235,1746831235,US
1746831236,1746831237,GB
1746831238,1746831239,US
1746831240,1746831241,NZ
1746831242,1746831242,NL
1746831243,1746831243,RO
1746831244,1746831244,FR
1746831245,1746831245,ES
1746831246,1746831246,IN
1746831247,1746831247,IT
1746831248,1746831248,JP
1746831249,1746831249,KR
1746831250,1746831250,US
1746831251,1746831251,SE
1746831252,1746831252,GB
1746831253,1746831253,FR
1746831254,1746831254,GB
1746831255,1746831255,DE
1746831256,1746831256,GB
1746831257,1746831258,US
1746831259,1746831259,IN
1746831260,1746831260,US
1746831261,1746831261,HK
1746831262,1746831262,MY
1746831263,1746831263,US
1746831264,1746831265,CA
1746831266,1746831266,US
1746831267,1746831267,DE
1746831268,1746831268,IN
1746831269,1746831269,GB
1746831270,1746831270,US
1746831271,1746831271,NZ
1746831272,1746831272,US
1746831273,1746831273,SG
1746831274,1746831283,US
1746831284,1746831284,IN
1746831285,1746831286,US
1746831287,1746831287,CA
1746831288,1746831288,AU
1746831289,1746831290,GB
1746831291,1746831303,US
1746831304,1746831304,NZ
1746831305,1746831305,KR
1746831306,1746831306,GB
1746831307,1746831307,US
1746831308,1746831308,CA
1746831309,1746831309,GB
1746831310,1746831312,US
1746831313,1746831313,DE
1746831314,1746831320,US
1746831321,1746831321,CH
1746831322,1746831324,US
1746831325,1746831325,JP
1746831326,1746831326,US
1746831327,1746831327,IN
1746831328,1746831328,BE
1746831329,1746831329,SG
1746831330,1746831330,PH
1746831331,1746831331,GB
1746831332,1746831332,SG
1746831333,1746831340,US
1746831341,1746831341,KR
1746831342,1746831342,CA
1746831343,1746831344,US
1746831345,1746831345,NL
1746831346,1746831347,GB
1746831348,1746831349,IT
1746831350,1746831351,US
1746831352,1746831353,DE
1746831354,1746831355,FR
1746831356,1746831356,CO
1746831357,1746831357,CA
1746831358,1746831358,JP
1746831359,1746837504,US
1746837505,1746837505,NZ
1746837506,1746837506,IN
1746837507,1746837507,US
1746837508,1746837509,AU
1746837510,1746837511,US
1746837512,1746837512,JP
1746837513,1746837513,US
1746837514,1746837514,GB
1746837515,1746837516,US
1746837517,1746837517,JP
1746837518,1746837518,SA
1746837519,1746837519,US
1746837520,1746837520,GB
1746837521,1746837522,US
1746837523,1746837523,JP
1746837524,1746837524,US
1746837525,1746837525,CY
1746837526,1746837526,BR
1746837527,1746837527,CA
1746837528,1746837529,US
1746837530,1746837530,JP
1746837531,1746837531,ES
1746837532,1746837532,US
1746837533,1746837533,DE
1746837534,1746837535,US
1746837536,1746837536,CZ
1746837537,1746837537,US
1746837538,1746837538,CA
1746837539,1746837539,DE
1746837540,1746837540,HK
1746837541,1746837541,US
1746837542,1746837542,JP
1746837543,1746837543,GB
1746837544,1746837545,US
1746837546,1746837546,NZ
1746837547,1746837547,FR
1746837548,1746837548,JP
1746837549,1746837549,US
1746837550,1746837550,FR
1746837551,1746837551,SG
1746837552,1746837552,KR
1746837553,1746837553,FR
1746837554,1746837554,US
1746837555,1746837556,AU
1746837557,1746837557,DE
1746837558,1746837558,GB
1746837559,1746837559,JP
1746837560,1746837560,DE
1746837561,1746837561,ZA
1746837562,1746837562,GB
1746837563,1746837563,NZ
1746837564,1746837564,IT
1746837565,1746837566,US
1746837567,1746837567,SG
1746837568,1746837568,JP
1746837569,1746837569,DE
1746837570,1746837571,AU
1746837572,1746837572,JP
1746837573,1746837573,BR
1746837574,1746837574,SG
1746837575,1746837575,US
1746837576,1746837576,GB
1746837577,1746837577,SG
1746837578,1746837578,GB
1746837579,1746837579,IN
1746837580,1746837580,SG
1746837581,1746837581,AU
1746837582,1746837582,IN
1746837583,1746837583,US
1746837584,1746837584,AU
1746837585,1746837585,US
1746837586,1746837586,HK
1746837587,1746837592,US
1746837593,1746837593,GB
1746837594,1746837595,US
1746837596,1746837596,AU
1746837597,1746837599,US
1746837600,1746837600,CA
1746837601,1746837601,US
1746837602,1746837602,GB
1746837603,1746837603,US
1746837604,1746837604,BR
1746837605,1746837605,US
1746837606,1746837606,CH
1746837607,1746837608,US
1746837609,1746837609,GB
1746837610,1746837610,JP
1746837611,1746837611,SG
1746837612,1746837612,IE
1746837613,1746837613,SG
1746837614,1746837617,US
1746837618,1746837618,BE
1746837619,1746837619,CO
1746837620,1746837620,JP
1746837621,1746837621,PL
1746837622,1746837623,AU
1746837624,1746837624,IN
1746837625,1746837625,AU
1746837626,1746837626,JP
1746837627,1746837627,SG
1746837628,1746837628,US
1746837629,1746837630,GB
1746837631,1746837631,CA
1746837632,1746837639,US
1746837640,1746837640,GB
1746837641,1746837641,AE
1746837642,1746837643,AU
1746837644,1746837644,SG
1746837645,1746837645,JP
1746837646,1746837646,DE
1746837647,1746837647,DK
1746837648,1746837648,BR
1746837649,1746837649,EG
1746837650,1746837650,IE
1746837651,1746837653,US
1746837654,1746837654,FR
1746837655,1746837655,TR
1746837656,1746837656,AU
1746837657,1746837657,JP
1746837658,1746837665,US
1746837666,1746837666,GB
1746837667,1746837667,US
1746837668,1746837668,GE
1746837669,1746837669,AU
1746837670,1746837670,AE
1746837671,1746837671,US
1746837672,1746837672,CA
1746837673,1746837673,US
1746837674,1746837674,IN
1746837675,1746837675,AT
1746837676,1746837680,US
1746837681,1746837681,DE
1746837682,1746837682,US
1746837683,1746837683,IT
1746837684,1746837684,EE
1746837685,1746837687,US
1746837688,1746837688,GB
1746837689,1746837691,BR
1746837692,1746837692,AU
1746837693,1746837694,US
1746837695,1746837695,CA
1746837696,1746837696,US
1746837697,1746837700,SA
1746837701,1746837701,AE
1746837702,1746837702,GB
1746837703,1746837703,CA
1746837704,1746837704,SG
1746837705,1746837705,US
1746837706,1746837706,CH
1746837707,1746837708,US
1746837709,1746837709,BR
1746837710,1746837710,DE
1746837711,1746837712,US
1746837713,1746837713,GB
1746837714,1746837714,BR
1746837715,1746837715,CO
1746837716,1746837716,PE
1746837717,1746837717,EC
1746837718,1746837718,MX
1746837719,1746837719,IN
1746837720,1746837720,AR
1746837721,1746837721,BR
1746837722,1746837722,AU
1746837723,1746837725,GB
1746837726,1746837726,US
1746837727,1746837727,IL
1746837728,1746837728,US
1746837729,1746837729,AU
1746837730,1746837730,US
1746837731,1746837731,NL
1746837732,1746837732,HK
1746837733,1746837733,US
1746837734,1746837734,SG
1746837735,1746837736,NL
1746837737,1746837737,TW
1746837738,1746837738,PT
1746837739,1746837739,RO
1746837740,1746837740,CH
1746837741,1746837741,US
1746837742,1746837742,AU
1746837743,1746837743,JP
1746837744,1746837744,US
1746837745,1746837745,NL
1746837746,1746837746,DE
1746837747,1746837747,IT
1746837748,1746837748,GB
1746837749,1746837749,IT
1746837750,1746837750,US
1746837751,1746837751,CA
1746837752,1746837752,SE
1746837753,1746837753,US
1746837754,1746837754,CA
1746837755,1746837755,SE
1746837756,1746837756,CH
1746837757,1746837758,KR
1746837759,1746837760,US
1746837761,1746837766,KR
1746837767,1746837767,GB
1746837768,1746837768,IE
1746837769,1746837770,US
1746837771,1746837771,CN
1746837772,1746837773,US
1746837774,1746837774,SG
1746837775,1746837775,FR
1746837776,1746837776,ES
1746837777,1746837777,GB
1746837778,1746837778,SG
1746837779,1746837779,CA
1746837780,1746837780,US
1746837781,1746837781,IL
1746837782,1746837785,SG
1746837786,1746837786,DE
1746837787,1746837787,SE
1746837788,1746837788,JP
1746837789,1746837789,KR
1746837790,1746837790,US
1746837791,1746837791,JP
1746837792,1746837792,CA
1746837793,1746837793,US
1746837794,1746837794,AU
1746837795,1746837795,EE
1746837796,1746837796,FR
1746837797,1746837798,US
1746837799,1746837799,GB
1746837800,1746837802,US
1746837803,1746837803,AU
1746837804,1746837806,US
1746837807,1746837807,AT
1746837808,1746837808,BR
1746837809,1746837809,EE
1746837810,1746837810,NL
1746837811,1746837813,AU
1746837814,1746837814,JP
1746837815,1746837815,HK
1746837816,1746837816,IN
1746837817,1746837817,GB
1746837818,1746837818,ES
1746837819,1746837820,US
1746837821,1746837821,DE
1746837822,1746837822,AE
1746837823,1746837823,US
1746837824,1746837824,AU
1746837825,1746837826,US
1746837827,1746837827,HK
1746837828,1746837828,SG
1746837829,1746837829,TW
1746837830,1746837830,AU
1746837831,1746837831,KR
1746837832,1746837832,GB
1746837833,1746837834,IN
1746837835,1746837836,JP
1746837837,1746837837,DE
1746837838,1746837838,KR
1746837839,1746837840,US
1746837841,1746837841,HN
1746837842,1746837842,CO
1746837843,1746837843,PA
1746837844,1746837844,JM
1746837845,1746837845,DO
1746837846,1746837846,GT
1746837847,1746837848,US
1746837849,1746837849,IE
1746837850,1746837850,SG
1746837851,1746837852,US
1746837853,1746837853,GB
1746837854,1746837854,IE
1746837855,1746837855,SG
1746837856,1746837856,NO
1746837857,1746837857,SG
1746837858,1746837858,PH
1746837859,1746837859,DE
1746837860,1746837860,US
1746837861,1746837861,AR
1746837862,1746837862,PL
1746837863,1746837863,HK
1746837864,1746837865,JP
1746837866,1746837867,US
1746837868,1746837869,GB
1746837870,1746837871,US
1746837872,1746837872,CY
1746837873,1746837875,US
1746837876,1746837876,AE
1746837877,1746837877,CO
1746837878,1746837878,DE
1746837879,1746837879,JP
1746837880,1746837880,NZ
1746837881,1746837882,JP
1746837883,1746837883,US
1746837884,1746837884,TW
1746837885,1746837885,US
1746837886,1746837886,LU
1746837887,1746837889,US
1746837890,1746837890,GB
1746837891,1746837891,DE
1746837892,1746837892,SG
1746837893,1746837893,HK
1746837894,1746837894,IN
1746837895,1746837895,CH
1746837896,1746837896,US
1746837897,1746837897,IN
1746837898,1746837898,US
1746837899,1746837900,GB
1746837901,1746837902,US
1746837903,1746837903,NZ
1746837904,1746837904,AU
1746837905,1746837905,FR
1746837906,1746837907,JP
1746837908,1746837908,FR
1746837909,1746837910,US
1746837911,1746837911,KR
1746837912,1746837913,JP
1746837914,1746837914,GB
1746837915,1746837915,PT
1746837916,1746837917,US
1746837918,1746837918,SG
1746837919,1746837919,US
1746837920,1746837920,DE
1746837921,1746837921,SG
1746837922,1746837923,US
1746837924,1746837924,IN
1746837925,1746837925,AR
1746837926,1746837926,US
1746837927,1746837927,GB
1746837928,1746837928,US
1746837929,1746837929,GB
1746837930,1746837930,AE
1746837931,1746837931,AU
1746837932,1746837932,GB
1746837933,1746837933,BY
1746837934,1746837934,US
1746837935,1746837935,CA
1746837936,1746837937,IN
1746837938,1746837938,PL
1746837939,1746837939,NL
1746837940,1746837941,US
1746837942,1746837942,PH
1746837943,1746837943,JP
1746837944,1746837944,AU
1746837945,1746837945,HK
1746837946,1746837946,US
1746837947,1746837947,TW
1746837948,1746837948,AU
1746837949,1746837952,US
1746837953,1746837953,BR
1746837954,1746837954,US
1746837955,1746837955,IE
1746837956,1746837956,US
1746837957,1746837957,GB
1746837958,1746837958,US
1746837959,1746837959,FR
1746837960,1746837960,KR
1746837961,1746837963,US
1746837964,1746837964,CA
1746837965,1746837968,US
1746837969,1746837969,FR
1746837970,1746837970,DE
1746837971,1746837971,US
1746837972,1746837972,SE
1746837973,1746837973,ZA
1746837974,1746837974,IT
1746837975,1746837975,IL
1746837976,1746837976,CL
1746837977,1746837977,FR
1746837978,1746837978,ES
1746837979,1746837979,GB
1746837980,1746837980,IT
1746837981,1746837981,AT
1746837982,1746837982,US
1746837983,1746837983,HK
1746837984,1746837986,US
1746837987,1746837987,GB
1746837988,1746837988,FR
1746837989,1746837992,US
1746837993,1746837993,HK
1746837994,1746837995,US
1746837996,1746837996,AE
1746837997,1746837997,SE
1746837998,1746837998,BR
1746837999,1746837999,KR
1746838000,1746838000,IN
1746838001,1746838001,JP
1746838002,1746838002,SG
1746838003,1746838003,ID
1746838004,1746838008,GB
1746838009,1746838010,IE
1746838011,1746838011,EE
1746838012,1746838012,LV
1746838013,1746838013,CH
1746838014,1746838014,JP
1746838015,1746838016,US
1746838017,1746838017,GB
1746838018,1746838018,HK
1746838019,1746838021,US
1746838022,1746838022,IL
1746838023,1746838023,JP
1746838024,1746838024,BG
1746838025,1746838025,JP
1746838026,1746838026,US
1746838027,1746838027,GB
1746838028,1746838028,IE
1746838029,1746838029,GB
1746838030,1746838030,NL
1746838031,1746838031,DE
1746838032,1746838032,ES
1746838033,1746838033,JP
1746838034,1746838034,RO
1746838035,1746838035,IN
1746838036,1746838036,US
1746838037,1746838037,CA
1746838038,1746838038,BR
1746838039,1746838039,HK
1746838040,1746838040,SG
1746838041,1746838041,BR
1746838042,1746838042,AU
1746838043,1746838043,MX
1746838044,1746838044,BR
1746838045,1746838045,FR
1746838046,1746838046,DE
1746838047,1746838047,GB
1746838048,1746838048,AR
1746838049,1746838049,KR
1746838050,1746838050,JP
1746838051,1746838055,US
1746838056,1746838056,SG
1746838057,1746838057,GB
1746838058,1746838058,SG
1746838059,1746838059,HK
1746838060,1746838060,US
1746838061,1746838061,AU
1746838062,1746838062,US
1746838063,1746838063,CA
1746838064,1746838064,US
1746838065,1746838065,CA
1746838066,1746838067,FR
1746838068,1746838068,SG
1746838069,1746838069,HK
1746838070,1746838070,AE
1746838071,1746838071,BR
1746838072,1746838072,IN
1746838073,1746838073,ZA
1746838074,1746838086,US
1746838087,1746838087,JP
1746838088,1746838089,AU
1746838090,1746838090,US
1746838091,1746838091,AU
1746838092,1746838092,MX
1746838093,1746838093,BR
1746838094,1746838094,FR
1746838095,1746838095,DE
1746838096,1746838096,GB
1746838097,1746838097,AR
1746838098,1746838098,KR
1746838099,1746838099,JP
1746838100,1746838100,CA
1746838101,1746838102,US
1746838103,1746838103,JP
1746838104,1746838104,CA
1746838105,1746838105,US
1746838106,1746838106,JP
1746838107,1746838107,KR
1746838108,1746838113,NZ
1746838114,1746838115,GB
1746838116,1746838116,JP
1746838117,1746838117,US
1746838118,1746838118,FR
1746838119,1746838120,US
1746838121,1746838121,CA
1746838122,1746838123,US
1746838124,1746838124,AU
1746838125,1746838125,AE
1746838126,1746838126,CH
1746838127,1746838127,US
1746838128,1746838128,JP
1746838129,1746838129,SG
1746838130,1746838130,HK
1746838131,1746838131,US
1746838132,1746838132,IL
1746838133,1746838133,NZ
1746838134,1746838136,US
1746838137,1746838137,TR
1746838138,1746838138,SE
1746838139,1746838139,IT
1746838140,1746838140,PT
1746838141,1746838141,PL
1746838142,1746838142,GB
1746838143,1746838143,US
1746838144,1746838144,FI
1746838145,1746838145,US
1746838146,1746838147,JP
1746838148,1746838148,DE
1746838149,1746838153,US
1746838154,1746838154,CH
1746838155,1746838156,GB
1746838157,1746838157,HK
1746838158,1746838158,SG
1746838159,1746838159,JP
1746838160,1746838160,AU
1746838161,1746838161,NZ
1746838162,1746838165,US
1746838166,1746838166,NL
1746838167,1746838167,IE
1746838168,1746838168,ZA
1746838169,1746838169,US
1746838170,1746838170,GB
1746838171,1746838171,NL
1746838172,1746838172,AU
1746838173,1746838173,IN
1746838174,1746838174,SG
1746838175,1746838176,US
1746838177,1746838177,IE
1746838178,1746838178,AU
1746838179,1746838179,RS
1746838180,1746838180,SG
1746838181,1746838181,GB
1746838182,1746838182,US
1746838183,1746838183,PL
1746838184,1746838184,JP
1746838185,1746838185,US
1746838186,1746838186,CL
1746838187,1746838187,JP
1746838188,1746838188,QA
1746838189,1746838189,US
1746838190,1746838190,AU
1746838191,1746838191,US
1746838192,1746838192,FR
1746838193,1746838194,US
1746838195,1746838195,IN
1746838196,1746838196,DE
1746838197,1746838197,KR
1746838198,1746838200,US
1746838201,1746838201,AR
1746838202,1746838202,US
1746838203,1746838205,GB
1746838206,1746838206,US
1746838207,1746838207,DE
1746838208,1746838208,SG
1746838209,1746838209,MY
1746838210,1746838210,AE
1746838211,1746838211,OM
1746838212,1746838213,US
1746838214,1746838214,GB
1746838215,1746838215,CZ
1746838216,1746838217,PH
1746838218,1746838218,NO
1746838219,1746838219,BR
1746838220,1746838220,GB
1746838221,1746838221,IE
1746838222,1746838222,NZ
1746838223,1746838223,AU
1746838224,1746838224,CA
1746838225,1746838225,DE
1746838226,1746838226,AU
1746838227,1746838228,CH
1746838229,1746838229,US
1746838230,1746838230,CA
1746838231,1746838231,US
1746838232,1746838232,SG
1746838233,1746838233,IT
1746838234,1746838234,AE
1746838235,1746838235,US
1746838236,1746838236,JP
1746838237,1746838237,US
1746838238,1746838238,JP
1746838239,1746838239,US
1746838240,1746838241,ZA
1746838242,1746838242,CA
1746838243,1746838243,TW
1746838244,1746838244,JP
1746838245,1746838245,GB
1746838246,1746838246,NL
1746838247,1746838247,AU
1746838248,1746838248,SG
1746838249,1746838249,JP
1746838250,1746838250,AU
1746838251,1746838251,FI
1746838252,1746838252,JP
1746838253,1746838253,DE
1746838254,1746838254,US
1746838255,1746838255,JP
1746838256,1746838256,US
1746838257,1746838257,PL
1746838258,1746838258,CZ
1746838259,1746838259,GB
1746838260,1746838260,BR
1746838261,1746838261,IT
1746838262,1746838262,JP
1746838263,1746838263,US
1746838264,1746838264,DE
1746838265,1746838265,BR
1746838266,1746838266,CL
1746838267,1746838267,AE
1746838268,1746838268,FR
1746838269,1746838269,NL
1746838270,1746838270,AU
1746838271,1746838272,US
1746838273,1746838273,AU
1746838274,1746838274,JP
1746838275,1746838275,LT
1746838276,1746838276,DE
1746838277,1746838277,ES
1746838278,1746838278,DK
1746838279,1746838279,US
1746838280,1746838280,FR
1746838281,1746838281,DE
1746838282,1746838282,NL
1746838283,1746838283,GB
1746838284,1746838285,US
1746838286,1746838286,IE
1746838287,1746838287,IN
1746838288,1746838290,US
1746838291,1746838291,JP
1746838292,1746838292,HK
1746838293,1746838293,NL
1746838294,1746838294,DE
1746838295,1746838295,US
1746838296,1746838297,IN
1746838298,1746838298,NL
1746838299,1746838299,FR
1746838300,1746838302,US
1746838303,1746838303,AU
1746838304,1746838305,CA
1746838306,1746838306,GB
1746838307,1746838310,US
1746838311,1746838311,SG
1746838312,1746838312,US
1746838313,1746838313,KR
1746838314,1746838314,CL
1746838315,1746838315,KR
1746838316,1746838316,US
1746838317,1746838317,CL
1746838318,1746838318,IE
1746838319,1746838320,US
1746838321,1746838321,GB
1746838322,1746838327,US
1746838328,1746838328,MO
1746838329,1746838329,JP
1746838330,1746838332,FR
1746838333,1746838334,US
1746838335,1746838335,JP
1746838336,1746838336,US
1746838337,1746838337,DE
1746838338,1746838338,US
1746838339,1746838339,NL
1746838340,1746838343,US
1746838344,1746838344,RU
1746838345,1746838345,IN
1746838346,1746838346,PH
1746838347,1746838347,US
1746838348,1746838348,AE
1746838349,1746838349,RU
1746838350,1746838350,GB
1746838351,1746838351,PH
1746838352,1746838352,AU
1746838353,1746838353,NZ
1746838354,1746838354,FR
1746838355,1746838355,SG
1746838356,1746838357,US
1746838358,1746838358,AU
1746838359,1746838359,US
1746838360,1746838360,CA
1746838361,1746838364,US
1746838365,1746838365,GB
1746838366,1746838367,ZA
1746838368,1746838368,US
1746838369,1746838369,IT
1746838370,1746838370,US
1746838371,1746838371,CA
1746838372,1746838372,JP
1746838373,1746838373,US
1746838374,1746838374,NL
1746838375,1746838375,DE
1746838376,1746838376,HK
1746838377,1746838380,US
1746838381,1746838381,NL
1746838382,1746838382,BR
1746838383,1746838384,US
1746838385,1746838385,CA
1746838386,1746838387,US
1746838388,1746838388,LV
1746838389,1746838389,DE
1746838390,1746838390,MX
1746838391,1746838391,US
1746838392,1746838392,ZA
1746838393,1746838393,GB
1746838394,1746838394,US
1746838395,1746838395,IN
1746838396,1746838396,GB
1746838397,1746838397,AU
1746838398,1746838403,US
1746838404,1746838404,GB
1746838405,1746838405,AU
1746838406,1746838408,US
1746838409,1746838409,JP
1746838410,1746838410,IN
1746838411,1746838411,ES
1746838412,1746838412,NO
1746838413,1746838413,DE
1746838414,1746838414,CA
1746838415,1746838415,JP
1746838416,1746838416,US
1746838417,1746838417,AU
1746838418,1746838418,SG
1746838419,1746838419,FI
1746838420,1746838421,US
1746838422,1746838422,SG
1746838423,1746838423,US
1746838424,1746838425,GB
1746838426,1746838426,IE
1746838427,1746838427,NL
1746838428,1746838428,CA
1746838429,1746838430,US
1746838431,1746838431,JP
1746838432,1746838432,GB
1746838433,1746838433,GR
1746838434,1746838436,US
1746838437,1746838438,GB
1746838439,1746838439,ID
1746838440,1746838440,US
1746838441,1746838441,AU
1746838442,1746838442,NL
1746838443,1746838443,RU
1746838444,1746838444,AM
1746838445,1746838445,RS
1746838446,1746838446,DE
1746838447,1746838447,JP
1746838448,1746838448,DE
1746838449,1746838449,AU
1746838450,1746838451,IN
1746838452,1746838452,IE
1746838453,1746838457,US
1746838458,1746838458,CO
1746838459,1746838459,CR
1746838460,1746838460,RO
1746838461,1746838461,US
1746838462,1746838463,AU
1746838464,1746838464,US
1746838465,1746838465,IN
1746838466,1746838466,DE
1746838467,1746838467,TW
1746838468,1746838468,JP
1746838469,1746838469,GB
1746838470,1746838470,US
1746838471,1746838471,ES
1746838472,1746838472,FR
1746838473,1746838473,JP
1746838474,1746838475,US
1746838476,1746838476,GB
1746838477,1746838478,PT
1746838479,1746838480,US
1746838481,1746838481,AU
1746838482,1746838482,DE
1746838483,1746838485,US
1746838486,1746838486,HK
1746838487,1746838491,US
1746838492,1746838492,IL
1746838493,1746838493,GB
1746838494,1746838494,US
1746838495,1746838495,MX
1746838496,1746838496,PK
1746838497,1746838497,BR
1746838498,1746838498,CA
1746838499,1746838499,IN
1746838500,1746838500,PL
1746838501,1746838501,IT
1746838502,1746838502,FR
1746838503,1746838503,TR
1746838504,1746838504,CA
1746838505,1746838505,IN
1746838506,1746838507,US
1746838508,1746838510,JP
1746838511,1746838511,US
1746838512,1746838512,PH
1746838513,1746838513,SG
1746838514,1746838515,US
1746838516,1746838516,GB
1746838517,1746838517,IL
1746838518,1746838518,US
1746838519,1746838519,GB
1746838520,1746838520,US
1746838521,1746838521,PH
1746838522,1746838522,US
1746838523,1746838523,NL
1746838524,1746838524,GB
1746838525,1746838525,PT
1746838526,1746838527,US
1746838528,1746838528,IE
1746838529,1746838529,IN
1746838530,1746838530,GB
1746838531,1746838531,AU
1746838532,1746838532,US
1746838533,1746838533,DE
1746838534,1746838534,DK
1746838535,1746838536,US
1746838537,1746838537,FR
1746838538,1746838538,HK
1746838539,1746838539,AU
1746838540,1746838540,ES
1746838541,1746838541,SG
1746838542,1746838542,IL
1746838543,1746838543,IN
1746838544,1746838544,US
1746838545,1746838545,JP
1746838546,1746838546,US
1746838547,1746838547,GB
1746838548,1746838548,AU
1746838549,1746838550,US
1746838551,1746838551,AU
1746838552,1746838553,US
1746838554,1746838554,AU
1746838555,1746838555,GB
1746838556,1746838556,VN
1746838557,1746838559,US
1746838560,1746838560,ES
1746838561,1746838561,GB
1746838562,1746838562,LU
1746838563,1746838563,US
1746838564,1746838564,GB
1746838565,1746838565,CA
1746838566,1746838566,AU
1746838567,1746838568,TW
1746838569,1746838569,US
1746838570,1746838570,IT
1746838571,1746838571,CA
1746838572,1746838572,US
1746838573,1746838574,IN
1746838575,1746838575,NL
1746838576,1746838576,US
1746838577,1746838577,JP
1746838578,1746838578,US
1746838579,1746838579,HK
1746838580,1746838580,DE
1746838581,1746838586,US
1746838587,1746838587,AU
1746838588,1746838588,CA
1746838589,1746838590,US
1746838591,1746838591,NL
1746838592,1746838593,IN
1746838594,1746838595,DE
1746838596,1746838597,US
1746838598,1746838598,IL
1746838599,1746838599,US
1746838600,1746838600,JP
1746838601,1746838601,IN
1746838602,1746838602,QA
1746838603,1746838603,NL
1746838604,1746838604,JP
1746838605,1746838605,CA
1746838606,1746838606,US
1746838607,1746838607,JP
1746838608,1746838608,SE
1746838609,1746838609,US
1746838610,1746838610,ES
1746838611,1746838614,US
1746838615,1746838615,JP
1746838616,1746838616,US
1746838617,1746838617,JP
1746838618,1746838622,US
1746838623,1746838626,GB
1746838627,1746838627,MY
1746838628,1746838628,US
1746838629,1746838629,CO
1746838630,1746838631,US
1746838632,1746838632,AU
1746838633,1746838633,BE
1746838634,1746838634,AU
1746838635,1746838635,CA
1746838636,1746838636,US
1746838637,1746838637,IN
1746838638,1746838639,US
1746838640,1746838640,JP
1746838641,1746838641,AU
1746838642,1746838642,BR
1746838643,1746838644,US
1746838645,1746838645,GB
1746838646,1746838646,DE
1746838647,1746838647,CO
1746838648,1746838648,AU
1746838649,1746838649,US
1746838650,1746838650,DE
1746838651,1746838687,US
1746838688,1746838688,GB
1746838689,1746838689,SG
1746838690,1746838690,DE
1746838691,1746838691,SE
1746838692,1746838692,CA
1746838693,1746838693,GB
1746838694,1746838694,NO
1746838695,1746838696,GB
1746838697,1746838697,US
1746838698,1746838698,SG
1746838699,1746838699,IN
1746838700,1746838700,US
1746838701,1746838701,IL
1746838702,1746838702,US
1746838703,1746838703,IN
1746838704,1746838704,FR
1746838705,1746838705,DE
1746838706,1746838706,US
1746838707,1746838708,IN
1746838709,1746838709,US
1746838710,1746838710,DE
1746838711,1746838712,US
1746838713,1746838713,JP
1746838714,1746838714,GB
1746838715,1746838715,IE
1746838716,1746838716,MX
1746838717,1746838717,US
1746838718,1746838718,GB
1746838719,1746838719,DE
1746838720,1746838720,US
1746838721,1746838721,FR
1746838722,1746838722,DE
1746838723,1746838723,GB
1746838724,1746838724,FR
1746838725,1746838725,SG
1746838726,1746838726,US
1746838727,1746838727,CZ
1746838728,1746838728,DK
1746838729,1746838729,FI
1746838730,1746838730,NO
1746838731,1746838731,FR
1746838732,1746838732,DE
1746838733,1746838733,HU
1746838734,1746838734,SK
1746838735,1746838735,PL
1746838736,1746838736,ES
1746838737,1746838737,IE
1746838738,1746838738,IT
1746838739,1746838739,AE
1746838740,1746838740,ZA
1746838741,1746838744,US
1746838745,1746838746,AU
1746838747,1746838747,JP
1746838748,1746838748,NZ
1746838749,1746838749,BR
1746838750,1746838750,CL
1746838751,1746838752,CO
1746838753,1746838754,CA
1746838755,1746838755,US
1746838756,1746838757,JP
1746838758,1746838759,US
1746838760,1746838760,IT
1746838761,1746838761,IE
1746838762,1746838762,CA
1746838763,1746838764,JP
1746838765,1746838765,GB
1746838766,1746838766,DE
1746838767,1746838768,GB
1746838769,1746838770,AE
1746838771,1746838772,US
1746838773,1746838774,SG
1746838775,1746838776,AU
1746838777,1746838778,JP
1746838779,1746838779,DE
1746838780,1746838780,HK
1746838781,1746838781,US
1746838782,1746838782,GB
1746838783,1746838784,US
1746838785,1746838785,IL
1746838786,1746838786,US
1746838787,1746838787,JP
1746838788,1746838788,US
1746838789,1746838789,ES
1746838790,1746838790,HR
1746838791,1746838791,BR
1746838792,1746838792,US
1746838793,1746838793,TW
1746838794,1746838795,US
1746838796,1746838796,UA
1746838797,1746838797,IN
1746838798,1746838798,US
1746838799,1746838799,IE
1746838800,1746838800,US
1746838801,1746838801,AU
1746838802,1746838802,SG
1746838803,1746838803,SE
1746838804,1746838804,NO
1746838805,1746838805,US
1746838806,1746838806,SE
1746838807,1746838807,JP
1746838808,1746838808,US
1746838809,1746838809,SG
1746838810,1746838810,KW
1746838811,1746838811,US
1746838812,1746838812,SA
1746838813,1746838813,DE
1746838814,1746838814,AU
1746838815,1746838815,US
1746838816,1746838816,UA
1746838817,1746838817,US
1746838818,1746838818,ID
1746838819,1746838819,TW
1746838820,1746838820,IE
1746838821,1746838821,JP
1746838822,1746838822,BR
1746838823,1746838823,EG
1746838824,1746838824,HK
1746838825,1746838826,US
1746838827,1746838827,IE
1746838828,1746838828,CY
1746838829,1746838829,BR
1746838830,1746838830,HK
1746838831,1746838831,KR
1746838832,1746838834,US
1746838835,1746838835,DE
1746838836,1746838836,US
1746838837,1746838837,AE
1746838838,1746838840,US
1746838841,1746838841,CA
1746838842,1746838844,US
1746838845,1746838845,NZ
1746838846,1746838846,AU
1746838847,1746838848,DE
1746838849,1746838849,NZ
1746838850,1746838850,AU
1746838851,1746838852,US
1746838853,1746838853,GB
1746838854,1746838854,NZ
1746838855,1746838857,US
1746838858,1746838858,DE
1746838859,1746838859,DK
1746838860,1746838860,HK
1746838861,1746838861,AU
1746838862,1746838862,US
1746838863,1746838863,GB
1746838864,1746838864,DE
1746838865,1746838865,AT
1746838866,1746838866,CH
1746838867,1746838867,SE
1746838868,1746838868,CA
1746838869,1746838869,NL
1746838870,1746838870,DE
1746838871,1746838871,NL
1746838872,1746838872,JP
1746838873,1746838873,PH
1746838874,1746838874,US
1746838875,1746838875,NL
1746838876,1746838876,BR
1746838877,1746838877,DE
1746838878,1746838878,GB
1746838879,1746838879,CA
1746838880,1746838880,SG
1746838881,1746838881,JP
1746838882,1746838884,US
1746838885,1746838885,GB
1746838886,1746838886,US
1746838887,1746838887,JP
1746838888,1746838888,KR
1746838889,1746838889,CA
1746838890,1746838890,GB
1746838891,1746838891,US
1746838892,1746838892,SG
1746838893,1746838893,IN
1746838894,1746838895,US
1746838896,1746838897,GB
1746838898,1746838898,AU
1746838899,1746838899,NZ
1746838900,1746838900,ES
1746838901,1746838901,AU
1746838902,1746838902,AE
1746838903,1746838903,IN
1746838904,1746838904,US
1746838905,1746838906,GB
1746838907,1746838907,SG
1746838908,1746838909,AU
1746838910,1746838910,AR
1746838911,1746838911,AE
1746838912,1746838912,IN
1746838913,1746838914,NZ
1746838915,1746838915,US
1746838916,1746838916,NO
1746838917,1746838920,US
1746838921,1746838921,GB
1746838922,1746838922,DE
1746838923,1746838923,SG
1746838924,1746838925,US
1746838926,1746838926,CA
1746838927,1746838927,AR
1746838928,1746838928,NG
1746838929,1746838929,NL
1746838930,1746838930,TR
1746838931,1746838931,HK
1746838932,1746838932,IN
1746838933,1746838933,MX
1746838934,1746838934,JP
1746838935,1746838935,AU
1746838936,1746838937,DE
1746838938,1746838938,GB
1746838939,1746838939,IE
1746838940,1746838941,US
1746838942,1746838942,UA
1746838943,1746838943,US
1746838944,1746838944,IN
1746838945,1746838946,US
1746838947,1746838947,JP
1746838948,1746838950,US
1746838951,1746838951,AR
1746838952,1746838952,DE
1746838953,1746838953,FR
1746838954,1746838954,GB
1746838955,1746838955,EE
1746838956,1746838956,BE
1746838957,1746838957,HU
1746838958,1746838958,ZA
1746838959,1746838959,JP
1746838960,1746838960,IN
1746838961,1746838961,SG
1746838962,1746838962,NZ
1746838963,1746838963,AU
1746838964,1746838964,BR
1746838965,1746838966,US
1746838967,1746838967,IN
1746838968,1746838968,CA
1746838969,1746838969,US
1746838970,1746838970,CA
1746838971,1746838973,US
1746838974,1746838974,AU
1746838975,1746838985,US
1746838986,1746838986,CA
1746838987,1746838988,MX
1746838989,1746838989,BR
1746838990,1746838991,US
1746838992,1746838992,BR
1746838993,1746838993,PH
1746838994,1746838995,US
1746838996,1746838996,PH
1746838997,1746838998,IN
1746838999,1746838999,PT
1746839000,1746839000,CA
1746839001,1746839001,GB
1746839002,1746839002,AU
1746839003,1746839003,AE
1746839004,1746839004,OM
1746839005,1746839005,DE
1746839006,1746839006,IE
1746839007,1746839007,US
1746839008,1746839008,NO
1746839009,1746839010,US
1746839011,1746839011,PT
1746839012,1746839028,US
1746839029,1746839029,PH
1746839030,1746839030,BR
1746839031,1746839031,DE
1746839032,1746839032,JP
1746839033,1746839033,FR
1746839034,1746839034,US
1746839035,1746839035,HK
1746839036,1746839036,IN
1746839037,1746839037,JP
1746839038,1746839038,HK
1746839039,1746839040,US
1746839041,1746839041,TH
1746839042,1746839042,JP
1746839043,1746839043,US
1746839044,1746839046,CH
1746839047,1746839047,RS
1746839048,1746839048,RO
1746839049,1746839050,CH
1746839051,1746839120,US
1746839121,1746839121,GB
1746839122,1746839122,PT
1746839123,1746839124,IN
1746839125,1746839125,US
1746839126,1746839126,AU
1746839127,1746839127,GB
1746839128,1746839129,US
1746839130,1746839130,HK
1746839131,1746839131,AU
1746839132,1746839132,CZ
1746839133,1746839133,GE
1746839134,1746839134,DE
1746839135,1746839136,GB
1746839137,1746839137,PL
1746839138,1746839138,US
1746839139,1746839139,IE
1746839140,1746839140,DE
1746839141,1746839141,JP
1746839142,1746839144,US
1746839145,1746839146,IN
1746839147,1746839147,SE
1746839148,1746839148,JP
1746839149,1746839149,KR
1746839150,1746839151,US
1746839152,1746839152,IE
1746839153,1746839153,IT
1746839154,1746839155,SA
1746839156,1746839156,JP
1746839157,1746839157,ES
1746839158,1746839158,IE
1746839159,1746839159,NL
1746839160,1746839160,TW
1746839161,1746839161,JP
1746839162,1746839162,GB
1746839163,1746839163,DE
1746839164,1746839164,SG
1746839165,1746839182,US
1746839183,1746839184,AU
1746839185,1746839185,AE
1746839186,1746839186,SA
1746839187,1746839187,BR
1746839188,1746839188,ES
1746839189,1746839190,US
1746839191,1746839191,PH
1746839192,1746839192,US
1746839193,1746839193,BR
1746839194,1746839194,US
1746839195,1746839195,DK
1746839196,1746839196,SG
1746839197,1746839198,GB
1746839199,1746839199,NZ
1746839200,1746839200,JP
1746839201,1746839201,US
1746839202,1746839202,TW
1746839203,1746839205,US
1746839206,1746839207,GB
1746839208,1746839208,TW
1746839209,1746839209,KR
1746839210,1746839210,BR
1746839211,1746839211,AE
1746839212,1746839212,NG
1746839213,1746839213,IN
1746839214,1746839214,GB
1746839215,1746839216,BR
1746839217,1746839217,AU
1746839218,1746839218,CO
1746839219,1746839219,FR
1746839220,1746839220,DE
1746839221,1746839221,CA
1746839222,1746839222,IN
1746839223,1746839223,JP
1746839224,1746839224,MX
1746839225,1746839225,SG
1746839226,1746839226,ZA
1746839227,1746839227,ES
1746839228,1746839228,AE
1746839229,1746839230,US
1746839231,1746839231,SE
1746839232,1746839235,US
1746839236,1746839236,CA
1746839237,1746839237,US
1746839238,1746839239,CA
1746839240,1746839242,US
1746839243,1746839243,NO
1746839244,1746839244,NL
1746839245,1746839248,US
1746839249,1746839250,GB
1746839251,1746839252,IN
1746839253,1746839255,US
1746839256,1746839256,CA
1746839257,1746839257,FI
1746839258,1746839258,IN
1746839259,1746839259,SG
1746839260,1746839260,AU
1746839261,1746839261,AE
1746839262,1746839262,AU
1746839263,1746839263,MY
1746839264,1746839264,AU
1746839265,1746839265,CO
1746839266,1746839266,ES
1746839267,1746839267,AE
1746839268,1746839268,VN
1746839269,1746839269,MX
1746839270,1746839270,DE
1746839271,1746839271,ES
1746839272,1746839274,US
1746839275,1746839276,AR
1746839277,1746839277,IN
1746839278,1746839279,US
1746839280,1746839280,HR
1746839281,1746839281,US
1746839282,1746839282,GB
1746839283,1746839284,JP
1746839285,1746839286,TW
1746839287,1746839287,JP
1746839288,1746839288,HK
1746839289,1746839289,TH
1746839290,1746839290,JP
1746839291,1746839291,AE
1746839292,1746839293,IN
1746839294,1746839294,JP
1746839295,1746839296,US
1746839297,1746839297,IN
1746839298,1746839298,PL
1746839299,1746839299,DK
1746839300,1746839300,US
1746839301,1746839301,MX
1746839302,1746839305,IT
1746839306,1746839306,US
1746839307,1746839311,IT
1746839312,1746839312,GB
1746839313,1746839313,SG
1746839314,1746839314,US
1746839315,1746839316,JP
1746839317,1746839318,KR
1746839319,1746839319,VN
1746839320,1746839320,SE
1746839321,1746839321,AU
1746839322,1746839322,US
1746839323,1746839323,CA
1746839324,1746839324,US
1746839325,1746839327,CA
1746839328,1746839329,IN
1746839330,1746839331,US
1746839332,1746839333,SG
1746839334,1746839335,AU
1746839336,1746839337,GB
1746839338,1746839338,IN
1746839339,1746839339,SG
1746839340,1746839340,US
1746839341,1746839341,BR
1746839342,1746839342,TR
1746839343,1746839343,BR
1746839344,1746839344,US
1746839345,1746839346,AU
1746839347,1746839347,US
1746839348,1746839348,CH
1746839349,1746839349,US
1746839350,1746839351,GB
1746839352,1746839352,US
1746839353,1746839353,AU
1746839354,1746839354,DE
1746839355,1746839355,ZA
1746839356,1746839356,US
1746839357,1746839357,AU
1746839358,1746839358,NZ
1746839359,1746839359,AU
1746839360,1746839360,ZA
1746839361,1746839361,KE
1746839362,1746839362,QA
1746839363,1746839363,AE
1746839364,1746839364,VN
1746839365,1746839365,SG
1746839366,1746839366,AR
1746839367,1746839367,BR
1746839368,1746839370,US
1746839371,1746839371,CA
1746839372,1746839372,VN
1746839373,1746839373,DE
1746839374,1746839374,US
1746839375,1746839375,CA
1746839376,1746839376,PT
1746839377,1746839377,GB
1746839378,1746839378,CL
1746839379,1746839379,AU
1746839380,1746839380,JP
1746839381,1746839382,IN
1746839383,1746839383,US
1746839384,1746839384,IN
1746839385,1746839385,AU
1746839386,1746839386,ES
1746839387,1746839387,IN
1746839388,1746839388,GB
1746839389,1746839390,US
1746839391,1746839391,LT
1746839392,1746839392,JP
1746839393,1746839393,US
1746839394,1746839394,NL
1746839395,1746839395,GB
1746839396,1746839396,US
1746839397,1746839397,AU
1746839398,1746839398,SG
1746839399,1746839399,IN
1746839400,1746839400,PL
1746839401,1746839401,DE
1746839402,1746839402,TR
1746839403,1746839403,US
1746839404,1746839404,KR
1746839405,1746839405,US
1746839406,1746839406,GR
1746839407,1746839407,FR
1746839408,1746839408,US
1746839409,1746839409,GB
1746839410,1746839410,MX
1746839411,1746839411,AE
1746839412,1746839412,CN
1746839413,1746839413,HK
1746839414,1746839414,SG
1746839415,1746839415,US
1746839416,1746839416,DE
1746839417,1746839417,SG
1746839418,1746839418,CA
1746839419,1746839419,US
1746839420,1746839420,GB
1746839421,1746839421,CA
1746839422,1746839423,GB
1746839424,1746839455,US
1746839456,1746839456,VN
1746839457,1746839457,DE
1746839458,1746839478,US
1746839479,1746839479,IN
1746839480,1746839480,PH
1746839481,1746839481,TW
1746839482,1746839482,SG
1746839483,1746839483,CA
1746839484,1746839484,US
1746839485,1746839485,NL
1746839486,1746839487,GB
1746839488,1746839488,DE
1746839489,1746839489,GB
1746839490,1746839490,PL
1746839491,1746839491,AT
1746839492,1746839492,DE
1746839493,1746839496,US
1746839497,1746839497,GB
1746839498,1746839501,US
1746839502,1746839502,JP
1746839503,1746839503,GB
1746839504,1746839505,HK
1746839506,1746839506,DE
1746839507,1746839507,NZ
1746839508,1746839508,BR
1746839509,1746839509,ZA
1746839510,1746839510,NL
1746839511,1746839511,NZ
1746839512,1746839512,AU
1746839513,1746839513,NG
1746839514,1746839514,ZA
1746839515,1746839517,IN
1746839518,1746839518,TW
1746839519,1746839519,GB
1746839520,1746839520,CA
1746839521,1746839521,JP
1746839522,1746839522,HK
1746839523,1746839523,CA
1746839524,1746839524,KH
1746839525,1746839525,BG
1746839526,1746839526,BR
1746839527,1746839527,BE
1746839528,1746839528,BY
1746839529,1746839529,AT
1746839530,1746839530,AU
1746839531,1746839531,AR
1746839532,1746839532,AL
1746839533,1746839533,HR
1746839534,1746839534,CO
1746839535,1746839535,CR
1746839536,1746839536,CY
1746839537,1746839537,DK
1746839538,1746839538,EG
1746839539,1746839539,DO
1746839540,1746839540,EC
1746839541,1746839541,CZ
1746839542,1746839542,EE
1746839543,1746839545,FR
1746839546,1746839546,FI
1746839547,1746839547,GR
1746839548,1746839548,HU
1746839549,1746839549,HK
1746839550,1746839550,IN
1746839551,1746839552,US
1746839553,1746839553,DE
1746839554,1746839554,IS
1746839555,1746839555,DE
1746839556,1746839556,AE
1746839557,1746839557,JP
1746839558,1746839558,IL
1746839559,1746839559,LT
1746839560,1746839560,GB
1746839561,1746839561,JM
1746839562,1746839562,IT
1746839563,1746839563,LV
1746839564,1746839564,IE
1746839565,1746839565,KE
1746839566,1746839566,JP
1746839567,1746839567,KW
1746839568,1746839568,GB
1746839569,1746839569,LU
1746839570,1746839570,MX
1746839571,1746839571,PK
1746839572,1746839572,NL
1746839573,1746839573,NO
1746839574,1746839574,NZ
1746839575,1746839575,PA
1746839576,1746839576,PE
1746839577,1746839577,PT
1746839578,1746839578,RO
1746839579,1746839579,RS
1746839580,1746839580,ZA
1746839581,1746839581,ES
1746839582,1746839582,CH
1746839583,1746839583,TH
1746839584,1746839584,UA
1746839585,1746839590,US
1746839591,1746839591,GT
1746839592,1746839592,HN
1746839593,1746839593,LK
1746839594,1746839594,TT
1746839595,1746839595,VN
1746839596,1746839596,CL
1746839597,1746839597,NL
1746839598,1746839598,ZA
1746839599,1746839599,IN
1746839600,1746839600,US
1746839601,1746839601,DE
1746839602,1746839602,NO
1746839603,1746839603,GB
1746839604,1746839605,US
1746839606,1746839606,ES
1746839607,1746839607,VN
1746839608,1746839608,JP
1746839609,1746839610,CA
1746839611,1746839612,AU
1746839613,1746839613,NL
1746839614,1746839614,GB
1746839615,1746839616,IN
1746839617,1746839617,CA
1746839618,1746839618,AU
1746839619,1746839619,KR
1746839620,1746839620,US
1746839621,1746839621,CA
1746839622,1746839622,US
1746839623,1746839623,JP
1746839624,1746839624,AU
1746839625,1746839625,US
1746839626,1746839626,HK
1746839627,1746839632,US
1746839633,1746839633,SG
1746839634,1746839634,AR
1746839635,1746839635,US
1746839636,1746839637,JP
1746839638,1746839638,US
1746839639,1746839639,FR
1746839640,1746839640,US
1746839641,1746839642,JP
1746839643,1746839643,SG
1746839644,1746839644,DE
1746839645,1746839645,US
1746839646,1746839646,SG
1746839647,1746839647,IN
1746839648,1746839648,GB
1746839649,1746839649,JP
1746839650,1746839650,DE
1746839651,1746839660,US
1746839661,1746839661,JP
1746839662,1746839662,US
1746839663,1746839663,DE
1746839664,1746839664,IL
1746839665,1746839666,US
1746839667,1746839667,HK
1746839668,1746839668,KR
1746839669,1746839669,US
1746839670,1746839670,IT
1746839671,1746839671,DE
1746839672,1746839672,SA
1746839673,1746839673,IT
1746839674,1746839676,US
1746839677,1746839677,JP
1746839678,1746839678,GB
1746839679,1746839684,AU
1746839685,1746839685,PH
1746839686,1746839686,NZ
1746839687,1746839687,FR
1746839688,1746839688,US
1746839689,1746839689,FR
1746839690,1746839690,TH
1746839691,1746839694,US
1746839695,1746839695,PK
1746839696,1746839697,DE
1746839698,1746839698,CA
1746839699,1746839699,US
1746839700,1746839701,JP
1746839702,1746839702,US
1746839703,1746839703,DK
1746839704,1746839704,CL
1746839705,1746839706,MX
1746839707,1746839707,CL
1746839708,1746839708,TH
1746839709,1746839709,KR
1746839710,1746839710,GB
1746839711,1746839711,US
1746839712,1746839713,MX
1746839714,1746839714,SA
1746839715,1746839715,GB
1746839716,1746839716,AE
1746839717,1746839718,JP
1746839719,1746839719,GB
1746839720,1746839720,JP
1746839721,1746839722,CA
1746839723,1746839723,SE
1746839724,1746839724,HK
1746839725,1746839726,GB
1746839727,1746839727,AE
1746839728,1746839728,SG
1746839729,1746839729,JP
1746839730,1746839730,CA
1746839731,1746839731,SE
1746839732,1746839732,US
1746839733,1746839733,FR
1746839734,1746839734,IL
1746839735,1746839735,US
1746839736,1746839736,AU
1746839737,1746839738,US
1746839739,1746839739,SE
1746839740,1746839740,TH
1746839741,1746839741,SE
1746839742,1746839742,AU
1746839743,1746839743,NO
1746839744,1746839744,SE
1746839745,1746839745,US
1746839746,1746839746,JP
1746839747,1746839747,US
1746839748,1746839749,AU
1746839750,1746839750,PH
1746839751,1746839752,AU
1746839753,1746839753,MX
1746839754,1746839754,TW
1746839755,1746839755,JP
1746839756,1746839756,CA
1746839757,1746839758,JP
1746839759,1746839759,MX
1746839760,1746839761,US
1746839762,1746839762,JP
1746839763,1746839763,NZ
1746839764,1746839764,US
1746839765,1746839765,AU
1746839766,1746839766,GB
1746839767,1746839770,US
1746839771,1746839771,CA
1746839772,1746839772,IT
1746839773,1746839773,PL
1746839774,1746839774,CI
1746839775,1746839775,PT
1746839776,1746839776,FR
1746839777,1746839777,JP
1746839778,1746839778,FR
1746839779,1746839779,JP
1746839780,1746839781,IN
1746839782,1746839783,CA
1746839784,1746839785,US
1746839786,1746839786,IT
1746839787,1746839788,US
1746839789,1746839789,CA
1746839790,1746839790,AE
1746839791,1746839791,TH
1746839792,1746839792,US
1746839793,1746839793,GB
1746839794,1746839794,JP
1746839795,1746839800,US
1746839801,1746839801,CA
1746839802,1746839802,NL
1746839803,1746839803,IE
1746839804,1746839804,LU
1746839805,1746839805,IN
1746839806,1746839806,CA
1746839807,1746839813,US
1746839814,1746839817,DE
1746839818,1746839818,US
1746839819,1746839819,JP
1746839820,1746839820,DE
1746839821,1746839823,US
1746839824,1746839824,AR
1746839825,1746839826,BE
1746839827,1746839827,AR
1746839828,1746839828,US
1746839829,1746839829,JP
1746839830,1746839831,US
1746839832,1746839834,TW
1746839835,1746839835,NL
1746839836,1746839836,AU
1746839837,1746839838,IN
1746839839,1746839839,IL
1746839840,1746839840,DE
1746839841,1746839841,GB
1746839842,1746839844,US
1746839845,1746839845,DE
1746839846,1746839846,FR
1746839847,1746839847,PH
1746839848,1746839848,NZ
1746839849,1746839850,AU
1746839851,1746839851,ID
1746839852,1746839853,IN
1746839854,1746839855,JP
1746839856,1746839856,MY
1746839857,1746839857,SG
1746839858,1746839858,CH
1746839859,1746839859,MU
1746839860,1746839860,GR
1746839861,1746839861,PL
1746839862,1746839862,NL
1746839863,1746839863,BG
1746839864,1746839864,RO
1746839865,1746839865,CZ
1746839866,1746839867,IT
1746839868,1746839868,IE
1746839869,1746839870,GB
1746839871,1746839871,SA
1746839872,1746839872,AE
1746839873,1746839873,FI
1746839874,1746839874,DK
1746839875,1746839875,SE
1746839876,1746839876,PT
1746839877,1746839878,ES
1746839879,1746839880,ZA
1746839881,1746839882,FR
1746839883,1746839883,DE
1746839884,1746839884,AR
1746839885,1746839886,BR
1746839887,1746839888,CA
1746839889,1746839894,US
1746839895,1746839895,DE
1746839896,1746839896,GB
1746839897,1746839898,US
1746839899,1746839899,AE
1746839900,1746839901,JP
1746839902,1746839903,US
1746839904,1746839904,IN
1746839905,1746839905,CL
1746839906,1746839907,US
1746839908,1746839908,BR
1746839909,1746839910,US
1746839911,1746839911,NG
1746839912,1746839912,IN
1746839913,1746839913,US
1746839914,1746839914,JP
1746839915,1746839915,NL
1746839916,1746839916,CH
1746839917,1746839921,US
1746839922,1746839923,IN
1746839924,1746839925,JP
1746839926,1746839927,DE
1746839928,1746839930,GB
1746839931,1746839931,US
1746839932,1746839932,GB
1746839933,1746839933,NZ
1746839934,1746839934,IN
1746839935,1746839935,US
1746839936,1746839936,SA
1746839937,1746839937,DE
1746839938,1746839938,GB
1746839939,1746839939,US
1746839940,1746839940,FI
1746839941,1746839941,NL
1746839942,1746839942,US
1746839943,1746839943,DE
1746839944,1746839944,JP
1746839945,1746839946,NL
1746839947,1746839952,US
1746839953,1746839953,NP
1746839954,1746839954,NA
1746839955,1746839955,MZ
1746839956,1746839957,MX
1746839958,1746839958,MU
1746839959,1746839959,MV
1746839960,1746839960,MY
1746839961,1746839961,US
1746839962,1746839962,LU
1746839963,1746839965,LT
1746839966,1746839966,LV
1746839967,1746839967,KE
1746839968,1746839968,JO
1746839969,1746839971,JP
1746839972,1746839972,JM
1746839973,1746839977,IT
1746839978,1746839979,IL
1746839980,1746839984,IE
1746839985,1746839985,ID
1746839986,1746839999,IN
1746840000,1746840000,HU
1746840001,1746840001,GT
1746840002,1746840002,GD
1746840003,1746840005,GR
1746840006,1746840017,DE
1746840018,1746840018,GE
1746840019,1746840023,FR
1746840024,1746840024,FI
1746840025,1746840025,EE
1746840026,1746840026,EC
1746840027,1746840027,DO
1746840028,1746840028,DK
1746840029,1746840029,CZ
1746840030,1746840030,CY
1746840031,1746840031,HR
1746840032,1746840032,CR
1746840033,1746840033,CO
1746840034,1746840034,CL
1746840035,1746840055,CA
1746840056,1746840056,KH
1746840057,1746840057,BG
1746840058,1746840058,BN
1746840059,1746840062,BR
1746840063,1746840064,US
1746840065,1746840072,BR
1746840073,1746840073,BO
1746840074,1746840074,BE
1746840075,1746840075,BB
1746840076,1746840076,AT
1746840077,1746840081,AU
1746840082,1746840083,AR
1746840084,1746840084,NZ
1746840085,1746840085,AU
1746840086,1746840086,DE
1746840087,1746840087,NZ
1746840088,1746840089,NL
1746840090,1746840090,NO
1746840091,1746840092,NL
1746840093,1746840093,PY
1746840094,1746840094,PA
1746840095,1746840095,NZ
1746840096,1746840096,PE
1746840097,1746840097,NL
1746840098,1746840098,OM
1746840099,1746840099,ES
1746840100,1746840101,PL
1746840102,1746840102,SG
1746840103,1746840103,ES
1746840104,1746840104,PH
1746840105,1746840105,PL
1746840106,1746840106,ZA
1746840107,1746840108,PH
1746840109,1746840109,PT
1746840110,1746840111,ES
1746840112,1746840112,PT
1746840113,1746840113,PH
1746840114,1746840114,PT
1746840115,1746840115,QA
1746840116,1746840116,PH
1746840117,1746840117,KR
1746840118,1746840119,PH
1746840120,1746840120,PT
1746840121,1746840121,PH
1746840122,1746840122,SK
1746840123,1746840123,RO
1746840124,1746840124,PH
1746840125,1746840125,ZA
1746840126,1746840126,PT
1746840127,1746840127,PL
1746840128,1746840128,RO
1746840129,1746840129,PL
1746840130,1746840130,ES
1746840131,1746840131,RS
1746840132,1746840132,TR
1746840133,1746840133,AE
1746840134,1746840134,ES
1746840135,1746840136,AE
1746840137,1746840137,LK
1746840138,1746840138,TW
1746840139,1746840139,ES
1746840140,1746840141,CH
1746840142,1746840142,SE
1746840143,1746840143,TH
1746840144,1746840144,SR
1746840145,1746840145,TH
1746840146,1746840146,TZ
1746840147,1746840147,CH
1746840148,1746840148,ES
1746840149,1746840149,TN
1746840150,1746840167,GB
1746840168,1746840236,US
1746840237,1746840237,IE
1746840238,1746840266,US
1746840267,1746840270,VN
1746840271,1746840271,ZM
1746840272,1746840272,ZW
1746840273,1746840273,US
1746840274,1746840274,FR
1746840275,1746840275,HK
1746840276,1746840276,SG
1746840277,1746840277,GB
1746840278,1746840278,KR
1746840279,1746840279,HK
1746840280,1746840280,AU
1746840281,1746840281,US
1746840282,1746840282,VN
1746840283,1746840283,US
1746840284,1746840284,AE
1746840285,1746840285,FR
1746840286,1746840287,US
1746840288,1746840289,GB
1746840290,1746840290,US
1746840291,1746840291,TR
1746840292,1746840292,GB
1746840293,1746840293,IN
1746840294,1746840296,US
1746840297,1746840297,SE
1746840298,1746840298,US
1746840299,1746840299,IN
1746840300,1746840300,CA
1746840301,1746840301,SG
1746840302,1746840302,GB
1746840303,1746840303,US
1746840304,1746840304,SG
1746840305,1746840305,JP
1746840306,1746840306,US
1746840307,1746840307,SG
1746840308,1746840308,AU
1746840309,1746840309,FR
1746840310,1746840310,CR
1746840311,1746840311,BR
1746840312,1746840312,CA
1746840313,1746840313,US
1746840314,1746840314,GB
1746840315,1746840315,FR
1746840316,1746840317,US
1746840318,1746840318,AU
1746840319,1746840321,US
1746840322,1746840322,JP
1746840323,1746840323,AR
1746840324,1746840324,AU
1746840325,1746840325,AT
1746840326,1746840329,AU
1746840330,1746840330,AR
1746840331,1746840331,BO
1746840332,1746840334,BR
1746840335,1746840335,BN
1746840336,1746840339,BR
1746840340,1746840340,BG
1746840341,1746840342,BR
1746840343,1746840343,BE
1746840344,1746840344,BB
1746840345,1746840347,BR
1746840348,1746840350,CA
1746840351,1746840351,KH
1746840352,1746840358,CA
1746840359,1746840359,CL
1746840360,1746840370,CA
1746840371,1746840371,DO
1746840372,1746840372,CR
1746840373,1746840373,DK
1746840374,1746840374,CZ
1746840375,1746840377,FR
1746840378,1746840378,CY
1746840379,1746840379,HR
1746840380,1746840380,FI
1746840381,1746840381,FR
1746840382,1746840382,EE
1746840383,1746840383,EC
1746840384,1746840384,FR
1746840385,1746840385,CO
1746840386,1746840386,DE
1746840387,1746840387,GR
1746840388,1746840388,GT
1746840389,1746840389,GR
1746840390,1746840390,DE
1746840391,1746840391,GD
1746840392,1746840395,DE
1746840396,1746840396,GR
1746840397,1746840400,DE
1746840401,1746840401,GE
1746840402,1746840403,DE
1746840404,1746840404,IT
1746840405,1746840405,IE
1746840406,1746840407,IN
1746840408,1746840408,ID
1746840409,1746840409,IT
1746840410,1746840412,IN
1746840413,1746840413,IE
1746840414,1746840414,IN
1746840415,1746840415,IL
1746840416,1746840417,IE
1746840418,1746840418,IT
1746840419,1746840419,IN
1746840420,1746840421,IT
1746840422,1746840422,IE
1746840423,1746840423,HU
1746840424,1746840426,IN
1746840427,1746840427,IE
1746840428,1746840428,IN
1746840429,1746840429,IL
1746840430,1746840432,IN
1746840433,1746840433,JM
1746840434,1746840434,JP
1746840435,1746840435,LT
1746840436,1746840436,US
1746840437,1746840437,LU
1746840438,1746840438,JO
1746840439,1746840439,KE
1746840440,1746840440,JP
1746840441,1746840441,MV
1746840442,1746840442,LV
1746840443,1746840443,LT
1746840444,1746840444,MX
1746840445,1746840445,MY
1746840446,1746840446,JP
1746840447,1746840447,LT
1746840448,1746840448,MZ
1746840449,1746840449,MU
1746840450,1746840450,MX
1746840451,1746840451,NA
1746840452,1746840453,PH
1746840454,1746840454,PL
1746840455,1746840457,PH
1746840458,1746840458,PE
1746840459,1746840459,NL
1746840460,1746840460,PY
1746840461,1746840461,NL
1746840462,1746840462,PL
1746840463,1746840463,PH
1746840464,1746840464,PT
1746840465,1746840465,PH
1746840466,1746840466,NP
1746840467,1746840467,PT
1746840468,1746840468,PL
1746840469,1746840469,PH
1746840470,1746840470,PT
1746840471,1746840472,NL
1746840473,1746840474,PL
1746840475,1746840475,PH
1746840476,1746840476,PA
1746840477,1746840477,PT
1746840478,1746840478,NZ
1746840479,1746840479,OM
1746840480,1746840480,NO
1746840481,1746840481,PT
1746840482,1746840482,NL
1746840483,1746840483,ES
1746840484,1746840484,LK
1746840485,1746840485,ES
1746840486,1746840486,ZA
1746840487,1746840487,QA
1746840488,1746840488,ES
1746840489,1746840489,CH
1746840490,1746840490,KR
1746840491,1746840491,TN
1746840492,1746840492,TW
1746840493,1746840493,SG
1746840494,1746840494,ES
1746840495,1746840495,ZA
1746840496,1746840496,RO
1746840497,1746840497,ES
1746840498,1746840498,SR
1746840499,1746840499,SE
1746840500,1746840500,TR
1746840501,1746840501,ES
1746840502,1746840503,TH
1746840504,1746840504,RS
1746840505,1746840505,CH
1746840506,1746840506,SK
1746840507,1746840507,CH
1746840508,1746840508,RO
1746840509,1746840510,ES
1746840511,1746840511,TZ
1746840512,1746840512,US
1746840513,1746840514,IN
1746840515,1746840515,BO
1746840516,1746840518,US
1746840519,1746840521,GB
1746840522,1746840522,AE
1746840523,1746840526,GB
1746840527,1746840527,AE
1746840528,1746840531,GB
1746840532,1746840532,AE
1746840533,1746840539,GB
1746840540,1746840646,US
1746840647,1746840650,VN
1746840651,1746840651,ZM
1746840652,1746840652,ZW
1746840653,1746840654,US
1746840655,1746840655,NL
1746840656,1746840658,US
1746840659,1746840659,NL
1746840660,1746840661,US
1746840662,1746840662,JP
1746840663,1746840663,GB
1746840664,1746840664,US
1746840665,1746840665,JP
1746840666,1746840667,SG
1746840668,1746840670,US
1746840671,1746840671,SG
1746840672,1746840673,JP
1746840674,1746840675,HK
1746840676,1746840676,DE
1746840677,1746840678,US
1746840679,1746840679,FI
1746840680,1746840680,ES
1746840681,1746840681,SA
1746840682,1746840682,HK
1746840683,1746840684,US
1746840685,1746840685,BR
1746840686,1746840686,FI
1746840687,1746840687,JP
1746840688,1746840688,US
1746840689,1746840689,AU
1746840690,1746840690,US
1746840691,1746840691,JP
1746840692,1746840694,US
1746840695,1746840695,AU
1746840696,1746840697,IN
1746840698,1746840699,US
1746840700,1746840700,ES
1746840701,1746840701,TW
1746840702,1746840705,US
1746840706,1746840706,CH
1746840707,1746840707,FR
1746840708,1746840708,NZ
1746840709,1746840709,AU
1746840710,1746840710,US
1746840711,1746840711,IT
1746840712,1746840712,GB
1746840713,1746840713,KR
1746840714,1746840716,JP
1746840717,1746840717,AE
1746840718,1746840718,QA
1746840719,1746840719,SA
1746840720,1746840721,US
1746840722,1746840722,DE
1746840723,1746840723,JP
1746840724,1746840724,GB
1746840725,1746840725,ID
1746840726,1746840726,PH
1746840727,1746840727,US
1746840728,1746840731,FR
1746840732,1746840735,AE
1746840736,1746840736,US
1746840737,1746840737,AU
1746840738,1746840738,US
1746840739,1746840739,RU
1746840740,1746840740,US
1746840741,1746840741,JP
1746840742,1746840742,US
1746840743,1746840743,GB
1746840744,1746840744,US
1746840745,1746840745,TW
1746840746,1746840746,RO
1746840747,1746840747,TW
1746840748,1746840748,MY
1746840749,1746840749,ID
1746840750,1746840750,TH
1746840751,1746840751,PH
1746840752,1746840753,JP
1746840754,1746840754,US
1746840755,1746840755,MY
1746840756,1746840756,KR
1746840757,1746840757,US
1746840758,1746840758,JP
1746840759,1746840759,US
1746840760,1746840760,SG
1746840761,1746840762,US
1746840763,1746840763,ES
1746840764,1746840764,PL
1746840765,1746840765,NO
1746840766,1746840766,IT
1746840767,1746840767,CH
1746840768,1746840768,PT
1746840769,1746840769,SE
1746840770,1746840770,FI
1746840771,1746840771,TR
1746840772,1746840772,US
1746840773,1746840773,GB
1746840774,1746840774,SG
1746840775,1746840775,IN
1746840776,1746840777,US
1746840778,1746840778,PK
1746840779,1746840779,GB
1746840780,1746840780,IN
1746840781,1746840788,US
1746840789,1746840789,JP
1746840790,1746840790,IN
1746840791,1746840791,AU
1746840792,1746840793,US
1746840794,1746840794,PL
1746840795,1746840795,US
1746840796,1746840796,ZA
1746840797,1746840797,US
1746840798,1746840798,GB
1746840799,1746840799,FR
1746840800,1746840801,AU
1746840802,1746840802,US
1746840803,1746840803,TW
1746840804,1746840804,US
1746840805,1746840805,IE
1746840806,1746840806,CA
1746840807,1746840807,US
1746840808,1746840808,BR
1746840809,1746840810,US
1746840811,1746840811,SG
1746840812,1746840812,ZA
1746840813,1746840813,JP
1746840814,1746840814,US
1746840815,1746840815,SE
1746840816,1746840816,IE
1746840817,1746840817,US
1746840818,1746840818,PH
1746840819,1746840819,CA
1746840820,1746840820,IN
1746840821,1746840821,GB
1746840822,1746840824,US
1746840825,1746840825,HK
1746840826,1746840826,US
1746840827,1746840827,NL
1746840828,1746840828,MX
1746840829,1746840829,CA
1746840830,1746840833,US
1746840834,1746840834,AU
1746840835,1746840835,US
1746840836,1746840836,IN
1746840837,1746840837,AU
1746840838,1746840838,US
1746840839,1746840840,IE
1746840841,1746840841,DE
1746840842,1746840844,SA
1746840845,1746840845,US
1746840846,1746840846,SG
1746840847,1746840847,HK
1746840848,1746840848,US
1746840849,1746840849,FR
1746840850,1746840850,GB
1746840851,1746840851,FR
1746840852,1746840852,US
1746840853,1746840853,GB
1746840854,1746840854,IN
1746840855,1746840855,MX
1746840856,1746840864,US
1746840865,1746840865,SG
1746840866,1746840867,JP
1746840868,1746840868,HK
1746840869,1746840870,US
1746840871,1746840871,IN
1746840872,1746840873,US
1746840874,1746840874,IL
1746840875,1746840875,PH
1746840876,1746840876,US
1746840877,1746840877,PH
1746840878,1746840878,IN
1746840879,1746840880,IE
1746840881,1746840881,IN
1746840882,1746840882,GB
1746840883,1746840886,US
1746840887,1746840888,JP
1746840889,1746840892,US
1746840893,1746840893,IL
1746840894,1746840895,US
1746840896,1746840896,NL
1746840897,1746840897,AE
1746840898,1746840898,GB
1746840899,1746840900,MX
1746840901,1746840901,DE
1746840902,1746840902,AU
1746840903,1746840903,SG
1746840904,1746840904,US
1746840905,1746840905,AU
1746840906,1746840907,NZ
1746840908,1746840908,AU
1746840909,1746840909,US
1746840910,1746840910,JP
1746840911,1746840912,US
1746840913,1746840913,SG
1746840914,1746840914,FR
1746840915,1746840915,GB
1746840916,1746840916,DK
1746840917,1746840918,US
1746840919,1746840919,FR
1746840920,1746840920,CA
1746840921,1746840921,SG
1746840922,1746840922,HK
1746840923,1746840923,NL
1746840924,1746840924,SE
1746840925,1746840925,IN
1746840926,1746840926,PL
1746840927,1746840927,IN
1746840928,1746840929,US
1746840930,1746840930,FR
1746840931,1746840931,CA
1746840932,1746840933,US
1746840934,1746840934,CA
1746840935,1746840935,US
1746840936,1746840936,AR
1746840937,1746840937,ZA
1746840938,1746840938,AU
1746840939,1746840939,SG
1746840940,1746840946,US
1746840947,1746840947,CA
1746840948,1746840948,GB
1746840949,1746840949,AR
1746840950,1746840950,NL
1746840951,1746840951,PH
1746840952,1746840953,US
1746840954,1746840954,BR
1746840955,1746840955,CA
1746840956,1746840956,US
1746840957,1746840957,JP
1746840958,1746840959,US
1746840960,1746840960,AU
1746840961,1746840961,IL
1746840962,1746840962,AU
1746840963,1746840963,US
1746840964,1746840964,GB
1746840965,1746840971,US
1746840972,1746840972,IN
1746840973,1746840973,SG
1746840974,1746840974,JP
1746840975,1746840975,HK
1746840976,1746840977,US
1746840978,1746840979,PK
1746840980,1746840981,US
1746840982,1746840982,DE
1746840983,1746840983,QA
1746840984,1746840984,SA
1746840985,1746840985,EG
1746840986,1746840987,US
1746840988,1746840988,JP
1746840989,1746840989,DE
1746840990,1746840990,US
1746840991,1746840991,CA
1746840992,1746840993,GB
1746840994,1746840994,CA
1746840995,1746840995,JP
1746840996,1746840999,SG
1746841000,1746841000,IE
1746841001,1746841001,CA
1746841002,1746841002,IN
1746841003,1746841003,AT
1746841004,1746841006,US
1746841007,1746841007,IN
1746841008,1746841008,BR
1746841009,1746841009,CA
1746841010,1746841010,IN
1746841011,1746841011,AU
1746841012,1746841013,US
1746841014,1746841014,GB
1746841015,1746841015,PT
1746841016,1746841017,US
1746841018,1746841018,NO
1746841019,1746841019,PL
1746841020,1746841020,JP
1746841021,1746841021,ZA
1746841022,1746841023,SG
1746841024,1746841025,IN
1746841026,1746841027,GE
1746841028,1746841029,CH
1746841030,1746841032,GB
1746841033,1746841034,AR
1746841035,1746841036,PA
1746841037,1746841037,US
1746841038,1746841038,TW
1746841039,1746841052,JP
1746841053,1746841053,IT
1746841054,1746841054,US
1746841055,1746841055,ES
1746841056,1746841056,US
1746841057,1746841057,SA
1746841058,1746841058,JP
1746841059,1746841059,US
1746841060,1746841060,SG
1746841061,1746841067,US
1746841068,1746841069,JP
1746841070,1746841071,US
1746841072,1746841073,JP
1746841074,1746841075,US
1746841076,1746841077,JP
1746841078,1746841079,US
1746841080,1746841081,JP
1746841082,1746841082,ID
1746841083,1746841083,LV
1746841084,1746841084,US
1746841085,1746841085,AT
1746841086,1746841086,CZ
1746841087,1746841088,US
1746841089,1746841089,MK
1746841090,1746841090,BG
1746841091,1746841091,MT
1746841092,1746841092,GE
1746841093,1746841093,AM
1746841094,1746841094,RS
1746841095,1746841095,RO
1746841096,1746841096,SG
1746841097,1746841099,US
1746841100,1746841100,IL
1746841101,1746841101,JP
1746841102,1746841102,GB
1746841103,1746841103,US
1746841104,1746841104,AU
1746841105,1746841105,SG
1746841106,1746841106,US
1746841107,1746841107,GB
1746841108,1746841108,SA
1746841109,1746841110,JP
1746841111,1746841112,US
1746841113,1746841113,GB
1746841114,1746841114,ES
1746841115,1746841115,US
1746841116,1746841116,MT
1746841117,1746841117,IT
1746841118,1746841125,US
1746841126,1746841126,SG
1746841127,1746841151,JP
1746841152,1746841155,US
1746841156,1746841156,SG
1746841157,1746841157,US
1746841158,1746841158,NZ
1746841159,1746841160,JP
1746841161,1746841161,IN
1746841162,1746841166,US
1746841167,1746841167,AU
1746841168,1746841168,NL
1746841169,1746841169,FR
1746841170,1746841170,IL
1746841171,1746841171,US
1746841172,1746841174,FR
1746841175,1746841175,AE
1746841176,1746841177,FR
1746841178,1746841180,AE
1746841181,1746841181,CH
1746841182,1746841183,AU
1746841184,1746841184,NZ
1746841185,1746841186,AU
1746841187,1746841187,IN
1746841188,1746841188,SG
1746841189,1746841189,IN
1746841190,1746841194,US
1746841195,1746841195,FR
1746841196,1746841196,GR
1746841197,1746841197,KR
1746841198,1746841198,US
1746841199,1746841199,CY
1746841200,1746841201,US
1746841202,1746841203,AU
1746841204,1746841204,SG
1746841205,1746841206,IN
1746841207,1746841207,DE
1746841208,1746841208,NL
1746841209,1746841209,IE
1746841210,1746841216,US
1746841217,1746841217,SG
1746841218,1746841225,JP
1746841226,1746841226,GB
1746841227,1746841227,US
1746841228,1746841228,AU
1746841229,1746841229,US
1746841230,1746841230,IE
1746841231,1746841231,NG
1746841232,1746841232,GH
1746841233,1746841234,PH
1746841235,1746841237,US
1746841238,1746841238,JP
1746841239,1746841239,PF
1746841240,1746841240,US
1746841241,1746841241,CA
1746841242,1746841242,US
1746841243,1746841243,GB
1746841244,1746841244,IN
1746841245,1746841245,US
1746841246,1746841247,IN
1746841248,1746841248,JP
1746841249,1746841249,US
1746841250,1746841253,FR
1746841254,1746841257,AE
1746841258,1746841258,IE
1746841259,1746841259,US
1746841260,1746841260,GB
1746841261,1746841261,PH
1746841262,1746841262,ZA
1746841263,1746841263,NP
1746841264,1746841273,US
1746841274,1746841275,AU
1746841276,1746841276,DE
1746841277,1746841277,BR
1746841278,1746841278,PE
1746841279,1746841279,SE
1746841280,1746841281,AR
1746841282,1746841282,DE
1746841283,1746841283,SE
1746841284,1746841284,BR
1746841285,1746841285,PE
1746841286,1746841286,JP
1746841287,1746841287,BR
1746841288,1746841288,AR
1746841289,1746841289,PE
1746841290,1746841290,CL
1746841291,1746841291,MX
1746841292,1746841292,CL
1746841293,1746841293,AR
1746841294,1746841294,PE
1746841295,1746841295,FR
1746841296,1746841297,SA
1746841298,1746841298,IN
1746841299,1746841299,MY
1746841300,1746841300,AT
1746841301,1746841301,US
1746841302,1746841302,FI
1746841303,1746841304,US
1746841305,1746841305,EE
1746841306,1746841307,JP
1746841308,1746841308,US
1746841309,1746841309,GB
1746841310,1746841310,SG
1746841311,1746841311,US
1746841312,1746841312,JP
1746841313,1746841313,US
1746841314,1746841314,EE
1746841315,1746841315,GT
1746841316,1746841316,IN
1746841317,1746841317,BR
1746841318,1746841318,ZA
1746841319,1746841319,FR
1746841320,1746841320,SG
1746841321,1746841321,JP
1746841322,1746841325,US
1746841326,1746841326,PH
1746841327,1746841327,MX
1746841328,1746841328,PA
1746841329,1746841329,GB
1746841330,1746841330,NL
1746841331,1746841331,US
1746841332,1746841332,LU
1746841333,1746841333,IT
1746841334,1746841334,BE
1746841335,1746841335,FR
1746841336,1746841336,TN
1746841337,1746841338,US
1746841339,1746841340,SG
1746841341,1746841342,GR
1746841343,1746841344,US
1746841345,1746841346,GB
1746841347,1746841347,US
1746841348,1746841348,SG
1746841349,1746841349,AU
1746841350,1746841350,US
1746841351,1746841351,KR
1746841352,1746841352,BR
1746841353,1746841354,US
1746841355,1746841356,BR
1746841357,1746841357,KR
1746841358,1746841367,US
1746841368,1746841369,AU
1746841370,1746841370,US
1746841371,1746841371,AU
1746841372,1746841372,US
1746841373,1746841373,CL
1746841374,1746841374,DE
1746841375,1746841383,US
1746841384,1746841384,SG
1746841385,1746841385,US
1746841386,1746841386,HK
1746841387,1746841387,GB
1746841388,1746841388,US
1746841389,1746841389,SG
1746841390,1746841390,HK
1746841391,1746841391,GB
1746841392,1746841392,IL
1746841393,1746841393,CA
1746841394,1746841394,MY
1746841395,1746841395,SG
1746841396,1746841396,GB
1746841397,1746841397,IE
1746841398,1746841399,US
1746841400,1746841400,NL
1746841401,1746841401,US
1746841402,1746841402,HK
1746841403,1746841403,JP
1746841404,1746841404,AE
1746841405,1746841405,FR
1746841406,1746841406,SG
1746841407,1746841408,US
1746841409,1746841410,ES
1746841411,1746841412,DE
1746841413,1746841413,JP
1746841414,1746841414,IN
1746841415,1746841416,CA
1746841417,1746841417,BR
1746841418,1746841418,US
1746841419,1746841419,IN
1746841420,1746841420,JP
1746841421,1746841423,US
1746841424,1746841424,GB
1746841425,1746841425,BR
1746841426,1746841426,SG
1746841427,1746841427,FR
1746841428,1746841428,JP
1746841429,1746841429,GB
1746841430,1746841430,SG
1746841431,1746841431,US
1746841432,1746841432,PL
1746841433,1746841433,RO
1746841434,1746841434,BR
1746841435,1746841435,NL
1746841436,1746841436,US
1746841437,1746841437,ZA
1746841438,1746841438,US
1746841439,1746841440,FR
1746841441,1746841441,GB
1746841442,1746841443,US
1746841444,1746841444,AE
1746841445,1746841445,IN
1746841446,1746841446,AE
1746841447,1746841447,US
1746841448,1746841448,AU
1746841449,1746841449,ID
1746841450,1746841450,SG
1746841451,1746841451,ES
1746841452,1746841452,DE
1746841453,1746841453,GB
1746841454,1746841454,US
1746841455,1746841455,VN
1746841456,1746841458,US
1746841459,1746841459,DE
1746841460,1746841460,GB
1746841461,1746841461,US
1746841462,1746841462,GB
1746841463,1746841464,US
1746841465,1746841465,DE
1746841466,1746841468,US
1746841469,1746841469,IE
1746841470,1746841470,GB
1746841471,1746841472,IN
1746841473,1746841473,AU
1746841474,1746841474,SG
1746841475,1746841475,IN
1746841476,1746841476,DE
1746841477,1746841478,US
1746841479,1746841479,DK
1746841480,1746841480,GB
1746841481,1746841482,US
1746841483,1746841483,PL
1746841484,1746841484,NL
1746841485,1746841485,US
1746841486,1746841486,FR
1746841487,1746841488,GB
1746841489,1746841489,US
1746841490,1746841490,FR
1746841491,1746841495,US
1746841496,1746841496,AE
1746841497,1746841497,DE
1746841498,1746841498,US
1746841499,1746841499,CA
1746841500,1746841500,IN
1746841501,1746841501,US
1746841502,1746841502,SG
1746841503,1746841503,JP
1746841504,1746841504,CH
1746841505,1746841505,US
1746841506,1746841506,GB
1746841507,1746841507,JP
1746841508,1746841508,SG
1746841509,1746841509,US
1746841510,1746841510,AU
1746841511,1746841512,DE
1746841513,1746841514,SG
1746841515,1746841515,DE
1746841516,1746841516,GB
1746841517,1746841517,NL
1746841518,1746841519,IT
1746841520,1746841520,GB
1746841521,1746841521,DE
1746841522,1746841522,ES
1746841523,1746841523,IE
1746841524,1746841524,JP
1746841525,1746841525,IN
1746841526,1746841526,DE
1746841527,1746841527,IT
1746841528,1746841529,AU
1746841530,1746841531,US
1746841532,1746841532,CA
1746841533,1746841533,US
1746841534,1746841534,TW
1746841535,1746841536,US
1746841537,1746841537,GB
1746841538,1746841538,JP
1746841539,1746841539,US
1746841540,1746841540,CA
1746841541,1746841542,US
1746841543,1746841543,TH
1746841544,1746841544,US
1746841545,1746841547,CA
1746841548,1746841548,IN
1746841549,1746841549,CA
1746841550,1746841550,NL
1746841551,1746841552,US
1746841553,1746841554,GB
1746841555,1746841555,NL
1746841556,1746841557,US
1746841558,1746841559,NZ
1746841560,1746841560,AU
1746841561,1746841561,NL
1746841562,1746841562,JP
1746841563,1746841564,BG
1746841565,1746841565,KR
1746841566,1746841567,AU
1746841568,1746841568,KR
1746841569,1746841570,BR
1746841571,1746841571,GB
1746841572,1746841573,US
1746841574,1746841574,CR
1746841575,1746841575,US
1746841576,1746841576,FR
1746841577,1746841578,US
1746841579,1746841579,JP
1746841580,1746841580,DE
1746841581,1746841581,JP
1746841582,1746841583,US
1746841584,1746841584,JP
1746841585,1746841585,GB
1746841586,1746841586,IL
1746841587,1746841587,US
1746841588,1746841588,VN
1746841589,1746841589,NZ
1746841590,1746841590,US
1746841591,1746841591,AU
1746841592,1746841593,US
1746841594,1746841594,DE
1746841595,1746841595,IN
1746841596,1746841596,US
1746841597,1746841597,SG
1746841598,1746841598,KR
1746841599,1746841600,US
1746841601,1746841601,IN
1746841602,1746841602,US
1746841603,1746841604,AU
1746841605,1746841605,SG
1746841606,1746841606,US
1746841607,1746841607,AE
1746841608,1746841608,US
1746841609,1746841609,PH
1746841610,1746841610,KR
1746841611,1746841611,GB
1746841612,1746841612,US
1746841613,1746841613,AU
1746841614,1746841614,JP
1746841615,1746841615,GB
1746841616,1746841616,US
1746841617,1746841617,DE
1746841618,1746841618,CH
1746841619,1746841619,GB
1746841620,1746841620,US
1746841621,1746841621,CA
1746841622,1746841622,SG
1746841623,1746841623,US
1746841624,1746841624,DE
1746841625,1746841625,BR
1746841626,1746841626,AU
1746841627,1746841628,US
1746841629,1746841629,SA
1746841630,1746841632,US
1746841633,1746841633,BR
1746841634,1746841634,DE
1746841635,1746841636,GB
1746841637,1746841637,CL
1746841638,1746841638,AU
1746841639,1746841639,US
1746841640,1746841640,TW
1746841641,1746841641,US
1746841642,1746841642,AU
1746841643,1746841643,US
1746841644,1746841644,NL
1746841645,1746841645,SG
1746841646,1746841646,US
1746841647,1746841647,SG
1746841648,1746841648,TW
1746841649,1746841649,AU
1746841650,1746841650,JP
1746841651,1746841651,US
1746841652,1746841652,GB
1746841653,1746841654,US
1746841655,1746841655,GB
1746841656,1746841657,US
1746841658,1746841658,DE
1746841659,1746841659,US
1746841660,1746841660,GB
1746841661,1746841661,JP
1746841662,1746841663,US
1746841664,1746841666,JP
1746841667,1746841667,CA
1746841668,1746841668,US
1746841669,1746841669,AU
1746841670,1746841670,SE
1746841671,1746841671,FR
1746841672,1746841673,US
1746841674,1746841674,IE
1746841675,1746841676,US
1746841677,1746841677,AU
1746841678,1746841678,EE
1746841679,1746841679,SE
1746841680,1746841680,US
1746841681,1746841681,AU
1746841682,1746841683,IN
1746841684,1746841684,RU
1746841685,1746841685,TW
1746841686,1746841686,US
1746841687,1746841687,CR
1746841688,1746841689,US
1746841690,1746841690,DE
1746841691,1746841691,US
1746841692,1746841692,RO
1746841693,1746841693,HK
1746841694,1746841694,CZ
1746841695,1746841695,IN
1746841696,1746841697,US
1746841698,1746841698,IN
1746841699,1746841699,US
1746841700,1746841700,DE
1746841701,1746841701,HK
1746841702,1746841702,AU
1746841703,1746841703,US
1746841704,1746841704,JP
1746841705,1746841705,US
1746841706,1746841707,IN
1746841708,1746841708,CA
1746841709,1746841709,US
1746841710,1746841710,AU
1746841711,1746841711,US
1746841712,1746841712,FR
1746841713,1746841714,US
1746841715,1746841715,VN
1746841716,1746841716,SG
1746841717,1746841718,US
1746841719,1746841719,GB
1746841720,1746841720,IE
1746841721,1746841721,JP
1746841722,1746841722,GB
1746841723,1746841724,US
1746841725,1746841725,ID
1746841726,1746841727,US
1746841728,1746841728,BR
1746841729,1746841729,US
1746841730,1746841730,AU
1746841731,1746841731,FR
1746841732,1746841732,US
1746841733,1746841733,IL
1746841734,1746841736,US
1746841737,1746841737,NO
1746841738,1746841738,US
1746841739,1746841739,GB
1746841740,1746841740,CH
1746841741,1746841741,KR
1746841742,1746841742,JP
1746841743,1746841745,US
1746841746,1746841746,AU
1746841747,1746841747,JP
1746841748,1746841748,CL
1746841749,1746841749,US
1746841750,1746841750,AU
1746841751,1746841752,US
1746841753,1746841753,DE
1746841754,1746841754,UA
1746841755,1746841755,TW
1746841756,1746841756,PA
1746841757,1746841757,US
1746841758,1746841758,JP
1746841759,1746841759,CA
1746841760,1746841760,US
1746841761,1746841762,JP
1746841763,1746841765,US
1746841766,1746841767,GB
1746841768,1746841769,US
1746841770,1746841770,CH
1746841771,1746841771,US
1746841772,1746841772,PT
1746841773,1746841774,US
1746841775,1746841775,GB
1746841776,1746841777,US
1746841778,1746841778,GB
1746841779,1746841779,MX
1746841780,1746841780,JP
1746841781,1746841782,US
1746841783,1746841783,FR
1746841784,1746841784,MX
1746841785,1746841785,DE
1746841786,1746841786,US
1746841787,1746841787,GB
1746841788,1746841788,SG
1746841789,1746841789,DE
1746841790,1746841790,HU
1746841791,1746841791,SG
1746841792,1746841793,US
1746841794,1746841794,CA
1746841795,1746841795,IN
1746841796,1746841798,JP
1746841799,1746841799,US
1746841800,1746841800,NZ
1746841801,1746841801,AU
1746841802,1746841802,SE
1746841803,1746841804,JP
1746841805,1746841805,US
1746841806,1746841806,IN
1746841807,1746841807,US
1746841808,1746841808,IT
1746841809,1746841810,JP
1746841811,1746841811,DE
1746841812,1746841812,JP
1746841813,1746841813,US
1746841814,1746841814,NL
1746841815,1746841816,GB
1746841817,1746841817,US
1746841818,1746841818,KR
1746841819,1746841819,US
1746841820,1746841820,MX
1746841821,1746841821,CH
1746841822,1746841822,FR
1746841823,1746841823,US
1746841824,1746841824,CA
1746841825,1746841825,GB
1746841826,1746841826,US
1746841827,1746841827,DE
1746841828,1746841829,US
1746841830,1746841830,GB
1746841831,1746841831,US
1746841832,1746841832,FR
1746841833,1746841833,JP
1746841834,1746841835,US
1746841836,1746841836,SG
1746841837,1746841837,PL
1746841838,1746841838,NL
1746841839,1746841839,IN
1746841840,1746841840,US
1746841841,1746841841,NL
1746841842,1746841842,FR
1746841843,1746841843,US
1746841844,1746841844,GB
1746841845,1746841845,US
1746841846,1746841846,DE
1746841847,1746841847,SG
1746841848,1746841848,CA
1746841849,1746841849,JP
1746841850,1746841850,US
1746841851,1746841852,CA
1746841853,1746841853,JP
1746841854,1746841856,US
1746841857,1746841857,AU
1746841858,1746841858,SG
1746841859,1746841861,US
1746841862,1746841862,IE
1746841863,1746841863,BE
1746841864,1746841864,FR
1746841865,1746841865,KR
1746841866,1746841866,GB
1746841867,1746841867,DE
1746841868,1746841868,AU
1746841869,1746841869,US
1746841870,1746841870,JP
1746841871,1746841872,DE
1746841873,1746841875,US
1746841876,1746841876,TW
1746841877,1746841877,JP
1746841878,1746841878,GB
1746841879,1746841879,US
1746841880,1746841880,JP
1746841881,1746841882,US
1746841883,1746841883,GB
1746841884,1746841884,US
1746841885,1746841885,JP
1746841886,1746841886,AU
1746841887,1746841893,US
1746841894,1746841894,DE
1746841895,1746841895,CA
1746841896,1746841896,DE
1746841897,1746841897,AR
1746841898,1746841898,US
1746841899,1746841900,KR
1746841901,1746841902,US
1746841903,1746841903,GB
1746841904,1746841905,US
1746841906,1746841906,KR
1746841907,1746841907,PT
1746841908,1746841908,GB
1746841909,1746841909,AU
1746841910,1746841911,US
1746841912,1746841912,AU
1746841913,1746841913,CA
1746841914,1746841915,US
1746841916,1746841916,IN
1746841917,1746841917,JP
1746841918,1746841918,US
1746841919,1746841919,AU
1746841920,1746841920,CA
1746841921,1746841921,US
1746841922,1746841922,GB
1746841923,1746841923,CA
1746841924,1746841924,US
1746841925,1746841925,KR
1746841926,1746841926,US
1746841927,1746841927,JP
1746841928,1746841928,IN
1746841929,1746841929,US
1746841930,1746841930,GB
1746841931,1746841932,US
1746841933,1746841933,JP
1746841934,1746841934,GB
1746841935,1746841937,US
1746841938,1746841938,DE
1746841939,1746841940,US
1746841941,1746841941,AU
1746841942,1746841942,TR
1746841943,1746841943,US
1746841944,1746841944,GB
1746841945,1746841945,CA
1746841946,1746841946,US
1746841947,1746841947,SE
1746841948,1746841948,US
1746841949,1746841949,PL
1746841950,1746841950,US
1746841951,1746841951,IN
1746841952,1746841954,US
1746841955,1746841955,DE
1746841956,1746841956,US
1746841957,1746841957,JP
1746841958,1746841958,DE
1746841959,1746841959,FR
1746841960,1746841960,DE
1746841961,1746841961,CA
1746841962,1746841962,US
1746841963,1746841963,HK
1746841964,1746841964,CA
1746841965,1746841965,JP
1746841966,1746841966,GB
1746841967,1746841967,DE
1746841968,1746841968,US
1746841969,1746841969,HK
1746841970,1746841970,IN
1746841971,1746841971,US
1746841972,1746841972,GB
1746841973,1746841973,JP
1746841974,1746841974,IN
1746841975,1746841975,US
1746841976,1746841976,GB
1746841977,1746841977,US
1746841978,1746841978,GB
1746841979,1746841979,DE
1746841980,1746841980,LT
1746841981,1746841981,NZ
1746841982,1746841982,US
1746841983,1746841983,DE
1746841984,1746841984,TW
1746841985,1746842017,US
1746842018,1746842018,AU
1746842019,1746842019,JP
1746842020,1746842020,NO
1746842021,1746842021,SE
1746842022,1746842022,US
1746842023,1746842023,DE
1746842024,1746842024,US
1746842025,1746842025,FR
1746842026,1746842026,SE
1746842027,1746842027,AU
1746842028,1746842029,US
1746842030,1746842030,JP
1746842031,1746842031,BR
1746842032,1746842032,RO
1746842033,1746842033,DE
1746842034,1746842034,US
1746842035,1746842035,CA
1746842036,1746842036,US
1746842037,1746842037,GB
1746842038,1746842042,US
1746842043,1746842043,GB
1746842044,1746842044,AU
1746842045,1746842045,CH
1746842046,1746842046,US
1746842047,1746842047,AU
1746842048,1746842048,PT
1746842049,1746842049,US
1746842050,1746842050,GB
1746842051,1746842053,US
1746842054,1746842054,JP
1746842055,1746842058,US
1746842059,1746842059,CH
1746842060,1746842060,JP
1746842061,1746842062,US
1746842063,1746842063,JP
1746842064,1746842066,US
1746842067,1746842067,CA
1746842068,1746842068,US
1746842069,1746842069,AE
1746842070,1746842071,US
1746842072,1746842072,HK
1746842073,1746842073,NZ
1746842074,1746842074,US
1746842075,1746842076,AU
1746842077,1746842077,GB
1746842078,1746842078,NL
1746842079,1746842079,SG
1746842080,1746842080,PL
1746842081,1746842081,US
1746842082,1746842082,AU
1746842083,1746842083,US
1746842084,1746842084,GB
1746842085,1746842087,US
1746842088,1746842088,IN
1746842089,1746842089,GB
1746842090,1746842092,US
1746842093,1746842093,GB
1746842094,1746842094,SE
1746842095,1746842095,US
1746842096,1746842096,FR
1746842097,1746842097,SG
1746842098,1746842098,JP
1746842099,1746842099,SG
1746842100,1746842100,JP
1746842101,1746842101,US
1746842102,1746842103,GB
1746842104,1746842104,US
1746842105,1746842105,GB
1746842106,1746842108,US
1746842109,1746842109,KR
1746842110,1746842110,JP
1746842111,1746842112,US
1746842113,1746842113,JP
1746842114,1746842114,SA
1746842115,1746842115,JP
1746842116,1746842116,GB
1746842117,1746842117,TW
1746842118,1746842118,JP
1746842119,1746842119,SG
1746842120,1746842124,US
1746842125,1746842125,BR
1746842126,1746842126,US
1746842127,1746842127,SG
1746842128,1746842128,AU
1746842129,1746842129,KR
1746842130,1746842131,US
1746842132,1746842133,GB
1746842134,1746842135,US
1746842136,1746842136,GB
1746842137,1746842138,US
1746842139,1746842139,PH
1746842140,1746842140,BR
1746842141,1746842141,NL
1746842142,1746842142,BG
1746842143,1746842143,IL
1746842144,1746842144,US
1746842145,1746842145,GB
1746842146,1746842147,US
1746842148,1746842149,GB
1746842150,1746842150,HK
1746842151,1746842151,JP
1746842152,1746842155,IT
1746842156,1746842156,IN
1746842157,1746842161,IT
1746842162,1746842162,DE
1746842163,1746842166,US
1746842167,1746842168,AU
1746842169,1746842173,US
1746842174,1746842174,CA
1746842175,1746842175,SG
1746842176,1746842176,DE
1746842177,1746842177,US
1746842178,1746842178,GB
1746842179,1746842179,US
1746842180,1746842180,IN
1746842181,1746842181,GB
1746842182,1746842182,AU
1746842183,1746842183,ES
1746842184,1746842184,PL
1746842185,1746842185,JP
1746842186,1746842186,DE
1746842187,1746842187,US
1746842188,1746842188,CA
1746842189,1746842189,US
1746842190,1746842190,CA
1746842191,1746842191,JP
1746842192,1746842192,DE
1746842193,1746842193,US
1746842194,1746842194,CA
1746842195,1746842195,GB
1746842196,1746842196,JP
1746842197,1746842197,GB
1746842198,1746842198,FR
1746842199,1746842199,DE
1746842200,1746842200,IN
1746842201,1746842201,TW
1746842202,1746842202,GB
1746842203,1746842203,CA
1746842204,1746842204,JP
1746842205,1746842205,MY
1746842206,1746842206,MD
1746842207,1746842207,PY
1746842208,1746842208,PH
1746842209,1746842209,PL
1746842210,1746842210,RE
1746842211,1746842211,SA
1746842212,1746842212,SG
1746842213,1746842213,KR
1746842214,1746842214,SE
1746842215,1746842215,TW
1746842216,1746842221,US
1746842222,1746842222,BB
1746842223,1746842223,GY
1746842224,1746842224,MK
1746842225,1746842225,DE
1746842226,1746842226,ZA
1746842227,1746842227,IN
1746842228,1746842228,US
1746842229,1746842229,SG
1746842230,1746842230,US
1746842231,1746842231,VN
1746842232,1746842232,SG
1746842233,1746842233,US
1746842234,1746842234,CA
1746842235,1746842236,US
1746842237,1746842237,HK
1746842238,1746842238,AU
1746842239,1746842239,US
1746842240,1746842240,FR
1746842241,1746842241,JP
1746842242,1746842242,AU
1746842243,1746842243,JP
1746842244,1746842244,US
1746842245,1746842245,SG
1746842246,1746842246,JP
1746842247,1746842247,GB
1746842248,1746842248,IT
1746842249,1746842249,US
1746842250,1746842250,SA
1746842251,1746842251,IT
1746842252,1746842252,KR
1746842253,1746842253,BR
1746842254,1746842254,US
1746842255,1746842255,HK
1746842256,1746842256,GB
1746842257,1746842257,AU
1746842258,1746842258,SG
1746842259,1746842260,US
1746842261,1746842261,GB
1746842262,1746842262,SG
1746842263,1746842263,CA
1746842264,1746842264,IL
1746842265,1746842265,US
1746842266,1746842266,JP
1746842267,1746842267,PH
1746842268,1746842268,GB
1746842269,1746842269,US
1746842270,1746842270,IT
1746842271,1746842271,GB
1746842272,1746842273,AU
1746842274,1746842274,JP
1746842275,1746842275,SA
1746842276,1746842276,GB
1746842277,1746842277,FR
1746842278,1746842278,JP
1746842279,1746842279,AU
1746842280,1746842281,US
1746842282,1746842282,SE
1746842283,1746842283,SG
1746842284,1746842284,NL
1746842285,1746842285,AU
1746842286,1746842286,SE
1746842287,1746842287,NO
1746842288,1746842288,US
1746842289,1746842289,JP
1746842290,1746842290,US
1746842291,1746842291,AU
1746842292,1746842292,US
1746842293,1746842293,TW
1746842294,1746842294,JP
1746842295,1746842295,CA
1746842296,1746842296,JP
1746842297,1746842297,KR
1746842298,1746842300,US
1746842301,1746842301,CA
1746842302,1746842302,SG
1746842303,1746842303,FR
1746842304,1746842304,JP
1746842305,1746842305,IT
1746842306,1746842307,US
1746842308,1746842308,AE
1746842309,1746842309,SG
1746842310,1746842310,US
1746842311,1746842311,FR
1746842312,1746842312,JP
1746842313,1746842313,US
1746842314,1746842314,AE
1746842315,1746842315,JP
1746842316,1746842316,BE
1746842317,1746842320,US
1746842321,1746842321,JP
1746842322,1746842329,US
1746842330,1746842330,DE
1746842331,1746842331,BR
1746842332,1746842332,GB
1746842333,1746842334,JP
1746842335,1746842336,US
1746842337,1746842337,IN
1746842338,1746842338,CL
1746842339,1746842339,US
1746842340,1746842340,GB
1746842341,1746842341,BR
1746842342,1746842343,US
1746842344,1746842344,NL
1746842345,1746842345,GB
1746842346,1746842347,US
1746842348,1746842348,IN
1746842349,1746842349,GB
1746842350,1746842350,DE
1746842351,1746842351,GB
1746842352,1746842352,US
1746842353,1746842353,SE
1746842354,1746842356,US
1746842357,1746842357,JP
1746842358,1746842359,AU
1746842360,1746842360,JP
1746842361,1746842361,AU
1746842362,1746842369,US
1746842370,1746842370,ES
1746842371,1746842371,US
1746842372,1746842372,SG
1746842373,1746842373,US
1746842374,1746842374,DE
1746842375,1746842377,US
1746842378,1746842378,SG
1746842379,1746842380,GB
1746842381,1746842381,US
1746842382,1746842382,AU
1746842383,1746842383,AE
1746842384,1746842384,JP
1746842385,1746842385,US
1746842386,1746842386,JP
1746842387,1746842389,US
1746842390,1746842390,DE
1746842391,1746842391,SA
1746842392,1746842392,JP
1746842393,1746842394,US
1746842395,1746842395,BR
1746842396,1746842396,JP
1746842397,1746842397,US
1746842398,1746842398,HK
1746842399,1746842399,JP
1746842400,1746842400,NZ
1746842401,1746842401,AT
1746842402,1746842402,JP
1746842403,1746842403,US
1746842404,1746842404,IT
1746842405,1746842405,GB
1746842406,1746842406,JP
1746842407,1746842407,BH
1746842408,1746842408,HK
1746842409,1746842409,US
1746842410,1746842410,JP
1746842411,1746842411,ZA
1746842412,1746842412,AU
1746842413,1746842414,US
1746842415,1746842415,AU
1746842416,1746842416,IL
1746842417,1746842417,JP
1746842418,1746842418,US
1746842419,1746842419,IE
1746842420,1746842420,DE
1746842421,1746842421,SG
1746842422,1746842422,AU
1746842423,1746842423,TW
1746842424,1746842425,JP
1746842426,1746842426,TW
1746842427,1746842427,US
1746842428,1746842428,IN
1746842429,1746842432,US
1746842433,1746842433,SG
1746842434,1746842434,US
1746842435,1746842435,ES
1746842436,1746842436,NL
1746842437,1746842437,BR
1746842438,1746842438,FR
1746842439,1746842439,TW
1746842440,1746842440,DE
1746842441,1746842441,GB
1746842442,1746842442,CA
1746842443,1746842443,DE
1746842444,1746842444,GB
1746842445,1746842445,BR
1746842446,1746842446,US
1746842447,1746842447,SG
1746842448,1746842448,DE
1746842449,1746842450,US
1746842451,1746842451,IN
1746842452,1746842452,AU
1746842453,1746842453,US
1746842454,1746842454,CH
1746842455,1746842455,AU
1746842456,1746842456,AR
1746842457,1746842457,KR
1746842458,1746842458,IN
1746842459,1746842462,US
1746842463,1746842463,DE
1746842464,1746842464,GR
1746842465,1746842466,US
1746842467,1746842467,KR
1746842468,1746842468,JP
1746842469,1746842473,US
1746842474,1746842474,GB
1746842475,1746842475,SE
1746842476,1746842477,US
1746842478,1746842478,FR
1746842479,1746842479,CA
1746842480,1746842480,DE
1746842481,1746842482,US
1746842483,1746842483,SA
1746842484,1746842484,CA
1746842485,1746842486,US
1746842487,1746842487,CA
1746842488,1746842489,US
1746842490,1746842490,ZA
1746842491,1746842491,SG
1746842492,1746842492,US
1746842493,1746842494,JP
1746842495,1746842495,US
1746842496,1746842496,GB
1746842497,1746842497,AU
1746842498,1746842498,DE
1746842499,1746842499,US
1746842500,1746842500,CA
1746842501,1746842501,DE
1746842502,1746842502,GB
1746842503,1746842503,CA
1746842504,1746842504,IN
1746842505,1746842505,SG
1746842506,1746842506,JP
1746842507,1746842507,CA
1746842508,1746842508,PT
1746842509,1746842510,US
1746842511,1746842511,SE
1746842512,1746842512,ES
1746842513,1746842513,JP
1746842514,1746842514,US
1746842515,1746842515,TW
1746842516,1746842516,AR
1746842517,1746842517,SA
1746842518,1746842518,JP
1746842519,1746842519,US
1746842520,1746842520,TW
1746842521,1746842522,US
1746842523,1746842523,IT
1746842524,1746842528,US
1746842529,1746842529,JP
1746842530,1746842530,GB
1746842531,1746842531,US
1746842532,1746842532,AU
1746842533,1746842533,VN
1746842534,1746842534,US
1746842535,1746842535,GB
1746842536,1746842536,SG
1746842537,1746842537,JP
1746842538,1746842538,IN
1746842539,1746842540,US
1746842541,1746842541,GB
1746842542,1746842542,ES
1746842543,1746842544,US
1746842545,1746842545,SG
1746842546,1746842546,JP
1746842547,1746842548,AU
1746842549,1746842550,JP
1746842551,1746842551,SG
1746842552,1746842552,AU
1746842553,1746842553,DE
1746842554,1746842554,US
1746842555,1746842555,DE
1746842556,1746842556,AU
1746842557,1746842559,US
1746842560,1746842560,AU
1746842561,1746842561,HK
1746842562,1746842562,NZ
1746842563,1746842563,HK
1746842564,1746842564,GB
1746842565,1746842565,US
1746842566,1746842566,AU
1746842567,1746842567,CH
1746842568,1746842569,US
1746842570,1746842570,JP
1746842571,1746842571,FR
1746842572,1746842572,CL
1746842573,1746842573,US
1746842574,1746842574,AU
1746842575,1746842575,NZ
1746842576,1746842577,BR
1746842578,1746842579,US
1746842580,1746842580,DE
1746842581,1746842582,JP
1746842583,1746842583,US
1746842584,1746842584,SG
1746842585,1746842585,US
1746842586,1746842586,JP
1746842587,1746842587,US
1746842588,1746842588,DE
1746842589,1746842590,US
1746842591,1746842591,SG
1746842592,1746842593,US
1746842594,1746842594,JP
1746842595,1746842595,US
1746842596,1746842596,BR
1746842597,1746842597,AU
1746842598,1746842602,US
1746842603,1746842603,DE
1746842604,1746842604,CA
1746842605,1746842605,DE
1746842606,1746842606,US
1746842607,1746842607,JP
1746842608,1746842609,US
1746842610,1746842610,KR
1746842611,1746842611,CA
1746842612,1746842613,US
1746842614,1746842614,GB
1746842615,1746842615,BR
1746842616,1746842616,TW
1746842617,1746842617,FR
1746842618,1746842618,JP
1746842619,1746842619,GB
1746842620,1746842620,TH
1746842621,1746842621,US
1746842622,1746842622,ZA
1746842623,1746842625,US
1746842626,1746842626,AU
1746842627,1746842627,ID
1746842628,1746842628,AT
1746842629,1746842629,SG
1746842630,1746842630,HK
1746842631,1746842631,CA
1746842632,1746842632,US
1746842633,1746842633,DK
1746842634,1746842635,US
1746842636,1746842636,GB
1746842637,1746842637,PT
1746842638,1746842638,FR
1746842639,1746842639,US
1746842640,1746842640,DE
1746842641,1746842641,JP
1746842642,1746842642,US
1746842643,1746842643,BR
1746842644,1746842644,NL
1746842645,1746842645,BR
1746842646,1746842646,DE
1746842647,1746842647,SG
1746842648,1746842648,US
1746842649,1746842649,PT
1746842650,1746842650,KR
1746842651,1746842651,GB
1746842652,1746842653,US
1746842654,1746842654,GB
1746842655,1746842655,JP
1746842656,1746842657,US
1746842658,1746842658,SG
1746842659,1746842659,US
1746842660,1746842660,GB
1746842661,1746842661,US
1746842662,1746842662,GB
1746842663,1746842663,SG
1746842664,1746842664,NO
1746842665,1746842665,CA
1746842666,1746842666,NZ
1746842667,1746842667,AR
1746842668,1746842668,US
1746842669,1746842669,FI
1746842670,1746842670,AR
1746842671,1746842671,RU
1746842672,1746842672,MX
1746842673,1746842673,CA
1746842674,1746842674,NZ
1746842675,1746842675,RU
1746842676,1746842676,FI
1746842677,1746842678,CO
1746842679,1746842680,JP
1746842681,1746842681,US
1746842682,1746842682,TR
1746842683,1746842683,PT
1746842684,1746842684,IN
1746842685,1746842685,PH
1746842686,1746842687,DK
1746842688,1746842688,PH
1746842689,1746842689,NO
1746842690,1746842690,IN
1746842691,1746842691,RO
1746842692,1746842692,AE
1746842693,1746842693,DE
1746842694,1746842694,GB
1746842695,1746842695,ES
1746842696,1746842696,AU
1746842697,1746842697,US
1746842698,1746842698,AU
1746842699,1746862231,US
1746862232,1746862235,GB
1746862236,1746862239,US
1746862240,1746862271,GB
1746862272,1746862351,US
1746862352,1746862367,CA
1746862368,1746862399,US
1746862400,1746862463,GB
1746862464,1746862483,US
1746862484,1746862484,CO
1746862485,1746862487,US
1746862488,1746862490,AU
1746862491,1746862493,NL
1746862494,1746862499,US
1746862500,1746862501,DE
1746862502,1746862559,US
1746862560,1746862575,ZA
1746862576,1746863087,US
1746863088,1746863094,KW
1746863095,1746863199,US
1746863200,1746863218,IQ
1746863219,1746863375,US
1746863376,1746863391,KW
1746863392,1747202047,US
1747202048,1747202815,IN
1747202816,1747210239,US
1747210240,1747210495,NL
1747210496,1747215359,US
1747215360,1747216383,CA
1747216384,1747219455,US
1747219456,1747220479,CA
1747220480,1747227647,US
1747227648,1747228671,CA
1747228672,1747229695,US
1747229696,1747230719,CA
1747230720,1747232767,US
1747232768,1747234815,CA
1747234816,1747236863,US
1747236864,1747237887,SG
1747237888,1747260415,US
1747260416,1747261439,CA
1747261440,1747263487,US
1747263488,1747263583,DK
1747263584,1747263615,NO
1747263616,1747265023,DK
1747265024,1747265535,NO
1747265536,1747270655,US
1747270656,1747272703,CA
1747272704,1747273727,US
1747273728,1747274751,CA
1747274752,1747275775,US
1747275776,1747276799,CA
1747276800,1747283967,US
1747283968,1747284991,CA
1747284992,1747293183,US
1747293184,1747294207,CA
1747294208,1747306495,US
1747306496,1747308543,CA
1747308544,1747309567,US
1747309568,1747310591,KR
1747310592,1747316735,US
1747316736,1747317759,CA
1747317760,1747533274,US
1747533275,1747533275,BR
1747533276,1749024767,US
1749024768,1749032959,ID
1749032960,1749041151,BR
1749041152,1749057535,US
1749057536,1749065727,JP
1749065728,1749073919,NO
1749073920,1749082111,SG
1749082112,1749188607,US
1749188608,1749196799,AU
1749196800,1749204991,US
1749204992,1749213183,SG
1749213184,1749213695,MX
1749213696,1749221375,US
1749221376,1749237759,AU
1749237760,1751711743,US
1751711744,1751719935,DE
1751719936,1751728127,FR
1751728128,1751736319,IT
1751736320,1751744511,SE
1751744512,1751752703,JP
1751752704,1751760895,US
1751760896,1751769087,FR
1751769088,1752104959,US
1752104960,1752113151,GB
1752113152,1752121343,DE
1752121344,1753223167,US
1753223168,1753223423,CH
1753223424,1753223679,BG
1753223680,1753223935,LU
1753223936,1753224191,JP
1753224192,1753224447,ES
1753224448,1753224703,US
1753224704,1753224959,GB
1753224960,1753225215,US
1753225216,1753225471,CH
1753225472,1753225727,US
1753225728,1753225983,AT
1753225984,1753226239,US
1753226240,1753226495,IT
1753226496,1753226751,SG
1753226752,1753227007,DK
1753227008,1753227263,AU
1753227264,1753237759,US
1753237760,1753238015,MX
1753238016,1753251839,US
1753251840,1753252351,RU
1753252352,1753252863,AE
1753252864,1753253119,RU
1753253120,1753253375,AE
1753253376,1753253887,RU
1753253888,1753254399,AE
1753254400,1753254911,DE
1753254912,1753255423,RU
1753255424,1753255935,AE
1753255936,1753260031,CA
1753260032,1753264639,US
1753264640,1753265151,CA
1753265152,1753266175,US
1753266176,1753267199,CA
1753267200,1753280511,US
1753280512,1753284607,CA
1753284608,1753309183,US
1753309184,1753317887,CA
1753317888,1753318911,US
1753318912,1753319423,CA
1753319424,1753325055,US
1753325056,1753325567,CA
1753325568,1753326591,PA
1753326592,1753330687,US
1753330688,1753331711,CA
1753331712,1753483263,US
1753483264,1753483519,IE
1753483520,1753485315,US
1753485316,1753485319,IN
1753485320,1753485323,US
1753485324,1753485343,IN
1753485344,1753485347,US
1753485348,1753485391,IN
1753485392,1753485395,US
1753485396,1753485419,IN
1753485420,1753485423,US
1753485424,1753485443,IN
1753485444,1753485455,US
1753485456,1753485463,IN
1753485464,1753485475,US
1753485476,1753485479,IN
1753485480,1753485483,US
1753485484,1753485487,IN
1753485488,1753485567,US
1753485568,1753485571,MY
1753485572,1753485575,PH
1753485576,1753485579,JP
1753485580,1753485583,ID
1753485584,1753485587,SG
1753485588,1753485595,ID
1753485596,1753485599,HK
1753485600,1753485603,PH
1753485604,1753485607,KR
1753485608,1753485611,HK
1753485612,1753485615,JP
1753485616,1753485619,TW
1753485620,1753485623,ID
1753485624,1753485631,PH
1753485632,1753485635,SG
1753485636,1753485639,JP
1753485640,1753485643,SG
1753485644,1753485647,TW
1753485648,1753485651,JP
1753485652,1753485655,KR
1753485656,1753485659,SG
1753485660,1753485663,MY
1753485664,1753485667,SG
1753485668,1753485671,JP
1753485672,1753485675,SG
1753485676,1753485679,MY
1753485680,1753485683,JP
1753485684,1753485687,TW
1753485688,1753485691,KR
1753485692,1753485699,TW
1753485700,1753485703,MY
1753485704,1753485707,TW
1753485708,1753485711,SG
1753485712,1753485719,TW
1753485720,1753485723,TH
1753485724,1753485727,SG
1753485728,1753485731,JP
1753485732,1753486719,US
1753486720,1753486723,IE
1753486724,1753486783,US
1753486784,1753486847,IE
1753486848,1753487359,US
1753487360,1753487615,CH
1753487616,1753488127,US
1753488128,1753488383,SE
1753488384,1753490431,US
1753490432,1753490687,IL
1753490688,1753492735,US
1753492736,1753492991,GB
1753492992,1753499903,US
1753499904,1753500159,IN
1753500160,1753512063,US
1753512064,1753512127,IN
1753512128,1753512703,US
1753512704,1753512959,SG
1753512960,1753515263,US
1753515264,1753515519,AU
1753515520,1753527039,US
1753527040,1753527295,NL
1753527296,1753527551,US
1753527552,1753527807,IN
1753527808,1753528831,US
1753528832,1753529087,CL
1753529088,1753530879,US
1753530880,1753531135,TW
1753531136,1753535743,US
1753535744,1753535999,TW
1753536000,1753536255,US
1753536256,1753536511,FI
1753536512,1753539519,US
1753539520,1753539583,IE
1753539584,1753541823,US
1753541824,1753541831,DE
1753541832,1753544447,US
1753544448,1753544703,IN
1753544704,1753548287,US
1753548288,1753548543,BE
1753548544,1753551359,US
1753551360,1753551615,TW
1753551616,1753560831,US
1753560832,1753561087,DK
1753561088,1753580031,US
1753580032,1753580287,CH
1753580288,1753580543,IN
1753580544,1753583103,US
1753583104,1753583359,FR
1753583360,1753594623,US
1753594624,1753594879,IN
1753594880,1753597327,US
1753597328,1753597331,MX
1753597332,1753597723,US
1753597724,1753597727,MX
1753597728,1753597739,US
1753597740,1753597743,MX
1753597744,1753598463,US
1753598464,1753598719,SG
1753598720,1753612287,US
1753612288,1753612543,NL
1753612544,1753613311,US
1753613312,1753613567,NL
1753613568,1753613839,US
1753613840,1753613855,DE
1753613856,1753614079,US
1753614080,1753614335,IN
1753614336,1753614847,US
1753614848,1753614855,TW
1753614856,1753617407,US
1753617408,1753617663,NL
1753617664,1753617919,DE
1753617920,1753618431,US
1753618432,1753618687,IN
1753618688,1753619199,US
1753619200,1753619455,TW
1753619456,1753620991,US
1753620992,1753621247,AU
1753621248,1753621503,CH
1753621504,1753621759,JP
1753621760,1753621823,IN
1753621824,1753622015,US
1753622016,1753622271,AR
1753622272,1753622911,US
1753622912,1753622975,JP
1753622976,1753623039,SG
1753623040,1753623103,US
1753623104,1753623167,IN
1753623168,1753623231,FI
1753623232,1753645311,US
1753645312,1753645567,BR
1753645568,1753647231,US
1753647232,1753647295,GB
1753647296,1753647359,JP
1753647360,1753648383,US
1753648384,1753648639,GB
1753648640,1753649279,US
1753649280,1753649343,NL
1753649344,1753649791,US
1753649792,1753649855,DE
1753649856,1753650687,US
1753650688,1753650943,SG
1753650944,1753651199,DE
1753651200,1753651455,FR
1753651456,1753651711,US
1753651712,1753651967,FI
1753651968,1753652223,IE
1753652224,1753652735,US
1753652736,1753652991,BR
1753652992,1753653759,US
1753653760,1753654015,IE
1753654016,1753654399,US
1753654400,1753654463,IN
1753654464,1753654783,NL
1753654784,1753655295,US
1753655296,1753655359,AR
1753655360,1753655487,US
1753655488,1753655551,GB
1753655552,1753655807,US
1753655808,1753656063,GB
1753656064,1753656319,NL
1753656320,1753656767,US
1753656768,1753656831,GB
1753656832,1753657599,US
1753657600,1753657855,DE
1753657856,1753658111,US
1753658112,1753658367,DE
1753658368,1753658623,JP
1753658624,1753659391,US
1753659392,1753659647,GB
1753659648,1753659903,NL
1753659904,1753660159,US
1753660160,1753660415,BE
1753660416,1753660671,US
1753660672,1753660927,BE
1753660928,1753661823,US
1753661824,1753661951,IN
1753661952,1753662015,CA
1753662016,1753662079,US
1753662080,1753662143,BE
1753662144,1753662975,US
1753662976,1753663039,CH
1753663040,1753663103,AU
1753663104,1753663167,CH
1753663168,1753663743,US
1753663744,1753663999,CA
1753664000,1753665791,US
1753665792,1753666047,IN
1753666048,1753669631,US
1753669632,1753669887,AU
1753669888,1753670399,US
1753670400,1753670655,CH
1753670656,1753670911,US
1753670912,1753671167,NL
1753671168,1753671295,US
1753671296,1753671359,FR
1753671360,1753671551,US
1753671552,1753671615,GB
1753671616,1753673727,US
1753673728,1753673983,GB
1753673984,1753674239,US
1753674240,1753674495,IL
1753674496,1753712647,US
1753712648,1753712767,JP
1753712768,1753712771,US
1753712772,1753712781,JP
1753712782,1753712895,US
1753712896,1753712955,JP
1753712956,1753721855,US
1753721856,1753722111,NL
1753722112,1753722883,US
1753722884,1753722887,MX
1753722888,1753722907,US
1753722908,1753722911,CA
1753722912,1753724303,US
1753724304,1753724307,MX
1753724308,1753724699,US
1753724700,1753724703,MX
1753724704,1753724715,US
1753724716,1753724719,MX
1753724720,1753724927,US
1753724928,1753724931,KE
1753724932,1753724939,DE
1753724940,1753724943,SA
1753724944,1753724947,BE
1753724948,1753724951,FR
1753724952,1753724955,US
1753724956,1753724959,ZA
1753724960,1753724963,PL
1753724964,1753724967,DE
1753724968,1753724971,ZA
1753724972,1753724975,CH
1753724976,1753724979,NL
1753724980,1753724983,DE
1753724984,1753724987,GB
1753724988,1753724991,DE
1753724992,1753724995,CH
1753724996,1753724999,PL
1753725000,1753725007,FR
1753725008,1753725011,ZA
1753725012,1753725015,SA
1753725016,1753725019,FR
1753725020,1753725023,NG
1753725024,1753725027,US
1753725028,1753725031,GB
1753725032,1753725035,NO
1753725036,1753725039,NL
1753725040,1753725043,DE
1753725044,1753725047,GB
1753725048,1753725051,DE
1753725052,1753725055,IT
1753725056,1753725059,GB
1753725060,1753725063,NL
1753725064,1753725067,PL
1753725068,1753725071,BE
1753725072,1753725075,IE
1753725076,1753725079,PL
1753725080,1753725083,GB
1753725084,1753725091,NL
1753725092,1753725095,IE
1753725096,1753725099,FI
1753725100,1753725103,BE
1753725104,1753725111,DK
1753725112,1753725119,BE
1753725120,1753725123,NL
1753725124,1753725127,BE
1753725128,1753725131,FI
1753725132,1753725135,BE
1753725136,1753725139,NL
1753725140,1753725143,DK
1753725144,1753725147,FI
1753725148,1753725151,BE
1753725152,1753725155,FI
1753725156,1753725163,NL
1753725164,1753725167,BE
1753725168,1753725171,FI
1753725172,1753725175,UA
1753725176,1753725179,BE
1753725180,1753725183,NL
1753725184,1753725187,FI
1753725188,1753725191,GB
1753725192,1753725439,US
1753725440,1753725443,FI
1753725444,1753725447,PL
1753725448,1753725451,PT
1753725452,1753725455,NO
1753725456,1753725459,SK
1753725460,1753725463,CH
1753725464,1753725467,NL
1753725468,1753725471,RO
1753725472,1753725475,PT
1753725476,1753725479,GB
1753725480,1753725487,PT
1753725488,1753725491,RO
1753725492,1753725495,GB
1753725496,1753725499,NL
1753725500,1753725503,SE
1753725504,1753725511,CH
1753725512,1753725515,IE
1753725516,1753725519,DE
1753725520,1753725523,CH
1753725524,1753725527,PL
1753725528,1753725531,ES
1753725532,1753725535,CH
1753725536,1753725539,FR
1753725540,1753725543,GB
1753725544,1753725547,US
1753725548,1753725551,ES
1753725552,1753725555,PL
1753725556,1753725559,ES
1753725560,1753725563,IT
1753725564,1753725567,GH
1753725568,1753725571,IT
1753725572,1753725575,NL
1753725576,1753725579,IT
1753725580,1753725583,FI
1753725584,1753725587,PL
1753725588,1753725591,DE
1753725592,1753725595,IE
1753725596,1753725599,NO
1753725600,1753725603,PL
1753725604,1753725607,IT
1753725608,1753725611,FR
1753725612,1753725615,PL
1753725616,1753725619,DE
1753725620,1753725623,PL
1753725624,1753725627,DE
1753725628,1753725631,AE
1753725632,1753725635,SA
1753725636,1753725639,TR
1753725640,1753725643,GB
1753725644,1753725647,ZA
1753725648,1753725651,DE
1753725652,1753725655,SE
1753725656,1753725659,DE
1753725660,1753725663,IT
1753725664,1753725667,US
1753725668,1753725671,FR
1753725672,1753725675,DE
1753725676,1753725679,IT
1753725680,1753725683,GB
1753725684,1753725687,SA
1753725688,1753725691,DE
1753725692,1753725695,SE
1753725696,1753725955,US
1753725956,1753725959,IN
1753725960,1753725963,US
1753725964,1753725983,IN
1753725984,1753725987,US
1753725988,1753726031,IN
1753726032,1753726035,US
1753726036,1753726059,IN
1753726060,1753726063,US
1753726064,1753726083,IN
1753726084,1753726095,US
1753726096,1753726103,IN
1753726104,1753726115,US
1753726116,1753726119,IN
1753726120,1753726123,US
1753726124,1753726127,IN
1753726128,1753726987,US
1753726988,1753726991,PH
1753726992,1753726995,MY
1753726996,1753726999,TW
1753727000,1753727003,JP
1753727004,1753727007,TH
1753727008,1753727011,PH
1753727012,1753727015,TW
1753727016,1753727023,KR
1753727024,1753727027,JP
1753727028,1753727031,KR
1753727032,1753727039,HK
1753727040,1753727043,TH
1753727044,1753727051,KR
1753727052,1753727055,TW
1753727056,1753727059,JP
1753727060,1753727063,TW
1753727064,1753727067,MY
1753727068,1753727071,ID
1753727072,1753727079,JP
1753727080,1753727083,TW
1753727084,1753727087,MY
1753727088,1753727091,TW
1753727092,1753727095,MY
1753727096,1753727099,JP
1753727100,1753727103,PH
1753727104,1753727231,US
1753727232,1753727251,AU
1753727252,1753727255,NZ
1753727256,1753727283,AU
1753727284,1753727487,US
1753727488,1753727491,MY
1753727492,1753727495,PH
1753727496,1753727499,JP
1753727500,1753727503,ID
1753727504,1753727507,SG
1753727508,1753727515,ID
1753727516,1753727519,HK
1753727520,1753727523,PH
1753727524,1753727527,KR
1753727528,1753727531,HK
1753727532,1753727535,JP
1753727536,1753727539,TW
1753727540,1753727543,ID
1753727544,1753727551,PH
1753727552,1753727555,SG
1753727556,1753727559,JP
1753727560,1753727563,SG
1753727564,1753727567,TW
1753727568,1753727571,JP
1753727572,1753727575,KR
1753727576,1753727579,SG
1753727580,1753727583,MY
1753727584,1753727587,SG
1753727588,1753727591,JP
1753727592,1753727595,SG
1753727596,1753727599,MY
1753727600,1753727603,JP
1753727604,1753727607,TW
1753727608,1753727611,KR
1753727612,1753727619,TW
1753727620,1753727623,MY
1753727624,1753727627,TW
1753727628,1753727631,SG
1753727632,1753727639,TW
1753727640,1753727643,TH
1753727644,1753727647,SG
1753727648,1753727651,JP
1753727652,1753727999,US
1753728000,1753728003,IE
1753728004,1753728011,GB
1753728012,1753728015,NL
1753728016,1753728019,LT
1753728020,1753728027,DE
1753728028,1753728031,HU
1753728032,1753728035,DE
1753728036,1753728039,FR
1753728040,1753728043,DE
1753728044,1753728047,AT
1753728048,1753728051,IE
1753728052,1753728055,IT
1753728056,1753728059,PL
1753728060,1753728063,PT
1753728064,1753728067,CH
1753728068,1753728071,GB
1753728072,1753728075,DE
1753728076,1753728079,ES
1753728080,1753728083,DK
1753728084,1753728087,DE
1753728088,1753728091,NL
1753728092,1753728095,PT
1753728096,1753728099,ES
1753728100,1753728103,CZ
1753728104,1753728115,CH
1753728116,1753728119,IT
1753728120,1753728123,CH
1753728124,1753728127,BE
1753728128,1753728131,CH
1753728132,1753728135,FI
1753728136,1753728143,CH
1753728144,1753728175,IE
1753728176,1753728179,DE
1753728180,1753728195,IE
1753728196,1753728199,NL
1753728200,1753728203,FR
1753728204,1753728211,GB
1753728212,1753728219,DE
1753728220,1753728223,IE
1753728224,1753728227,DK
1753728228,1753728231,BE
1753728232,1753728239,DE
1753728240,1753728243,FR
1753728244,1753728247,PT
1753728248,1753728251,GR
1753728252,1753728255,ES
1753728256,1753728511,US
1753728512,1753728543,IL
1753728544,1753729023,US
1753729024,1753729027,IN
1753729028,1753729047,US
1753729048,1753729051,IN
1753729052,1753729079,US
1753729080,1753729087,IN
1753729088,1753729111,US
1753729112,1753729115,IN
1753729116,1753729127,US
1753729128,1753729131,IN
1753729132,1753729139,US
1753729140,1753729143,IN
1753729144,1753729147,US
1753729148,1753729151,IN
1753729152,1753729279,US
1753729280,1753729283,PE
1753729284,1753729287,CO
1753729288,1753729311,BR
1753729312,1753729319,CL
1753729320,1753729323,BR
1753729324,1753729331,CL
1753729332,1753729335,AR
1753729336,1753729339,BR
1753729340,1753729343,AR
1753729344,1753729351,BR
1753729352,1753729355,CL
1753729356,1753729359,US
1753729360,1753729363,CL
1753729364,1753729655,US
1753729656,1753729659,CA
1753729660,1753729667,US
1753729668,1753729671,CA
1753729672,1753729679,US
1753729680,1753729683,CA
1753729684,1753729699,US
1753729700,1753729703,CA
1753729704,1753729707,US
1753729708,1753729711,CA
1753729712,1753729727,US
1753729728,1753729731,CA
1753729732,1753729743,US
1753729744,1753729747,CA
1753729748,1753729751,US
1753729752,1753729755,CA
1753729756,1753729759,US
1753729760,1753729763,CA
1753729764,1753729767,US
1753729768,1753729771,CA
1753729772,1753729775,US
1753729776,1753729779,CA
1753729780,1753729783,US
1753729784,1753729787,MX
1753729788,1753730567,US
1753730568,1753730587,JP
1753730588,1753730688,US
1753730689,1753730689,JP
1753730690,1753730749,US
1753730750,1753730750,JP
1753730751,1753730751,US
1753730752,1753730755,JP
1753730756,1753731083,US
1753731084,1753731087,PH
1753731088,1753731091,MY
1753731092,1753731095,TW
1753731096,1753731099,JP
1753731100,1753731103,TH
1753731104,1753731107,PH
1753731108,1753731111,TW
1753731112,1753731119,KR
1753731120,1753731123,JP
1753731124,1753731127,KR
1753731128,1753731135,HK
1753731136,1753731139,TH
1753731140,1753731147,KR
1753731148,1753731151,TW
1753731152,1753731155,JP
1753731156,1753731159,TW
1753731160,1753731163,MY
1753731164,1753731167,ID
1753731168,1753731175,JP
1753731176,1753731179,TW
1753731180,1753731183,MY
1753731184,1753731187,TW
1753731188,1753731191,MY
1753731192,1753731195,JP
1753731196,1753731199,PH
1753731200,1753731327,US
1753731328,1753731347,AU
1753731348,1753731351,NZ
1753731352,1753731379,AU
1753731380,1753732095,US
1753732096,1753732099,IE
1753732100,1753732107,GB
1753732108,1753732111,NL
1753732112,1753732115,LT
1753732116,1753732123,DE
1753732124,1753732127,HU
1753732128,1753732131,DE
1753732132,1753732135,FR
1753732136,1753732139,DE
1753732140,1753732143,AT
1753732144,1753732147,IE
1753732148,1753732151,IT
1753732152,1753732155,PL
1753732156,1753732159,PT
1753732160,1753732163,CH
1753732164,1753732167,SE
1753732168,1753732171,DE
1753732172,1753732175,ES
1753732176,1753732179,DK
1753732180,1753732183,DE
1753732184,1753732187,BE
1753732188,1753732191,PT
1753732192,1753732195,ES
1753732196,1753732199,CZ
1753732200,1753732211,CH
1753732212,1753732215,IT
1753732216,1753732219,CH
1753732220,1753732223,BE
1753732224,1753732227,CH
1753732228,1753732231,FI
1753732232,1753732239,CH
1753732240,1753732271,IE
1753732272,1753732275,GB
1753732276,1753732291,IE
1753732292,1753732295,NL
1753732296,1753732299,FR
1753732300,1753732307,GB
1753732308,1753732315,DE
1753732316,1753732319,IE
1753732320,1753732323,DK
1753732324,1753732327,BE
1753732328,1753732335,DE
1753732336,1753732339,FR
1753732340,1753732343,PT
1753732344,1753732347,GR
1753732348,1753732351,ES
1753732352,1753732607,US
1753732608,1753732639,IL
1753732640,1753732739,US
1753732740,1753732743,FI
1753732744,1753732751,NL
1753732752,1753732755,BE
1753732756,1753732759,FI
1753732760,1753732763,UA
1753732764,1753732767,BE
1753732768,1753732771,NL
1753732772,1753732775,FI
1753732776,1753732779,DE
1753732780,1753732863,US
1753732864,1753732867,FI
1753732868,1753732871,PL
1753732872,1753732875,PT
1753732876,1753732879,NO
1753732880,1753732883,SK
1753732884,1753732887,CH
1753732888,1753732891,NL
1753732892,1753732895,RO
1753732896,1753732899,PT
1753732900,1753732903,GB
1753732904,1753732911,PT
1753732912,1753732915,RO
1753732916,1753732919,GB
1753732920,1753732923,NL
1753732924,1753732927,SE
1753732928,1753732935,CH
1753732936,1753732939,IE
1753732940,1753732943,DE
1753732944,1753732947,CH
1753732948,1753732951,PL
1753732952,1753732955,ES
1753732956,1753732959,CH
1753732960,1753732963,FR
1753732964,1753732967,GB
1753732968,1753732971,US
1753732972,1753732975,ES
1753732976,1753732979,PL
1753732980,1753732983,ES
1753732984,1753732987,IT
1753732988,1753732991,GH
1753732992,1753732995,IT
1753732996,1753732999,NL
1753733000,1753733003,IT
1753733004,1753733007,FI
1753733008,1753733011,PL
1753733012,1753733015,DE
1753733016,1753733019,IE
1753733020,1753733023,NO
1753733024,1753733027,PL
1753733028,1753733031,IT
1753733032,1753733035,FR
1753733036,1753733039,PL
1753733040,1753733043,DE
1753733044,1753733047,PL
1753733048,1753733051,DE
1753733052,1753733055,AE
1753733056,1753733059,SA
1753733060,1753733063,TR
1753733064,1753733067,GB
1753733068,1753733071,ZA
1753733072,1753733075,DE
1753733076,1753733079,GB
1753733080,1753733083,DE
1753733084,1753733087,IT
1753733088,1753733091,US
1753733092,1753733095,FR
1753733096,1753733099,DE
1753733100,1753733103,IT
1753733104,1753733107,GB
1753733108,1753733111,SA
1753733112,1753733115,DE
1753733116,1753733119,SE
1753733120,1753733123,IN
1753733124,1753733143,US
1753733144,1753733147,IN
1753733148,1753733175,US
1753733176,1753733183,IN
1753733184,1753733207,US
1753733208,1753733211,IN
1753733212,1753733223,US
1753733224,1753733227,IN
1753733228,1753733235,US
1753733236,1753733239,IN
1753733240,1753733243,US
1753733244,1753733247,IN
1753733248,1753733375,US
1753733376,1753733379,PE
1753733380,1753733383,CO
1753733384,1753733407,BR
1753733408,1753733415,CL
1753733416,1753733419,BR
1753733420,1753733427,CL
1753733428,1753733431,AR
1753733432,1753733435,BR
1753733436,1753733439,AR
1753733440,1753733447,BR
1753733448,1753733451,CL
1753733452,1753733455,US
1753733456,1753733459,CL
1753733460,1753733751,US
1753733752,1753733755,CA
1753733756,1753733763,US
1753733764,1753733767,CA
1753733768,1753733775,US
1753733776,1753733779,CA
1753733780,1753733795,US
1753733796,1753733799,CA
1753733800,1753733803,US
1753733804,1753733807,CA
1753733808,1753733823,US
1753733824,1753733827,CA
1753733828,1753733839,US
1753733840,1753733843,CA
1753733844,1753733847,US
1753733848,1753733851,CA
1753733852,1753733855,US
1753733856,1753733859,CA
1753733860,1753733863,US
1753733864,1753733867,CA
1753733868,1753733871,US
1753733872,1753733875,CA
1753733876,1753733879,US
1753733880,1753733883,MX
1753733884,1753734659,US
1753734660,1753734663,MX
1753734664,1753734683,US
1753734684,1753734687,CA
1753734688,1753734911,US
1753734912,1753734915,KE
1753734916,1753734923,DE
1753734924,1753734927,SA
1753734928,1753734931,BE
1753734932,1753734935,FR
1753734936,1753734939,US
1753734940,1753734943,ZA
1753734944,1753734947,PL
1753734948,1753734951,DE
1753734952,1753734955,ZA
1753734956,1753734959,CH
1753734960,1753734963,NL
1753734964,1753734967,DE
1753734968,1753734971,GB
1753734972,1753734975,DE
1753734976,1753734979,CH
1753734980,1753734983,PL
1753734984,1753734991,FR
1753734992,1753734995,ZA
1753734996,1753734999,SA
1753735000,1753735003,FR
1753735004,1753735007,NG
1753735008,1753735011,US
1753735012,1753735015,GB
1753735016,1753735019,NO
1753735020,1753735023,NL
1753735024,1753735027,DE
1753735028,1753735031,GB
1753735032,1753735035,DE
1753735036,1753735039,IT
1753735040,1753735043,GB
1753735044,1753735047,NL
1753735048,1753735051,PL
1753735052,1753735055,BE
1753735056,1753735059,IE
1753735060,1753735063,PL
1753735064,1753735067,GB
1753735068,1753735075,NL
1753735076,1753735079,IE
1753735080,1753735083,FI
1753735084,1753735087,BE
1753735088,1753735095,DK
1753735096,1753735099,BE
1753735100,1753735107,NL
1753735108,1753735111,BE
1753735112,1753735115,FI
1753735116,1753735119,BE
1753735120,1753735123,NL
1753735124,1753735127,DK
1753735128,1753735131,FI
1753735132,1753735135,BE
1753735136,1754007551,US
1754007552,1754008063,KR
1754008064,1754011647,US
1754011648,1754012159,CA
1754012160,1754016255,US
1754016256,1754016511,VN
1754016512,1754021887,US
1754021888,1754022911,BR
1754022912,1754057727,US
1754057728,1754057983,CA
1754057984,1754136575,US
1754136576,1754169343,CA
1754169344,1754172507,US
1754172508,1754172509,AU
1754172510,1754172533,US
1754172534,1754172535,AU
1754172536,1754172813,US
1754172814,1754172817,AU
1754172818,1754181887,US
1754181888,1754182143,GB
1754182144,1754182911,US
1754182912,1754183167,DE
1754183168,1754183935,US
1754183936,1754184191,FR
1754184192,1754184447,US
1754184448,1754184703,SE
1754184704,1754184959,US
1754184960,1754185215,IT
1754185216,1754185471,US
1754185472,1754185727,ES
1754185728,1754202111,US
1754202112,1754202623,AT
1754202624,1754204159,US
1754204160,1754204415,CA
1754204416,1754210303,US
1754210304,1754213375,HK
1754213376,1754213887,US
1754213888,1754214399,HK
1754214400,1754251263,US
1754251264,1754251775,AE
1754251776,1754252287,NL
1754252288,1754253311,DE
1754253312,1754253567,NL
1754253568,1754253823,RU
1754253824,1754254335,AE
1754254336,1754254591,TR
1754254592,1754254847,DE
1754254848,1754255103,BG
1754255104,1754255359,AT
1754255360,1754256383,CH
1754256384,1754257919,AE
1754257920,1754258175,NL
1754258176,1754258431,AE
1754258432,1754258943,DE
1754258944,1754259455,AE
1754259456,1754260479,GB
1754260480,1754260735,US
1754260736,1754266879,GB
1754266880,1754267135,US
1754267136,1754267647,GB
1754267648,1754362879,US
1754362880,1754363135,CA
1754363136,1754726399,US
1754726400,1754759167,DE
1754759168,1754761215,CA
1754761216,1754799103,US
1754799104,1754800127,CA
1754800128,1754804223,US
1754804224,1754804479,BG
1754804480,1754804735,DE
1754804736,1754822655,US
1754822656,1754823679,CA
1754823680,1754827791,US
1754827792,1754827807,GB
1754827808,1754827823,DE
1754827824,1754827855,US
1754827856,1754827871,SG
1754827872,1754830847,US
1754830848,1754831871,CA
1754831872,1754832895,US
1754832896,1754835967,CA
1754835968,1754845183,US
1754845184,1754846207,CA
1754846208,1754849279,US
1754849280,1754850303,CA
1754850304,1754852351,US
1754852352,1754853375,JM
1754853376,1754863615,US
1754863616,1754864639,CA
1754864640,1754869759,US
1754869760,1754870783,CA
1754870784,1754871807,US
1754871808,1754872831,CA
1754872832,1754886655,US
1754886656,1754886911,DE
1754886912,1754890239,US
1754890240,1754892287,BB
1754892288,1754894335,CA
1754894336,1754899455,US
1754899456,1754899967,IT
1754899968,1754900223,US
1754900224,1754900479,CA
1754900480,1754911743,US
1754911744,1754912767,CA
1754912768,1754920959,US
1754920960,1754921983,DM
1754921984,1754988543,US
1754988544,1755021311,BE
1755021312,1755037695,US
1755037696,1755049983,TW
1755049984,1755070463,US
1755070464,1755074559,CA
1755074560,1755088895,US
1755088896,1755089919,CA
1755089920,1755090687,US
1755090688,1755090943,NL
1755090944,1755091967,CA
1755091968,1755093759,US
1755094016,1755113471,US
1755113472,1755113983,AU
1755113984,1755115007,US
1755115008,1755115519,JP
1755115520,1755119615,US
1755119616,1755283455,CA
1755283456,1755316223,US
1755316224,1755316991,SC
1755316992,1755317247,TH
1755317248,1755319295,SC
1755319296,1755319807,SE
1755319808,1755323647,SC
1755323648,1755323903,SG
1755323904,1755324415,SC
1755324416,1755365375,US
1755365376,1755374591,CA
1755374592,1755375103,US
1755375104,1755375359,CA
1755375360,1755375615,US
1755375616,1755376639,CA
1755376640,1755379455,US
1755379456,1755381759,CA
1755381760,1755512831,US
1755512832,1755578367,CA
1755578368,1755581695,US
1755581696,1755581951,JP
1755581952,1755582207,US
1755582208,1755582463,DE
1755582464,1755582719,US
1755582720,1755582975,BR
1755582976,1755583743,US
1755583744,1755583999,DE
1755584000,1755584255,FR
1755584256,1755585023,US
1755585024,1755585279,DE
1755585280,1755585791,US
1755585792,1755586047,DE
1755586048,1755586559,US
1755586560,1755586815,NL
1755586816,1755587839,US
1755587840,1755588095,BR
1755588096,1755588351,CN
1755588352,1755588607,GB
1755588608,1755588863,BR
1755588864,1755589631,US
1755589632,1755589887,PL
1755589888,1755590399,US
1755590400,1755590655,NL
1755590656,1755592191,US
1755592192,1755592447,FI
1755592448,1755593215,US
1755593216,1755593471,FR
1755593472,1755594495,US
1755594496,1755595263,BR
1755595264,1755597055,US
1755597056,1755597311,BR
1755597312,1755598079,US
1755598080,1755598335,CA
1755598336,1755598591,US
1755598592,1755598847,CA
1755598848,1755599359,US
1755599360,1755599615,GB
1755599616,1755600383,US
1755600384,1755600639,BR
1755600640,1755600895,DE
1755600896,1755601151,GR
1755601152,1755601407,GB
1755601408,1755601663,US
1755601664,1755601919,KG
1755601920,1755602687,US
1755602688,1755602943,DE
1755602944,1755603199,GB
1755603200,1755603455,CA
1755603456,1755603711,JP
1755603712,1755603967,BR
1755603968,1755604223,US
1755604224,1755604479,JP
1755604480,1755605503,US
1755605504,1755605759,DE
1755605760,1755606271,US
1755606272,1755606527,FR
1755606528,1755607039,US
1755607040,1755607295,AU
1755607296,1755607551,BR
1755607552,1755607807,DE
1755607808,1755608319,US
1755608320,1755608575,NZ
1755608576,1755608831,FR
1755608832,1755609087,US
1755609088,1755609343,PL
1755609344,1755610367,US
1755610368,1755610623,AU
1755610624,1755610879,US
1755610880,1755611135,BR
1755611136,1755613439,US
1755613440,1755613695,CA
1755613696,1755614975,US
1755614976,1755615231,FR
1755615232,1755615487,NL
1755615488,1755615743,BR
1755615744,1755615999,US
1755616000,1755616255,DE
1755616256,1755616511,PE
1755616512,1755616767,US
1755616768,1755617023,BR
1755617024,1755617279,FR
1755617280,1755617535,US
1755617536,1755617791,NL
1755617792,1755619327,US
1755619328,1755619583,DE
1755619584,1755620607,US
1755620608,1755620863,NL
1755620864,1755621375,US
1755621376,1755621631,VN
1755621632,1755621887,NL
1755621888,1755622143,US
1755622144,1755622655,PL
1755622656,1755622911,US
1755622912,1755623167,BR
1755623168,1755623423,US
1755623424,1755623679,NL
1755623680,1755625215,US
1755625216,1755625471,GB
1755625472,1755625727,BR
1755625728,1755625983,US
1755625984,1755626239,AU
1755626240,1755626495,BR
1755626496,1755626751,DE
1755626752,1755627007,US
1755627008,1755627263,JP
1755627264,1755628799,US
1755628800,1755629055,BR
1755629056,1755629311,NL
1755629312,1755630591,US
1755630592,1755630847,JP
1755630848,1755631103,NL
1755631104,1755631359,BR
1755631360,1755631615,US
1755631616,1755631871,BR
1755631872,1755632127,NL
1755632128,1755632383,BR
1755632384,1755633407,US
1755633408,1755633663,FR
1755633664,1755634431,US
1755634432,1755634687,BR
1755634688,1755635455,US
1755635456,1755635711,DE
1755635712,1755636991,US
1755636992,1755637247,DE
1755637248,1755637759,HK
1755637760,1755638271,CA
1755638272,1755638527,US
1755638528,1755638783,FR
1755638784,1755639295,US
1755639296,1755639551,JP
1755639552,1755640319,US
1755640320,1755640831,IT
1755640832,1755642367,US
1755642368,1755642879,FR
1755642880,1755644159,US
1755644160,1755644415,NL
1755644416,1755644671,US
1755644672,1755644927,FR
1755644928,1755645439,US
1755645440,1755645695,LT
1755645696,1755646463,US
1755646464,1755646719,FR
1755646720,1755646975,US
1755646976,1755647231,FR
1755647232,1755647487,PL
1755647488,1755647743,BR
1755647744,1755647999,DE
1755648000,1755648255,ZA
1755648256,1755648511,US
1755648512,1755648767,DE
1755648768,1755649023,AU
1755649024,1755649279,PL
1755649280,1755649535,BR
1755649536,1755650559,US
1755650560,1755650815,SE
1755650816,1755651071,DE
1755651072,1755651839,US
1755651840,1755652095,JP
1755652096,1755652351,US
1755652352,1755652607,FR
1755652608,1755653119,US
1755653120,1755653375,GB
1755653376,1755653631,JP
1755653632,1755656191,US
1755656192,1755656447,KG
1755656448,1755659519,US
1755659520,1755659775,ES
1755659776,1755660287,US
1755660288,1755660543,LT
1755660544,1755661055,US
1755661056,1755661311,LT
1755661312,1755662335,US
1755662336,1755662591,DE
1755662592,1755662847,GB
1755662848,1755663103,LT
1755663104,1755663615,US
1755663616,1755663871,GB
1755663872,1755664127,DE
1755664128,1755665151,US
1755665152,1755665407,GB
1755665408,1755665663,US
1755665664,1755665919,RO
1755665920,1755666175,BR
1755666176,1755666687,US
1755666688,1755667199,FR
1755667200,1755667455,LT
1755667456,1755667711,US
1755667712,1755667967,FR
1755667968,1755668735,US
1755668736,1755668991,GB
1755668992,1755669247,US
1755669248,1755669503,RO
1755669504,1755669759,BR
1755669760,1755670015,RO
1755670016,1755670271,BR
1755670272,1755670527,US
1755670528,1755670783,FR
1755670784,1755671295,US
1755671296,1755671551,BR
1755671552,1755671807,US
1755671808,1755672063,BR
1755672064,1755672831,US
1755672832,1755673343,BR
1755673344,1755673855,US
1755673856,1755674111,BR
1755674112,1755674367,DE
1755674368,1755674623,US
1755674624,1755674879,DE
1755674880,1755676415,US
1755676416,1755676671,NL
1755676672,1755676927,US
1755676928,1755677183,BR
1755677184,1755677439,US
1755677440,1755677695,FR
1755677696,1755678719,BR
1755678720,1755679231,US
1755679232,1755679487,BR
1755679488,1755679743,US
1755679744,1755679999,BR
1755680000,1755680255,TR
1755680256,1755680511,BR
1755680512,1755680767,US
1755680768,1755681023,IT
1755681024,1755681279,BR
1755681280,1755681535,FR
1755681536,1755683071,US
1755683072,1755683327,BR
1755683328,1755684607,US
1755684608,1755684863,BR
1755684864,1755685119,AU
1755685120,1755685375,JP
1755685376,1755685631,AU
1755685632,1755685887,BR
1755685888,1755686399,AU
1755686400,1755686655,NL
1755686656,1755686911,AU
1755686912,1755687167,US
1755687168,1755687423,GB
1755687424,1755687679,AU
1755687680,1755687935,NL
1755687936,1755688191,AU
1755688192,1755688447,GB
1755688448,1755688703,US
1755688704,1755688959,LT
1755688960,1755689471,US
1755689472,1755689727,JP
1755689728,1755689983,LT
1755689984,1755690239,FR
1755690240,1755690751,US
1755690752,1755691007,AU
1755691008,1755692799,US
1755692800,1755693055,JP
1755693056,1755693823,US
1755693824,1755694079,RO
1755694080,1755695103,US
1755695104,1755695359,LT
1755695360,1755695615,NZ
1755695616,1755696383,US
1755696384,1755696639,LV
1755696640,1755696895,NL
1755696896,1755697151,US
1755697152,1755697407,AU
1755697408,1755697663,US
1755697664,1755697919,FR
1755697920,1755698175,JP
1755698176,1755698431,AU
1755698432,1755698687,JP
1755698688,1755701759,US
1755701760,1755702015,CA
1755702016,1755702271,JP
1755702272,1755703039,US
1755703040,1755703295,BR
1755703296,1755703551,IT
1755703552,1755706367,US
1755706368,1755706623,UA
1755706624,1755707135,US
1755707136,1755707391,NL
1755707392,1755707647,US
1755707648,1755707903,BE
1755707904,1755708159,LT
1755708160,1755708415,JP
1755708416,1755709183,US
1755709184,1755709439,GR
1755709440,1755717631,US
1755717632,1755721727,BS
1755721728,1755735039,US
1755735040,1755737087,CA
1755737088,1755741183,US
1755742208,1755742719,ID
1755742720,1755743231,AE
1755743232,1755743487,FR
1755743488,1755743743,US
1755743744,1755744255,FR
1755744256,1755745279,EG
1755745280,1755746303,DE
1755746304,1755747327,NG
1755747328,1755748351,RU
1755748352,1755749375,DE
1755749376,1755749887,TR
1755749888,1755750399,NL
1755750400,1755750911,GB
1755750912,1755751167,MY
1755751168,1755751423,TH
1755751424,1755751679,AR
1755751680,1755751935,CO
1755751936,1755752191,FI
1755752192,1755752447,AR
1755752448,1755753471,IT
1755753472,1755753727,JP
1755753728,1755753983,AE
1755753984,1755754239,TR
1755754240,1755754495,RU
1755754496,1755755519,TR
1755755520,1755756287,RU
1755756288,1755756543,DE
1755756544,1755756799,RU
1755756800,1755757055,FR
1755757056,1755757567,RU
1755757568,1755758079,NL
1755758080,1755758335,FR
1755758336,1755758591,RU
1755758592,1755774975,US
1755774976,1755775231,KZ
1755775232,1755779071,GB
1755779072,1755779327,SG
1755779328,1755780095,DE
1755780096,1755780607,GB
1755780608,1755781119,US
1755781120,1755782143,DE
1755782144,1755783167,IT
1755783168,1755824127,US
1755824128,1755824383,CA
1755824384,1755829247,US
1755829248,1755829759,CA
1755829760,1755830015,NL
1755830016,1755830271,US
1755830272,1755831295,CA
1755831296,1755833343,US
1755833344,1755833855,CA
1755833856,1755835391,US
1755835392,1755836415,CA
1755836416,1755837951,US
1755837952,1755838207,CA
1755838208,1755839487,US
1755839488,1755840511,CA
1755840512,1755843071,US
1755843072,1755843327,FR
1755843328,1755848447,US
1755848448,1755848703,JP
1755848704,1755862271,US
1755862272,1755862527,IE
1755862528,1756049407,US
1756049408,1756053503,CA
1756053504,1756069887,US
1756069888,1756072959,RU
1756072960,1756073727,NL
1756073728,1756073983,DE
1756073984,1756086271,US
1756086272,1756086783,CA
1756086784,1756087039,US
1756087040,1756087295,CA
1756087296,1756089343,US
1756089344,1756090367,CA
1756090368,1757417471,US
1757417472,1757419519,CA
1757419520,1757424127,US
1757424128,1757424383,NL
1757424384,1757424639,US
1757424640,1757425663,CA
1757425664,1757426687,US
1757426688,1757427711,CA
1757427712,1757431807,US
1757431808,1757432063,CA
1757432064,1757432831,US
1757432832,1757433855,CA
1757433856,1757434111,HK
1757434112,1757434367,KR
1757434368,1757434623,TW
1757434624,1757436927,US
1757436928,1757437183,SG
1757437184,1757437951,AI
1757437952,1757443071,US
1757443072,1757446143,CA
1757446144,1757447167,US
1757447168,1757448191,CA
1757448192,1757450239,US
1757450240,1757451263,CA
1757451264,1757452287,US
1757452288,1757453311,CA
1757453312,1757457407,US
1757457408,1757458431,CA
1757458432,1757460479,US
1757460480,1757462527,VI
1757462528,1757466623,US
1757466624,1757468671,CA
1757468672,1757472767,US
1757472768,1757473791,CA
1757473792,1757480959,US
1757480960,1757481983,NL
1757481984,1757487103,US
1757487104,1757489151,CA
1757489152,1757491199,US
1757491200,1757497343,CA
1757497344,1757502463,US
1757502464,1757503487,CA
1757503488,1757505535,US
1757505536,1757506559,CA
1757506560,1757512703,US
1757512704,1757513727,CA
1757513728,1757522943,US
1757522944,1757523967,CA
1757523968,1757527039,US
1757528064,1757528575,US
1757528576,1757528831,AU
1757528832,1757529087,US
1757529088,1757530111,AI
1757531136,1757532159,US
1757532160,1757534207,CA
1757534208,1757545471,US
1757545472,1757545727,CA
1757545728,1757548543,US
1757548544,1757549567,CA
1757549568,1757551615,US
1757551616,1757560831,CA
1757560832,1757577215,US
1757577216,1757578239,GB
1757578240,1757579007,NL
1757579008,1757579263,AU
1757579264,1757580287,US
1757580288,1757583359,GB
1757583360,1757584383,SG
1757584384,1757585407,DE
1757585408,1757642751,US
1757642752,1757675519,CA
1757675520,1757827071,US
1757827072,1757831167,JP
1757831168,1757835263,US
1757835264,1757839359,JP
1757839360,1757872127,US
1757872128,1757888511,BE
1757888512,1757889023,US
1757889024,1757900799,BE
1757900800,1757904895,US
1757904896,1757933567,TW
1757933568,1757934079,US
1757934080,1757937663,TW
1757937664,1757941759,CA
1757941760,1757958143,US
1757958144,1757962239,CA
1757962240,1757962751,BB
1757962752,1757962815,LC
1757962816,1757966335,BB
1757966336,1757970431,JP
1757970432,1758212095,US
1758212096,1758214143,MY
1758214144,1758235647,US
1758235648,1758236671,DE
1758236672,1758244863,US
1758244864,1758245119,AU
1758245120,1758245631,US
1758245632,1758245887,JP
1758245888,1758245965,GB
1758245966,1758245966,PL
1758245967,1758245968,GB
1758245969,1758245969,NO
1758245970,1758246040,GB
1758246041,1758246041,NL
1758246042,1758246080,GB
1758246081,1758246081,PL
1758246082,1758246143,GB
1758246144,1758247023,US
1758247024,1758247039,GB
1758247040,1758247775,US
1758247776,1758247776,SG
1758247777,1758247806,US
1758247807,1758247807,CO
1758247808,1758247922,US
1758247923,1758247923,JP
1758247924,1758248447,US
1758248448,1758248485,SG
1758248486,1758248486,AE
1758248487,1758248572,SG
1758248573,1758248573,VN
1758248574,1758248673,SG
1758248674,1758248674,ID
1758248675,1758248703,SG
1758248704,1758248732,FR
1758248733,1758248733,MT
1758248734,1758248734,IT
1758248735,1758248758,FR
1758248759,1758248759,NL
1758248760,1758248763,FR
1758248764,1758248764,IT
1758248765,1758248789,FR
1758248790,1758248790,BE
1758248791,1758248791,GB
1758248792,1758248793,FR
1758248794,1758248794,PL
1758248795,1758248822,FR
1758248823,1758248823,GR
1758248824,1758248834,FR
1758248835,1758248835,GR
1758248836,1758248843,FR
1758248844,1758248844,PT
1758248845,1758248853,FR
1758248854,1758248854,EG
1758248855,1758248857,FR
1758248858,1758248858,GR
1758248859,1758248862,FR
1758248863,1758248863,SA
1758248864,1758248876,FR
1758248877,1758248877,PL
1758248878,1758248896,FR
1758248897,1758248897,GB
1758248898,1758248926,FR
1758248927,1758248927,AE
1758248928,1758248928,HU
1758248929,1758248931,FR
1758248932,1758248932,GR
1758248933,1758248933,FR
1758248934,1758248934,PT
1758248935,1758248947,FR
1758248948,1758248948,HU
1758248949,1758248959,FR
1758248960,1758262271,US
1758262272,1758263295,DE
1758263296,1758264895,US
1758264896,1758264959,GB
1758264960,1758265023,DE
1758265024,1758265087,US
1758265088,1758265343,IE
1758265344,1758330879,CA
1758330880,1758349311,US
1758349312,1758349823,CA
1758349824,1758404607,US
1758404608,1758412799,DE
1758412800,1758413055,SG
1758413056,1758414847,US
1758414848,1758415103,NL
1758415104,1758415871,US
1758415872,1758416639,SG
1758416640,1758419967,US
1758419968,1758420479,SG
1758420480,1758429695,US
1758429696,1758430207,DE
1758430208,1759128575,US
1759128576,1759129599,CA
1759129600,1759131647,US
1759131648,1759133695,CA
1759133696,1759138815,US
1759138816,1759139839,CA
1759139840,1759140863,US
1759140864,1759141887,CA
1759141888,1759149055,US
1759149056,1759150079,CA
1759150080,1759159295,US
1759159296,1759159807,GB
1759159808,1759160319,US
1759160320,1759162367,BM
1759162368,1759163391,BB
1759163392,1759166463,US
1759166464,1759166719,JP
1759166720,1759166975,CA
1759166976,1759167231,BE
1759167232,1759167487,US
1759167488,1759167743,JP
1759167744,1759167999,US
1759168000,1759168255,AT
1759168256,1759172607,US
1759172608,1759173631,LC
1759173632,1759178239,US
1759178240,1759178495,CA
1759178496,1759178751,US
1759178752,1759179775,PR
1759179776,1759184895,US
1759184896,1759186943,CA
1759186944,1759188991,US
1759188992,1759190015,VC
1759190016,1759191039,PR
1759191040,1759197183,US
1759197184,1759199231,CA
1759199232,1759201279,US
1759201280,1759202303,GB
1759202304,1759208447,US
1759208448,1759209471,CA
1759209472,1759213567,US
1759213568,1759217663,CA
1759217664,1759222783,US
1759222784,1759223807,CA
1759223808,1759230975,US
1759230976,1759233023,CA
1759233024,1759234047,US
1759234048,1759236095,CA
1759236096,1759236607,JP
1759236608,1759236863,HK
1759236864,1759239167,US
1759239168,1759240191,CA
1759240192,1759313919,US
1759313920,1759346687,CA
1759346688,1759408127,US
1759408128,1759412223,CA
1759412224,1759420415,US
1759420416,1759424511,GB
1759424512,1759424767,DE
1759424768,1759425023,PL
1759425024,1759426047,GB
1759426048,1759426303,IT
1759426304,1759428607,GB
1759428608,1759436799,JP
1759436800,1759460863,US
1759460864,1759461119,CA
1759461120,1759465471,US
1759465472,1759465727,IE
1759465728,1759466495,US
1759466496,1759467007,CA
1759467008,1759514879,US
1759514880,1759515135,CA
1759515136,1759516671,US
1759516672,1759517695,CA
1759517696,1759518719,US
1759518720,1759520767,CA
1759520768,1759521791,US
1759521792,1759522303,GB
1759522304,1759522815,DE
1759522816,1759524095,CA
1759524096,1759524351,GB
1759524352,1759525887,CA
1759525888,1759528959,US
1759528960,1759529471,CA
1759529472,1759530495,US
1759530496,1759530751,CA
1759530752,1759531519,US
1759531520,1759531775,CA
1759531776,1759535103,US
1759535104,1759543295,CA
1759543296,1759547391,US
1759547392,1759548415,NL
1759548416,1759582207,US
1759582208,1759582719,CA
1759582720,1759600127,US
1759600128,1759600639,AU
1759600640,1759601151,US
1759601152,1759601407,NL
1759601408,1759603199,US
1759603200,1759603711,ZA
1759603712,1759612415,US
1759612416,1759612927,CA
1759612928,1759630350,US
1759630351,1759630351,CA
1759630352,1759630436,US
1759630437,1759630437,CA
1759630438,1759630480,US
1759630481,1759630481,CA
1759630482,1759630498,US
1759630499,1759630499,CA
1759630500,1759630519,US
1759630520,1759630520,CA
1759630521,1759630522,US
1759630523,1759630523,CA
1759630524,1759630536,US
1759630537,1759630537,CA
1759630538,1759630540,US
1759630541,1759630541,CA
1759630542,1759630546,US
1759630547,1759630547,CA
1759630548,1759630621,US
1759630622,1759630622,CA
1759630623,1759630695,US
1759630696,1759630696,CA
1759630697,1759630716,US
1759630717,1759630717,CA
1759630718,1759630763,US
1759630764,1759630764,CA
1759630765,1759630843,US
1759630844,1759630844,CA
1759630845,1759640831,US
1759640832,1759641087,SG
1759641088,1760037887,US
1760037888,1760038911,CA
1760038912,1760044031,US
1760044032,1760044287,KZ
1760044288,1760045311,US
1760045312,1760045567,CA
1760045568,1760047103,US
1760047104,1760051199,CA
1760051200,1760086015,US
1760086016,1760088063,CA
1760088064,1760100351,US
1760100352,1760102399,GB
1760102400,1760102911,NO
1760102912,1760114687,GB
1760114688,1760114943,TR
1760114944,1760116735,GB
1760116736,1760133119,SA
1760133120,1760139775,US
1760139776,1760140287,TW
1760140288,1760140799,KR
1760140800,1760141311,US
1760141312,1760145407,JP
1760145408,1760145919,MY
1760145920,1760146431,US
1760146432,1760146943,TW
1760146944,1760147711,US
1760147712,1760147967,SG
1760147968,1760156159,US
1760156160,1760156671,JP
1760156672,1760157183,HK
1760157184,1760157695,US
1760157696,1760158207,HK
1760158208,1760158719,MY
1760158720,1760164351,US
1760164352,1760164863,MY
1760164864,1760165887,HK
1760165888,1760166143,US
1760166144,1760166911,CA
1760166912,1760167167,US
1760167168,1760167679,CA
1760167680,1760167935,CL
1760167936,1760168191,CA
1760168192,1760168447,US
1760168448,1760168703,CA
1760168704,1760168959,HK
1760168960,1760170495,CA
1760170496,1760171007,US
1760171008,1760172031,CA
1760172032,1760172799,US
1760172800,1760173055,CA
1760173056,1760173311,HK
1760173312,1760174079,CA
1760174080,1760174335,US
1760174336,1760175103,CA
1760175104,1760176383,US
1760176384,1760176639,BR
1760176640,1760176895,US
1760176896,1760178687,CA
1760178688,1760178943,US
1760178944,1760179455,CA
1760179456,1760179711,US
1760179712,1760180223,CA
1760180224,1760180479,DO
1760180480,1760181247,CA
1760181248,1760181759,US
1760181760,1760182015,CA
1760182016,1760182271,BR
1760182272,1760182527,CA
1760182528,1760182783,BR
1760182784,1760183039,US
1760183040,1760183295,RU
1760183296,1760183551,CA
1760183552,1760183807,US
1760183808,1760184063,TH
1760184064,1760184319,LA
1760184320,1760186623,CA
1760186624,1760186879,MX
1760186880,1760187391,US
1760187392,1760187647,BR
1760187648,1760187903,CA
1760187904,1760188159,HK
1760188160,1760188671,US
1760188672,1760188927,CA
1760188928,1760189183,BR
1760189184,1760189695,CA
1760189696,1760190207,US
1760190208,1760192511,CA
1760192512,1760192767,KR
1760192768,1760193023,CA
1760193024,1760193279,US
1760193280,1760193535,HK
1760193536,1760194303,CA
1760194304,1760194559,IN
1760194560,1760194815,HK
1760194816,1760196351,CA
1760196352,1760196607,BR
1760196608,1760197119,CA
1760197120,1760197375,US
1760197376,1760197631,CA
1760197632,1760197887,US
1760197888,1760198399,CA
1760198400,1760198655,GB
1760198656,1760199167,US
1760199168,1760200191,CA
1760200192,1760200447,US
1760200448,1760200959,CA
1760200960,1760201215,US
1760201216,1760201471,CA
1760201472,1760201727,US
1760201728,1760201983,JP
1760201984,1760202239,US
1760202240,1760204031,CA
1760204032,1760204287,US
1760204288,1760204543,CA
1760204544,1760204799,SG
1760204800,1760205055,BR
1760205056,1760206591,CA
1760206592,1760206847,DE
1760206848,1760207103,CA
1760207104,1760207359,HK
1760207360,1760208639,CA
1760208640,1760209151,SG
1760209152,1760209407,US
1760209408,1760210175,CA
1760210176,1760210431,BR
1760210432,1760210687,SG
1760210688,1760211455,CA
1760211456,1760211711,US
1760211712,1760211967,CA
1760211968,1760212223,SG
1760212224,1760212479,US
1760212480,1760212991,CA
1760212992,1760213247,JP
1760213248,1760213503,US
1760213504,1760213759,BR
1760213760,1760214015,CA
1760214016,1760214271,PE
1760214272,1760214527,BR
1760214528,1760214783,CA
1760214784,1760215039,DE
1760215040,1760215551,MX
1760215552,1760215807,CA
1760215808,1760216063,US
1760216064,1760216319,CA
1760216320,1760216575,US
1760216576,1760219135,CA
1760219136,1760219391,US
1760219392,1760219903,CA
1760219904,1760220159,HK
1760220160,1760220415,US
1760220416,1760220671,CA
1760220672,1760220927,US
1760220928,1760221439,CA
1760221440,1760221695,US
1760221696,1760222207,CA
1760222208,1760222463,US
1760222464,1760223231,CA
1760223232,1760223487,BR
1760223488,1760223743,US
1760223744,1760223999,CA
1760224000,1760224511,US
1760224512,1760224767,CA
1760224768,1760225279,US
1760225280,1760225535,CA
1760225536,1760225791,SG
1760225792,1760226047,US
1760226048,1760226815,BR
1760226816,1760227583,CA
1760227584,1760227839,MX
1760227840,1760228095,CA
1760228096,1760228351,IL
1760228352,1760228607,BR
1760228608,1760229375,CA
1760229376,1760229887,US
1760229888,1760230143,CA
1760230144,1760230399,GB
1760230400,1760230655,DE
1760230656,1760230911,CA
1760230912,1760428031,US
1760428032,1760428287,PL
1760428288,1760428543,SE
1760428544,1760434175,GB
1760434176,1760434431,KZ
1760434432,1760434687,GB
1760434688,1760435199,NL
1760435200,1760435455,GB
1760435456,1760435711,FI
1760435712,1760435967,GB
1760435968,1760436223,NL
1760436224,1760465919,US
1760465920,1760466943,JP
1760466944,1760468479,US
1760468480,1760468991,DE
1760468992,1760469503,JP
1760469504,1760470527,US
1760470528,1760471039,DE
1760471040,1760473087,GB
1760473088,1760473599,DE
1760473600,1760475135,US
1760475136,1760476159,GB
1760476160,1760477183,FR
1760477184,1760478207,PR
1760478208,1760479487,US
1760479488,1760479743,TJ
1760479744,1760487423,US
1760487424,1760487935,PR
1760487936,1760488191,US
1760488192,1760488447,CA
1760488448,1760493567,US
1760493568,1760497407,GB
1760497408,1760497663,IN
1760497664,1760508927,GB
1760508928,1760509951,IT
1760509952,1760514559,GB
1760514560,1760514815,KZ
1760514816,1760515839,GB
1760515840,1760516095,TR
1760516096,1760518655,GB
1760518656,1760518911,KZ
1760518912,1760526335,GB
1760526336,1760657407,US
1760657408,1760658175,CA
1760658176,1760658431,MX
1760658432,1760673791,CA
1760673792,1760690175,US
1760690176,1760747519,CA
1760747520,1760764927,US
1760764928,1760765183,NL
1760765184,1760765695,US
1760765696,1760765951,NL
1760765952,1760776191,US
1760776192,1760784383,CA
1760784384,1760804863,US
1760804864,1760808959,GB
1760808960,1760810239,US
1760810240,1760810495,BZ
1760810496,1760810751,IT
1760810752,1760811007,US
1760811008,1760812031,NL
1760812032,1760812543,US
1760812544,1760813055,CA
1760813056,1760818431,US
1760818432,1760818687,MX
1760818688,1760823295,US
1760823296,1760824319,PT
1760824320,1760837631,US
1760837632,1760839679,CA
1760839680,1760847103,US
1760847104,1760847359,GB
1760847360,1760847615,US
1760847616,1760847871,GB
1760847872,1760869375,US
1760869376,1760870399,CA
1760870400,1760871423,US
1760871424,1760872447,CA
1760872448,1760878591,US
1760878592,1760880639,JM
1760880640,1760883711,US
1760883712,1760884735,CA
1760884736,1760886783,US
1760886784,1760888831,CA
1760888832,1760889087,US
1760889088,1760889343,JP
1760889344,1760897023,US
1760897024,1760899071,HK
1760899072,1760900095,GD
1760900096,1760903167,US
1760903168,1760904191,CA
1760904192,1760909311,US
1760909312,1760910335,GB
1760910336,1760911359,GD
1760911360,1760913407,NL
1760913408,1760915455,US
1760915456,1760917503,MQ
1760917504,1760923647,US
1760923648,1760924671,CA
1760924672,1760925695,US
1760925696,1760929791,CA
1760929792,1760937983,US
1760937984,1760939007,CA
1760939008,1760940031,DM
1760940032,1760941823,US
1760941824,1760942079,GB
1760942080,1760944127,US
1760944128,1760945151,CA
1760945152,1760946175,KN
1760946176,1760949503,US
1760949504,1760949759,PL
1760949760,1760985087,US
1760985088,1761017855,CA
1761017856,1761034239,US
1761034240,1761035519,CA
1761035520,1761035775,US
1761035776,1761036031,PR
1761036032,1761038335,US
1761038336,1761039375,CA
1761039376,1761039439,US
1761039440,1761039511,CA
1761039512,1761039519,US
1761039520,1761039871,CA
1761039872,1761042431,US
1761042432,1761042687,CA
1761042688,1761043455,US
1761043456,1761044479,CA
1761044480,1761046527,US
1761046528,1761047551,CA
1761047552,1761050111,US
1761050112,1761050367,CA
1761050368,1761058815,US
1761058816,1761067007,TR
1761067008,1761075199,US
1761075200,1761083391,CA
1761083392,1761087487,US
1761087488,1761095679,DE
1761095680,1761103871,US
1761103872,1761107967,NL
1761107968,1761108991,SG
1761108992,1761110015,DE
1761110016,1761111039,CA
1761111040,1761116159,US
1761116160,1761120255,DE
1761120256,1761124351,SG
1761124352,1761128447,GB
1761128448,1761132543,US
1761132544,1761136639,NL
1761136640,1761144831,US
1761144832,1761148927,DE
1761148928,1761150975,GB
1761150976,1761151231,TR
1761151232,1761151999,GB
1761152000,1761152127,DE
1761152128,1761152511,IT
1761152512,1761152639,CA
1761152640,1761152767,IT
1761152768,1761152895,SG
1761152896,1761153023,IT
1761153024,1761155327,GB
1761155328,1761156351,US
1761156352,1761159167,GB
1761159168,1761159423,NL
1761159424,1761159679,GB
1761159680,1761159935,DE
1761159936,1761160191,GB
1761160192,1761160703,DE
1761160704,1761163263,GB
1761163264,1761164287,US
1761164288,1761164799,GB
1761164800,1761181951,US
1761181952,1761182207,SG
1761182208,1761182719,US
1761182720,1761183231,CA
1761183232,1761184767,US
1761184768,1761185791,CA
1761185792,1761197823,US
1761197824,1761198079,MQ
1761198080,1761214463,CA
1761214464,1761222655,GP
1761222656,1761230847,HK
1761230848,1761239039,CA
1761239040,1761240063,US
1761240064,1761240319,AU
1761240320,1761241343,US
1761241344,1761241599,ID
1761241600,1761242111,SG
1761242112,1761242367,AU
1761242368,1761244671,US
1761244672,1761244927,SG
1761244928,1761245695,US
1761245696,1761245951,SG
1761245952,1761262335,US
1761262336,1761262591,SK
1761262592,1761263615,US
1761263616,1761271807,GB
1761271808,1761288191,US
1761288192,1761292287,CA
1761292288,1761301247,US
1761301248,1761301503,PL
1761301504,1761302527,US
1761302528,1761302783,PL
1761302784,1761304063,US
1761304064,1761304319,SE
1761304320,1761304575,PL
1761304576,1761316863,US
1761316864,1761320959,JP
1761320960,1761326079,US
1761326080,1761327103,CH
1761327104,1761337343,US
1761337344,1761338367,HK
1761338368,1761339391,JP
1761339392,1761339647,SG
1761339648,1761340159,JP
1761340160,1761340415,SG
1761340416,1761340671,HK
1761340672,1761340927,US
1761340928,1761341439,JP
1761341440,1761345535,US
1761345536,1761345791,CA
1761345792,1761346047,US
1761346048,1761346303,BR
1761346304,1761346559,DE
1761346560,1761347071,US
1761347072,1761347327,CH
1761347328,1761347583,GB
1761347584,1761348863,US
1761348864,1761349119,UA
1761349120,1761349375,US
1761349376,1761349631,PL
1761349632,1761349887,BR
1761349888,1761350143,CZ
1761350144,1761350399,ES
1761350400,1761350655,US
1761350656,1761350911,BR
1761350912,1761351167,ES
1761351168,1761352191,US
1761352192,1761352447,BR
1761352448,1761352959,CA
1761352960,1761353215,GR
1761353216,1761354239,US
1761354240,1761354495,ES
1761354496,1761354751,US
1761354752,1761355007,CH
1761355008,1761355263,US
1761355264,1761355519,GB
1761355520,1761356031,US
1761356032,1761356287,CA
1761356288,1761356543,US
1761356544,1761356799,ES
1761356800,1761357055,CH
1761357056,1761357311,US
1761357312,1761357567,LV
1761357568,1761357823,US
1761357824,1761358335,CA
1761358336,1761358591,CZ
1761358592,1761358847,TR
1761358848,1761359103,HK
1761359104,1761359359,LV
1761359360,1761359615,US
1761359616,1761359871,CA
1761359872,1761360383,US
1761360384,1761360639,ES
1761360640,1761360895,UA
1761360896,1761361151,US
1761361152,1761361663,GB
1761361664,1761361919,US
1761361920,1761362175,BR
1761362176,1761362431,CZ
1761362432,1761362687,CA
1761362688,1761363199,US
1761363200,1761363455,RO
1761363456,1761363711,HR
1761363712,1761363967,CZ
1761363968,1761364223,GB
1761364224,1761364735,US
1761364736,1761364991,GB
1761364992,1761365503,US
1761365504,1761365759,DK
1761365760,1761366015,BR
1761366016,1761366271,DE
1761366272,1761366527,GB
1761366528,1761366783,DE
1761366784,1761368319,US
1761368320,1761368575,FR
1761368576,1761368831,ES
1761368832,1761369087,US
1761369088,1761369343,BR
1761369344,1761369599,CZ
1761369600,1761369855,GB
1761369856,1761370111,PL
1761370112,1761370367,CA
1761370368,1761370623,GB
1761370624,1761370879,US
1761370880,1761371135,GB
1761371136,1761372415,US
1761372416,1761372671,IT
1761372672,1761372927,US
1761372928,1761373183,IT
1761373184,1761373695,BR
1761373696,1761373951,US
1761373952,1761374207,FR
1761374208,1761374463,US
1761374464,1761374719,CZ
1761374720,1761374975,GB
1761374976,1761375231,CZ
1761375232,1761375999,US
1761376000,1761376255,ES
1761376256,1761376767,GB
1761376768,1761377023,US
1761377024,1761377279,GB
1761377280,1761377535,CA
1761377536,1761377791,US
1761377792,1761378047,IT
1761378048,1761378303,FI
1761378304,1761378559,US
1761378560,1761379327,GB
1761379328,1761380351,US
1761380352,1761380607,GB
1761380608,1761381119,US
1761381120,1761381631,SG
1761381632,1761381887,GB
1761381888,1761382143,SG
1761382144,1761382399,CA
1761382400,1761382655,GB
1761382656,1761382911,US
1761382912,1761383167,GB
1761383168,1761383423,CA
1761383424,1761383679,US
1761383680,1761383935,SG
1761383936,1761384191,ES
1761384192,1761384447,US
1761384448,1761384703,AT
1761384704,1761385727,US
1761385728,1761385983,HR
1761385984,1761386239,CA
1761386240,1761386495,ES
1761386496,1761386751,US
1761386752,1761387007,CH
1761387008,1761387519,US
1761387520,1761387775,GB
1761387776,1761388031,ES
1761388032,1761388287,CO
1761388288,1761388543,US
1761388544,1761389311,CO
1761389312,1761390591,US
1761390592,1761390847,CL
1761390848,1761391103,US
1761391104,1761391359,GB
1761391360,1761391615,CA
1761391616,1761392895,US
1761392896,1761393151,BR
1761393152,1761394175,US
1761394176,1761394431,ES
1761394432,1761394943,US
1761394944,1761395199,CA
1761395200,1761395967,FR
1761395968,1761396479,IT
1761396480,1761396735,GR
1761396736,1761397247,IT
1761397248,1761397503,JP
1761397504,1761397759,CA
1761397760,1761398271,JP
1761398272,1761398527,LV
1761398528,1761398783,AR
1761398784,1761399039,TR
1761399040,1761399295,GB
1761399296,1761399551,US
1761399552,1761400063,AR
1761400064,1761400319,US
1761400320,1761400831,AR
1761400832,1761401343,LV
1761401344,1761401855,AR
1761401856,1761402111,US
1761402112,1761402367,AR
1761402368,1761402879,BR
1761402880,1761403135,US
1761403136,1761403391,ES
1761403392,1761403903,US
1761403904,1761404159,BR
1761404160,1761404415,FR
1761404416,1761404927,US
1761404928,1761405183,BR
1761405184,1761405439,CL
1761405440,1761405695,MX
1761405696,1761405951,CA
1761405952,1761406207,US
1761406208,1761406463,MX
1761406464,1761406719,CL
1761406720,1761406975,US
1761406976,1761407231,CA
1761407232,1761407487,US
1761407488,1761407743,PL
1761407744,1761408255,US
1761408256,1761408511,MX
1761408512,1761409279,US
1761409280,1761409535,MX
1761409536,1761409791,CL
1761409792,1761410047,ES
1761410048,1761411071,MX
1761411072,1761411327,CZ
1761411328,1761412095,US
1761412096,1761412351,FR
1761412352,1761413375,US
1761413376,1761413631,CA
1761413632,1761413887,DE
1761413888,1761414399,FR
1761414400,1761414655,BR
1761414656,1761414911,DE
1761414912,1761415167,FR
1761415168,1761415679,US
1761415680,1761415935,LV
1761415936,1761416191,US
1761416192,1761416447,DE
1761416448,1761416703,US
1761416704,1761416959,DE
1761416960,1761417471,US
1761417472,1761417727,LV
1761417728,1761417983,DE
1761417984,1761418239,US
1761418240,1761418495,CA
1761418496,1761418751,AU
1761418752,1761419007,BR
1761419008,1761420287,US
1761420288,1761420543,CA
1761420544,1761420799,AU
1761420800,1761421055,US
1761421056,1761421311,AU
1761421312,1761421567,US
1761421568,1761421823,CH
1761421824,1761422079,US
1761422080,1761422335,LV
1761422336,1761422591,DE
1761422592,1761422847,FR
1761422848,1761423103,DE
1761423104,1761423359,AU
1761423360,1761423615,US
1761423616,1761424127,CA
1761424128,1761424383,US
1761424384,1761424639,DE
1761424640,1761424895,CA
1761424896,1761425407,CH
1761425408,1761425919,US
1761425920,1761426175,BR
1761426176,1761426687,US
1761426688,1761426943,CA
1761426944,1761427199,US
1761427200,1761427455,DE
1761427456,1761427711,CA
1761427712,1761427967,PL
1761427968,1761428223,CA
1761428224,1761428735,US
1761428736,1761428991,CZ
1761428992,1761430527,US
1761430528,1761430783,DE
1761430784,1761431039,US
1761431040,1761431295,BR
1761431296,1761431551,US
1761431552,1761432063,CZ
1761432064,1761432319,DK
1761432320,1761432575,US
1761432576,1761432831,BR
1761432832,1761433087,US
1761433088,1761433343,BR
1761433344,1761433599,CZ
1761433600,1761433855,DE
1761433856,1761434367,IT
1761434368,1761434623,BR
1761434624,1761435135,CZ
1761435136,1761435391,IT
1761435392,1761435903,DE
1761435904,1761437439,US
1761437440,1761437695,KR
1761437696,1761437951,GB
1761437952,1761438207,ES
1761438208,1761438463,GB
1761438464,1761438719,US
1761438720,1761438975,TR
1761438976,1761439231,DE
1761439232,1761439487,US
1761439488,1761439999,DE
1761440000,1761440255,GB
1761440256,1761442303,US
1761442304,1761442559,CA
1761442560,1761442815,BE
1761442816,1761443327,US
1761443328,1761443583,DE
1761443584,1761443839,KR
1761443840,1761444095,US
1761444096,1761444607,DE
1761444608,1761444863,ZA
1761444864,1761445119,GB
1761445120,1761445631,US
1761445632,1761445887,DE
1761445888,1761446143,ES
1761446144,1761446399,US
1761446400,1761446655,DE
1761446656,1761446911,GB
1761446912,1761447423,DE
1761447424,1761447679,US
1761447680,1761447935,AU
1761447936,1761448191,US
1761448192,1761448447,RO
1761448448,1761448703,US
1761448704,1761448959,BE
1761448960,1761449215,AU
1761449216,1761449471,RO
1761449472,1761449727,SG
1761449728,1761449983,IT
1761449984,1761450751,US
1761450752,1761451007,SG
1761451008,1761451263,US
1761451264,1761451519,FI
1761451520,1761451775,NL
1761451776,1761452031,US
1761452032,1761452287,DE
1761452288,1761452543,US
1761452544,1761452799,RO
1761452800,1761453055,GB
1761453056,1761453311,DE
1761453312,1761453823,US
1761453824,1761454335,ES
1761454336,1761454591,GB
1761454592,1761454847,RO
1761454848,1761455359,SG
1761455360,1761456127,US
1761456128,1761456383,ES
1761456384,1761457151,US
1761457152,1761457407,AT
1761457408,1761458175,US
1761458176,1761458431,CZ
1761458432,1761458943,DE
1761458944,1761459199,UA
1761459200,1761459711,US
1761459712,1761459967,FI
1761459968,1761461247,US
1761461248,1761461503,AT
1761461504,1761461759,US
1761461760,1761462271,DE
1761462272,1761462527,AU
1761462528,1761462783,US
1761462784,1761463039,GB
1761463040,1761463295,US
1761463296,1761463551,BR
1761463552,1761463807,US
1761463808,1761464063,AU
1761464064,1761464319,NL
1761464320,1761464575,US
1761464576,1761464831,BE
1761464832,1761465087,CA
1761465088,1761465343,IN
1761465344,1761465599,CA
1761465600,1761465855,AU
1761465856,1761466111,US
1761466112,1761466367,GB
1761466368,1761466623,UA
1761466624,1761467135,US
1761467136,1761467391,FR
1761467392,1761467647,US
1761467648,1761467903,DE
1761467904,1761468415,FR
1761468416,1761470207,US
1761470208,1761470463,DE
1761470464,1761472511,US
1761472512,1761472767,GB
1761472768,1761473535,US
1761473536,1761473791,GB
1761473792,1761474047,US
1761474048,1761474303,DE
1761474304,1761474559,US
1761474560,1761475071,DE
1761475072,1761475327,LV
1761475328,1761478655,US
1761478656,1761479679,CA
1761479680,1761484799,US
1761484800,1761485823,CA
1761485824,1761488895,US
1761488896,1761489919,CA
1761489920,1761497087,US
1761497088,1761499135,CZ
1761499136,1761501183,CA
1761501184,1761501695,VG
1761501696,1761507327,US
1761507328,1761507335,HK
1761507336,1761507343,JP
1761507344,1761507359,US
1761507360,1761507383,TH
1761507384,1761507391,JP
1761507392,1761507423,US
1761507424,1761507439,JP
1761507440,1761507471,US
1761507472,1761507479,JP
1761507480,1761507487,TW
1761507488,1761507503,SG
1761507504,1761507511,ID
1761507512,1761507519,SG
1761507520,1761507535,AU
1761507536,1761507551,SG
1761507552,1761507559,US
1761507560,1761507567,TR
1761507568,1761507583,HK
1761507584,1761507599,SG
1761507600,1761507615,JP
1761507616,1761508351,US
1761508352,1761509375,VG
1761509376,1761515519,US
1761515520,1761517567,CA
1761517568,1761519615,US
1761519616,1761521663,PR
1761521664,1761522687,US
1761522688,1761523711,CA
1761523712,1761526015,US
1761526016,1761526271,GR
1761526272,1761526783,US
1761526784,1761527807,CA
1761527808,1761529855,US
1761529856,1761530111,BR
1761530112,1761544191,US
1761544192,1761546239,CA
1761546240,1761550335,US
1761550592,1761551359,US
1761551360,1761552383,PH
1761552384,1761554431,US
1761554432,1761555455,CA
1761555456,1761556833,US
1761556834,1761556834,MX
1761556835,1761556835,US
1761556836,1761556839,MX
1761556840,1761556991,US
1761556992,1761556992,ES
1761556993,1761557034,US
1761557035,1761557035,ES
1761557036,1761557036,DE
1761557037,1761557054,US
1761557055,1761557055,DE
1761557056,1761557075,US
1761557076,1761557076,DE
1761557077,1761557082,US
1761557083,1761557083,DE
1761557084,1761557227,US
1761557228,1761557229,IL
1761557230,1761557231,GB
1761557232,1761557328,US
1761557329,1761557331,JP
1761557332,1761557332,US
1761557333,1761557334,IN
1761557335,1761557336,AU
1761557337,1761557338,US
1761557339,1761557339,IN
1761557340,1761557348,US
1761557349,1761557354,ID
1761557355,1761557361,US
1761557362,1761557363,JP
1761557364,1761557365,US
1761557366,1761557367,KR
1761557368,1761557369,US
1761557370,1761557375,IN
1761557376,1761557377,US
1761557378,1761557383,AU
1761557384,1761557385,JP
1761557386,1761557387,ID
1761557388,1761557443,US
1761557444,1761557449,MY
1761557450,1761557453,US
1761557454,1761557459,TH
1761557460,1761557465,TW
1761557466,1761557485,US
1761557486,1761557491,NZ
1761557492,1761557759,US
1761557760,1761557761,MY
1761557762,1761558527,US
1761558528,1761560575,NL
1761560576,1761574911,US
1761574912,1761576959,GI
1761576960,1761581055,US
1761581056,1761583103,CA
1761583104,1761587199,US
1761587200,1761588223,AI
1761588224,1761589247,PR
1761589248,1761595391,US
1761595392,1761596415,CA
1761596416,1761601535,US
1761601536,1761602559,VC
1761602560,1761606655,US
1761606656,1761607679,LC
