2499805184,2499870719,TR
2499870720,2499957247,US
2499957248,2499957759,DO
2499957760,2500001791,US
2500001792,2500034559,GE
2500034560,2500038655,GB
2500038656,2500040703,IT
2500040704,2500042751,LB
2500042752,2500043775,FR
2500043776,2500044799,AT
2500044800,2500045055,NL
2500045056,2500045311,IT
2500045312,2500045567,SC
2500045568,2500045823,TR
2500045824,2500046847,SA
2500046848,2500048895,IT
2500048896,2500050943,MD
2500050944,2500067327,KZ
2500067328,2500132863,US
2500132864,2500132871,NL
2500132872,2500132895,US
2500132896,2500132927,NL
2500132928,2500133055,US
2500133056,2500133087,NL
2500133088,2500133375,US
2500133376,2500133631,NL
2500133632,2500134143,US
2500134144,2500134399,NL
2500134400,2500134527,US
2500134528,2500135679,NL
2500135680,2500136703,US
2500136704,2500136959,NL
2500136960,2500136975,US
2500136976,2500137087,BE
2500137088,2500137215,US
2500137216,2500137279,BE
2500137280,2500137287,CA
2500137288,2500137295,CL
2500137296,2500137311,BE
2500137312,2500137319,US
2500137320,2500137335,BE
2500137336,2500137343,US
2500137344,2500137599,BE
2500137600,2500137663,US
2500137664,2500137791,BE
2500137792,2500137855,US
2500137856,2500138367,BE
2500138368,2500138399,FR
2500138400,2500138831,BE
2500138832,2500138847,US
2500138848,2500138911,BE
2500138912,2500139007,US
2500139008,2500139391,BE
2500139392,2500139519,US
2500139520,2500139583,BE
2500139584,2500139647,NL
2500139648,2500141055,BE
2500141056,2500141387,IE
2500141388,2500141391,US
2500141392,2500141431,IE
2500141432,2500141439,US
2500141440,2500141455,GB
2500141456,2500141463,IE
2500141464,2500141503,US
2500141504,2500143615,IE
2500143616,2500144383,US
2500144384,2500144703,IE
2500144704,2500145663,US
2500145664,2500146175,GB
2500146176,2500146687,US
2500146688,2500146695,GB
2500146696,2500146711,US
2500146712,2500146719,GB
2500146720,2500146735,US
2500146736,2500146739,GB
2500146740,2500146741,US
2500146742,2500146815,GB
2500146816,2500146879,US
2500146880,2500146911,GB
2500146912,2500146943,PL
2500146944,2500148223,GB
2500148224,2500149247,IN
2500149248,2500149255,US
2500149256,2500149271,GB
2500149272,2500149279,US
2500149280,2500149335,GB
2500149336,2500149343,US
2500149344,2500149503,GB
2500149504,2500149567,US
2500149568,2500149575,GB
2500149576,2500149583,US
2500149584,2500149735,GB
2500149736,2500149743,US
2500149744,2500149751,DK
2500149752,2500149759,NL
2500149760,2500150559,GB
2500150560,2500150599,US
2500150600,2500150623,GB
2500150624,2500150655,US
2500150656,2500151295,GB
2500151296,2500151551,US
2500151552,2500151807,GB
2500151808,2500151871,US
2500151872,2500151903,GB
2500151904,2500152063,US
2500152064,2500152447,GB
2500152448,2500152455,US
2500152456,2500152473,GB
2500152474,2500152479,US
2500152480,2500152519,GB
2500152520,2500152527,US
2500152528,2500152567,GB
2500152568,2500152575,US
2500152576,2500153343,GB
2500153344,2500153855,US
2500153856,2500154671,GB
2500154672,2500154703,US
2500154704,2500154727,GB
2500154728,2500154735,US
2500154736,2500154815,GB
2500154816,2500154879,FR
2500154880,2500155199,GB
2500155200,2500155391,US
2500155392,2500155903,GB
2500155904,2500156287,US
2500156288,2500156351,GB
2500156352,2500156415,US
2500156416,2500156927,FR
2500156928,2500157183,GB
2500157184,2500157439,ES
2500157440,2500157471,GB
2500157472,2500157495,US
2500157496,2500157567,GB
2500157568,2500157759,US
2500157760,2500157775,NL
2500157776,2500157839,US
2500157840,2500157847,NL
2500157848,2500157855,FR
2500157856,2500157887,US
2500157888,2500157919,GB
2500157920,2500157951,US
2500157952,2500158207,GB
2500158208,2500158463,US
2500158464,2500158975,GB
2500158976,2500159151,US
2500159152,2500161023,GB
2500161024,2500161151,FR
2500161152,2500161727,US
2500161728,2500161759,GB
2500161760,2500161775,US
2500161776,2500162047,GB
2500162048,2500162303,US
2500162304,2500162559,CA
2500162560,2500163071,US
2500163072,2500163327,GB
2500163328,2500163583,US
2500163584,2500164607,GB
2500164608,2500165119,US
2500165120,2500165631,GB
2500165632,2500166255,US
2500166256,2500166271,GB
2500166272,2500166335,US
2500166336,2500166399,GB
2500166400,2500166655,US
2500166656,2500168703,GB
2500168704,2500173823,US
2500173824,2500174079,SE
2500174080,2500175887,US
2500175888,2500175903,RO
2500175904,2500175911,US
2500175912,2500175919,GB
2500175920,2500175935,US
2500175936,2500175999,RO
2500176000,2500176127,US
2500176128,2500176383,RO
2500176384,2500176447,US
2500176448,2500176511,RO
2500176512,2500176639,US
2500176640,2500176895,RO
2500176896,2500178175,US
2500178176,2500178431,PL
2500178432,2500180239,US
2500180240,2500180255,HR
2500180256,2500180479,US
2500180480,2500180991,HR
2500180992,2500181247,US
2500181248,2500182015,HR
2500182016,2500182783,US
2500182784,2500183039,ES
2500183040,2500186111,US
2500186112,2500186367,NL
2500186368,2500187391,EE
2500187392,2500187647,CA
2500187648,2500188159,EE
2500188160,2500188447,US
2500188448,2500188479,CH
2500188480,2500188607,US
2500188608,2500188679,CH
2500188680,2500190223,US
2500190224,2500190231,GB
2500190232,2500190239,DE
2500190240,2500190335,US
2500190336,2500190463,FR
2500190464,2500190719,DE
2500190720,2500191231,US
2500191232,2500191743,FR
2500191744,2500192255,US
2500192256,2500194303,FR
2500194304,2500194367,US
2500194368,2500194383,FI
2500194384,2500194815,US
2500194816,2500195071,FI
2500195072,2500196351,US
2500196352,2500196607,FI
2500196608,2500198399,US
2500198400,2500198403,GB
2500198404,2500198479,NL
2500198480,2500198487,US
2500198488,2500198509,NL
2500198510,2500198511,US
2500198512,2500198535,NL
2500198536,2500198555,US
2500198556,2500198563,NL
2500198564,2500198567,US
2500198568,2500198571,NL
2500198572,2500198579,US
2500198580,2500198581,NL
2500198582,2500198583,US
2500198584,2500198599,NL
2500198600,2500198607,US
2500198608,2500198611,NL
2500198612,2500198617,US
2500198618,2500198623,NL
2500198624,2500198631,US
2500198632,2500198635,NL
2500198636,2500198639,US
2500198640,2500198671,NL
2500198672,2500198673,US
2500198674,2500198711,NL
2500198712,2500198719,US
2500198720,2500198727,NL
2500198728,2500198735,US
2500198736,2500198751,NL
2500198752,2500198755,US
2500198756,2500198783,NL
2500198784,2500198789,US
2500198790,2500198807,NL
2500198808,2500198823,US
2500198824,2500198827,NL
2500198828,2500198831,US
2500198832,2500198839,NL
2500198840,2500198847,US
2500198848,2500198855,NL
2500198856,2500198863,US
2500198864,2500198871,NL
2500198872,2500198887,US
2500198888,2500198911,NL
2500198912,2500198915,GB
2500198916,2500198923,US
2500198924,2500198929,GB
2500198930,2500198959,US
2500198960,2500198971,GB
2500198972,2500198975,US
2500198976,2500198993,GB
2500198994,2500198997,US
2500198998,2500198999,GB
2500199000,2500199007,US
2500199008,2500199011,GB
2500199012,2500199013,DE
2500199014,2500199015,FR
2500199016,2500199017,US
2500199018,2500199019,GB
2500199020,2500199023,ES
2500199024,2500199031,GB
2500199032,2500199039,US
2500199040,2500199047,GB
2500199048,2500199051,US
2500199052,2500199055,GB
2500199056,2500199057,US
2500199058,2500199059,GB
2500199060,2500199063,US
2500199064,2500199071,NL
2500199072,2500199079,US
2500199080,2500199087,GB
2500199088,2500199107,US
2500199108,2500199127,GB
2500199128,2500199129,US
2500199130,2500199135,GB
2500199136,2500199151,US
2500199152,2500199159,GB
2500199160,2500199163,US
2500199164,2500199171,GB
2500199172,2500199183,US
2500199184,2500199185,GB
2500199186,2500199191,US
2500199192,2500199199,GB
2500199200,2500199207,US
2500199208,2500199215,GB
2500199216,2500199227,US
2500199228,2500199239,GB
2500199240,2500199247,US
2500199248,2500199255,GB
2500199256,2500199275,US
2500199276,2500199279,GB
2500199280,2500199295,US
2500199296,2500199303,GB
2500199304,2500199307,FR
2500199308,2500199309,US
2500199310,2500199311,GB
2500199312,2500199319,US
2500199320,2500199333,GB
2500199334,2500199335,ZA
2500199336,2500199343,US
2500199344,2500199347,GB
2500199348,2500199349,US
2500199350,2500199367,GB
2500199368,2500199369,US
2500199370,2500199383,GB
2500199384,2500199403,US
2500199404,2500199407,GB
2500199408,2500199415,US
2500199416,2500199423,GB
2500199424,2500199431,IE
2500199432,2500199439,US
2500199440,2500199447,IE
2500199448,2500199455,US
2500199456,2500199479,IE
2500199480,2500199483,US
2500199484,2500199529,IE
2500199530,2500199531,US
2500199532,2500199551,IE
2500199552,2500199559,US
2500199560,2500199575,IE
2500199576,2500199583,US
2500199584,2500199615,IE
2500199616,2500199631,US
2500199632,2500199639,IE
2500199640,2500199643,US
2500199644,2500199647,IE
2500199648,2500199655,US
2500199656,2500199671,IE
2500199672,2500199687,US
2500199688,2500199719,IE
2500199720,2500199743,US
2500199744,2500199751,IE
2500199752,2500199759,US
2500199760,2500199775,IE
2500199776,2500199783,US
2500199784,2500199791,IE
2500199792,2500199799,US
2500199800,2500199815,IE
2500199816,2500199823,US
2500199824,2500199847,IE
2500199848,2500199855,US
2500199856,2500199879,IE
2500199880,2500199887,US
2500199888,2500199919,IE
2500199920,2500199927,US
2500199928,2500199935,IE
2500199936,2500199951,GB
2500199952,2500199975,US
2500199976,2500199983,GB
2500199984,2500199999,US
2500200000,2500200007,GB
2500200008,2500200447,US
2500200448,2500200463,GB
2500200464,2500200467,US
2500200468,2500200497,GB
2500200498,2500200503,US
2500200504,2500200507,GB
2500200508,2500200509,US
2500200510,2500200535,GB
2500200536,2500200543,US
2500200544,2500200571,GB
2500200572,2500200575,US
2500200576,2500200589,GB
2500200590,2500200591,US
2500200592,2500200625,GB
2500200626,2500200629,US
2500200630,2500200639,GB
2500200640,2500200643,US
2500200644,2500200655,GB
2500200656,2500200659,US
2500200660,2500200671,GB
2500200672,2500200679,US
2500200680,2500200689,GB
2500200690,2500200695,US
2500200696,2500200717,GB
2500200718,2500200727,US
2500200728,2500200743,GB
2500200744,2500200757,US
2500200758,2500200783,GB
2500200784,2500200787,US
2500200788,2500200791,GB
2500200792,2500200793,US
2500200794,2500200807,GB
2500200808,2500200809,US
2500200810,2500200813,GB
2500200814,2500200823,US
2500200824,2500200831,GB
2500200832,2500200833,US
2500200834,2500200935,GB
2500200936,2500200943,US
2500200944,2500200951,GB
2500200952,2500200959,US
2500200960,2500200975,GB
2500200976,2500200983,US
2500200984,2500200987,GB
2500200988,2500200991,CA
2500200992,2500200999,US
2500201000,2500201007,GB
2500201008,2500201023,US
2500201024,2500201025,GB
2500201026,2500201027,US
2500201028,2500201031,GB
2500201032,2500201033,US
2500201034,2500201079,GB
2500201080,2500201103,US
2500201104,2500201111,GB
2500201112,2500201119,US
2500201120,2500201127,GB
2500201128,2500201143,US
2500201144,2500201159,GB
2500201160,2500201175,US
2500201176,2500201199,GB
2500201200,2500201223,US
2500201224,2500201263,GB
2500201264,2500201271,US
2500201272,2500201319,GB
2500201320,2500201327,US
2500201328,2500201359,GB
2500201360,2500201367,US
2500201368,2500201391,GB
2500201392,2500201399,US
2500201400,2500201407,GB
2500201408,2500201415,US
2500201416,2500201423,GB
2500201424,2500201439,US
2500201440,2500201455,GB
2500201456,2500201471,US
2500201472,2500201503,GB
2500201504,2500201511,US
2500201512,2500201519,GB
2500201520,2500201525,US
2500201526,2500201535,GB
2500201536,2500201543,US
2500201544,2500201559,GB
2500201560,2500201615,US
2500201616,2500201623,GB
2500201624,2500201655,US
2500201656,2500201663,GB
2500201664,2500201671,US
2500201672,2500201679,GB
2500201680,2500201983,US
2500201984,2500201985,IT
2500201986,2500202751,US
2500202752,2500202879,ES
2500202880,2500203055,US
2500203056,2500203063,IT
2500203064,2500203523,US
2500203524,2500203535,DE
2500203536,2500204031,US
2500204032,2500204071,IT
2500204072,2500204079,US
2500204080,2500204097,IT
2500204098,2500204099,US
2500204100,2500204107,IT
2500204108,2500204109,US
2500204110,2500204111,IT
2500204112,2500204119,US
2500204120,2500204135,IT
2500204136,2500204151,US
2500204152,2500204157,IT
2500204158,2500204175,US
2500204176,2500204183,IT
2500204184,2500204191,US
2500204192,2500204207,IT
2500204208,2500204215,US
2500204216,2500204231,IT
2500204232,2500204239,US
2500204240,2500204271,IT
2500204272,2500204275,US
2500204276,2500204311,IT
2500204312,2500204319,US
2500204320,2500204367,IT
2500204368,2500204383,US
2500204384,2500204387,IT
2500204388,2500204389,US
2500204390,2500204423,IT
2500204424,2500204431,US
2500204432,2500204479,IT
2500204480,2500204487,US
2500204488,2500204495,IT
2500204496,2500204503,US
2500204504,2500204535,IT
2500204536,2500204543,US
2500204544,2500204547,CZ
2500204548,2500204555,US
2500204556,2500204559,CZ
2500204560,2500204575,US
2500204576,2500204583,CZ
2500204584,2500204591,US
2500204592,2500204623,CZ
2500204624,2500204631,US
2500204632,2500204647,CZ
2500204648,2500204663,US
2500204664,2500204705,CZ
2500204706,2500204711,US
2500204712,2500204719,CZ
2500204720,2500204727,US
2500204728,2500204759,CZ
2500204760,2500204775,US
2500204776,2500204791,CZ
2500204792,2500204799,US
2500204800,2500204809,CZ
2500204810,2500204813,US
2500204814,2500204823,CZ
2500204824,2500204831,US
2500204832,2500204863,CZ
2500204864,2500204871,US
2500204872,2500204879,CZ
2500204880,2500204887,US
2500204888,2500204903,CZ
2500204904,2500204919,US
2500204920,2500204975,CZ
2500204976,2500205007,US
2500205008,2500205031,CZ
2500205032,2500205047,US
2500205048,2500205055,CZ
2500205056,2500205087,SK
2500205088,2500205105,US
2500205106,2500205159,SK
2500205160,2500205167,US
2500205168,2500205175,SK
2500205176,2500205199,US
2500205200,2500205223,SK
2500205224,2500205247,US
2500205248,2500205249,SK
2500205250,2500205571,US
2500205572,2500205573,PL
2500205574,2500205587,US
2500205588,2500205591,PL
2500205592,2500205593,US
2500205594,2500205599,PL
2500205600,2500205615,US
2500205616,2500205623,PL
2500205624,2500205631,US
2500205632,2500205639,PL
2500205640,2500205647,US
2500205648,2500205663,PL
2500205664,2500205671,US
2500205672,2500205679,PL
2500205680,2500205703,US
2500205704,2500205719,PL
2500205720,2500205727,US
2500205728,2500205743,PL
2500205744,2500206079,US
2500206080,2500206107,HR
2500206108,2500206111,US
2500206112,2500206159,HR
2500206160,2500206167,US
2500206168,2500206199,HR
2500206200,2500206207,US
2500206208,2500206231,HR
2500206232,2500206239,US
2500206240,2500206247,HR
2500206248,2500206263,US
2500206264,2500206279,HR
2500206280,2500206287,US
2500206288,2500206295,HR
2500206296,2500206303,US
2500206304,2500206311,HR
2500206312,2500206343,US
2500206344,2500206351,HR
2500206352,2500206359,US
2500206360,2500206407,HR
2500206408,2500206447,US
2500206448,2500206455,HR
2500206456,2500206593,US
2500206594,2500206595,PT
2500206596,2500207105,US
2500207106,2500207129,CH
2500207130,2500207135,US
2500207136,2500207151,CH
2500207152,2500207616,US
2500207617,2500207617,JO
2500207618,2500207623,US
2500207624,2500207624,LU
2500207625,2500207625,MX
2500207626,2500207626,FR
2500207627,2500207627,RS
2500207628,2500207634,US
2500207635,2500207635,DE
2500207636,2500207636,CN
2500207637,2500207637,US
2500207638,2500207638,FR
2500207639,2500207639,US
2500207640,2500207641,GB
2500207642,2500207643,US
2500207644,2500207645,GB
2500207646,2500207684,US
2500207685,2500207685,DE
2500207686,2500207693,US
2500207694,2500207695,NL
2500207696,2500207699,US
2500207700,2500207700,NL
2500207701,2500207719,US
2500207720,2500207721,GB
2500207722,2500207875,US
2500207876,2500207877,NL
2500207878,2500207884,US
2500207885,2500207885,CN
2500207886,2500207907,US
2500207908,2500207909,GB
2500207910,2500207915,US
2500207916,2500207917,NL
2500207918,2500208127,US
2500208128,2500208143,ES
2500208144,2500208147,US
2500208148,2500208175,ES
2500208176,2500208177,US
2500208178,2500208195,ES
2500208196,2500208199,US
2500208200,2500208231,ES
2500208232,2500208239,US
2500208240,2500208303,ES
2500208304,2500208319,US
2500208320,2500208399,ES
2500208400,2500208401,US
2500208402,2500208403,ES
2500208404,2500208407,US
2500208408,2500208419,ES
2500208420,2500208423,US
2500208424,2500208481,ES
2500208482,2500208485,US
2500208486,2500208503,ES
2500208504,2500208511,US
2500208512,2500208521,ES
2500208522,2500208523,US
2500208524,2500208551,ES
2500208552,2500208559,US
2500208560,2500208615,ES
2500208616,2500208631,US
2500208632,2500208639,ES
2500208640,2500208651,DE
2500208652,2500208655,US
2500208656,2500208679,DE
2500208680,2500208687,US
2500208688,2500208695,GB
2500208696,2500209151,US
2500209152,2500209165,DE
2500209166,2500209167,US
2500209168,2500209199,DE
2500209200,2500209201,FR
2500209202,2500209203,US
2500209204,2500209215,DE
2500209216,2500209219,US
2500209220,2500209223,DE
2500209224,2500209227,US
2500209228,2500209229,GB
2500209230,2500209231,DE
2500209232,2500209239,US
2500209240,2500209243,DE
2500209244,2500209255,US
2500209256,2500209261,DE
2500209262,2500209263,US
2500209264,2500209267,DE
2500209268,2500209269,US
2500209270,2500209279,DE
2500209280,2500209335,US
2500209336,2500209351,DE
2500209352,2500209359,US
2500209360,2500209367,DE
2500209368,2500209373,US
2500209374,2500209383,DE
2500209384,2500209391,US
2500209392,2500209407,DE
2500209408,2500209415,US
2500209416,2500209423,DE
2500209424,2500209479,US
2500209480,2500209503,DE
2500209504,2500209527,US
2500209528,2500209543,DE
2500209544,2500209547,US
2500209548,2500209551,DE
2500209552,2500209559,US
2500209560,2500209563,DE
2500209564,2500209575,US
2500209576,2500209583,DE
2500209584,2500209591,US
2500209592,2500209599,DE
2500209600,2500209607,US
2500209608,2500209623,DE
2500209624,2500209663,US
2500209664,2500209675,FR
2500209676,2500209677,US
2500209678,2500209695,FR
2500209696,2500209697,US
2500209698,2500209699,FR
2500209700,2500209703,US
2500209704,2500209735,FR
2500209736,2500209767,US
2500209768,2500209773,FR
2500209774,2500209775,US
2500209776,2500209783,FR
2500209784,2500209795,US
2500209796,2500209799,GB
2500209800,2500209807,FR
2500209808,2500209815,SE
2500209816,2500209819,US
2500209820,2500209821,FR
2500209822,2500209823,US
2500209824,2500209831,FR
2500209832,2500209839,US
2500209840,2500209847,FR
2500209848,2500209855,US
2500209856,2500209919,FR
2500209920,2500210183,US
2500210184,2500210191,IT
2500210192,2500210719,US
2500210720,2500210735,SE
2500210736,2500210775,US
2500210776,2500210783,SE
2500210784,2500210791,US
2500210792,2500210799,SE
2500210800,2500211199,US
2500211200,2500211207,RO
2500211208,2500211211,US
2500211212,2500211239,RO
2500211240,2500211241,US
2500211242,2500211255,RO
2500211256,2500211263,US
2500211264,2500211287,RO
2500211288,2500211295,US
2500211296,2500211327,RO
2500211328,2500211335,US
2500211336,2500211343,RO
2500211344,2500211367,US
2500211368,2500211375,RO
2500211376,2500211391,US
2500211392,2500211399,RO
2500211400,2500211407,US
2500211408,2500211415,RO
2500211416,2500211423,US
2500211424,2500211431,RO
2500211432,2500211447,US
2500211448,2500211455,RO
2500211456,2500211495,US
2500211496,2500211535,RO
2500211536,2500211655,US
2500211656,2500211663,RO
2500211664,2500211671,US
2500211672,2500211687,RO
2500211688,2500211695,US
2500211696,2500211711,RO
2500211712,2500211727,US
2500211728,2500211735,HR
2500211736,2500211775,US
2500211776,2500211783,SI
2500211784,2500211807,US
2500211808,2500211815,SI
2500211816,2500211823,US
2500211824,2500211839,SI
2500211840,2500211847,US
2500211848,2500211887,SI
2500211888,2500212223,US
2500212224,2500212231,CH
2500212232,2500212237,US
2500212238,2500212239,CH
2500212240,2500212259,US
2500212260,2500212279,CH
2500212280,2500212295,US
2500212296,2500212303,CH
2500212304,2500212307,US
2500212308,2500212311,CH
2500212312,2500212319,US
2500212320,2500212327,CH
2500212328,2500212335,US
2500212336,2500212343,CH
2500212344,2500212359,US
2500212360,2500212363,CH
2500212364,2500212375,US
2500212376,2500212379,CH
2500212380,2500212399,US
2500212400,2500212415,CH
2500212416,2500212439,US
2500212440,2500212447,CH
2500212448,2500212455,US
2500212456,2500212463,CH
2500212464,2500212479,US
2500212480,2500212487,CH
2500212488,2500212503,US
2500212504,2500212527,CH
2500212528,2500212535,US
2500212536,2500212559,CH
2500212560,2500212575,US
2500212576,2500212583,CH
2500212584,2500212591,US
2500212592,2500212607,CH
2500212608,2500212615,US
2500212616,2500212631,CH
2500212632,2500212647,US
2500212648,2500212679,CH
2500212680,2500212695,US
2500212696,2500212703,CH
2500212704,2500212735,US
2500212736,2500212767,FR
2500212768,2500212783,US
2500212784,2500212791,FR
2500212792,2500212799,US
2500212800,2500212807,FR
2500212808,2500212839,US
2500212840,2500212847,FR
2500212848,2500212871,US
2500212872,2500212879,FR
2500212880,2500212887,US
2500212888,2500212895,FR
2500212896,2500213247,US
2500213248,2500213251,FI
2500213252,2500213255,US
2500213256,2500213259,FI
2500213260,2500213261,NL
2500213262,2500213285,FI
2500213286,2500213289,US
2500213290,2500213295,FI
2500213296,2500213367,US
2500213368,2500213375,FI
2500213376,2500213383,US
2500213384,2500213391,FI
2500213392,2500213415,US
2500213416,2500213423,FI
2500213424,2500213431,US
2500213432,2500213455,FI
2500213456,2500213457,NL
2500213458,2500213459,US
2500213460,2500213467,FI
2500213468,2500213469,RO
2500213470,2500213473,US
2500213474,2500213475,FI
2500213476,2500213477,US
2500213478,2500213495,FI
2500213496,2500213759,US
2500213760,2500213763,NL
2500213764,2500213775,US
2500213776,2500213779,DE
2500213780,2500213831,US
2500213832,2500213835,NL
2500213836,2500214271,US
2500214272,2500214303,BG
2500214304,2500214305,US
2500214306,2500214311,BG
2500214312,2500214315,US
2500214316,2500214319,BG
2500214320,2500214321,US
2500214322,2500214341,BG
2500214342,2500214345,US
2500214346,2500214347,TR
2500214348,2500214391,BG
2500214392,2500214399,US
2500214400,2500214407,BG
2500214408,2500214415,US
2500214416,2500214495,BG
2500214496,2500214787,US
2500214788,2500214791,DE
2500214792,2500214831,US
2500214832,2500214855,DE
2500214856,2500215295,US
2500215296,2500215315,LU
2500215316,2500215317,GB
2500215318,2500215323,LU
2500215324,2500215325,US
2500215326,2500215447,LU
2500215448,2500215455,US
2500215456,2500215471,LU
2500215472,2500215479,US
2500215480,2500215499,LU
2500215500,2500215503,US
2500215504,2500215515,LU
2500215516,2500215523,US
2500215524,2500215527,LU
2500215528,2500215531,US
2500215532,2500215547,LU
2500215548,2500215551,US
2500215552,2500215575,LU
2500215576,2500215583,US
2500215584,2500215623,LU
2500215624,2500215631,US
2500215632,2500215687,LU
2500215688,2500215703,US
2500215704,2500215719,LU
2500215720,2500215727,US
2500215728,2500215791,LU
2500215792,2500215799,US
2500215800,2500215807,LU
2500215808,2500215809,BG
2500215810,2500215811,US
2500215812,2500215817,BG
2500215818,2500215819,ES
2500215820,2500215821,US
2500215822,2500215855,BG
2500215856,2500215871,US
2500215872,2500215895,BG
2500215896,2500215903,US
2500215904,2500215911,BG
2500215912,2500215927,US
2500215928,2500215935,BG
2500215936,2500215943,US
2500215944,2500215951,BG
2500215952,2500215967,US
2500215968,2500215975,BG
2500215976,2500215983,US
2500215984,2500215999,BG
2500216000,2500216015,US
2500216016,2500216019,BG
2500216020,2500216021,US
2500216022,2500216023,BG
2500216024,2500216031,US
2500216032,2500216039,BG
2500216040,2500216063,US
2500216064,2500216071,BG
2500216072,2500216087,US
2500216088,2500216099,BG
2500216100,2500216101,US
2500216102,2500216119,BG
2500216120,2500216123,US
2500216124,2500216135,BG
2500216136,2500216143,US
2500216144,2500216205,BG
2500216206,2500216207,US
2500216208,2500216215,BG
2500216216,2500216223,US
2500216224,2500216271,BG
2500216272,2500216303,US
2500216304,2500216319,BG
2500216320,2500216327,PL
2500216328,2500216335,US
2500216336,2500216387,PL
2500216388,2500216391,US
2500216392,2500216521,PL
2500216522,2500216523,US
2500216524,2500216527,PL
2500216528,2500216535,US
2500216536,2500216567,PL
2500216568,2500216575,US
2500216576,2500216631,PL
2500216632,2500216641,US
2500216642,2500216703,PL
2500216704,2500216711,US
2500216712,2500216719,PL
2500216720,2500216727,US
2500216728,2500216751,PL
2500216752,2500216759,US
2500216760,2500216775,PL
2500216776,2500216807,US
2500216808,2500216831,PL
2500216832,2500216839,US
2500216840,2500216847,FR
2500216848,2500216851,US
2500216852,2500216865,FR
2500216866,2500216867,US
2500216868,2500216903,FR
2500216904,2500216911,US
2500216912,2500216915,FR
2500216916,2500216917,US
2500216918,2500216935,FR
2500216936,2500216937,US
2500216938,2500216939,FR
2500216940,2500216983,US
2500216984,2500216991,FR
2500216992,2500216999,US
2500217000,2500217023,FR
2500217024,2500217031,US
2500217032,2500217071,FR
2500217072,2500217343,US
2500217344,2500217359,PL
2500217360,2500217367,US
2500217368,2500217383,PL
2500217384,2500217391,US
2500217392,2500217455,PL
2500217456,2500217887,US
2500217888,2500217895,UA
2500217896,2500217935,US
2500217936,2500217951,UA
2500217952,2500217959,US
2500217960,2500217967,UA
2500217968,2500217975,US
2500217976,2500217991,UA
2500217992,2500217999,US
2500218000,2500218007,UA
2500218008,2500219063,US
2500219064,2500219071,BE
2500219072,2500219311,US
2500219312,2500219315,FR
2500219316,2500219859,US
2500219860,2500219863,FR
2500219864,2500219951,US
2500219952,2500219959,GB
2500219960,2500219967,US
2500219968,2500219975,FR
2500219976,2500220055,US
2500220056,2500220063,DE
2500220064,2500220927,US
2500220928,2500220941,IT
2500220942,2500220943,US
2500220944,2500220983,IT
2500220984,2500220991,US
2500220992,2500221015,IT
2500221016,2500221023,US
2500221024,2500221031,IT
2500221032,2500221039,US
2500221040,2500221047,IT
2500221048,2500221103,US
2500221104,2500221111,IT
2500221112,2500221119,US
2500221120,2500221127,IT
2500221128,2500221135,US
2500221136,2500221143,IT
2500221144,2500221439,US
2500221440,2500221447,FR
2500221448,2500221455,US
2500221456,2500221479,FR
2500221480,2500221487,US
2500221488,2500221493,FR
2500221494,2500221495,US
2500221496,2500221519,FR
2500221520,2500221535,US
2500221536,2500221567,FR
2500221568,2500221575,US
2500221576,2500221591,FR
2500221592,2500221615,US
2500221616,2500221663,FR
2500221664,2500221975,US
2500221976,2500221983,GB
2500221984,2500222975,US
2500222976,2500222979,GB
2500222980,2500224007,US
2500224008,2500224015,GB
2500224016,2500224023,US
2500224024,2500224071,GB
2500224072,2500224511,US
2500224512,2500224517,BE
2500224518,2500224519,US
2500224520,2500224543,BE
2500224544,2500224559,US
2500224560,2500224565,BE
2500224566,2500224567,US
2500224568,2500224599,BE
2500224600,2500224615,US
2500224616,2500224647,BE
2500224648,2500224663,US
2500224664,2500224671,BE
2500224672,2500224679,US
2500224680,2500224759,BE
2500224760,2500224767,US
2500224768,2500224783,BE
2500224784,2500224791,US
2500224792,2500224839,BE
2500224840,2500224847,US
2500224848,2500224863,BE
2500224864,2500225023,US
2500225024,2500225027,FR
2500225028,2500225031,US
2500225032,2500225047,FR
2500225048,2500225535,US
2500225536,2500225543,ES
2500225544,2500225563,US
2500225564,2500225567,ES
2500225568,2500225583,US
2500225584,2500225607,ES
2500225608,2500225623,US
2500225624,2500225631,ES
2500225632,2500225639,US
2500225640,2500225647,ES
2500225648,2500226567,US
2500226568,2500226591,NL
2500226592,2500226599,US
2500226600,2500226607,NL
2500226608,2500226623,US
2500226624,2500226639,NL
2500226640,2500226647,US
2500226648,2500226663,NL
2500226664,2500226687,US
2500226688,2500226703,NL
2500226704,2500226711,US
2500226712,2500226727,NL
2500226728,2500226743,US
2500226744,2500226751,NL
2500226752,2500226759,US
2500226760,2500226807,NL
2500226808,2500226879,US
2500226880,2500226895,NL
2500226896,2500227583,US
2500227584,2500227585,NL
2500227586,2500227591,FR
2500227592,2500227593,US
2500227594,2500227615,FR
2500227616,2500227623,US
2500227624,2500227665,FR
2500227666,2500227667,US
2500227668,2500227677,FR
2500227678,2500227679,US
2500227680,2500227711,FR
2500227712,2500227719,US
2500227720,2500227725,FR
2500227726,2500227735,US
2500227736,2500227793,FR
2500227794,2500227795,US
2500227796,2500227903,FR
2500227904,2500227911,US
2500227912,2500227939,FR
2500227940,2500227943,US
2500227944,2500228035,FR
2500228036,2500228039,US
2500228040,2500228047,FR
2500228048,2500228055,US
2500228056,2500228095,FR
2500228096,2500228127,NO
2500228128,2500228135,US
2500228136,2500228151,NO
2500228152,2500228183,US
2500228184,2500228191,NO
2500228192,2500228207,US
2500228208,2500228223,NO
2500228224,2500228255,US
2500228256,2500228263,NO
2500228264,2500228271,US
2500228272,2500228295,NO
2500228296,2500228343,US
2500228344,2500228359,NO
2500228360,2500228367,US
2500228368,2500228387,NO
2500228388,2500228389,NL
2500228390,2500228399,NO
2500228400,2500228407,US
2500228408,2500228415,NO
2500228416,2500228607,US
2500228608,2500228631,FR
2500228632,2500228639,US
2500228640,2500228647,FR
2500228648,2500228655,US
2500228656,2500228659,FR
2500228660,2500228663,US
2500228664,2500228679,FR
2500228680,2500228687,US
2500228688,2500228719,FR
2500228720,2500228727,US
2500228728,2500228751,FR
2500228752,2500228783,US
2500228784,2500228785,FR
2500228786,2500228787,US
2500228788,2500228791,FR
2500228792,2500228807,US
2500228808,2500228811,FR
2500228812,2500228815,US
2500228816,2500228823,FR
2500228824,2500228839,US
2500228840,2500228843,FR
2500228844,2500228847,US
2500228848,2500228855,FR
2500228856,2500228863,US
2500228864,2500228911,FR
2500228912,2500228943,US
2500228944,2500228967,FR
2500228968,2500228983,US
2500228984,2500228991,FR
2500228992,2500229015,US
2500229016,2500229031,FR
2500229032,2500229047,US
2500229048,2500229055,FR
2500229056,2500229119,US
2500229120,2500229439,GB
2500229440,2500229471,US
2500229472,2500229479,GB
2500229480,2500229487,US
2500229488,2500229503,GB
2500229504,2500229631,US
2500229632,2500229639,DE
2500229640,2500229655,US
2500229656,2500229663,ES
2500229664,2500229735,GB
2500229736,2500229743,US
2500229744,2500229759,GB
2500229760,2500229791,US
2500229792,2500229807,FR
2500229808,2500229815,US
2500229816,2500229855,GB
2500229856,2500230111,US
2500230112,2500230143,GB
2500230144,2500230207,US
2500230208,2500230239,GB
2500230240,2500230255,FR
2500230256,2500230263,US
2500230264,2500230367,GB
2500230368,2500230831,US
2500230832,2500230847,GB
2500230848,2500230895,US
2500230896,2500230911,GB
2500230912,2500231167,US
2500231168,2500231247,NL
2500231248,2500231251,US
2500231252,2500231359,NL
2500231360,2500231367,US
2500231368,2500231375,NL
2500231376,2500231383,US
2500231384,2500231391,NL
2500231392,2500231399,US
2500231400,2500231447,NL
2500231448,2500231455,FR
2500231456,2500231547,NL
2500231548,2500231549,US
2500231550,2500231559,NL
2500231560,2500231575,US
2500231576,2500231623,NL
2500231624,2500231639,US
2500231640,2500231679,NL
2500231680,2500231683,US
2500231684,2500231687,ES
2500231688,2500231695,US
2500231696,2500231699,ES
2500231700,2500231711,US
2500231712,2500231723,ES
2500231724,2500231725,US
2500231726,2500231727,ES
2500231728,2500231751,US
2500231752,2500231759,ES
2500231760,2500231765,US
2500231766,2500231767,ES
2500231768,2500231783,US
2500231784,2500231839,ES
2500231840,2500231863,US
2500231864,2500231887,ES
2500231888,2500231903,US
2500231904,2500231927,ES
2500231928,2500231953,US
2500231954,2500231967,ES
2500231968,2500231975,US
2500231976,2500231983,ES
2500231984,2500231985,US
2500231986,2500231989,ES
2500231990,2500231991,US
2500231992,2500231999,ES
2500232000,2500232007,US
2500232008,2500232015,ES
2500232016,2500232031,US
2500232032,2500232039,ES
2500232040,2500232055,US
2500232056,2500232135,ES
2500232136,2500232143,US
2500232144,2500232151,ES
2500232152,2500232159,US
2500232160,2500232175,ES
2500232176,2500232191,US
2500232192,2500232207,ES
2500232208,2500232211,US
2500232212,2500232215,ES
2500232216,2500232703,US
2500232704,2500232727,BE
2500232728,2500232731,US
2500232732,2500232735,BE
2500232736,2500232743,US
2500232744,2500232751,BE
2500232752,2500232759,US
2500232760,2500232791,BE
2500232792,2500232793,US
2500232794,2500232853,BE
2500232854,2500232855,US
2500232856,2500232887,BE
2500232888,2500232895,US
2500232896,2500232903,BE
2500232904,2500232919,US
2500232920,2500232959,BE
2500232960,2500232967,US
2500232968,2500232979,BE
2500232980,2500232983,US
2500232984,2500232999,BE
2500233000,2500233003,US
2500233004,2500233023,BE
2500233024,2500233031,US
2500233032,2500233039,BE
2500233040,2500233043,US
2500233044,2500233099,BE
2500233100,2500233103,US
2500233104,2500233123,BE
2500233124,2500233143,US
2500233144,2500233159,BE
2500233160,2500233167,US
2500233168,2500233175,BE
2500233176,2500233195,US
2500233196,2500233199,BE
2500233200,2500233211,US
2500233212,2500233215,BE
2500233216,2500233217,DK
2500233218,2500233219,US
2500233220,2500233221,DK
2500233222,2500233223,US
2500233224,2500233271,DK
2500233272,2500233279,US
2500233280,2500233291,DK
2500233292,2500233295,GB
2500233296,2500233319,DK
2500233320,2500233327,US
2500233328,2500233335,DK
2500233336,2500233359,US
2500233360,2500233375,DK
2500233376,2500233391,US
2500233392,2500233415,DK
2500233416,2500233423,US
2500233424,2500233439,DK
2500233440,2500233463,US
2500233464,2500233487,DK
2500233488,2500233503,US
2500233504,2500233519,DK
2500233520,2500233551,US
2500233552,2500233567,DK
2500233568,2500233575,US
2500233576,2500233599,DK
2500233600,2500233607,US
2500233608,2500233623,DK
2500233624,2500233727,US
2500233728,2500233735,DE
2500233736,2500233743,US
2500233744,2500233781,DE
2500233782,2500233799,US
2500233800,2500233809,DE
2500233810,2500233811,US
2500233812,2500233815,DE
2500233816,2500233823,US
2500233824,2500233843,DE
2500233844,2500233847,US
2500233848,2500233871,DE
2500233872,2500233887,US
2500233888,2500233903,DE
2500233904,2500233919,US
2500233920,2500233927,DE
2500233928,2500233943,US
2500233944,2500233959,DE
2500233960,2500233963,US
2500233964,2500233983,DE
2500233984,2500233999,US
2500234000,2500234015,DE
2500234016,2500234063,US
2500234064,2500234103,DE
2500234104,2500234119,US
2500234120,2500234151,DE
2500234152,2500234175,US
2500234176,2500234183,DE
2500234184,2500234191,US
2500234192,2500234207,DE
2500234208,2500234215,US
2500234216,2500234239,DE
2500234240,2500234243,US
2500234244,2500234247,DE
2500234248,2500234251,US
2500234252,2500234263,DE
2500234264,2500234271,US
2500234272,2500234279,DE
2500234280,2500234311,US
2500234312,2500234327,DE
2500234328,2500234329,US
2500234330,2500234331,DE
2500234332,2500234335,US
2500234336,2500234339,DE
2500234340,2500234351,US
2500234352,2500234367,DE
2500234368,2500234375,US
2500234376,2500234419,DE
2500234420,2500234423,US
2500234424,2500234439,DE
2500234440,2500234459,US
2500234460,2500234463,DE
2500234464,2500234471,US
2500234472,2500234479,DE
2500234480,2500234487,US
2500234488,2500234495,DE
2500234496,2500234503,US
2500234504,2500234511,DE
2500234512,2500234519,US
2500234520,2500234539,DE
2500234540,2500234543,US
2500234544,2500234551,DE
2500234552,2500234555,US
2500234556,2500234563,DE
2500234564,2500234567,US
2500234568,2500234599,DE
2500234600,2500234611,US
2500234612,2500234615,DE
2500234616,2500234623,US
2500234624,2500234631,DE
2500234632,2500234639,US
2500234640,2500234643,DE
2500234644,2500234647,US
2500234648,2500234651,DE
2500234652,2500234655,US
2500234656,2500234659,DE
2500234660,2500234663,US
2500234664,2500234667,DE
2500234668,2500234671,US
2500234672,2500234679,AT
2500234680,2500234691,US
2500234692,2500234699,DE
2500234700,2500234703,US
2500234704,2500234719,DE
2500234720,2500234751,US
2500234752,2500234757,DE
2500234758,2500234775,US
2500234776,2500234807,DE
2500234808,2500234809,US
2500234810,2500234851,DE
2500234852,2500234853,US
2500234854,2500234855,DE
2500234856,2500234857,US
2500234858,2500234859,DE
2500234860,2500234863,US
2500234864,2500234895,DE
2500234896,2500234903,US
2500234904,2500234911,DE
2500234912,2500234935,US
2500234936,2500234943,DE
2500234944,2500234951,US
2500234952,2500234959,DE
2500234960,2500234967,US
2500234968,2500234983,DE
2500234984,2500234991,LU
2500234992,2500235071,DE
2500235072,2500235079,US
2500235080,2500235095,DE
2500235096,2500235275,US
2500235276,2500235279,PT
2500235280,2500235291,US
2500235292,2500235293,PT
2500235294,2500235303,US
2500235304,2500235305,PT
2500235306,2500235325,US
2500235326,2500235327,PT
2500235328,2500235375,US
2500235376,2500235383,CM
2500235384,2500235389,US
2500235390,2500235391,PT
2500235392,2500235423,US
2500235424,2500235427,PT
2500235428,2500235493,US
2500235494,2500235495,ZA
2500235496,2500235623,US
2500235624,2500235631,PT
2500235632,2500235655,US
2500235656,2500235663,NG
2500235664,2500235775,US
2500235776,2500235783,GB
2500235784,2500235807,US
2500235808,2500235809,GB
2500235810,2500235811,US
2500235812,2500235815,CH
2500235816,2500235819,GB
2500235820,2500235823,US
2500235824,2500235835,GB
2500235836,2500235839,US
2500235840,2500235843,GB
2500235844,2500235855,US
2500235856,2500235863,GB
2500235864,2500235871,US
2500235872,2500235879,GB
2500235880,2500235887,US
2500235888,2500235895,GB
2500235896,2500235907,US
2500235908,2500235927,GB
2500235928,2500235935,US
2500235936,2500235951,GB
2500235952,2500235969,US
2500235970,2500235971,GB
2500235972,2500235975,US
2500235976,2500235979,GB
2500235980,2500235991,US
2500235992,2500235999,GB
2500236000,2500236003,US
2500236004,2500236005,GB
2500236006,2500236007,US
2500236008,2500236017,GB
2500236018,2500236023,US
2500236024,2500236027,RO
2500236028,2500236031,DE
2500236032,2500236037,GB
2500236038,2500236091,US
2500236092,2500236099,GB
2500236100,2500236103,US
2500236104,2500236109,GB
2500236110,2500236119,US
2500236120,2500236127,GB
2500236128,2500236135,US
2500236136,2500236183,GB
2500236184,2500236207,US
2500236208,2500236215,GB
2500236216,2500236217,US
2500236218,2500236231,GB
2500236232,2500236233,US
2500236234,2500236247,GB
2500236248,2500236263,US
2500236264,2500236265,GB
2500236266,2500236267,US
2500236268,2500236269,GB
2500236270,2500236273,US
2500236274,2500236275,GB
2500236276,2500236281,US
2500236282,2500236287,GB
2500236288,2500236751,US
2500236752,2500236759,GB
2500236760,2500236799,US
2500236800,2500236831,ES
2500236832,2500236847,US
2500236848,2500236863,ES
2500236864,2500236871,US
2500236872,2500236879,ES
2500236880,2500236887,US
2500236888,2500236955,ES
2500236956,2500236959,US
2500236960,2500236967,ES
2500236968,2500236975,US
2500236976,2500236985,ES
2500236986,2500236987,US
2500236988,2500237015,ES
2500237016,2500237023,US
2500237024,2500237047,ES
2500237048,2500237049,US
2500237050,2500237099,ES
2500237100,2500237101,US
2500237102,2500237119,ES
2500237120,2500237127,US
2500237128,2500237135,ES
2500237136,2500237143,US
2500237144,2500237159,ES
2500237160,2500237167,US
2500237168,2500237183,ES
2500237184,2500237191,US
2500237192,2500237197,ES
2500237198,2500237207,US
2500237208,2500237223,ES
2500237224,2500237239,US
2500237240,2500237247,ES
2500237248,2500237255,US
2500237256,2500237259,ES
2500237260,2500237263,US
2500237264,2500237271,ES
2500237272,2500237287,US
2500237288,2500237311,ES
2500237312,2500237315,US
2500237316,2500237319,IT
2500237320,2500237327,US
2500237328,2500237335,IT
2500237336,2500237343,US
2500237344,2500237347,IT
2500237348,2500237351,US
2500237352,2500237363,IT
2500237364,2500237367,US
2500237368,2500237369,IT
2500237370,2500237375,US
2500237376,2500237385,IT
2500237386,2500237391,US
2500237392,2500237431,IT
2500237432,2500237439,US
2500237440,2500237455,IT
2500237456,2500237471,US
2500237472,2500237479,IT
2500237480,2500237487,US
2500237488,2500237495,IT
2500237496,2500237499,US
2500237500,2500237501,IT
2500237502,2500237507,US
2500237508,2500237509,IT
2500237510,2500237535,US
2500237536,2500237543,IT
2500237544,2500237565,US
2500237566,2500237567,IT
2500237568,2500237615,US
2500237616,2500237623,IT
2500237624,2500237631,US
2500237632,2500237655,IT
2500237656,2500237671,US
2500237672,2500237687,IT
2500237688,2500237703,US
2500237704,2500237711,IT
2500237712,2500237727,US
2500237728,2500237729,FR
2500237730,2500237751,US
2500237752,2500237759,IT
2500237760,2500237791,US
2500237792,2500237799,IT
2500237800,2500237815,US
2500237816,2500237823,IT
2500237824,2500237835,US
2500237836,2500237839,FR
2500237840,2500237847,US
2500237848,2500237855,FR
2500237856,2500237859,US
2500237860,2500237863,FR
2500237864,2500237865,US
2500237866,2500237867,FR
2500237868,2500237869,US
2500237870,2500237887,FR
2500237888,2500237895,US
2500237896,2500237903,FR
2500237904,2500237951,US
2500237952,2500237957,FR
2500237958,2500237959,US
2500237960,2500237961,FR
2500237962,2500237963,US
2500237964,2500237967,FR
2500237968,2500237975,US
2500237976,2500237983,FR
2500237984,2500237991,US
2500237992,2500237995,FR
2500237996,2500237997,US
2500237998,2500237999,FR
2500238000,2500238039,US
2500238040,2500238047,FR
2500238048,2500238055,US
2500238056,2500238059,FR
2500238060,2500238079,US
2500238080,2500238087,FR
2500238088,2500238089,US
2500238090,2500238095,FR
2500238096,2500238103,US
2500238104,2500238111,FR
2500238112,2500238131,US
2500238132,2500238135,FR
2500238136,2500238159,US
2500238160,2500238161,ZA
2500238162,2500238163,FR
2500238164,2500238173,US
2500238174,2500238175,FR
2500238176,2500238183,US
2500238184,2500238199,FR
2500238200,2500238231,US
2500238232,2500238239,FR
2500238240,2500238255,US
2500238256,2500238263,FR
2500238264,2500238279,US
2500238280,2500238287,FR
2500238288,2500238303,US
2500238304,2500238319,FR
2500238320,2500238419,US
2500238420,2500238423,DE
2500238424,2500238463,US
2500238464,2500238471,DE
2500238472,2500238487,US
2500238488,2500238495,DE
2500238496,2500238515,US
2500238516,2500238519,DE
2500238520,2500238527,US
2500238528,2500238543,DE
2500238544,2500238847,US
2500238848,2500238871,DE
2500238872,2500238895,US
2500238896,2500238903,DE
2500238904,2500238905,US
2500238906,2500238935,DE
2500238936,2500238943,US
2500238944,2500238959,DE
2500238960,2500238967,US
2500238968,2500238973,DE
2500238974,2500238983,US
2500238984,2500238999,DE
2500239000,2500239015,US
2500239016,2500239023,DE
2500239024,2500239031,US
2500239032,2500239039,DE
2500239040,2500239359,US
2500239360,2500239383,FR
2500239384,2500239391,US
2500239392,2500239417,FR
2500239418,2500239419,US
2500239420,2500239423,FR
2500239424,2500239431,US
2500239432,2500239447,FR
2500239448,2500239455,US
2500239456,2500239475,FR
2500239476,2500239479,US
2500239480,2500239575,FR
2500239576,2500239583,US
2500239584,2500239599,FR
2500239600,2500239607,US
2500239608,2500239631,FR
2500239632,2500239639,US
2500239640,2500239647,FR
2500239648,2500239655,US
2500239656,2500239667,FR
2500239668,2500239669,US
2500239670,2500239679,FR
2500239680,2500239681,US
2500239682,2500239683,FR
2500239684,2500239695,US
2500239696,2500239711,FR
2500239712,2500239719,US
2500239720,2500239727,FR
2500239728,2500239743,US
2500239744,2500239749,FR
2500239750,2500239751,US
2500239752,2500239775,FR
2500239776,2500239807,US
2500239808,2500239815,FR
2500239816,2500239817,US
2500239818,2500239823,FR
2500239824,2500239831,US
2500239832,2500239895,FR
2500239896,2500239903,US
2500239904,2500239919,FR
2500239920,2500239927,US
2500239928,2500239931,FR
2500239932,2500239935,US
2500239936,2500239943,FR
2500239944,2500239951,US
2500239952,2500239959,FR
2500239960,2500239979,US
2500239980,2500239981,FR
2500239982,2500239983,US
2500239984,2500240003,FR
2500240004,2500240005,US
2500240006,2500240007,DE
2500240008,2500240015,US
2500240016,2500240023,FR
2500240024,2500240031,US
2500240032,2500240047,FR
2500240048,2500240055,US
2500240056,2500240063,FR
2500240064,2500240071,US
2500240072,2500240079,FR
2500240080,2500240087,US
2500240088,2500240119,FR
2500240120,2500240127,US
2500240128,2500240135,FR
2500240136,2500240143,US
2500240144,2500240151,FR
2500240152,2500240159,US
2500240160,2500240175,FR
2500240176,2500240231,US
2500240232,2500240239,FR
2500240240,2500240271,US
2500240272,2500240275,FR
2500240276,2500240279,DE
2500240280,2500240311,US
2500240312,2500240319,FR
2500240320,2500240327,US
2500240328,2500240359,FR
2500240360,2500240367,US
2500240368,2500240375,FR
2500240376,2500240383,US
2500240384,2500240407,FR
2500240408,2500240415,US
2500240416,2500240479,FR
2500240480,2500240487,US
2500240488,2500240495,FR
2500240496,2500240503,US
2500240504,2500240523,FR
2500240524,2500240527,US
2500240528,2500240543,FR
2500240544,2500240551,US
2500240552,2500240555,FR
2500240556,2500240557,US
2500240558,2500240567,FR
2500240568,2500240575,US
2500240576,2500240591,FR
2500240592,2500240607,US
2500240608,2500240623,FR
2500240624,2500240625,US
2500240626,2500240627,FR
2500240628,2500240629,US
2500240630,2500240659,FR
2500240660,2500240663,US
2500240664,2500240671,FR
2500240672,2500240687,US
2500240688,2500240741,FR
2500240742,2500240751,US
2500240752,2500240759,FR
2500240760,2500240783,US
2500240784,2500240791,FR
2500240792,2500240799,US
2500240800,2500240815,FR
2500240816,2500240823,US
2500240824,2500240879,FR
2500240880,2500240887,US
2500240888,2500240903,FR
2500240904,2500240911,US
2500240912,2500240919,FR
2500240920,2500240921,IE
2500240922,2500240935,FR
2500240936,2500240943,US
2500240944,2500240951,FR
2500240952,2500240959,SE
2500240960,2500240967,FR
2500240968,2500240975,US
2500240976,2500241023,FR
2500241024,2500241031,US
2500241032,2500241035,FR
2500241036,2500241043,US
2500241044,2500241045,FR
2500241046,2500241047,US
2500241048,2500241095,FR
2500241096,2500241103,US
2500241104,2500241111,FR
2500241112,2500241119,US
2500241120,2500241199,FR
2500241200,2500241201,US
2500241202,2500241223,FR
2500241224,2500241235,US
2500241236,2500241247,FR
2500241248,2500241251,US
2500241252,2500241255,FR
2500241256,2500241263,US
2500241264,2500241283,FR
2500241284,2500241287,US
2500241288,2500241319,FR
2500241320,2500241327,US
2500241328,2500241335,CH
2500241336,2500241341,FR
2500241342,2500241343,US
2500241344,2500241359,FR
2500241360,2500241367,US
2500241368,2500241383,FR
2500241384,2500241391,US
2500241392,2500241399,FR
2500241400,2500241407,US
2500241408,2500241411,SE
2500241412,2500241415,US
2500241416,2500241417,SE
2500241418,2500241439,US
2500241440,2500241443,SE
2500241444,2500241447,US
2500241448,2500241455,SE
2500241456,2500241469,US
2500241470,2500241481,SE
2500241482,2500241483,US
2500241484,2500241495,SE
2500241496,2500241497,US
2500241498,2500241503,SE
2500241504,2500241519,US
2500241520,2500241535,SE
2500241536,2500241559,US
2500241560,2500241567,SE
2500241568,2500241591,US
2500241592,2500241599,SE
2500241600,2500241607,US
2500241608,2500241615,SE
2500241616,2500241727,US
2500241728,2500241743,SE
2500241744,2500241751,US
2500241752,2500241759,SE
2500241760,2500241783,US
2500241784,2500241807,SE
2500241808,2500241815,US
2500241816,2500241839,SE
2500241840,2500241847,US
2500241848,2500241863,SE
2500241864,2500241871,US
2500241872,2500241879,SE
2500241880,2500241887,US
2500241888,2500241895,SE
2500241896,2500241927,US
2500241928,2500241931,DE
2500241932,2500241935,US
2500241936,2500241939,DE
2500241940,2500241943,US
2500241944,2500241949,DE
2500241950,2500241975,US
2500241976,2500241983,DE
2500241984,2500242015,US
2500242016,2500242023,DE
2500242024,2500242431,US
2500242432,2500242433,FR
2500242434,2500242503,US
2500242504,2500242511,FR
2500242512,2500242583,US
2500242584,2500242591,FR
2500242592,2500242947,US
2500242948,2500242983,AT
2500242984,2500242991,US
2500242992,2500242999,AT
2500243000,2500243007,US
2500243008,2500243023,AT
2500243024,2500243031,US
2500243032,2500243039,RO
2500243040,2500243047,AT
2500243048,2500243055,US
2500243056,2500243071,AT
2500243072,2500243079,US
2500243080,2500243143,AT
2500243144,2500243151,US
2500243152,2500243155,AT
2500243156,2500243159,US
2500243160,2500243199,AT
2500243200,2500243207,US
2500243208,2500243223,AT
2500243224,2500243231,IT
2500243232,2500243247,AT
2500243248,2500243255,US
2500243256,2500243263,AT
2500243264,2500243279,US
2500243280,2500243311,AT
2500243312,2500243319,US
2500243320,2500243359,AT
2500243360,2500243375,US
2500243376,2500243383,NL
2500243384,2500243415,AT
2500243416,2500243423,US
2500243424,2500243425,AT
2500243426,2500243427,US
2500243428,2500243431,AT
2500243432,2500243439,US
2500243440,2500243455,AT
2500243456,2500243457,US
2500243458,2500243479,CH
2500243480,2500243487,US
2500243488,2500243489,CA
2500243490,2500243491,US
2500243492,2500243511,CH
2500243512,2500243519,US
2500243520,2500243527,CH
2500243528,2500243531,US
2500243532,2500243535,CH
2500243536,2500243543,US
2500243544,2500243547,CH
2500243548,2500243551,US
2500243552,2500243559,CH
2500243560,2500243575,US
2500243576,2500243591,CH
2500243592,2500243595,DE
2500243596,2500243607,CH
2500243608,2500243615,US
2500243616,2500243651,CH
2500243652,2500243653,US
2500243654,2500243655,CH
2500243656,2500243663,US
2500243664,2500243667,CH
2500243668,2500243671,FR
2500243672,2500243679,CH
2500243680,2500243687,US
2500243688,2500243695,CH
2500243696,2500243711,US
2500243712,2500243735,CH
2500243736,2500243743,US
2500243744,2500243767,CH
2500243768,2500243775,US
2500243776,2500243783,CH
2500243784,2500243807,US
2500243808,2500243823,CH
2500243824,2500243847,US
2500243848,2500243855,CH
2500243856,2500243863,US
2500243864,2500243879,CH
2500243880,2500243887,US
2500243888,2500243895,CH
2500243896,2500243927,US
2500243928,2500243943,CH
2500243944,2500243959,US
2500243960,2500243967,CH
2500243968,2500243983,FR
2500243984,2500243991,US
2500243992,2500244103,FR
2500244104,2500244111,US
2500244112,2500244127,FR
2500244128,2500244135,US
2500244136,2500244159,FR
2500244160,2500244167,US
2500244168,2500244175,FR
2500244176,2500244183,US
2500244184,2500244207,FR
2500244208,2500244215,US
2500244216,2500244219,FR
2500244220,2500244221,US
2500244222,2500244295,FR
2500244296,2500244303,US
2500244304,2500244311,FR
2500244312,2500244319,US
2500244320,2500244367,FR
2500244368,2500245007,US
2500245008,2500245009,HU
2500245010,2500245011,US
2500245012,2500245023,HU
2500245024,2500245039,US
2500245040,2500245047,HU
2500245048,2500245063,US
2500245064,2500245087,HU
2500245088,2500245095,US
2500245096,2500245119,HU
2500245120,2500245151,US
2500245152,2500245167,HU
2500245168,2500245183,US
2500245184,2500245199,HU
2500245200,2500245207,US
2500245208,2500245245,HU
2500245246,2500245519,US
2500245520,2500245527,GB
2500245528,2500245575,US
2500245576,2500245577,GB
2500245578,2500245579,US
2500245580,2500245583,GB
2500245584,2500245591,US
2500245592,2500245607,GB
2500245608,2500245635,US
2500245636,2500245643,GB
2500245644,2500245679,US
2500245680,2500245683,GB
2500245684,2500245695,US
2500245696,2500245699,GB
2500245700,2500245717,US
2500245718,2500245719,GB
2500245720,2500245727,US
2500245728,2500245735,GB
2500245736,2500245767,US
2500245768,2500245775,GB
2500245776,2500245783,US
2500245784,2500245787,GB
2500245788,2500245799,US
2500245800,2500245807,GB
2500245808,2500245815,CH
2500245816,2500245831,US
2500245832,2500245833,GB
2500245834,2500245839,US
2500245840,2500245847,GB
2500245848,2500245903,US
2500245904,2500245911,GB
2500245912,2500245919,US
2500245920,2500245935,GB
2500245936,2500245939,US
2500245940,2500245941,FR
2500245942,2500245943,GB
2500245944,2500245953,US
2500245954,2500245959,GB
2500245960,2500245975,US
2500245976,2500245983,GB
2500245984,2500245991,US
2500245992,2500245999,GB
2500246000,2500246023,US
2500246024,2500246031,GB
2500246032,2500246039,US
2500246040,2500246043,GB
2500246044,2500246079,US
2500246080,2500246087,GB
2500246088,2500246095,US
2500246096,2500246103,GB
2500246104,2500246111,US
2500246112,2500246127,GB
2500246128,2500246135,US
2500246136,2500246143,GB
2500246144,2500246151,US
2500246152,2500246159,GB
2500246160,2500246191,US
2500246192,2500246199,GB
2500246200,2500246207,US
2500246208,2500246215,GB
2500246216,2500246255,US
2500246256,2500246271,GB
2500246272,2500246295,US
2500246296,2500246303,GB
2500246304,2500246311,US
2500246312,2500246319,GB
2500246320,2500246333,US
2500246334,2500246343,GB
2500246344,2500246351,US
2500246352,2500246383,GB
2500246384,2500246399,US
2500246400,2500246423,GB
2500246424,2500246431,US
2500246432,2500246441,GB
2500246442,2500246443,US
2500246444,2500246463,GB
2500246464,2500246471,US
2500246472,2500246479,GB
2500246480,2500246523,US
2500246524,2500246527,GB
2500246528,2500246539,EE
2500246540,2500246541,GB
2500246542,2500246545,EE
2500246546,2500246549,US
2500246550,2500246583,EE
2500246584,2500246591,US
2500246592,2500246607,EE
2500246608,2500246615,US
2500246616,2500246631,EE
2500246632,2500246639,US
2500246640,2500246647,EE
2500246648,2500246655,US
2500246656,2500246663,EE
2500246664,2500246673,US
2500246674,2500246679,EE
2500246680,2500246711,US
2500246712,2500246719,EE
2500246720,2500247043,US
2500247044,2500247047,UA
2500247048,2500247051,US
2500247052,2500247057,UA
2500247058,2500247059,US
2500247060,2500247061,UA
2500247062,2500247071,US
2500247072,2500247079,PL
2500247080,2500247087,UA
2500247088,2500247103,US
2500247104,2500247119,UA
2500247120,2500247121,US
2500247122,2500247123,UA
2500247124,2500247125,US
2500247126,2500247149,UA
2500247150,2500247151,US
2500247152,2500247167,UA
2500247168,2500247183,US
2500247184,2500247191,UA
2500247192,2500247199,US
2500247200,2500247239,UA
2500247240,2500247241,US
2500247242,2500247263,UA
2500247264,2500247271,US
2500247272,2500247279,UA
2500247280,2500247297,US
2500247298,2500247303,UA
2500247304,2500247311,US
2500247312,2500247319,UA
2500247320,2500247351,US
2500247352,2500247367,UA
2500247368,2500247369,US
2500247370,2500247377,UA
2500247378,2500247391,US
2500247392,2500247439,UA
2500247440,2500247447,US
2500247448,2500247455,UA
2500247456,2500247487,US
2500247488,2500247511,UA
2500247512,2500247527,US
2500247528,2500247551,UA
2500247552,2500248063,US
2500248064,2500248575,ES
2500248576,2500248831,US
2500248832,2500249087,ES
2500249088,2500250623,US
2500250624,2500250879,ES
2500250880,2500251135,US
2500251136,2500252671,ES
2500252672,2500253695,US
2500253696,2500254719,ES
2500254720,2500263967,US
2500263968,2500264095,FR
2500264096,2500264103,US
2500264104,2500264107,GB
2500264108,2500264111,US
2500264112,2500264119,FR
2500264120,2500264127,US
2500264128,2500264447,FR
2500264448,2500264991,US
2500264992,2500265039,FR
2500265040,2500265047,US
2500265048,2500265071,FR
2500265072,2500265079,US
2500265080,2500265147,FR
2500265148,2500265183,US
2500265184,2500265195,FR
2500265196,2500265215,US
2500265216,2500265471,GB
2500265472,2500267007,US
2500267008,2500268287,GB
2500268288,2500268543,US
2500268544,2500270079,DE
2500270080,2500270335,UZ
2500270336,2500270847,US
2500270848,2500271103,DE
2500271104,2500271615,US
2500271616,2500271871,FR
2500271872,2500272175,US
2500272176,2500272191,GB
2500272192,2500272511,US
2500272512,2500272543,GB
2500272544,2500272599,US
2500272600,2500272607,GB
2500272608,2500272639,US
2500272640,2500272895,GB
2500272896,2500273295,US
2500273296,2500273311,FR
2500273312,2500273375,US
2500273376,2500273407,GB
2500273408,2500273663,NL
2500273664,2500274175,US
2500274176,2500274239,GB
2500274240,2500274303,NL
2500274304,2500274335,GB
2500274336,2500274943,US
2500274944,2500275007,GB
2500275008,2500275071,US
2500275072,2500275135,GB
2500275136,2500275167,US
2500275168,2500275175,GB
2500275176,2500275199,US
2500275200,2500275207,GB
2500275208,2500275223,US
2500275224,2500275231,GB
2500275232,2500275295,US
2500275296,2500275327,GB
2500275328,2500275471,US
2500275472,2500275487,GB
2500275488,2500275543,US
2500275544,2500275583,GB
2500275584,2500275679,US
2500275680,2500275711,GB
2500275712,2500275983,US
2500275984,2500275999,GB
2500276000,2500276079,US
2500276080,2500276087,FR
2500276088,2500276095,US
2500276096,2500277503,GB
2500277504,2500277631,US
2500277632,2500277647,GB
2500277648,2500277759,US
2500277760,2500278015,GB
2500278016,2500278687,US
2500278688,2500278719,GB
2500278720,2500278727,US
2500278728,2500278735,GB
2500278736,2500279295,US
2500279296,2500279551,GB
2500279552,2500279807,US
2500279808,2500280063,GB
2500280064,2500280319,ID
2500280320,2500288511,US
2500288512,2500288513,FR
2500288514,2500288519,US
2500288520,2500288527,FR
2500288528,2500288535,US
2500288536,2500288639,FR
2500288640,2500288895,US
2500288896,2500288959,FR
2500288960,2500289023,US
2500289024,2500289055,FR
2500289056,2500289071,US
2500289072,2500289079,FR
2500289080,2500289087,US
2500289088,2500289191,FR
2500289192,2500289215,US
2500289216,2500289247,FR
2500289248,2500289279,US
2500289280,2500290047,FR
2500290048,2500290063,US
2500290064,2500290079,FR
2500290080,2500290111,US
2500290112,2500290175,FR
2500290176,2500290303,US
2500290304,2500290559,FR
2500290560,2500290591,US
2500290592,2500290623,FR
2500290624,2500290687,US
2500290688,2500290751,FR
2500290752,2500290815,US
2500290816,2500291071,NL
2500291072,2500291327,US
2500291328,2500292095,FR
2500292096,2500292351,GB
2500292352,2500292607,FR
2500292608,2500292639,US
2500292640,2500292671,DE
2500292672,2500304639,US
2500304640,2500304687,DE
2500304688,2500304695,SK
2500304696,2500304767,DE
2500304768,2500304927,US
2500304928,2500304935,NO
2500304936,2500305151,US
2500305152,2500306943,NO
2500306944,2500313119,US
2500313120,2500313151,AT
2500313152,2500313183,US
2500313184,2500313199,AT
2500313200,2500313343,US
2500313344,2500313631,AT
2500313632,2500313663,US
2500313664,2500313727,AT
2500313728,2500314111,US
2500314112,2500317183,AT
2500317184,2500317191,IT
2500317192,2500317207,US
2500317208,2500317215,IT
2500317216,2500317223,US
2500317224,2500317231,IT
2500317232,2500317423,US
2500317424,2500318207,IT
2500318208,2500318463,US
2500318464,2500319231,IT
2500319232,2500319295,US
2500319296,2500319343,ES
2500319344,2500319351,US
2500319352,2500319353,ES
2500319354,2500319359,US
2500319360,2500319367,ES
2500319368,2500319391,US
2500319392,2500319423,ES
2500319424,2500319487,US
2500319488,2500319743,ES
2500319744,2500320255,US
2500320256,2500321279,ES
2500321280,2500321287,US
2500321288,2500321303,SK
2500321304,2500321791,US
2500321792,2500322047,SK
2500322048,2500325415,US
2500325416,2500325423,CZ
2500325424,2500325503,US
2500325504,2500325567,CZ
2500325568,2500325631,US
2500325632,2500326143,CZ
2500326144,2500326399,US
2500326400,2500327935,CZ
2500327936,2500328447,US
2500328448,2500329471,FR
2500329472,2500526107,US
2500526108,2500526111,FR
2500526112,2500526123,US
2500526124,2500526135,FR
2500526136,2500526139,US
2500526140,2500526151,FR
2500526152,2500526159,US
2500526160,2500526167,FR
2500526168,2500526183,US
2500526184,2500526187,FR
2500526188,2500526203,US
2500526204,2500526207,FR
2500526208,2500527143,US
2500527144,2500527151,GB
2500527152,2500527683,US
2500527684,2500527687,PL
2500527688,2500527787,US
2500527788,2500527791,PL
2500527792,2500527807,US
2500527808,2500527811,PL
2500527812,2500528135,US
2500528136,2500528143,CH
2500528144,2500528151,US
2500528152,2500528167,CH
2500528168,2500528647,US
2500528648,2500528651,HU
2500528652,2500529171,US
2500529172,2500529175,FR
2500529176,2500529191,US
2500529192,2500529195,FR
2500529196,2500529231,US
2500529232,2500529239,FR
2500529240,2500530687,US
2500530688,2500530691,MA
2500530692,2500530703,US
2500530704,2500530705,ES
2500530706,2500530783,US
2500530784,2500530791,ES
2500530792,2500530799,US
2500530800,2500530811,ES
2500530812,2500530863,US
2500530864,2500530867,ES
2500530868,2500530871,US
2500530872,2500530895,ES
2500530896,2500530967,US
2500530968,2500530975,ES
2500530976,2500531023,US
2500531024,2500531031,ES
2500531032,2500531071,US
2500531072,2500531075,ES
2500531076,2500531079,US
2500531080,2500531087,ES
2500531088,2500531135,US
2500531136,2500531151,ES
2500531152,2500531199,US
2500531200,2500531205,DE
2500531206,2500531207,US
2500531208,2500531235,DE
2500531236,2500531239,LV
2500531240,2500531261,DE
2500531262,2500531263,US
2500531264,2500531305,DE
2500531306,2500531307,US
2500531308,2500531317,DE
2500531318,2500531319,US
2500531320,2500531327,DE
2500531328,2500531335,US
2500531336,2500531367,DE
2500531368,2500531375,NO
2500531376,2500531383,US
2500531384,2500531431,DE
2500531432,2500531439,US
2500531440,2500531471,DE
2500531472,2500531479,US
2500531480,2500531487,DE
2500531488,2500531495,US
2500531496,2500531503,DE
2500531504,2500531519,US
2500531520,2500531535,DE
2500531536,2500531543,US
2500531544,2500531549,DE
2500531550,2500531553,US
2500531554,2500531567,DE
2500531568,2500531575,RS
2500531576,2500531583,NL
2500531584,2500531591,DE
2500531592,2500531599,US
2500531600,2500531647,DE
2500531648,2500531655,US
2500531656,2500531663,DE
2500531664,2500531671,US
2500531672,2500531687,DE
2500531688,2500531695,US
2500531696,2500531697,DE
2500531698,2500531699,US
2500531700,2500531711,DE
2500531712,2500531719,GB
2500531720,2500531735,US
2500531736,2500531793,GB
2500531794,2500531831,US
2500531832,2500531839,GB
2500531840,2500531847,US
2500531848,2500531855,GB
2500531856,2500531859,US
2500531860,2500531871,GB
2500531872,2500531879,US
2500531880,2500531887,IL
2500531888,2500531895,GB
2500531896,2500531899,US
2500531900,2500531903,GB
2500531904,2500531907,US
2500531908,2500531911,GB
2500531912,2500531919,US
2500531920,2500531943,GB
2500531944,2500531959,US
2500531960,2500531975,GB
2500531976,2500532023,US
2500532024,2500532031,GB
2500532032,2500532047,US
2500532048,2500532071,GB
2500532072,2500532135,US
2500532136,2500532159,GB
2500532160,2500532207,US
2500532208,2500532231,GB
2500532232,2500532247,US
2500532248,2500532255,GB
2500532256,2500532271,US
2500532272,2500532287,GB
2500532288,2500532295,US
2500532296,2500532303,GB
2500532304,2500532319,US
2500532320,2500532335,GB
2500532336,2500532351,US
2500532352,2500532369,GB
2500532370,2500532375,US
2500532376,2500532391,GB
2500532392,2500532429,US
2500532430,2500532439,GB
2500532440,2500532447,US
2500532448,2500532455,GB
2500532456,2500532463,US
2500532464,2500532471,GB
2500532472,2500532479,US
2500532480,2500532487,GB
2500532488,2500532499,US
2500532500,2500532501,GB
2500532502,2500532559,US
2500532560,2500532575,GB
2500532576,2500532583,US
2500532584,2500532591,GB
2500532592,2500532743,US
2500532744,2500532791,FR
2500532792,2500532799,US
2500532800,2500532823,FR
2500532824,2500532831,US
2500532832,2500532903,FR
2500532904,2500533247,US
2500533248,2500533263,FR
2500533264,2500533267,US
2500533268,2500533353,FR
2500533354,2500533779,US
2500533780,2500533787,GB
2500533788,2500533791,US
2500533792,2500533799,GB
2500533800,2500534931,US
2500534932,2500534935,DE
2500534936,2500534947,US
2500534948,2500534951,DE
2500534952,2500534975,US
2500534976,2500534983,DE
2500534984,2500535295,US
2500535296,2500535299,IE
2500535300,2500535303,US
2500535304,2500535343,IE
2500535344,2500535351,GB
2500535352,2500535355,IE
2500535356,2500535357,US
2500535358,2500535391,IE
2500535392,2500535395,DE
2500535396,2500535397,IE
2500535398,2500535399,US
2500535400,2500535455,IE
2500535456,2500535463,GB
2500535464,2500535471,IE
2500535472,2500535479,US
2500535480,2500535495,IE
2500535496,2500535511,US
2500535512,2500535519,IE
2500535520,2500535531,US
2500535532,2500535535,IE
2500535536,2500535543,US
2500535544,2500535551,IE
2500535552,2500535559,US
2500535560,2500535575,IE
2500535576,2500535591,US
2500535592,2500535619,IE
2500535620,2500535623,US
2500535624,2500535647,IE
2500535648,2500535663,US
2500535664,2500535711,IE
2500535712,2500535743,US
2500535744,2500535751,IE
2500535752,2500535759,US
2500535760,2500535775,IE
2500535776,2500535791,US
2500535792,2500535807,IE
2500535808,2500535813,NL
2500535814,2500535815,CA
2500535816,2500535825,US
2500535826,2500535831,NL
2500535832,2500535839,US
2500535840,2500535865,NL
2500535866,2500535871,US
2500535872,2500535887,NL
2500535888,2500535889,US
2500535890,2500535949,NL
2500535950,2500535951,US
2500535952,2500535969,NL
2500535970,2500535971,US
2500535972,2500535983,NL
2500535984,2500535993,US
2500535994,2500535995,NL
2500535996,2500536007,US
2500536008,2500536013,NL
2500536014,2500536015,US
2500536016,2500536055,NL
2500536056,2500536063,US
2500536064,2500536117,NL
2500536118,2500536135,US
2500536136,2500536143,NL
2500536144,2500536151,US
2500536152,2500536167,NL
2500536168,2500536175,US
2500536176,2500536191,NL
2500536192,2500536207,US
2500536208,2500536217,NL
2500536218,2500536219,US
2500536220,2500536231,NL
2500536232,2500536247,US
2500536248,2500536255,NL
2500536256,2500536271,US
2500536272,2500536319,NL
2500536320,2500536335,US
2500536336,2500536351,FR
2500536352,2500536359,US
2500536360,2500536367,FR
2500536368,2500536389,US
2500536390,2500536391,FR
2500536392,2500536399,US
2500536400,2500536407,FR
2500536408,2500536423,US
2500536424,2500536431,FR
2500536432,2500536831,US
2500536832,2500536839,GB
2500536840,2500536847,US
2500536848,2500536853,GB
2500536854,2500536855,US
2500536856,2500536879,GB
2500536880,2500536895,US
2500536896,2500536911,GB
2500536912,2500536951,US
2500536952,2500536967,GB
2500536968,2500536975,US
2500536976,2500536983,GB
2500536984,2500536991,US
2500536992,2500536999,GB
2500537000,2500537031,US
2500537032,2500537039,GB
2500537040,2500537055,US
2500537056,2500537063,GB
2500537064,2500537071,US
2500537072,2500537079,GB
2500537080,2500537343,US
2500537344,2500537357,GB
2500537358,2500537359,US
2500537360,2500537363,GB
2500537364,2500537367,ES
2500537368,2500537383,GB
2500537384,2500537407,US
2500537408,2500537415,GB
2500537416,2500537423,US
2500537424,2500537427,GB
2500537428,2500537429,US
2500537430,2500537439,GB
2500537440,2500537447,US
2500537448,2500537457,GB
2500537458,2500537463,US
2500537464,2500537471,GB
2500537472,2500537479,US
2500537480,2500537503,GB
2500537504,2500537543,US
2500537544,2500537551,GB
2500537552,2500537567,US
2500537568,2500537583,GB
2500537584,2500537591,US
2500537592,2500537599,GB
2500537600,2500537607,US
2500537608,2500537615,GB
2500537616,2500537623,NL
2500537624,2500537631,GB
2500537632,2500537663,US
2500537664,2500537669,GB
2500537670,2500537671,US
2500537672,2500537679,GB
2500537680,2500537687,US
2500537688,2500537699,GB
2500537700,2500537701,US
2500537702,2500537703,GB
2500537704,2500537791,US
2500537792,2500537795,GB
2500537796,2500537797,US
2500537798,2500537799,GB
2500537800,2500537815,US
2500537816,2500537821,GB
2500537822,2500537823,US
2500537824,2500537839,GB
2500537840,2500537847,US
2500537848,2500537855,GB
2500537856,2500537863,US
2500537864,2500537881,NL
2500537882,2500537895,US
2500537896,2500537919,NL
2500537920,2500537959,US
2500537960,2500537967,NL
2500537968,2500537975,US
2500537976,2500537983,NL
2500537984,2500537991,US
2500537992,2500538007,NL
2500538008,2500538015,US
2500538016,2500538023,NL
2500538024,2500538079,US
2500538080,2500538087,NL
2500538088,2500538367,US
2500538368,2500538387,CH
2500538388,2500539391,US
2500539392,2500539427,FR
2500539428,2500539429,US
2500539430,2500539487,FR
2500539488,2500539511,US
2500539512,2500539575,FR
2500539576,2500539583,US
2500539584,2500539591,FR
2500539592,2500539599,US
2500539600,2500539607,FR
2500539608,2500539919,US
2500539920,2500539959,IT
2500539960,2500540421,US
2500540422,2500540431,UA
2500540432,2500540935,US
2500540936,2500540951,FR
2500540952,2500540959,US
2500540960,2500540983,FR
2500540984,2500540991,US
2500540992,2500541007,FR
2500541008,2500541015,DE
2500541016,2500541023,GB
2500541024,2500541039,FR
2500541040,2500541047,BR
2500541048,2500541063,FR
2500541064,2500541067,US
2500541068,2500541079,FR
2500541080,2500541111,US
2500541112,2500541169,FR
2500541170,2500541439,US
2500541440,2500541455,FR
2500541456,2500541471,US
2500541472,2500541479,FR
2500541480,2500541487,US
2500541488,2500541489,FR
2500541490,2500541495,US
2500541496,2500541543,FR
2500541544,2500542463,US
2500542464,2500542471,NL
2500542472,2500542479,US
2500542480,2500542503,NL
2500542504,2500542519,US
2500542520,2500542527,NL
2500542528,2500542535,US
2500542536,2500542575,NL
2500542576,2500542583,US
2500542584,2500542631,NL
2500542632,2500542635,US
2500542636,2500542639,NL
2500542640,2500542647,US
2500542648,2500542663,NL
2500542664,2500542671,US
2500542672,2500542679,NL
2500542680,2500542687,US
2500542688,2500542727,NL
2500542728,2500542735,US
2500542736,2500542743,DE
2500542744,2500542783,NL
2500542784,2500542793,US
2500542794,2500542823,NL
2500542824,2500542825,US
2500542826,2500542831,NL
2500542832,2500542839,US
2500542840,2500542847,NL
2500542848,2500542855,US
2500542856,2500542863,NL
2500542864,2500542867,US
2500542868,2500542879,NL
2500542880,2500542887,US
2500542888,2500542889,NL
2500542890,2500542891,US
2500542892,2500542895,NL
2500542896,2500542903,US
2500542904,2500542923,NL
2500542924,2500542925,US
2500542926,2500542927,NL
2500542928,2500542935,US
2500542936,2500542943,NL
2500542944,2500542951,US
2500542952,2500542967,NL
2500542968,2500542975,US
2500542976,2500542983,GB
2500542984,2500542991,LV
2500542992,2500542999,NL
2500543000,2500543001,US
2500543002,2500543005,GB
2500543006,2500543023,US
2500543024,2500543071,GB
2500543072,2500543999,US
2500544000,2500544031,GB
2500544032,2500544055,US
2500544056,2500544063,GB
2500544064,2500544071,US
2500544072,2500544079,GB
2500544080,2500544127,US
2500544128,2500544135,GB
2500544136,2500544143,US
2500544144,2500544175,GB
2500544176,2500544183,US
2500544184,2500544199,GB
2500544200,2500544215,US
2500544216,2500544223,GB
2500544224,2500544231,US
2500544232,2500544271,GB
2500544272,2500544303,US
2500544304,2500544311,GB
2500544312,2500544335,US
2500544336,2500544343,GB
2500544344,2500544359,US
2500544360,2500544375,GB
2500544376,2500544383,US
2500544384,2500544391,GB
2500544392,2500544399,US
2500544400,2500544415,GB
2500544416,2500544423,US
2500544424,2500544431,GB
2500544432,2500544463,US
2500544464,2500544495,GB
2500544496,2500544503,US
2500544504,2500544511,GB
2500544512,2500544513,US
2500544514,2500544515,GR
2500544516,2500544519,US
2500544520,2500544527,GR
2500544528,2500544531,US
2500544532,2500544539,GR
2500544540,2500544543,US
2500544544,2500544551,GR
2500544552,2500544559,US
2500544560,2500544567,GR
2500544568,2500544591,US
2500544592,2500544599,GR
2500544600,2500544623,US
2500544624,2500544631,GR
2500544632,2500544639,US
2500544640,2500544655,GR
2500544656,2500544679,US
2500544680,2500544687,GR
2500544688,2500545535,US
2500545536,2500545547,SE
2500545548,2500545551,US
2500545552,2500545559,SE
2500545560,2500545567,US
2500545568,2500545571,SE
2500545572,2500545583,US
2500545584,2500545595,SE
2500545596,2500545599,US
2500545600,2500545623,SE
2500545624,2500545631,US
2500545632,2500545647,SE
2500545648,2500545663,US
2500545664,2500545671,BE
2500545672,2500545679,SE
2500545680,2500545687,US
2500545688,2500545727,SE
2500545728,2500545751,US
2500545752,2500545759,SE
2500545760,2500545767,US
2500545768,2500545791,SE
2500545792,2500545815,US
2500545816,2500545855,SE
2500545856,2500545879,US
2500545880,2500545887,SE
2500545888,2500545895,US
2500545896,2500545927,SE
2500545928,2500545943,US
2500545944,2500545959,SE
2500545960,2500545967,US
2500545968,2500545989,SE
2500545990,2500545991,US
2500545992,2500545995,SE
2500545996,2500545997,GB
2500545998,2500546001,SE
2500546002,2500546003,US
2500546004,2500546007,SE
2500546008,2500546015,US
2500546016,2500546047,SE
2500546048,2500546079,US
2500546080,2500546087,GB
2500546088,2500546563,US
2500546564,2500546567,NL
2500546568,2500546607,US
2500546608,2500546611,NL
2500546612,2500546655,US
2500546656,2500546659,NL
2500546660,2500547071,US
2500547072,2500547079,SE
2500547080,2500547095,US
2500547096,2500547111,SE
2500547112,2500547119,US
2500547120,2500547135,SE
2500547136,2500547143,US
2500547144,2500547151,CH
2500547152,2500547183,SE
2500547184,2500547191,US
2500547192,2500547231,SE
2500547232,2500547239,US
2500547240,2500547263,SE
2500547264,2500547591,US
2500547592,2500547607,DE
2500547608,2500547615,US
2500547616,2500547639,DE
2500547640,2500547647,US
2500547648,2500547679,DE
2500547680,2500547687,US
2500547688,2500547695,DE
2500547696,2500547719,US
2500547720,2500547727,DE
2500547728,2500547743,US
2500547744,2500547751,DE
2500547752,2500547759,US
2500547760,2500547767,DE
2500547768,2500547807,US
2500547808,2500547815,DE
2500547816,2500547823,US
2500547824,2500547839,DE
2500547840,2500547847,US
2500547848,2500547855,DE
2500547856,2500547863,US
2500547864,2500547879,DE
2500547880,2500547887,US
2500547888,2500547903,DE
2500547904,2500547911,US
2500547912,2500547959,DE
2500547960,2500547975,US
2500547976,2500547999,DE
2500548000,2500548007,US
2500548008,2500548015,DE
2500548016,2500548023,US
2500548024,2500548103,DE
2500548104,2500548127,US
2500548128,2500548135,SA
2500548136,2500548143,DE
2500548144,2500548151,US
2500548152,2500548167,DE
2500548168,2500548607,US
2500548608,2500548639,CH
2500548640,2500548647,ES
2500548648,2500548663,CH
2500548664,2500548671,US
2500548672,2500548703,CH
2500548704,2500548719,US
2500548720,2500548727,CH
2500548728,2500548759,US
2500548760,2500548767,CH
2500548768,2500548775,US
2500548776,2500548791,CH
2500548792,2500548815,US
2500548816,2500548855,CH
2500548856,2500548879,US
2500548880,2500548903,CH
2500548904,2500548919,AT
2500548920,2500548927,US
2500548928,2500548935,CH
2500548936,2500548943,US
2500548944,2500548967,CH
2500548968,2500548975,US
2500548976,2500548983,CH
2500548984,2500548991,US
2500548992,2500549005,CH
2500549006,2500549015,US
2500549016,2500549031,CH
2500549032,2500549033,US
2500549034,2500549035,CH
2500549036,2500549039,US
2500549040,2500549071,CH
2500549072,2500549073,US
2500549074,2500549075,CH
2500549076,2500549079,US
2500549080,2500549103,CH
2500549104,2500549111,US
2500549112,2500549119,CH
2500549120,2500549127,US
2500549128,2500549135,ES
2500549136,2500549151,US
2500549152,2500549157,ES
2500549158,2500549183,US
2500549184,2500549191,ES
2500549192,2500549239,US
2500549240,2500549255,ES
2500549256,2500549263,US
2500549264,2500549271,ES
2500549272,2500549295,US
2500549296,2500549311,ES
2500549312,2500549319,US
2500549320,2500549327,ES
2500549328,2500549383,US
2500549384,2500549391,MA
2500549392,2500549415,US
2500549416,2500549423,ES
2500549424,2500549631,US
2500549632,2500549649,GB
2500549650,2500549655,US
2500549656,2500549667,GB
2500549668,2500549679,US
2500549680,2500549703,GB
2500549704,2500549727,US
2500549728,2500549751,GB
2500549752,2500549759,US
2500549760,2500549775,GB
2500549776,2500549783,US
2500549784,2500549791,GB
2500549792,2500550147,US
2500550148,2500550151,UA
2500550152,2500550671,US
2500550672,2500550679,DE
2500550680,2500550695,US
2500550696,2500550703,DE
2500550704,2500551187,US
2500551188,2500551191,MK
2500551192,2500551695,US
2500551696,2500551703,FR
2500551704,2500551711,US
2500551712,2500551719,FR
2500551720,2500552199,US
2500552200,2500552203,GB
2500552204,2500552211,US
2500552212,2500552215,GB
2500552216,2500552219,US
2500552220,2500552239,GB
2500552240,2500552247,US
2500552248,2500552255,GB
2500552256,2500552279,US
2500552280,2500552287,GB
2500552288,2500552303,US
2500552304,2500552311,GB
2500552312,2500552327,US
2500552328,2500552335,GB
2500552336,2500552359,US
2500552360,2500552367,GB
2500552368,2500552375,US
2500552376,2500552383,GB
2500552384,2500552703,US
2500552704,2500552715,NL
2500552716,2500552719,US
2500552720,2500552727,NL
2500552728,2500552735,CH
2500552736,2500552743,US
2500552744,2500552765,NL
2500552766,2500552767,US
2500552768,2500552775,NL
2500552776,2500552787,US
2500552788,2500552807,NL
2500552808,2500552811,US
2500552812,2500552823,NL
2500552824,2500552831,GB
2500552832,2500552839,NL
2500552840,2500552863,US
2500552864,2500552879,NL
2500552880,2500552887,US
2500552888,2500552895,NL
2500552896,2500552919,US
2500552920,2500552983,NL
2500552984,2500552991,US
2500552992,2500553015,NL
2500553016,2500553271,US
2500553272,2500553279,DE
2500553280,2500553735,US
2500553736,2500553739,GB
2500553740,2500553775,US
2500553776,2500553783,GB
2500553784,2500553791,US
2500553792,2500553803,GB
2500553804,2500554239,US
2500554240,2500554247,NL
2500554248,2500554255,US
2500554256,2500554281,NL
2500554282,2500554283,DE
2500554284,2500554287,US
2500554288,2500554351,NL
2500554352,2500554359,US
2500554360,2500554383,NL
2500554384,2500554463,US
2500554464,2500554479,NL
2500554480,2500554487,US
2500554488,2500554495,NL
2500554496,2500554519,US
2500554520,2500554527,NL
2500554528,2500554535,DE
2500554536,2500554543,US
2500554544,2500554551,NL
2500554552,2500554567,US
2500554568,2500554575,NL
2500554576,2500554591,US
2500554592,2500554599,DE
2500554600,2500554607,US
2500554608,2500554615,NL
2500554616,2500554623,US
2500554624,2500554663,NL
2500554664,2500554855,US
2500554856,2500554863,SE
2500554864,2500555287,US
2500555288,2500555311,FR
2500555312,2500555327,US
2500555328,2500555407,FR
2500555408,2500555423,US
2500555424,2500555471,FR
2500555472,2500555479,US
2500555480,2500555495,FR
2500555496,2500555519,US
2500555520,2500555527,FR
2500555528,2500555529,US
2500555530,2500555543,FR
2500555544,2500555551,DE
2500555552,2500555567,US
2500555568,2500555583,FR
2500555584,2500555599,US
2500555600,2500555607,FR
2500555608,2500555631,US
2500555632,2500555647,FR
2500555648,2500556291,US
2500556292,2500556293,CZ
2500556294,2500556295,US
2500556296,2500556303,ES
2500556304,2500556311,US
2500556312,2500556319,CZ
2500556320,2500556799,US
2500556800,2500556897,GR
2500556898,2500556903,US
2500556904,2500556919,GR
2500556920,2500556927,US
2500556928,2500556959,GR
2500556960,2500556967,US
2500556968,2500556999,GR
2500557000,2500557007,US
2500557008,2500557015,GR
2500557016,2500557023,US
2500557024,2500557047,GR
2500557048,2500557055,US
2500557056,2500557063,GR
2500557064,2500557071,US
2500557072,2500557095,GR
2500557096,2500557103,US
2500557104,2500557111,GR
2500557112,2500557113,US
2500557114,2500557117,GR
2500557118,2500557119,US
2500557120,2500557135,GR
2500557136,2500557167,US
2500557168,2500557175,GR
2500557176,2500557183,US
2500557184,2500557191,GR
2500557192,2500557207,US
2500557208,2500557223,GR
2500557224,2500557319,US
2500557320,2500557323,FR
2500557324,2500557335,US
2500557336,2500557343,FR
2500557344,2500557367,US
2500557368,2500557383,FR
2500557384,2500557887,US
2500557888,2500557895,FI
2500557896,2500558343,US
2500558344,2500558351,GB
2500558352,2500558359,US
2500558360,2500558367,GB
2500558368,2500558375,US
2500558376,2500558399,GB
2500558400,2500558415,US
2500558416,2500558439,GB
2500558440,2500558455,US
2500558456,2500558463,GB
2500558464,2500558471,US
2500558472,2500558551,GB
2500558552,2500558559,US
2500558560,2500558567,GB
2500558568,2500558855,US
2500558856,2500558863,FR
2500558864,2500558875,US
2500558876,2500558879,FR
2500558880,2500559359,US
2500559360,2500559385,FR
2500559386,2500559391,US
2500559392,2500559399,FR
2500559400,2500559407,US
2500559408,2500559447,FR
2500559448,2500559455,US
2500559456,2500559471,FR
2500559472,2500559479,US
2500559480,2500559487,FR
2500559488,2500560395,US
2500560396,2500560397,NL
2500560398,2500560491,US
2500560492,2500560495,DE
2500560496,2500560511,US
2500560512,2500560519,NL
2500560520,2500560551,US
2500560552,2500560559,SK
2500560560,2500560567,US
2500560568,2500560591,NL
2500560592,2500560631,US
2500560632,2500560639,NL
2500560640,2500560671,US
2500560672,2500560679,NL
2500560680,2500561439,US
2500561440,2500561447,DE
2500561448,2500561455,US
2500561456,2500561463,DE
2500561464,2500561483,US
2500561484,2500561487,DE
2500561488,2500561503,US
2500561504,2500561511,DE
2500561512,2500561919,US
2500561920,2500561943,GB
2500561944,2500561951,US
2500561952,2500561967,GB
2500561968,2500561975,US
2500561976,2500561983,GB
2500561984,2500561991,US
2500561992,2500561999,GB
2500562000,2500562007,US
2500562008,2500562023,GB
2500562024,2500562031,US
2500562032,2500562047,GB
2500562048,2500562055,US
2500562056,2500562063,GB
2500562064,2500562095,US
2500562096,2500562159,GB
2500562160,2500562175,US
2500562176,2500562199,GB
2500562200,2500562207,US
2500562208,2500562215,GB
2500562216,2500562231,US
2500562232,2500562271,GB
2500562272,2500562287,US
2500562288,2500562295,GB
2500562296,2500562303,US
2500562304,2500562311,GB
2500562312,2500562335,US
2500562336,2500562343,GB
2500562344,2500562351,US
2500562352,2500562375,GB
2500562376,2500562391,US
2500562392,2500562399,GB
2500562400,2500562415,US
2500562416,2500562423,GB
2500562424,2500562439,US
2500562440,2500562441,GB
2500562442,2500562443,US
2500562444,2500562455,GB
2500562456,2500562463,US
2500562464,2500562471,GB
2500562472,2500562479,US
2500562480,2500562483,GB
2500562484,2500562495,US
2500562496,2500562503,GB
2500562504,2500562527,US
2500562528,2500562531,GB
2500562532,2500562543,US
2500562544,2500562567,GB
2500562568,2500562599,US
2500562600,2500562607,GB
2500562608,2500562647,US
2500562648,2500562651,GB
2500562652,2500562655,US
2500562656,2500562671,GB
2500562672,2500562679,US
2500562680,2500562695,GB
2500562696,2500562703,US
2500562704,2500562711,DE
2500562712,2500562727,US
2500562728,2500562735,GB
2500562736,2500562765,US
2500562766,2500562767,GB
2500562768,2500562775,US
2500562776,2500562787,GB
2500562788,2500562791,US
2500562792,2500562799,GB
2500562800,2500562827,US
2500562828,2500562839,GB
2500562840,2500562847,US
2500562848,2500562855,GB
2500562856,2500562879,US
2500562880,2500562887,GB
2500562888,2500562919,US
2500562920,2500562927,GB
2500562928,2500562999,US
2500563000,2500563007,ES
2500563008,2500563023,US
2500563024,2500563031,ES
2500563032,2500563503,US
2500563504,2500563519,RO
2500563520,2500563547,US
2500563548,2500563551,RO
2500563552,2500564011,US
2500564012,2500564015,CH
2500564016,2500564479,US
2500564480,2500564483,BE
2500564484,2500564487,US
2500564488,2500564495,BE
2500564496,2500566015,US
2500566016,2500566019,SK
2500566020,2500566527,US
2500566528,2500566531,NL
2500566532,2500567039,US
2500567040,2500567047,GB
2500567048,2500567061,US
2500567062,2500567063,GB
2500567064,2500567095,US
2500567096,2500567103,GB
2500567104,2500567111,US
2500567112,2500567115,GB
2500567116,2500567135,US
2500567136,2500567143,GB
2500567144,2500567167,US
2500567168,2500567183,GB
2500567184,2500567207,US
2500567208,2500567215,GB
2500567216,2500567239,US
2500567240,2500567263,GB
2500567264,2500567279,US
2500567280,2500567291,GB
2500567292,2500567295,US
2500567296,2500567303,GB
2500567304,2500567319,US
2500567320,2500567329,GB
2500567330,2500567331,US
2500567332,2500567335,GB
2500567336,2500567351,US
2500567352,2500567359,GB
2500567360,2500567391,US
2500567392,2500567399,GB
2500567400,2500567405,US
2500567406,2500567407,GB
2500567408,2500567415,US
2500567416,2500567423,GB
2500567424,2500567431,US
2500567432,2500567463,GB
2500567464,2500567487,US
2500567488,2500567491,GB
2500567492,2500567511,US
2500567512,2500567527,GB
2500567528,2500567539,US
2500567540,2500567541,GB
2500567542,2500567551,US
2500567552,2500567557,DE
2500567558,2500567567,US
2500567568,2500567569,DE
2500567570,2500567571,IE
2500567572,2500567583,DE
2500567584,2500567599,US
2500567600,2500567639,DE
2500567640,2500567655,US
2500567656,2500567687,DE
2500567688,2500567703,US
2500567704,2500567711,DE
2500567712,2500567719,US
2500567720,2500567735,DE
2500567736,2500567783,US
2500567784,2500567807,DE
2500567808,2500567815,US
2500567816,2500567839,DE
2500567840,2500567855,US
2500567856,2500567871,DE
2500567872,2500567887,US
2500567888,2500567903,DE
2500567904,2500568063,US
2500568064,2500568071,SE
2500568072,2500568575,US
2500568576,2500568601,GB
2500568602,2500568605,US
2500568606,2500568615,GB
2500568616,2500568623,US
2500568624,2500568639,GB
2500568640,2500568643,US
2500568644,2500568663,GB
2500568664,2500568667,US
2500568668,2500568693,GB
2500568694,2500568695,US
2500568696,2500568703,GB
2500568704,2500568711,DE
2500568712,2500568729,GB
2500568730,2500568731,US
2500568732,2500568747,GB
2500568748,2500568751,US
2500568752,2500568775,GB
2500568776,2500568783,US
2500568784,2500568807,GB
2500568808,2500568831,US
2500568832,2500568839,GB
2500568840,2500568841,US
2500568842,2500568871,GB
2500568872,2500568895,US
2500568896,2500568911,GB
2500568912,2500568919,US
2500568920,2500568943,GB
2500568944,2500568951,US
2500568952,2500569027,GB
2500569028,2500569031,US
2500569032,2500569061,GB
2500569062,2500569063,US
2500569064,2500569071,GB
2500569072,2500569079,US
2500569080,2500569087,GB
2500569088,2500569599,US
2500569600,2500569623,BE
2500569624,2500569647,US
2500569648,2500569655,CH
2500569656,2500569663,US
2500569664,2500569687,BE
2500569688,2500569695,US
2500569696,2500569703,BE
2500569704,2500569711,US
2500569712,2500569719,BE
2500569720,2500569727,US
2500569728,2500569863,BE
2500569864,2500569871,US
2500569872,2500569895,BE
2500569896,2500569911,US
2500569912,2500569927,BE
2500569928,2500569935,US
2500569936,2500569959,BE
2500569960,2500569967,US
2500569968,2500569975,BE
2500569976,2500569983,US
2500569984,2500569999,BE
2500570000,2500570007,US
2500570008,2500570079,BE
2500570080,2500570103,US
2500570104,2500570111,BE
2500570112,2500570135,GB
2500570136,2500570151,US
2500570152,2500570159,GB
2500570160,2500570223,US
2500570224,2500570231,GB
2500570232,2500570271,US
2500570272,2500570279,GB
2500570280,2500570303,US
2500570304,2500570319,GB
2500570320,2500570327,US
2500570328,2500570343,GB
2500570344,2500570351,US
2500570352,2500570367,GB
2500570368,2500570399,US
2500570400,2500570407,GB
2500570408,2500570415,US
2500570416,2500570423,GB
2500570424,2500570439,US
2500570440,2500570455,GB
2500570456,2500570495,US
2500570496,2500570519,GB
2500570520,2500570527,US
2500570528,2500570551,GB
2500570552,2500570575,US
2500570576,2500570583,GB
2500570584,2500570647,US
2500570648,2500570655,FR
2500570656,2500570663,US
2500570664,2500570671,FR
2500570672,2500570679,US
2500570680,2500570687,FR
2500570688,2500570711,US
2500570712,2500570735,FR
2500570736,2500570751,US
2500570752,2500570775,FR
2500570776,2500570791,US
2500570792,2500570807,FR
2500570808,2500570815,US
2500570816,2500570871,FR
2500570872,2500570879,US
2500570880,2500570887,FR
2500570888,2500570903,US
2500570904,2500570919,FR
2500570920,2500570927,US
2500570928,2500570943,FR
2500570944,2500570951,US
2500570952,2500570959,FR
2500570960,2500570967,US
2500570968,2500570991,FR
2500570992,2500571007,US
2500571008,2500571027,FR
2500571028,2500571029,BE
2500571030,2500571039,FR
2500571040,2500571047,US
2500571048,2500571071,FR
2500571072,2500571079,US
2500571080,2500571087,FR
2500571088,2500571103,US
2500571104,2500571111,FR
2500571112,2500571119,US
2500571120,2500571127,FR
2500571128,2500572167,US
2500572168,2500572215,DE
2500572216,2500572239,US
2500572240,2500572271,DE
2500572272,2500572279,US
2500572280,2500572287,DE
2500572288,2500572295,US
2500572296,2500572303,DE
2500572304,2500572311,US
2500572312,2500572327,DE
2500572328,2500572335,US
2500572336,2500572343,DE
2500572344,2500572363,US
2500572364,2500572375,DE
2500572376,2500572383,US
2500572384,2500572415,DE
2500572416,2500572423,US
2500572424,2500572431,DE
2500572432,2500572463,US
2500572464,2500572479,DE
2500572480,2500572487,US
2500572488,2500572511,DE
2500572512,2500572519,US
2500572520,2500572527,DE
2500572528,2500572543,US
2500572544,2500572551,DE
2500572552,2500572559,US
2500572560,2500572615,DE
2500572616,2500572623,US
2500572624,2500572639,DE
2500572640,2500572647,US
2500572648,2500572655,DE
2500572656,2500572663,US
2500572664,2500572687,DE
2500572688,2500572703,US
2500572704,2500572719,DE
2500572720,2500572751,US
2500572752,2500572783,DE
2500572784,2500572807,US
2500572808,2500572831,DE
2500572832,2500572847,US
2500572848,2500572855,DE
2500572856,2500572863,US
2500572864,2500572911,DE
2500572912,2500572927,US
2500572928,2500572951,DE
2500572952,2500572975,US
2500572976,2500572999,DE
2500573000,2500573023,US
2500573024,2500573047,DE
2500573048,2500573063,US
2500573064,2500573071,DE
2500573072,2500573079,US
2500573080,2500573119,DE
2500573120,2500573127,US
2500573128,2500573167,DE
2500573168,2500573175,IT
2500573176,2500573183,DE
2500573184,2500573247,US
2500573248,2500573287,ES
2500573288,2500574215,US
2500574216,2500574223,GB
2500574224,2500574247,US
2500574248,2500574271,GB
2500574272,2500574287,US
2500574288,2500574295,GB
2500574296,2500574335,US
2500574336,2500574351,GB
2500574352,2500574367,US
2500574368,2500574391,GB
2500574392,2500574399,US
2500574400,2500574423,GB
2500574424,2500574431,US
2500574432,2500574447,GB
2500574448,2500575231,US
2500575232,2500575239,ES
2500575240,2500575247,US
2500575248,2500575255,ES
2500575256,2500575271,US
2500575272,2500575319,ES
2500575320,2500575327,US
2500575328,2500575359,ES
2500575360,2500575367,US
2500575368,2500575391,ES
2500575392,2500575399,US
2500575400,2500575447,ES
2500575448,2500575455,US
2500575456,2500575463,ES
2500575464,2500575471,US
2500575472,2500575495,ES
2500575496,2500575503,US
2500575504,2500575519,ES
2500575520,2500575527,US
2500575528,2500575639,ES
2500575640,2500575647,US
2500575648,2500575679,ES
2500575680,2500575743,US
2500575744,2500575999,ES
2500576000,2500577287,US
2500577288,2500577295,NL
2500577296,2500577303,US
2500577304,2500577311,NL
2500577312,2500577319,IE
2500577320,2500577327,NL
2500577328,2500577351,US
2500577352,2500577447,NL
2500577448,2500577449,US
2500577450,2500577495,NL
2500577496,2500577503,US
2500577504,2500577527,NL
2500577528,2500577551,US
2500577552,2500577615,NL
2500577616,2500577623,US
2500577624,2500577631,NL
2500577632,2500577639,US
2500577640,2500577663,NL
2500577664,2500577671,US
2500577672,2500577711,NL
2500577712,2500577719,US
2500577720,2500577735,NL
2500577736,2500577743,US
2500577744,2500577791,NL
2500577792,2500577799,US
2500577800,2500577831,NL
2500577832,2500577839,LU
2500577840,2500577855,US
2500577856,2500577871,NL
2500577872,2500577895,US
2500577896,2500577903,NL
2500577904,2500577927,US
2500577928,2500577935,NL
2500577936,2500577943,US
2500577944,2500577959,NL
2500577960,2500577967,US
2500577968,2500577975,NL
2500577976,2500578031,US
2500578032,2500578039,NL
2500578040,2500578047,US
2500578048,2500578055,NL
2500578056,2500578071,US
2500578072,2500578111,NL
2500578112,2500578159,US
2500578160,2500578167,NL
2500578168,2500578175,US
2500578176,2500578207,NL
2500578208,2500578215,US
2500578216,2500578279,NL
2500578280,2500578287,US
2500578288,2500578303,NL
2500578304,2500578327,FR
2500578328,2500578335,US
2500578336,2500578407,FR
2500578408,2500578423,US
2500578424,2500578479,FR
2500578480,2500578487,US
2500578488,2500578503,FR
2500578504,2500578515,US
2500578516,2500578575,FR
2500578576,2500578583,US
2500578584,2500578615,FR
2500578616,2500578623,US
2500578624,2500578663,FR
2500578664,2500578671,US
2500578672,2500578687,FR
2500578688,2500578695,US
2500578696,2500578711,FR
2500578712,2500578719,US
2500578720,2500578775,FR
2500578776,2500578791,US
2500578792,2500578799,FR
2500578800,2500578807,US
2500578808,2500578815,FR
2500578816,2500578831,US
2500578832,2500578847,FR
2500578848,2500578855,US
2500578856,2500578871,FR
2500578872,2500578887,US
2500578888,2500578959,FR
2500578960,2500579327,US
2500579328,2500579343,DE
2500579344,2500579839,US
2500579840,2500579855,DE
2500579856,2500579863,US
2500579864,2500579879,DE
2500579880,2500579887,US
2500579888,2500579903,DE
2500579904,2500579919,US
2500579920,2500579927,DE
2500579928,2500580351,US
2500580352,2500580361,GB
2500580362,2500580367,US
2500580368,2500580371,GB
2500580372,2500580373,US
2500580374,2500580383,GB
2500580384,2500580863,US
2500580864,2500580879,IT
2500580880,2500580887,US
2500580888,2500580911,IT
2500580912,2500581399,US
2500581400,2500581403,NL
2500581404,2500582407,US
2500582408,2500582431,FR
2500582432,2500582439,CA
2500582440,2500583431,US
2500583432,2500583439,DE
2500583440,2500583939,US
2500583940,2500583949,GB
2500583950,2500583953,US
2500583954,2500583975,GB
2500583976,2500584063,US
2500584064,2500584065,GB
2500584066,2500584447,US
2500584448,2500584453,DE
2500584454,2500584455,US
2500584456,2500584487,DE
2500584488,2500584489,US
2500584490,2500584491,DE
2500584492,2500584493,US
2500584494,2500584497,DE
2500584498,2500584499,US
2500584500,2500584509,DE
2500584510,2500584511,US
2500584512,2500584533,DE
2500584534,2500584535,US
2500584536,2500584543,DE
2500584544,2500584545,US
2500584546,2500584549,DE
2500584550,2500584551,US
2500584552,2500584561,DE
2500584562,2500584563,US
2500584564,2500584573,DE
2500584574,2500584575,US
2500584576,2500584589,DE
2500584590,2500584593,US
2500584594,2500584597,DE
2500584598,2500584599,US
2500584600,2500584601,DE
2500584602,2500584603,US
2500584604,2500584675,DE
2500584676,2500584679,US
2500584680,2500584683,DE
2500584684,2500584685,US
2500584686,2500584693,DE
2500584694,2500584695,US
2500584696,2500584701,DE
2500584702,2500584703,US
2500584704,2500584719,DE
2500584720,2500587519,US
2500587520,2500587535,FR
2500587536,2500587551,US
2500587552,2500587575,FR
2500587576,2500587583,US
2500587584,2500587591,FR
2500587592,2500587623,US
2500587624,2500587625,FR
2500587626,2500587627,US
2500587628,2500587663,FR
2500587664,2500587679,US
2500587680,2500587719,FR
2500587720,2500587727,US
2500587728,2500587794,FR
2500587795,2500587795,US
2500587796,2500587895,FR
2500587896,2500587897,US
2500587898,2500587915,FR
2500587916,2500587959,US
2500587960,2500587967,FR
2500587968,2500587975,US
2500587976,2500588047,FR
2500588048,2500588063,US
2500588064,2500588191,FR
2500588192,2500588199,US
2500588200,2500588209,FR
2500588210,2500588211,US
2500588212,2500588215,FR
2500588216,2500588219,US
2500588220,2500588225,FR
2500588226,2500588227,DJ
2500588228,2500588231,US
2500588232,2500588255,FR
2500588256,2500588257,US
2500588258,2500588263,FR
2500588264,2500589567,US
2500589568,2500589575,GB
2500589576,2500589583,US
2500589584,2500589591,GB
2500589592,2500589607,US
2500589608,2500589639,GB
2500589640,2500589663,US
2500589664,2500589679,GB
2500589680,2500589687,US
2500589688,2500589695,GB
2500589696,2500589719,US
2500589720,2500589727,GB
2500589728,2500589791,US
2500589792,2500589799,GB
2500589800,2500589815,US
2500589816,2500589823,GB
2500589824,2500589839,US
2500589840,2500589871,GB
2500589872,2500591615,US
2500591616,2500595711,GB
2500595712,2500595967,BR
2500595968,2500599823,US
2500599824,2500599839,DK
2500599840,2500600063,US
2500600064,2500600319,DK
2500600320,2500608127,US
2500608128,2500608191,ES
2500608192,2500608383,US
2500608384,2500608511,ES
2500608512,2500608703,US
2500608704,2500609535,ES
2500609536,2500609791,US
2500609792,2500609855,ES
2500609856,2500609871,US
2500609872,2500609919,ES
2500609920,2500611071,US
2500611072,2500611327,FR
2500611328,2500611583,NL
2500611584,2500612095,US
2500612096,2500612103,GB
2500612104,2500612127,HU
2500612128,2500612159,US
2500612160,2500612287,HU
2500612288,2500612351,US
2500612352,2500616191,HU
2500616192,2500616447,IT
2500616448,2500617215,US
2500617216,2500620031,IT
2500620032,2500622335,US
2500622336,2500623359,IT
2500623360,2500632575,US
2500632576,2500632591,GB
2500632592,2500633599,US
2500633600,2500634623,GB
2500634624,2500637439,US
2500637440,2500637695,BR
2500637696,2500640799,US
2500640800,2500640807,FR
2500640808,2500640815,US
2500640816,2500640831,FR
2500640832,2500640863,US
2500640864,2500641791,FR
2500641792,2500642303,US
2500642304,2500642335,FR
2500642336,2500644863,US
2500644864,2500644871,FR
2500644872,2500644895,US
2500644896,2500645055,FR
2500645056,2500645119,US
2500645120,2500645183,FR
2500645184,2500645375,US
2500645376,2500645887,FR
2500645888,2500645888,US
2500645889,2500646142,FR
2500646143,2500646400,US
2500646401,2500646654,FR
2500646655,2500646911,US
2500646912,2500648191,ES
2500648192,2500648447,US
2500648448,2500648959,ES
2500648960,2500653055,US
2500653056,2500653071,NL
2500653072,2500654079,US
2500654080,2500654335,NL
2500654336,2500654591,BO
2500654592,2500655103,NL
2500655104,2500658175,US
2500658176,2500659199,BG
2500659200,2500661247,US
2500661248,2500663295,ES
2500663296,2500664319,US
2500664320,2500664639,ES
2500664640,2500664767,US
2500664768,2500665343,ES
2500665344,2500666375,LU
2500666376,2500666383,US
2500666384,2500666431,LU
2500666432,2500666495,US
2500666496,2500666879,LU
2500666880,2500670463,US
2500670464,2500670975,DE
2500670976,2500671487,PK
2500671488,2500671743,DE
2500671744,2500674047,US
2500674048,2500674559,DE
2500674560,2500674591,US
2500674592,2500674623,DE
2500674624,2500674751,US
2500674752,2500674815,DE
2500674816,2500675071,US
2500675072,2500675583,DE
2500675584,2500675839,US
2500675840,2500676607,DE
2500676608,2500676863,NL
2500676864,2500678655,DE
2500678656,2500679167,US
2500679168,2500679679,DE
2500679680,2500679903,US
2500679904,2500679919,NL
2500679920,2500679935,US
2500679936,2500680191,DE
2500680192,2500680447,CA
2500680448,2500680703,US
2500680704,2500680959,DE
2500680960,2500680975,GB
2500680976,2500680991,US
2500680992,2500680999,FR
2500681000,2500681007,PL
2500681008,2500681023,US
2500681024,2500681471,DE
2500681472,2500681727,FR
2500681728,2500681759,PL
2500681760,2500681763,ES
2500681764,2500681765,PL
2500681766,2500681767,US
2500681768,2500681775,PL
2500681776,2500681783,US
2500681784,2500681791,PL
2500681792,2500681855,US
2500681856,2500681983,PL
2500681984,2500682239,GB
2500682240,2500685855,US
2500685856,2500685887,FR
2500685888,2500685951,US
2500685952,2500687359,FR
2500687360,2500687615,NL
2500687616,2500689519,FR
2500689520,2500689663,US
2500689664,2500689919,FR
2500689920,2500695039,US
2500695040,2500698111,IT
2500698112,2500698271,FR
2500698272,2500698367,US
2500698368,2500698623,FR
2500698624,2500699135,US
2500699136,2500700159,FR
2500700160,2500702207,US
2500702208,2500702479,GB
2500702480,2500702495,US
2500702496,2500702527,GB
2500702528,2500703231,US
2500703232,2500705023,GB
2500705024,2500705279,DO
2500705280,2500706303,US
2500706304,2500714495,GB
2500714496,2500718607,US
2500718608,2500718615,IE
2500718616,2500722735,US
2500722736,2500722739,FR
2500722740,2500723759,US
2500723760,2500723767,ES
2500723768,2500723775,US
2500723776,2500723783,ES
2500723784,2500723787,US
2500723788,2500723789,ES
2500723790,2500723815,US
2500723816,2500723823,ES
2500723824,2500723879,US
2500723880,2500723887,ES
2500723888,2500723897,US
2500723898,2500723899,ES
2500723900,2500723901,GB
2500723902,2500723903,ES
2500723904,2500724015,US
2500724016,2500724023,ES
2500724024,2500724047,US
2500724048,2500724055,ES
2500724056,2500724239,US
2500724240,2500724243,HR
2500724244,2500724751,US
2500724752,2500724759,GB
2500724760,2500724799,US
2500724800,2500724807,FR
2500724808,2500724815,GB
2500724816,2500724839,US
2500724840,2500724843,GB
2500724844,2500724847,US
2500724848,2500724851,GB
2500724852,2500724871,US
2500724872,2500724879,GB
2500724880,2500724899,US
2500724900,2500724903,GB
2500724904,2500724923,US
2500724924,2500724927,GB
2500724928,2500725247,US
2500725248,2500725263,LT
2500725264,2500725271,US
2500725272,2500725291,LT
2500725292,2500725293,US
2500725294,2500725311,LT
2500725312,2500725335,US
2500725336,2500725343,LT
2500725344,2500725351,US
2500725352,2500725367,LT
2500725368,2500725399,US
2500725400,2500725415,LT
2500725416,2500725431,US
2500725432,2500725439,LT
2500725440,2500726315,US
2500726316,2500726319,NL
2500726320,2500726791,US
2500726792,2500726799,GB
2500726800,2500726815,US
2500726816,2500726831,FR
2500726832,2500726879,US
2500726880,2500726911,GB
2500726912,2500727039,US
2500727040,2500727423,GB
2500727424,2500728063,US
2500728064,2500728319,GB
2500728320,2500730879,US
2500730880,2500730887,DE
2500730888,2500730895,US
2500730896,2500730903,DE
2500730904,2500730911,US
2500730912,2500730919,DE
2500730920,2500731451,US
2500731452,2500731455,NL
2500731456,2500731459,US
2500731460,2500731463,NL
2500731464,2500731471,US
2500731472,2500731475,NL
2500731476,2500731479,US
2500731480,2500731487,NL
2500731488,2500731515,US
2500731516,2500731519,NL
2500731520,2500731903,US
2500731904,2500731905,GB
2500731906,2500731907,US
2500731908,2500731915,GB
2500731916,2500731919,US
2500731920,2500731935,GB
2500731936,2500731953,US
2500731954,2500731959,GB
2500731960,2500731971,US
2500731972,2500731983,GB
2500731984,2500731987,US
2500731988,2500731991,GB
2500731992,2500731999,US
2500732000,2500732003,GB
2500732004,2500732019,US
2500732020,2500732023,GB
2500732024,2500732031,US
2500732032,2500732055,GB
2500732056,2500732071,US
2500732072,2500732079,GB
2500732080,2500732087,US
2500732088,2500732095,GB
2500732096,2500732119,US
2500732120,2500732135,GB
2500732136,2500732151,US
2500732152,2500732159,GB
2500732160,2500732191,US
2500732192,2500732223,GB
2500732224,2500732419,US
2500732420,2500732423,NO
2500732424,2500732931,US
2500732932,2500732939,DE
2500732940,2500733463,US
2500733464,2500733471,GB
2500733472,2500734467,US
2500734468,2500734479,FR
2500734480,2500734487,US
2500734488,2500734495,FR
2500734496,2500734983,US
2500734984,2500735001,CH
2500735002,2500735003,US
2500735004,2500735015,CH
2500735016,2500735019,US
2500735020,2500735023,CH
2500735024,2500735031,CA
2500735032,2500735039,US
2500735040,2500735111,CH
2500735112,2500735119,US
2500735120,2500735159,CH
2500735160,2500735487,US
2500735488,2500735495,SE
2500735496,2500735527,US
2500735528,2500735535,SE
2500735536,2500736007,US
2500736008,2500736015,ES
2500736016,2500736031,US
2500736032,2500736039,ES
2500736040,2500736511,US
2500736512,2500736559,LU
2500736560,2500736583,US
2500736584,2500736599,LU
2500736600,2500736607,US
2500736608,2500736631,LU
2500736632,2500737543,US
2500737544,2500737559,MD
2500737560,2500737567,US
2500737568,2500737591,MD
2500737592,2500737599,US
2500737600,2500737615,MD
2500737616,2500737623,US
2500737624,2500737631,MD
2500737632,2500737633,US
2500737634,2500737647,MD
2500737648,2500738559,US
2500738560,2500738567,FR
2500738568,2500738583,US
2500738584,2500738591,FR
2500738592,2500739623,US
2500739624,2500739631,DE
2500739632,2500740095,US
2500740096,2500740127,DE
2500740128,2500740159,US
2500740160,2500740199,DE
2500740200,2500740207,US
2500740208,2500740247,DE
2500740248,2500740271,US
2500740272,2500740287,DE
2500740288,2500740319,US
2500740320,2500740367,DE
2500740368,2500740375,US
2500740376,2500740391,DE
2500740392,2500740399,US
2500740400,2500740439,DE
2500740440,2500740447,US
2500740448,2500740495,DE
2500740496,2500740503,US
2500740504,2500740511,FR
2500740512,2500740519,US
2500740520,2500740527,DE
2500740528,2500740535,GB
2500740536,2500740567,DE
2500740568,2500740583,US
2500740584,2500740593,DE
2500740594,2500740595,US
2500740596,2500740607,DE
2500740608,2500740609,RO
2500740610,2500741127,US
2500741128,2500741135,DE
2500741136,2500741639,US
2500741640,2500741663,LV
2500741664,2500741679,US
2500741680,2500741687,LV
2500741688,2500741695,US
2500741696,2500741699,LV
2500741700,2500741701,US
2500741702,2500741719,LV
2500741720,2500741727,US
2500741728,2500741755,LV
2500741756,2500742143,US
2500742144,2500742159,GB
2500742160,2500742167,US
2500742168,2500742205,GB
2500742206,2500742207,US
2500742208,2500742223,GB
2500742224,2500742231,US
2500742232,2500742233,GB
2500742234,2500742237,US
2500742238,2500742239,GB
2500742240,2500742247,MX
2500742248,2500742271,US
2500742272,2500742277,GB
2500742278,2500742319,US
2500742320,2500742335,GB
2500742336,2500742351,US
2500742352,2500742423,GB
2500742424,2500742431,US
2500742432,2500742439,GB
2500742440,2500742455,US
2500742456,2500742463,GB
2500742464,2500742479,US
2500742480,2500742487,GB
2500742488,2500742495,US
2500742496,2500742511,GB
2500742512,2500742519,US
2500742520,2500742535,GB
2500742536,2500742539,US
2500742540,2500742575,GB
2500742576,2500742583,US
2500742584,2500742607,GB
2500742608,2500742623,US
2500742624,2500742639,GB
2500742640,2500742655,US
2500742656,2500742663,IT
2500742664,2500743167,US
2500743168,2500743175,GB
2500743176,2500743183,US
2500743184,2500743191,GB
2500743192,2500743199,US
2500743200,2500743215,GB
2500743216,2500743223,US
2500743224,2500743231,GB
2500743232,2500743263,US
2500743264,2500743271,GB
2500743272,2500743279,US
2500743280,2500743287,GB
2500743288,2500743303,US
2500743304,2500743311,GB
2500743312,2500743343,US
2500743344,2500743367,GB
2500743368,2500743383,US
2500743384,2500743387,GB
2500743388,2500743391,US
2500743392,2500743399,GB
2500743400,2500743431,US
2500743432,2500743447,GB
2500743448,2500743503,US
2500743504,2500743511,GB
2500743512,2500743519,US
2500743520,2500743551,GB
2500743552,2500743567,US
2500743568,2500743591,GB
2500743592,2500743599,US
2500743600,2500743631,GB
2500743632,2500743687,US
2500743688,2500743711,NL
2500743712,2500743719,US
2500743720,2500743743,NL
2500743744,2500743751,US
2500743752,2500743791,NL
2500743792,2500743823,US
2500743824,2500743887,NL
2500743888,2500743895,US
2500743896,2500743903,NL
2500743904,2500743911,US
2500743912,2500743919,NL
2500743920,2500743943,US
2500743944,2500743951,NL
2500743952,2500743959,US
2500743960,2500743967,NL
2500743968,2500743975,US
2500743976,2500744007,NL
2500744008,2500744015,US
2500744016,2500744031,NL
2500744032,2500744039,MT
2500744040,2500744047,NL
2500744048,2500744079,US
2500744080,2500744103,NL
2500744104,2500744119,US
2500744120,2500744127,GB
2500744128,2500744135,US
2500744136,2500744151,NL
2500744152,2500744271,US
2500744272,2500744287,ES
2500744288,2500745223,US
2500745224,2500745231,DE
2500745232,2500745235,US
2500745236,2500745255,DE
2500745256,2500745263,US
2500745264,2500745271,DE
2500745272,2500745287,US
2500745288,2500745331,DE
2500745332,2500745335,US
2500745336,2500745367,DE
2500745368,2500745375,US
2500745376,2500745383,DE
2500745384,2500745399,US
2500745400,2500745415,DE
2500745416,2500745439,US
2500745440,2500745463,DE
2500745464,2500745495,US
2500745496,2500745503,DE
2500745504,2500745511,US
2500745512,2500745519,DE
2500745520,2500745527,US
2500745528,2500745607,DE
2500745608,2500745615,US
2500745616,2500745687,DE
2500745688,2500745703,US
2500745704,2500745711,DE
2500745712,2500745719,US
2500745720,2500745727,DE
2500745728,2500745731,ES
2500745732,2500746239,US
2500746240,2500746247,NL
2500746248,2500746255,US
2500746256,2500746271,NL
2500746272,2500746275,US
2500746276,2500746287,NL
2500746288,2500746303,US
2500746304,2500746327,NL
2500746328,2500746335,US
2500746336,2500746351,NL
2500746352,2500746367,US
2500746368,2500746383,NL
2500746384,2500746391,US
2500746392,2500746399,NL
2500746400,2500746415,US
2500746416,2500746423,NL
2500746424,2500746431,US
2500746432,2500746439,NL
2500746440,2500746447,US
2500746448,2500746455,NL
2500746456,2500746463,US
2500746464,2500746471,GB
2500746472,2500746495,NL
2500746496,2500746567,US
2500746568,2500746599,NL
2500746600,2500746607,US
2500746608,2500746615,NL
2500746616,2500746623,US
2500746624,2500746647,NL
2500746648,2500746663,US
2500746664,2500746671,NL
2500746672,2500746679,US
2500746680,2500746719,NL
2500746720,2500746751,US
2500746752,2500746759,GB
2500746760,2500746799,US
2500746800,2500746815,GB
2500746816,2500746871,US
2500746872,2500746879,GB
2500746880,2500747265,US
2500747266,2500747267,PL
2500747268,2500747271,US
2500747272,2500747287,PL
2500747288,2500747295,US
2500747296,2500747399,PL
2500747400,2500747415,US
2500747416,2500747439,PL
2500747440,2500747511,US
2500747512,2500747515,PL
2500747516,2500747591,US
2500747592,2500747599,PL
2500747600,2500747775,US
2500747776,2500747809,AL
2500747810,2500747823,US
2500747824,2500747831,AL
2500747832,2500747855,US
2500747856,2500747863,AL
2500747864,2500748295,US
2500748296,2500748319,ES
2500748320,2500748343,US
2500748344,2500748359,ES
2500748360,2500748383,US
2500748384,2500748423,ES
2500748424,2500748455,US
2500748456,2500748479,ES
2500748480,2500748487,US
2500748488,2500748495,ES
2500748496,2500748503,US
2500748504,2500748535,ES
2500748536,2500748551,US
2500748552,2500748599,ES
2500748600,2500748623,US
2500748624,2500748631,ES
2500748632,2500748639,US
2500748640,2500748671,ES
2500748672,2500748679,US
2500748680,2500748687,ES
2500748688,2500748703,US
2500748704,2500748751,ES
2500748752,2500748759,US
2500748760,2500748775,ES
2500748776,2500748799,US
2500748800,2500748837,DE
2500748838,2500748839,US
2500748840,2500748879,DE
2500748880,2500748935,US
2500748936,2500748943,DE
2500748944,2500748959,US
2500748960,2500748967,DE
2500748968,2500748975,US
2500748976,2500748983,DE
2500748984,2500748991,GB
2500748992,2500748999,DE
2500749000,2500749007,US
2500749008,2500749015,DE
2500749016,2500749019,US
2500749020,2500749023,DE
2500749024,2500749039,US
2500749040,2500749047,DE
2500749048,2500749079,US
2500749080,2500749135,DE
2500749136,2500749151,US
2500749152,2500749159,DE
2500749160,2500749167,US
2500749168,2500749247,DE
2500749248,2500749391,US
2500749392,2500749407,PT
2500749408,2500749439,US
2500749440,2500749447,PT
2500749448,2500749455,US
2500749456,2500749463,PT
2500749464,2500749519,US
2500749520,2500749521,PT
2500749522,2500749525,US
2500749526,2500749527,PT
2500749528,2500749583,US
2500749584,2500749591,PT
2500749592,2500753415,US
2500753416,2500753423,FR
2500753424,2500753431,GB
2500753432,2500753439,FR
2500753440,2500753463,US
2500753464,2500753495,FR
2500753496,2500753503,US
2500753504,2500753519,FR
2500753520,2500753527,US
2500753528,2500753535,FR
2500753536,2500753543,US
2500753544,2500753567,FR
2500753568,2500753583,US
2500753584,2500753631,FR
2500753632,2500753655,US
2500753656,2500753687,FR
2500753688,2500753703,US
2500753704,2500753751,FR
2500753752,2500753775,US
2500753776,2500753783,FR
2500753784,2500753791,US
2500753792,2500753799,FR
2500753800,2500753807,US
2500753808,2500753823,FR
2500753824,2500753827,US
2500753828,2500753829,FR
2500753830,2500753831,US
2500753832,2500753839,FR
2500753840,2500753855,US
2500753856,2500753879,FR
2500753880,2500753903,US
2500753904,2500753935,FR
2500753936,2500753967,US
2500753968,2500754007,FR
2500754008,2500754015,US
2500754016,2500754023,FR
2500754024,2500754031,US
2500754032,2500754079,FR
2500754080,2500754087,US
2500754088,2500754103,FR
2500754104,2500754111,US
2500754112,2500754127,FR
2500754128,2500754151,US
2500754152,2500754167,FR
2500754168,2500754199,US
2500754200,2500754255,FR
2500754256,2500754263,US
2500754264,2500754295,FR
2500754296,2500754311,US
2500754312,2500754319,FR
2500754320,2500754327,US
2500754328,2500754343,FR
2500754344,2500754351,US
2500754352,2500754407,FR
2500754408,2500754447,US
2500754448,2500754463,FR
2500754464,2500754527,US
2500754528,2500754543,FR
2500754544,2500754583,US
2500754584,2500754591,FR
2500754592,2500754679,US
2500754680,2500754695,FR
2500754696,2500754707,US
2500754708,2500754711,FR
2500754712,2500754715,US
2500754716,2500754719,NL
2500754720,2500754727,US
2500754728,2500754743,FR
2500754744,2500754775,US
2500754776,2500754783,FR
2500754784,2500754871,US
2500754872,2500754883,FR
2500754884,2500754887,US
2500754888,2500754895,FR
2500754896,2500754911,US
2500754912,2500754935,FR
2500754936,2500755079,US
2500755080,2500755087,FR
2500755088,2500755119,US
2500755120,2500755127,FR
2500755128,2500755167,US
2500755168,2500755175,FR
2500755176,2500755183,US
2500755184,2500755191,FR
2500755192,2500755215,US
2500755216,2500755231,FR
2500755232,2500755247,US
2500755248,2500755255,FR
2500755256,2500755271,US
2500755272,2500755311,FR
2500755312,2500755335,US
2500755336,2500755351,FR
2500755352,2500755367,US
2500755368,2500755375,FR
2500755376,2500756487,US
2500756488,2500756495,IT
2500756496,2500756503,US
2500756504,2500756511,IT
2500756512,2500756567,US
2500756568,2500756575,IT
2500756576,2500756591,US
2500756592,2500756623,IT
2500756624,2500756663,US
2500756664,2500756671,IT
2500756672,2500756695,US
2500756696,2500756719,IT
2500756720,2500756743,US
2500756744,2500756751,IT
2500756752,2500756767,US
2500756768,2500756775,IT
2500756776,2500756783,US
2500756784,2500756791,IT
2500756792,2500756815,US
2500756816,2500756823,IT
2500756824,2500756839,US
2500756840,2500756847,IT
2500756848,2500756855,US
2500756856,2500756863,IT
2500756864,2500756871,US
2500756872,2500756887,IT
2500756888,2500756895,US
2500756896,2500756919,IT
2500756920,2500756975,US
2500756976,2500756983,IT
2500756984,2500756991,US
2500756992,2500757007,IT
2500757008,2500757023,US
2500757024,2500757031,IT
2500757032,2500757079,US
2500757080,2500757111,IT
2500757112,2500757119,US
2500757120,2500757127,IT
2500757128,2500757143,US
2500757144,2500757151,IT
2500757152,2500757167,US
2500757168,2500757175,IT
2500757176,2500757207,US
2500757208,2500757223,IT
2500757224,2500757231,US
2500757232,2500757239,IT
2500757240,2500757247,US
2500757248,2500757249,IT
2500757250,2500757251,US
2500757252,2500757253,CH
2500757254,2500757257,IT
2500757258,2500757259,US
2500757260,2500757261,IT
2500757262,2500757407,US
2500757408,2500757415,IT
2500757416,2500757495,US
2500757496,2500757511,IT
2500757512,2500758607,US
2500758608,2500758615,NL
2500758616,2500758631,US
2500758632,2500758639,NL
2500758640,2500758647,US
2500758648,2500758671,NL
2500758672,2500758679,US
2500758680,2500758687,NL
2500758688,2500758711,US
2500758712,2500758719,NL
2500758720,2500758823,US
2500758824,2500758831,NL
2500758832,2500758839,US
2500758840,2500758887,NL
2500758888,2500758895,US
2500758896,2500758903,NL
2500758904,2500758919,US
2500758920,2500758935,NL
2500758936,2500758943,US
2500758944,2500758951,NL
2500758952,2500758959,US
2500758960,2500758967,NL
2500758968,2500758983,US
2500758984,2500758999,NL
2500759000,2500759007,US
2500759008,2500759031,NL
2500759032,2500759047,US
2500759048,2500759055,NL
2500759056,2500759079,US
2500759080,2500759087,NL
2500759088,2500759103,US
2500759104,2500759119,NL
2500759120,2500759127,US
2500759128,2500759151,NL
2500759152,2500759159,US
2500759160,2500759167,NL
2500759168,2500759175,US
2500759176,2500759183,NL
2500759184,2500759191,US
2500759192,2500759207,NL
2500759208,2500759215,US
2500759216,2500759231,NL
2500759232,2500759271,US
2500759272,2500759295,NL
2500759296,2500759311,US
2500759312,2500759335,NL
2500759336,2500759351,US
2500759352,2500759375,NL
2500759376,2500759399,US
2500759400,2500759455,NL
2500759456,2500759463,US
2500759464,2500759471,NL
2500759472,2500759503,US
2500759504,2500759511,NL
2500759512,2500759519,US
2500759520,2500759535,NL
2500759536,2500759567,US
2500759568,2500759591,GB
2500759592,2500759639,US
2500759640,2500759647,GB
2500759648,2500759687,US
2500759688,2500759711,GB
2500759712,2500759719,BG
2500759720,2500759735,US
2500759736,2500759743,GB
2500759744,2500759751,US
2500759752,2500759759,GB
2500759760,2500759791,US
2500759792,2500759807,GB
2500759808,2500759815,US
2500759816,2500759839,GB
2500759840,2500759863,US
2500759864,2500759871,GB
2500759872,2500759879,US
2500759880,2500759887,GB
2500759888,2500759903,US
2500759904,2500759919,GB
2500759920,2500759975,US
2500759976,2500759983,GB
2500759984,2500759999,US
2500760000,2500760007,GB
2500760008,2500760015,US
2500760016,2500760031,GB
2500760032,2500760039,US
2500760040,2500760047,GB
2500760048,2500760079,US
2500760080,2500760087,GB
2500760088,2500760191,US
2500760192,2500760207,GB
2500760208,2500760215,US
2500760216,2500760223,GB
2500760224,2500760239,US
2500760240,2500760247,GB
2500760248,2500760255,US
2500760256,2500760263,GB
2500760264,2500760271,US
2500760272,2500760279,GB
2500760280,2500760303,US
2500760304,2500760311,GB
2500760312,2500760399,US
2500760400,2500760407,GB
2500760408,2500760431,US
2500760432,2500760447,GB
2500760448,2500760463,US
2500760464,2500760479,GB
2500760480,2500760487,US
2500760488,2500760503,GB
2500760504,2500760511,US
2500760512,2500760519,GB
2500760520,2500760535,US
2500760536,2500760543,GB
2500760544,2500760559,US
2500760560,2500760575,GB
2500760576,2500760591,IE
2500760592,2500760599,US
2500760600,2500760615,IE
2500760616,2500760623,US
2500760624,2500760663,IE
2500760664,2500760671,US
2500760672,2500760695,IE
2500760696,2500760711,US
2500760712,2500760759,IE
2500760760,2500760767,US
2500760768,2500760783,IE
2500760784,2500760799,US
2500760800,2500760807,GB
2500760808,2500760815,IE
2500760816,2500760871,US
2500760872,2500760879,IE
2500760880,2500760895,US
2500760896,2500760943,IE
2500760944,2500760951,US
2500760952,2500760959,IE
2500760960,2500760967,US
2500760968,2500760991,IE
2500760992,2500760999,US
2500761000,2500761015,IE
2500761016,2500761023,GB
2500761024,2500761031,IE
2500761032,2500761055,US
2500761056,2500761071,IE
2500761072,2500761079,US
2500761080,2500761127,IE
2500761128,2500761215,US
2500761216,2500761343,IE
2500761344,2500761599,US
2500761600,2500761607,FR
2500761608,2500761631,US
2500761632,2500761639,FR
2500761640,2500761647,US
2500761648,2500761655,FR
2500761656,2500761663,US
2500761664,2500761695,FR
2500761696,2500761703,US
2500761704,2500761727,FR
2500761728,2500761751,US
2500761752,2500761767,FR
2500761768,2500761775,US
2500761776,2500761799,FR
2500761800,2500761815,US
2500761816,2500761879,FR
2500761880,2500761895,US
2500761896,2500761919,FR
2500761920,2500761927,US
2500761928,2500761943,FR
2500761944,2500761951,US
2500761952,2500761967,FR
2500761968,2500761983,US
2500761984,2500761999,FR
2500762000,2500762031,US
2500762032,2500762063,FR
2500762064,2500762071,US
2500762072,2500762111,FR
2500762112,2500762119,US
2500762120,2500762127,FR
2500762128,2500762135,US
2500762136,2500762151,FR
2500762152,2500762183,US
2500762184,2500762231,FR
2500762232,2500762239,US
2500762240,2500762255,FR
2500762256,2500762263,US
2500762264,2500762287,FR
2500762288,2500762295,US
2500762296,2500762335,FR
2500762336,2500762343,US
2500762344,2500762351,FR
2500762352,2500762359,US
2500762360,2500762367,FR
2500762368,2500762371,US
2500762372,2500762383,FR
2500762384,2500762391,US
2500762392,2500762431,FR
2500762432,2500762439,US
2500762440,2500762471,FR
2500762472,2500762487,US
2500762488,2500762503,FR
2500762504,2500762511,US
2500762512,2500762519,FR
2500762520,2500762527,US
2500762528,2500762559,FR
2500762560,2500762567,US
2500762568,2500762591,FR
2500762592,2500762599,US
2500762600,2500762607,FR
2500762608,2500762615,US
2500762616,2500762623,FR
2500762624,2500762647,DE
2500762648,2500762655,US
2500762656,2500762711,DE
2500762712,2500762727,US
2500762728,2500762735,DE
2500762736,2500762743,US
2500762744,2500762751,DE
2500762752,2500762759,US
2500762760,2500762775,DE
2500762776,2500762783,US
2500762784,2500762791,DE
2500762792,2500762799,US
2500762800,2500762823,DE
2500762824,2500762839,US
2500762840,2500762847,DE
2500762848,2500762871,US
2500762872,2500762895,DE
2500762896,2500762967,US
2500762968,2500762999,DE
2500763000,2500763007,US
2500763008,2500763015,DE
2500763016,2500763023,US
2500763024,2500763047,DE
2500763048,2500763079,US
2500763080,2500763127,DE
2500763128,2500763135,US
2500763136,2500763183,DE
2500763184,2500763191,US
2500763192,2500763215,DE
2500763216,2500763231,US
2500763232,2500763239,DE
2500763240,2500763247,US
2500763248,2500763255,DE
2500763256,2500763263,US
2500763264,2500763271,DE
2500763272,2500763287,US
2500763288,2500763319,DE
2500763320,2500763327,US
2500763328,2500763335,DE
2500763336,2500763351,US
2500763352,2500763359,DE
2500763360,2500763375,US
2500763376,2500763391,DE
2500763392,2500763423,US
2500763424,2500763471,DE
2500763472,2500763487,US
2500763488,2500763503,DE
2500763504,2500763511,US
2500763512,2500763559,DE
2500763560,2500763575,US
2500763576,2500763591,DE
2500763592,2500763599,US
2500763600,2500763615,DE
2500763616,2500771839,US
2500771840,2500771841,RS
2500771842,2500771847,US
2500771848,2500771855,RS
2500771856,2500772863,US
2500772864,2500772871,GB
2500772872,2500772887,US
2500772888,2500772895,GB
2500772896,2500772919,US
2500772920,2500772935,GB
2500772936,2500772943,US
2500772944,2500772951,GB
2500772952,2500772959,US
2500772960,2500772975,GB
2500772976,2500772999,US
2500773000,2500773047,GB
2500773048,2500773055,US
2500773056,2500773063,GB
2500773064,2500773071,US
2500773072,2500773095,GB
2500773096,2500773103,US
2500773104,2500773111,GB
2500773112,2500773119,US
2500773120,2500773159,GB
2500773160,2500773175,US
2500773176,2500773199,GB
2500773200,2500773215,US
2500773216,2500773223,GB
2500773224,2500773231,US
2500773232,2500773263,GB
2500773264,2500773271,US
2500773272,2500773279,GB
2500773280,2500773287,US
2500773288,2500773295,GB
2500773296,2500773319,US
2500773320,2500773335,GB
2500773336,2500773343,US
2500773344,2500773383,GB
2500773384,2500773399,US
2500773400,2500773423,GB
2500773424,2500773431,US
2500773432,2500773463,GB
2500773464,2500773479,US
2500773480,2500773487,GB
2500773488,2500773495,US
2500773496,2500773527,GB
2500773528,2500773551,US
2500773552,2500773559,GB
2500773560,2500773567,US
2500773568,2500773575,GB
2500773576,2500773607,US
2500773608,2500773615,GB
2500773616,2500773631,US
2500773632,2500773655,GB
2500773656,2500773679,US
2500773680,2500773687,GB
2500773688,2500773727,US
2500773728,2500773735,GB
2500773736,2500773743,US
2500773744,2500773751,GB
2500773752,2500773759,US
2500773760,2500773775,GB
2500773776,2500773807,US
2500773808,2500773831,GB
2500773832,2500773839,US
2500773840,2500773855,GB
2500773856,2500773871,US
2500773872,2500773887,GB
2500773888,2500773903,BG
2500773904,2500773919,US
2500773920,2500773927,BG
2500773928,2500773935,US
2500773936,2500773943,BG
2500773944,2500774911,US
2500774912,2500774919,IT
2500774920,2500774935,US
2500774936,2500774939,IT
2500774940,2500774943,US
2500774944,2500774959,IT
2500774960,2500774967,US
2500774968,2500774975,IT
2500774976,2500774983,US
2500774984,2500774999,IT
2500775000,2500775935,US
2500775936,2500775943,DE
2500775944,2500775983,US
2500775984,2500775999,DE
2500776000,2500776031,US
2500776032,2500776071,DE
2500776072,2500776091,US
2500776092,2500776111,DE
2500776112,2500776119,US
2500776120,2500776159,DE
2500776160,2500776167,US
2500776168,2500776199,DE
2500776200,2500776207,US
2500776208,2500776223,DE
2500776224,2500776247,US
2500776248,2500776271,DE
2500776272,2500776279,US
2500776280,2500776287,DE
2500776288,2500776303,US
2500776304,2500776311,DE
2500776312,2500776327,US
2500776328,2500776335,DE
2500776336,2500776343,US
2500776344,2500776359,DE
2500776360,2500776367,US
2500776368,2500776375,DE
2500776376,2500776383,US
2500776384,2500776391,DE
2500776392,2500776399,US
2500776400,2500776423,DE
2500776424,2500776447,US
2500776448,2500776455,DE
2500776456,2500776471,US
2500776472,2500776503,DE
2500776504,2500776511,US
2500776512,2500776527,DE
2500776528,2500776535,US
2500776536,2500776551,DE
2500776552,2500776559,US
2500776560,2500776623,DE
2500776624,2500776631,IE
2500776632,2500776647,DE
2500776648,2500776655,US
2500776656,2500776735,DE
2500776736,2500776743,US
2500776744,2500776759,DE
2500776760,2500776767,US
2500776768,2500776775,DE
2500776776,2500776783,US
2500776784,2500776799,DE
2500776800,2500776815,US
2500776816,2500776823,DE
2500776824,2500776831,US
2500776832,2500776855,DE
2500776856,2500776871,US
2500776872,2500776879,HK
2500776880,2500776895,US
2500776896,2500776903,ZA
2500776904,2500776927,US
2500776928,2500776951,DE
2500776952,2500776959,US
2500776960,2500776975,CH
2500776976,2500776991,US
2500776992,2500777007,CH
2500777008,2500777039,US
2500777040,2500777047,CH
2500777048,2500777071,US
2500777072,2500777087,CH
2500777088,2500777095,US
2500777096,2500777103,CH
2500777104,2500777111,US
2500777112,2500777119,CH
2500777120,2500777143,US
2500777144,2500777151,CH
2500777152,2500777183,US
2500777184,2500777199,CH
2500777200,2500777207,US
2500777208,2500777229,CH
2500777230,2500777231,US
2500777232,2500777239,CH
2500777240,2500777247,US
2500777248,2500777263,CH
2500777264,2500777303,US
2500777304,2500777335,CH
2500777336,2500777983,US
2500777984,2500778015,FR
2500778016,2500778039,US
2500778040,2500778043,FR
2500778044,2500779023,US
2500779024,2500779031,GB
2500779032,2500779711,US
2500779712,2500779719,GB
2500779720,2500780087,US
2500780088,2500780095,GB
2500780096,2500780111,US
2500780112,2500780129,GB
2500780130,2500780133,US
2500780134,2500780135,GB
2500780136,2500780167,US
2500780168,2500780175,GB
2500780176,2500780191,US
2500780192,2500780199,GB
2500780200,2500780231,US
2500780232,2500780255,GB
2500780256,2500780279,US
2500780280,2500780303,GB
2500780304,2500780383,US
2500780384,2500780385,GB
2500780386,2500780391,US
2500780392,2500780415,GB
2500780416,2500780433,US
2500780434,2500780439,GB
2500780440,2500780447,US
2500780448,2500780463,GB
2500780464,2500780487,US
2500780488,2500780503,GB
2500780504,2500780511,US
2500780512,2500780519,GB
2500780520,2500780551,US
2500780552,2500780559,GB
2500780560,2500780583,US
2500780584,2500780599,GB
2500780600,2500780607,US
2500780608,2500780639,GB
2500780640,2500780671,US
2500780672,2500780679,GB
2500780680,2500780687,US
2500780688,2500780695,GB
2500780696,2500780711,US
2500780712,2500780719,GB
2500780720,2500780751,US
2500780752,2500780759,GB
2500780760,2500780799,US
2500780800,2500780823,GB
2500780824,2500780855,US
2500780856,2500780863,GB
2500780864,2500780919,US
2500780920,2500780943,GB
2500780944,2500780951,US
2500780952,2500780959,GB
2500780960,2500780967,US
2500780968,2500780975,GB
2500780976,2500781007,US
2500781008,2500781023,GB
2500781024,2500781055,US
2500781056,2500781063,FR
2500781064,2500781079,US
2500781080,2500781095,FR
2500781096,2500781103,US
2500781104,2500781111,FR
2500781112,2500781135,US
2500781136,2500781143,FR
2500781144,2500781175,US
2500781176,2500781191,FR
2500781192,2500782079,US
2500782080,2500782127,PL
2500782128,2500782135,US
2500782136,2500782191,PL
2500782192,2500782199,US
2500782200,2500782203,PL
2500782204,2500782207,US
2500782208,2500782255,PL
2500782256,2500782263,US
2500782264,2500782293,PL
2500782294,2500782303,US
2500782304,2500782335,PL
2500782336,2500782339,US
2500782340,2500782359,PL
2500782360,2500783103,US
2500783104,2500783127,RS
2500783128,2500783129,US
2500783130,2500783133,RS
2500783134,2500783143,US
2500783144,2500783159,RS
2500783160,2500783167,US
2500783168,2500783231,RS
2500783232,2500783239,US
2500783240,2500783247,RS
2500783248,2500784135,US
2500784136,2500784151,ES
2500784152,2500784167,US
2500784168,2500784191,ES
2500784192,2500784199,US
2500784200,2500784223,ES
2500784224,2500784231,US
2500784232,2500784239,ES
2500784240,2500784255,US
2500784256,2500784263,ES
2500784264,2500784271,US
2500784272,2500784287,ES
2500784288,2500784303,US
2500784304,2500784319,ES
2500784320,2500784327,US
2500784328,2500784335,ES
2500784336,2500784343,US
2500784344,2500784351,ES
2500784352,2500784359,NL
2500784360,2500784391,ES
2500784392,2500784399,US
2500784400,2500784431,ES
2500784432,2500784439,US
2500784440,2500784447,ES
2500784448,2500784463,US
2500784464,2500784487,ES
2500784488,2500784503,US
2500784504,2500784559,ES
2500784560,2500784575,US
2500784576,2500784591,ES
2500784592,2500784599,US
2500784600,2500784607,ES
2500784608,2500784615,US
2500784616,2500784663,ES
2500784664,2500784695,US
2500784696,2500784723,ES
2500784724,2500784725,US
2500784726,2500784735,ES
2500784736,2500784739,US
2500784740,2500784741,ES
2500784742,2500784751,US
2500784752,2500784767,ES
2500784768,2500784783,US
2500784784,2500784799,ES
2500784800,2500784815,US
2500784816,2500784831,ES
2500784832,2500784839,US
2500784840,2500784879,ES
2500784880,2500784887,US
2500784888,2500784895,ES
2500784896,2500784935,US
2500784936,2500784953,ES
2500784954,2500784957,US
2500784958,2500784959,ES
2500784960,2500784967,US
2500784968,2500784991,ES
2500784992,2500785007,US
2500785008,2500785031,ES
2500785032,2500785039,US
2500785040,2500785047,ES
2500785048,2500785063,US
2500785064,2500785087,ES
2500785088,2500785135,US
2500785136,2500785151,ES
2500785152,2500785159,RO
2500785160,2500785167,US
2500785168,2500785175,RO
2500785176,2500785231,US
2500785232,2500785239,RO
2500785240,2500785255,US
2500785256,2500785279,RO
2500785280,2500785295,US
2500785296,2500785311,RO
2500785312,2500785319,US
2500785320,2500785367,RO
2500785368,2500786183,US
2500786184,2500786191,GB
2500786192,2500786199,US
2500786200,2500786215,GB
2500786216,2500786231,US
2500786232,2500786247,GB
2500786248,2500786255,US
2500786256,2500786271,GB
2500786272,2500786351,US
2500786352,2500786367,GB
2500786368,2500786375,US
2500786376,2500786383,FR
2500786384,2500786391,GB
2500786392,2500786407,US
2500786408,2500786423,GB
2500786424,2500786431,US
2500786432,2500786447,GB
2500786448,2500786455,US
2500786456,2500786463,GB
2500786464,2500786511,US
2500786512,2500786519,GB
2500786520,2500786591,US
2500786592,2500786615,GB
2500786616,2500786639,US
2500786640,2500786655,GB
2500786656,2500786679,US
2500786680,2500786687,GB
2500786688,2500786711,US
2500786712,2500786719,GB
2500786720,2500786743,US
2500786744,2500786759,GB
2500786760,2500786767,US
2500786768,2500786775,GB
2500786776,2500786847,US
2500786848,2500786863,GB
2500786864,2500786871,US
2500786872,2500786879,GB
2500786880,2500786887,US
2500786888,2500786895,GB
2500786896,2500786903,US
2500786904,2500786911,GB
2500786912,2500786927,US
2500786928,2500786935,GB
2500786936,2500786943,US
2500786944,2500786959,GB
2500786960,2500786983,US
2500786984,2500786999,GB
2500787000,2500787015,US
2500787016,2500787031,GB
2500787032,2500787095,US
2500787096,2500787103,GB
2500787104,2500787111,NL
2500787112,2500787127,US
2500787128,2500787143,GB
2500787144,2500787151,US
2500787152,2500787175,GB
2500787176,2500787199,US
2500787200,2500787207,DE
2500787208,2500918279,US
2500918280,2500918287,ES
2500918288,2500918295,US
2500918296,2500918319,ES
2500918320,2500918323,US
2500918324,2500918325,ES
2500918326,2500918335,US
2500918336,2500918351,ES
2500918352,2500918359,US
2500918360,2500918367,ES
2500918368,2500918375,US
2500918376,2500918401,ES
2500918402,2500918403,US
2500918404,2500918413,ES
2500918414,2500984831,US
2500984832,2500985343,DE
2500985344,2500985599,US
2500985600,2500985855,GB
2500985856,2500986111,FR
2500986112,2500988159,US
2500988160,2500988415,GB
2500988416,2500988671,US
2500988672,2500988927,GB
2500988928,2500989183,US
2500989184,2500989439,CR
2500989440,2500989951,NL
2500989952,2500991487,US
2500991488,2500991743,HN
2500991744,2500991999,FR
2500992000,2500993023,VE
2500993024,2500993535,US
2500993536,2500993791,MY
2500993792,2500994303,US
2500994304,2500994559,AT
2500994560,2500994815,CH
2500994816,2500995071,US
2500995072,2500995327,JP
2500995328,2500995583,CU
2500995584,2500995839,TH
2500995840,2500996095,US
2500996096,2500996351,SG
2500996352,2500996607,DE
2500996608,2500997375,US
2500997376,2500997631,DE
2500997632,2500998143,BR
2500998144,2500999167,US
2500999168,2501000191,AU
2501000192,2501000271,NL
2501000272,2501000287,DE
2501000288,2501000447,NL
2501000448,2501000703,US
2501000704,2501000959,SG
2501000960,2501001215,DE
2501001216,2501001727,IN
2501001728,2501001983,NL
2501001984,2501002239,DE
2501002240,2501002751,US
2501002752,2501003263,DE
2501003264,2501003519,AU
2501003520,2501003775,CA
2501003776,2501004287,BR
2501004288,2501004543,US
2501004544,2501004799,PK
2501004800,2501005055,DZ
2501005056,2501005311,CA
2501005312,2501005567,US
2501005568,2501005823,CI
2501005824,2501006079,US
2501006080,2501006335,DE
2501006336,2501006847,US
2501006848,2501007359,GB
2501007360,2501007615,US
2501007616,2501007871,IE
2501007872,2501008895,US
2501008896,2501009151,GB
2501009152,2501009407,US
2501009408,2501009663,NL
2501009664,2501010175,US
2501010176,2501010431,FR
2501010432,2501010687,US
2501010688,2501010943,IN
2501010944,2501011455,BR
2501011456,2501011967,US
2501011968,2501012223,AE
2501012224,2501012735,US
2501012736,2501012991,SG
2501012992,2501013503,IL
2501013504,2501014527,SG
2501014528,2501033983,US
2501033984,2501038079,CA
2501038080,2501042175,US
2501042176,2501043199,GB
2501043200,2501054463,US
2501054464,2501058559,NZ
2501058560,2501074943,US
2501074944,2501076991,CA
2501076992,2501083135,US
2501083136,2501090303,DE
2501090304,2501091327,US
2501091328,2501091839,PE
2501091840,2501092351,CO
2501092352,2501093375,BR
2501093376,2501093887,MX
2501093888,2501094399,BO
2501094400,2501095423,BR
2501095424,2501096447,GB
2501096448,2501103103,US
2501103104,2501103615,BR
2501103616,2501140479,US
2501140480,2501148671,GB
2501148672,2501165055,US
2501165056,2501165311,MX
2501165312,2501165567,CL
2501165568,2501168639,US
2501168640,2501168895,BR
2501168896,2501169151,PE
2501169152,2501255167,US
2501255168,2501267455,GB
2501267456,2501267711,US
2501267712,2501268223,CA
2501268224,2501268479,AR
2501268480,2501268735,US
2501268736,2501268991,GR
2501268992,2501269247,PT
2501269248,2501269503,JP
2501269504,2501269759,US
2501269760,2501270015,CH
2501270016,2501270271,BE
2501270272,2501270527,IT
2501270528,2501271295,US
2501271296,2501271551,CA
2501271552,2501275647,ES
2501275648,2501276671,GB
2501276672,2501277695,US
2501277696,2501312511,GB
2501312512,2501574655,US
2501574656,2501640191,KZ
2501640192,2501644287,US
2501644288,2501648383,JP
2501648384,2501672959,US
2501672960,2501681151,SG
2501681152,2501689343,AU
2501689344,2501705735,US
2501705736,2501705759,NL
2501705760,2501705767,DE
2501705768,2501705791,NL
2501705792,2501705799,US
2501705800,2501705823,NL
2501705824,2501705831,US
2501705832,2501705847,NL
2501705848,2501705855,US
2501705856,2501705871,NL
2501705872,2501705879,US
2501705880,2501705887,NL
2501705888,2501705895,US
2501705896,2501705903,NL
2501705904,2501705911,US
2501705912,2501705935,NL
2501705936,2501705959,US
2501705960,2501705967,NL
2501705968,2501705999,US
2501706000,2501706015,NL
2501706016,2501706023,US
2501706024,2501706039,NL
2501706040,2501706047,US
2501706048,2501706055,NL
2501706056,2501706079,US
2501706080,2501706087,NL
2501706088,2501706095,US
2501706096,2501706103,NL
2501706104,2501706111,US
2501706112,2501706127,NL
2501706128,2501706143,US
2501706144,2501706151,NL
2501706152,2501706167,US
2501706168,2501706175,NL
2501706176,2501706191,US
2501706192,2501706207,NL
2501706208,2501706215,US
2501706216,2501706271,NL
2501706272,2501706311,US
2501706312,2501706319,NL
2501706320,2501706335,US
2501706336,2501706343,NL
2501706344,2501706351,US
2501706352,2501706359,NL
2501706360,2501706383,US
2501706384,2501706391,NL
2501706392,2501706407,US
2501706408,2501706423,NL
2501706424,2501706463,US
2501706464,2501706471,NL
2501706472,2501706527,US
2501706528,2501706575,NL
2501706576,2501706583,US
2501706584,2501706607,NL
2501706608,2501706631,US
2501706632,2501706655,NL
2501706656,2501706663,US
2501706664,2501706671,NL
2501706672,2501706679,US
2501706680,2501706687,NL
2501706688,2501706711,US
2501706712,2501706743,NL
2501706744,2501706759,US
2501706760,2501706815,BE
2501706816,2501706823,US
2501706824,2501706831,BE
2501706832,2501706847,US
2501706848,2501706855,BE
2501706856,2501707271,US
2501707272,2501707287,RO
2501707288,2501707775,US
2501707776,2501707783,DE
2501707784,2501707791,US
2501707792,2501707799,DE
2501707800,2501707807,US
2501707808,2501707855,DE
2501707856,2501707871,US
2501707872,2501707879,DE
2501707880,2501707895,US
2501707896,2501707935,DE
2501707936,2501707943,GB
2501707944,2501707967,US
2501707968,2501707975,DE
2501707976,2501707991,US
2501707992,2501708007,DE
2501708008,2501708015,US
2501708016,2501708023,DE
2501708024,2501708039,US
2501708040,2501708055,DE
2501708056,2501708071,US
2501708072,2501708087,DE
2501708088,2501708119,US
2501708120,2501708143,DE
2501708144,2501708151,US
2501708152,2501708175,DE
2501708176,2501708191,US
2501708192,2501708199,DE
2501708200,2501708207,US
2501708208,2501708231,DE
2501708232,2501708239,US
2501708240,2501708255,DE
2501708256,2501708271,US
2501708272,2501708279,DE
2501708280,2501708295,US
2501708296,2501708303,MK
2501708304,2501708311,US
2501708312,2501708335,MK
2501708336,2501708343,US
2501708344,2501708351,MK
2501708352,2501708359,US
2501708360,2501708369,MK
2501708370,2501708371,US
2501708372,2501708375,MK
2501708376,2501708799,US
2501708800,2501708807,UA
2501708808,2501708815,US
2501708816,2501708831,UA
2501708832,2501708839,US
2501708840,2501708849,UA
2501708850,2501708851,US
2501708852,2501708853,UA
2501708854,2501708863,US
2501708864,2501708871,UA
2501708872,2501708887,US
2501708888,2501708903,UA
2501708904,2501708919,US
2501708920,2501708935,UA
2501708936,2501708943,US
2501708944,2501708951,UA
2501708952,2501708959,US
2501708960,2501708967,UA
2501708968,2501708975,US
2501708976,2501708991,UA
2501708992,2501709007,US
2501709008,2501709015,UA
2501709016,2501709079,US
2501709080,2501709087,UA
2501709088,2501712895,US
2501712896,2501712903,IT
2501712904,2501712943,US
2501712944,2501712959,IT
2501712960,2501712975,US
2501712976,2501712991,IT
2501712992,2501712999,US
2501713000,2501713007,IT
2501713008,2501713031,US
2501713032,2501713063,IT
2501713064,2501713095,US
2501713096,2501713127,IT
2501713128,2501713151,US
2501713152,2501713159,GB
2501713160,2501713167,IT
2501713168,2501713207,US
2501713208,2501713223,IT
2501713224,2501713239,US
2501713240,2501713255,IT
2501713256,2501713319,US
2501713320,2501713327,IT
2501713328,2501713335,US
2501713336,2501713343,IT
2501713344,2501713351,US
2501713352,2501713359,IT
2501713360,2501713391,US
2501713392,2501713399,IT
2501713400,2501713455,US
2501713456,2501713463,IT
2501713464,2501713519,US
2501713520,2501713535,IT
2501713536,2501713543,US
2501713544,2501713551,IT
2501713552,2501713583,US
2501713584,2501713607,IT
2501713608,2501713623,US
2501713624,2501713639,IT
2501713640,2501713655,US
2501713656,2501713663,IT
2501713664,2501713671,US
2501713672,2501713679,IT
2501713680,2501804031,US
2501804032,2501812223,PH
2501812224,2501967871,US
2501967872,2501968127,KZ
2501968128,2501968383,FR
2501968384,2501968895,HU
2501968896,2501970431,US
2501970432,2501970943,AT
2501970944,2501971199,NL
2501971200,2501971455,TR
2501971456,2501971711,FI
2501971712,2501971967,CH
2501971968,2501972223,BG
2501972224,2501972479,US
2501972480,2501972735,NO
2501972736,2501972991,AR
2501972992,2501973247,CL
2501973248,2501973503,CO
2501973504,2501973759,BR
2501973760,2501974015,MX
2501974016,2501974271,PE
2501974272,2501974527,BE
2501974528,2501974783,DK
2501974784,2501975039,ID
2501975040,2501975295,IE
2501975296,2501975551,IT
2501975552,2501975807,MY
2501975808,2501976063,RS
2501976064,2501976319,TH
2501976320,2501976575,DE
2501976576,2501976831,AU
2501976832,2501977087,KZ
2501977088,2501977343,FI
2501977344,2501977599,NL
2501977600,2501977855,CZ
2501977856,2501978623,DE
2501978624,2501978879,IE
2501978880,2501979391,GB
2501979392,2501979647,ES
2501979648,2501979903,CL
2501979904,2501980415,DE
2501980416,2501980671,CL
2501980672,2501980927,PE
2501980928,2501981183,AE
2501981184,2501981439,DE
2501981440,2502045695,US
2502045696,2502045951,PE
2502045952,2502066175,US
2502066176,2502082559,GB
2502082560,2502090751,TR
2502090752,2502094847,AR
2502094848,2502095359,US
2502095360,2502095871,IE
2502095872,2502096127,NL
2502096128,2502096383,FR
2502096384,2502096639,DE
2502096640,2502097151,US
2502097152,2502097407,CA
2502097408,2502097919,US
2502097920,2502098175,DE
2502098176,2502098943,SG
2502098944,2502164479,US
2502164480,2502164991,GB
2502164992,2502165503,US
2502165504,2502166015,GB
2502166016,2502168575,US
2502168576,2502172671,GB
2502172672,2502173695,US
2502173696,2502173951,DE
2502173952,2502174207,FR
2502174208,2502174719,US
2502174720,2502175231,DE
2502175232,2502175487,US
2502175488,2502175743,DE
2502175744,2502175999,US
2502176000,2502176511,DE
2502176512,2502176767,GB
2502176768,2502177023,US
2502177024,2502177279,CA
2502177280,2502177535,DE
2502177536,2502177791,NL
2502177792,2502178815,DE
2502178816,2502205695,US
2502205696,2502205951,FR
2502205952,2502206463,US
2502206464,2502206719,FR
2502206720,2502207999,US
2502208000,2502208511,SG
2502208512,2502213631,US
2502213632,2502214655,ES
2502214656,2502215679,US
2502215680,2502216703,ES
2502216704,2502221823,US
2502221824,2502223871,ES
2502223872,2502224895,US
2502224896,2502225407,ES
2502225408,2502225663,US
2502225664,2502226175,ES
2502226176,2502226943,US
2502226944,2502230015,ES
2502230016,2502295551,US
2502295552,2502295695,BE
2502295696,2502295735,US
2502295736,2502295855,BE
2502295856,2502295863,US
2502295864,2502295879,BE
2502295880,2502295895,US
2502295896,2502295911,BE
2502295912,2502295927,US
2502295928,2502295975,BE
2502295976,2502295983,US
2502295984,2502296015,BE
2502296016,2502296023,US
2502296024,2502296031,BE
2502296032,2502296039,US
2502296040,2502296047,BE
2502296048,2502296055,US
2502296056,2502296071,BE
2502296072,2502296079,US
2502296080,2502296103,BE
2502296104,2502296111,US
2502296112,2502296175,BE
2502296176,2502296183,US
2502296184,2502296207,BE
2502296208,2502296215,US
2502296216,2502296223,BE
2502296224,2502296575,US
2502296576,2502296599,AT
2502296600,2502296607,US
2502296608,2502296647,AT
2502296648,2502296663,US
2502296664,2502296671,AT
2502296672,2502296679,US
2502296680,2502296687,AT
2502296688,2502296703,US
2502296704,2502296735,AT
2502296736,2502296743,US
2502296744,2502296767,AT
2502296768,2502297599,US
2502297600,2502297639,IE
2502297640,2502298631,US
2502298632,2502298655,IT
2502298656,2502298659,US
2502298660,2502298667,IT
2502298668,2502298669,US
2502298670,2502298677,IT
2502298678,2502298681,US
2502298682,2502298687,IT
2502298688,2502298691,US
2502298692,2502298697,IT
2502298698,2502298699,US
2502298700,2502298703,IT
2502298704,2502298705,US
2502298706,2502298707,IT
2502298708,2502298711,US
2502298712,2502298729,IT
2502298730,2502298733,US
2502298734,2502298739,IT
2502298740,2502298741,US
2502298742,2502298749,IT
2502298750,2502298751,US
2502298752,2502298757,IT
2502298758,2502298761,US
2502298762,2502298763,IT
2502298764,2502298765,US
2502298766,2502298767,IT
2502298768,2502298771,US
2502298772,2502298773,IT
2502298774,2502298777,US
2502298778,2502298779,IT
2502298780,2502299135,US
2502299136,2502299199,NL
2502299200,2502426623,US
2502426624,2502428671,GB
2502428672,2502430719,FR
2502430720,2502438911,US
2502438912,2502439167,GB
2502439168,2502439935,US
2502439936,2502440191,AT
2502440192,2502440447,US
2502440448,2502440959,HK
2502440960,2502441727,US
2502441728,2502441983,NL
2502441984,2502442239,US
2502442240,2502442495,CZ
2502442496,2502442751,US
2502442752,2502443007,GB
2502443008,2502443263,US
2502443264,2502443519,PT
2502443520,2502443775,HK
2502443776,2502444543,US
2502444544,2502444799,GB
2502444800,2502446079,US
2502446080,2502446335,GB
2502446336,2502446591,US
2502446592,2502446847,HK
2502446848,2502447103,US
2502447104,2502447871,HK
2502447872,2502448383,US
2502448384,2502448639,HK
2502448640,2502449151,US
2502449152,2502449407,HK
2502449408,2502449663,US
2502449664,2502449919,HK
2502449920,2502450175,US
2502450176,2502450687,HK
2502450688,2502451199,US
2502451200,2502459391,GB
2502459392,2502492159,DE
2502492160,2502557695,CN
2502557696,2502819839,US
2502819840,2502823935,AR
2502823936,2503016447,US
2503016448,2503081983,IL
2503081984,2503090175,US
2503090176,2503098367,DE
2503098368,2503106559,US
2503106560,2503114751,PL
2503114752,2503122943,AR
2503122944,2503127039,US
2503127040,2503131135,DE
2503131136,2503135231,EC
2503135232,2503135487,TR
2503135488,2503135743,GB
2503135744,2503135999,JP
2503136000,2503136255,SG
2503136256,2503136511,US
2503136512,2503136767,SG
2503136768,2503137023,CH
2503137024,2503137279,IT
2503137280,2503137535,SE
2503137536,2503137791,DK
2503137792,2503138047,CA
2503138048,2503138303,US
2503138304,2503138559,FR
2503138560,2503138815,US
2503138816,2503139071,CA
2503139072,2503139327,US
2503139328,2503147519,TR
2503147520,2503149567,NL
2503149568,2503171583,US
2503171584,2503172095,MX
2503172096,2503173119,JP
2503173120,2503173631,IN
2503173632,2503174143,FR
2503174144,2503174655,PL
2503174656,2503175167,ES
2503175168,2503175679,ZA
2503175680,2503179519,US
2503179520,2503179775,SG
2503179776,2503180031,US
2503180032,2503180287,BD
2503180288,2503196671,HK
2503196672,2503344127,US
2503344128,2503376895,AF
2503376896,2503409663,JP
2503409664,2503475199,US
2503475200,2503540735,CA
2503540736,2503540991,PA
2503540992,2503541247,IE
2503541248,2503541759,US
2503541760,2503542271,KW
2503542272,2503542527,US
2503542528,2503542783,CR
2503542784,2503543551,US
2503543552,2503543807,GB
2503543808,2503544831,HK
2503544832,2503544959,GB
2503544960,2503545087,US
2503545088,2503545599,GB
2503545600,2503545855,BR
2503545856,2503546367,US
2503546368,2503546623,VN
2503546624,2503547135,US
2503547136,2503547391,RO
2503547392,2503547647,FR
2503547648,2503547903,US
2503547904,2503548159,CA
2503548160,2503548415,US
2503548416,2503548927,SG
2503548928,2503549439,BR
2503549440,2503549695,GT
2503549696,2503549951,US
2503549952,2503550207,ES
2503550208,2503550463,DE
2503550464,2503550719,TR
2503550720,2503551999,US
2503552000,2503553023,NL
2503553024,2503554047,AU
2503554048,2503554303,LB
2503554304,2503554559,NL
2503554560,2503555071,GB
2503555072,2503556095,BR
2503556096,2503556607,DE
2503556608,2503556863,ES
2503556864,2503557119,GB
2503557120,2503560191,US
2503560192,2503560447,NL
2503560448,2503561727,US
2503561728,2503561983,DE
2503561984,2503562239,NL
2503562240,2503562751,US
2503562752,2503563007,CY
2503563008,2503563263,NL
2503563264,2503564543,US
2503564544,2503564799,ES
2503564800,2503565311,US
2503565312,2503566335,GB
2503566336,2503567359,US
2503567360,2503567615,IE
2503567616,2503567871,LB
2503567872,2503568127,US
2503568128,2503568383,LB
2503568384,2503569407,US
2503569408,2503573503,GB
2503573504,2503574271,US
2503574272,2503574527,LB
2503574528,2503575551,US
2503575552,2503575807,IE
2503575808,2503576575,US
2503576576,2503577599,SG
2503577600,2503579647,US
2503579648,2503579903,GB
2503579904,2503590143,US
2503590144,2503590399,LB
2503590400,2503590655,US
2503590656,2503590911,LB
2503590912,2503592703,US
2503592704,2503592959,BR
2503592960,2503593215,US
2503593216,2503593471,CY
2503593472,2503593727,US
2503593728,2503593983,GB
2503593984,2503599359,US
2503599360,2503599615,NL
2503599616,2503599871,US
2503599872,2503600127,NL
2503600128,2503602175,CZ
2503602176,2503671807,US
2503671808,2503737343,NL
2503737344,2503868415,US
2503868416,2503876607,RU
2503876608,2503876863,IT
2503876864,2503877119,AT
2503877120,2503877375,IE
2503877376,2503877631,AT
2503877632,2503877887,JP
2503877888,2503878143,BR
2503878144,2503878399,DE
2503878400,2503878655,US
2503878656,2503878911,TR
2503878912,2503879167,AE
2503879168,2503879423,PT
2503879424,2503879679,US
2503879680,2503880191,JP
2503880192,2503880703,HK
2503880704,2503882751,RU
2503882752,2503884799,DE
2503884800,2503901183,SI
2503901184,2503905279,IT
2503905280,2503907327,CZ
2503907328,2503909375,FR
2503909376,2503911423,RU
2503911424,2503915519,ES
2503915520,2503917567,IT
2503917568,2503933951,BG
2503933952,2503999487,GB
2503999488,2504458239,US
2504458240,2504466431,GB
2504466432,2504468479,PK
2504468480,2504470527,FR
2504470528,2504473599,US
2504473600,2504474623,FR
2504474624,2504482815,US
2504482816,2504484863,ES
2504484864,2504486911,GB
2504486912,2504507391,US
2504507392,2504508415,GB
2504508416,2504509439,US
2504509440,2504511487,GB
2504511488,2504515583,IT
2504515584,2504517631,GB
2504517632,2504518655,US
2504518656,2504519679,IT
2504519680,2504519935,PR
2504519936,2504520191,SG
2504520192,2504521215,US
2504521216,2504521727,CA
2504521728,2504654847,US
2504654848,2504720383,ES
2504720384,2504916991,US
2504916992,2504921087,BR
2504921088,2504925183,US
2504925184,2504933375,AR
2504933376,2504937471,BR
2504937472,2504950527,US
2504950528,2504952583,AR
2504952584,2504952831,US
2504952832,2504953343,AR
2504953344,2504953599,US
2504953600,2504957951,AR
2504957952,2504958975,US
2504958976,2504961023,CO
2504961024,2504962047,US
2504962048,2504965119,BR
2504965120,2504965631,CL
2504965632,2504966143,BR
2504966144,2504968191,US
2504968192,2504974335,BR
2504974336,2504974847,US
2504974848,2504975103,AR
2504975104,2504977407,US
2504977408,2504977919,BR
2504977920,2505192447,US
2505192448,2505193471,IN
2505193472,2505441279,US
2505441280,2505467903,GB
2505467904,2505469951,IT
2505469952,2505474047,US
2505474048,2505482239,TR
2505482240,2505484287,HN
2505484288,2505485311,US
2505485312,2505486335,FR
2505486336,2505490431,GB
2505490432,2505498623,IT
2505498624,2505499647,PL
2505499648,2505500671,US
2505500672,2505502719,ES
2505502720,2505506815,GB
2505506816,2505539583,AR
2505539584,2505542143,US
2505542144,2505542911,SG
2505542912,2505543167,JP
2505543168,2505543423,HK
2505543424,2505543679,ES
2505543680,2505543935,EE
2505543936,2505544447,HK
2505544448,2505544703,ID
2505544704,2505544959,HK
2505544960,2505545215,US
2505545216,2505545471,AE
2505545472,2505545727,HK
2505545728,2505545983,MO
2505545984,2505546239,VN
2505546240,2505546495,IN
2505546496,2505546751,KR
2505546752,2505547007,US
2505547008,2505547519,SA
2505547520,2505547775,US
2505547776,2505548031,ID
2505548032,2505548287,PH
2505548288,2505548543,US
2505548544,2505548799,IN
2505548800,2505549055,US
2505549056,2505549311,EG
2505549312,2505549567,AO
2505549568,2505550079,US
2505550080,2505550335,VN
2505550336,2505550591,JP
2505550592,2505550847,AU
2505550848,2505551103,ID
2505551104,2505551359,HK
2505551360,2505551615,TH
2505551616,2505551871,US
2505551872,2505552383,FR
2505552384,2505552639,US
2505552640,2505552895,HK
2505552896,2505553151,AU
2505553152,2505553407,VN
2505553408,2505553663,US
2505553664,2505553919,SA
2505553920,2505554175,US
2505554176,2505554431,HK
2505554432,2505554943,US
2505554944,2505555199,DE
2505555200,2505555711,FR
2505555712,2505555967,ES
2505555968,2505564159,GB
2505564160,2505572351,US
2505572352,2505574399,GB
2505574400,2505576447,ES
2505576448,2505576703,CA
2505576704,2505577215,US
2505577216,2505577471,DE
2505577472,2505577727,PT
2505577728,2505577983,US
2505577984,2505578239,MX
2505578240,2505578495,SG
2505578496,2505578751,DE
2505578752,2505579007,US
2505579008,2505579263,IL
2505579264,2505579519,CH
2505579520,2505579775,FR
2505579776,2505580287,US
2505580288,2505580543,SG
2505580544,2505584639,US
2505584640,2505588735,CA
2505588736,2505596927,HK
2505596928,2505597183,IE
2505597184,2505597695,CA
2505597696,2505597951,SG
2505597952,2505598207,US
2505598208,2505598463,AU
2505598464,2505598719,DE
2505598720,2505598975,JP
2505598976,2505599231,CL
2505599232,2505599487,US
2505599488,2505599999,SG
2505600000,2505600255,US
2505600256,2505600511,DK
2505600512,2505600767,UA
2505600768,2505601023,CO
2505601024,2505605119,GB
2505605120,2505613311,US
2505613312,2505614335,HK
2505614336,2505614591,DE
2505614592,2505614847,KR
2505614848,2505615615,FR
2505615616,2505615871,KR
2505615872,2505616127,IN
2505616128,2505616383,SG
2505616384,2505616639,JP
2505616640,2505616895,BD
2505616896,2505617151,AE
2505617152,2505617407,IN
2505617408,2505617663,IT
2505617664,2505617919,TW
2505617920,2505618175,SG
2505618176,2505618431,HK
2505618432,2505618687,AU
2505618688,2505618943,TW
2505618944,2505619199,PH
2505619200,2505619455,JP
2505619456,2505619711,KE
2505619712,2505620479,ZA
2505620480,2505620735,HK
2505620736,2505620991,JP
2505620992,2505621503,TW
2505621504,2505622527,HK
2505622528,2505622783,MO
2505622784,2505623295,JP
2505623296,2505623551,LA
2505623552,2505623807,HK
2505623808,2505624063,LA
2505624064,2505624319,MM
2505624320,2505624575,BD
2505624576,2505624831,JP
2505624832,2505625087,IN
2505625088,2505626111,KH
2505626112,2505626367,MY
2505626368,2505626623,US
2505626624,2505626879,GB
2505626880,2505627135,KR
2505627136,2505627391,JP
2505627392,2505627647,HK
2505627648,2505627903,GB
2505627904,2505628159,KR
2505628160,2505628415,US
2505628416,2505628671,TH
2505628672,2505628927,GB
2505628928,2505629183,KR
2505629184,2505629695,DE
2505629696,2505703423,US
2505703424,2505768959,PT
2505768960,2505769471,US
2505769472,2505769983,FR
2505769984,2505770239,US
2505770240,2505770495,ES
2505770496,2505790463,US
2505790464,2505790719,NL
2505790720,2505792767,US
2505792768,2505793279,GB
2505793280,2505793535,US
2505793536,2505801727,ES
2505801728,2506202111,US
2506202112,2506203135,CA
2506203136,2506216447,US
2506216448,2506217471,CA
2506217472,2506293247,US
2506293248,2506358783,CA
2506358784,2506359807,US
2506359808,2506360831,ES
2506360832,2506361343,US
2506361344,2506362879,ES
2506362880,2506363647,US
2506363648,2506363903,ES
2506363904,2506376191,US
2506376192,2506376447,DE
2506376448,2506376959,US
2506376960,2506377215,ID
2506377216,2506377471,DE
2506377472,2506377727,US
2506377728,2506377983,HK
2506377984,2506378239,DE
2506378240,2506383359,US
2506383360,2506391551,GB
2506391552,2506393087,FR
2506393088,2506393855,US
2506393856,2506394111,FR
2506394112,2506394367,US
2506394368,2506394623,FR
2506394624,2506395647,US
2506395648,2506399743,VE
2506399744,2506399999,IT
2506400000,2506400767,US
2506400768,2506401279,IT
2506401280,2506489855,US
2506489856,2506498047,GB
2506498048,2506506239,US
2506506240,2506514431,BR
2506514432,2506522623,US
2506522624,2506524671,GB
2506524672,2506526719,FR
2506526720,2506530815,GB
2506530816,2506539007,US
2506539008,2506547199,GB
2506547200,2506548479,US
2506548480,2506548735,TR
2506548736,2506548991,DE
2506548992,2506549247,SG
2506549248,2506549503,SK
2506549504,2506550015,BR
2506550016,2506550271,CZ
2506550272,2506550527,ES
2506550528,2506550783,IT
2506550784,2506551039,CH
2506551040,2506551295,RO
2506551296,2506551551,UA
2506551552,2506551807,BG
2506551808,2506552319,US
2506552320,2506552575,PL
2506552576,2506552831,FR
2506552832,2506553087,GR
2506553088,2506553343,HR
2506553344,2506553599,ZA
2506553600,2506553855,US
2506553856,2506554111,SG
2506554112,2506554367,BR
2506554368,2506554623,US
2506554624,2506554879,HK
2506554880,2506555135,US
2506555136,2506555391,SG
2506555392,2506784767,US
2506784768,2506792959,IL
2506792960,2506801151,GB
2506801152,2506809343,US
2506809344,2506817535,IL
2506817536,2506825727,GB
2506825728,2506833919,GR
2506833920,2506850303,GB
2506850304,2506854399,DE
2506854400,2506856447,GB
2506856448,2506870783,US
2506870784,2506874879,AR
2506874880,2506883071,US
2506883072,2506948607,ID
2506948608,2507014143,SA
2507014144,2507079679,ID
2507079680,2507147519,US
2507147776,2507148031,CA
2507148032,2507149311,US
2507149312,2507149567,BS
2507149568,2507149823,US
2507150080,2507150335,KY
2507150336,2507150591,MF
2507150592,2507150847,US
2507151104,2507152383,US
2507152384,2507152639,CA
2507152640,2507152895,US
2507152896,2507153151,KN
2507153152,2507153407,US
2507153408,2507153663,BL
2507153664,2507155967,US
2507156992,2507157503,MF
2507157504,2507158015,US
2507158016,2507158271,CA
2507158272,2507158783,US
2507159040,2507159551,CA
2507159552,2507160063,US
2507160064,2507160575,CA
2507160576,2507161343,US
2507161600,2507164159,US
2507164160,2507164415,CA
2507164416,2507164927,US
2507165184,2507165439,US
2507165696,2507165951,CA
2507165952,2507168255,US
2507169280,2507170815,US
2507170816,2507171071,AG
2507171072,2507172351,US
2507172608,2507173375,US
2507173632,2507175679,US
2507175680,2507177983,CA
2507177984,2507178495,US
2507178496,2507178751,CA
2507179008,2507179519,US
2507179520,2507180543,CA
2507183360,2507183615,US
2507184128,2507185151,US
2507186176,2507190271,CA
2507190272,2507191551,US
2507191552,2507192063,CA
2507192064,2507193087,US
2507193344,2507194623,US
2507194880,2507195391,LC
2507195392,2507195647,JM
2507195648,2507197183,US
2507210752,2507276287,ID
2507276288,2507345919,US
2507345920,2507354111,CA
2507354112,2507358207,US
2507358208,2507366399,CA
2507366400,2507369471,US
2507369472,2507369727,DO
2507369728,2507370495,NL
2507370496,2507390975,US
2507390976,2507395071,CA
2507395072,2507399167,US
2507399168,2507407359,CA
2507407360,2507515647,US
2507515648,2507515903,DE
2507515904,2507531775,US
2507531776,2507532031,IN
2507532032,2507532287,JP
2507532288,2507546623,US
2507546624,2507554815,SG
2507554816,2507558911,AU
2507558912,2507561983,US
2507561984,2507563007,AU
2507563008,2507599871,US
2507599872,2507600383,IN
2507600384,2507603967,US
2507603968,2507604991,GB
2507604992,2507612159,US
2507612160,2507620351,GB
2507620352,2507636735,CA
2507636736,2508062719,US
2508062720,2508065031,CH
2508065032,2508065039,ID
2508065040,2508065047,CR
2508065048,2508065055,BA
2508065056,2508065063,AD
2508065064,2508065071,BS
2508065072,2508065079,MD
2508065080,2508065087,EC
2508065088,2508065095,PR
2508065096,2508065103,LI
2508065104,2508065111,BM
2508065112,2508065119,CH
2508065120,2508065127,EG
2508065128,2508065135,AZ
2508065136,2508065143,ME
2508065144,2508065151,MK
2508065152,2508065159,BT
2508065160,2508065167,BZ
2508065168,2508065175,NP
2508065176,2508065183,PY
2508065184,2508065191,GT
2508065192,2508065199,DZ
2508065200,2508065207,NG
2508065208,2508065215,UY
2508065216,2508065223,PA
2508065224,2508065231,JM
2508065232,2508065239,HN
2508065240,2508065247,BO
2508065248,2508065255,CH
2508065256,2508065263,IM
2508065264,2508065271,SV
2508065272,2508065279,DO
2508065280,2508065791,NL
2508065792,2508066047,US
2508066048,2508066303,CN
2508066304,2508066815,SA
2508066816,2508068863,RU
2508068864,2508070911,HU
2508070912,2508073919,ES
2508073920,2508073951,IT
2508073952,2508073967,FR
2508073968,2508073983,DE
2508073984,2508074497,ES
2508074498,2508074498,DO
2508074499,2508075007,ES
2508075008,2508077055,CH
2508077056,2508079103,BE
2508079104,2508081151,DE
2508081152,2508083199,US
2508083200,2508085247,IS
2508085248,2508086271,US
2508086272,2508087295,HK
2508087296,2508089343,RU
2508089344,2508091391,GB
2508091392,2508095487,AZ
2508095488,2508103679,SI
2508103680,2508105727,ES
2508105728,2508107775,RU
2508107776,2508109823,FI
2508109824,2508111871,DE
2508128256,2508259327,US
2508259328,2508324863,SG
2508324864,2508359679,US
2508359680,2508360191,BR
2508360192,2508365823,US
2508365824,2508374015,CO
2508374016,2508382207,US
2508382208,2508390399,CL
2508390400,2508455935,US
2508455936,2508521471,IT
2508521472,2508587007,CH
2508587008,2508652543,BE
2508652544,2508718079,AU
2508718080,2508837887,US
2508837888,2508838911,DE
2508838912,2508914687,US
2508914688,2508980223,IT
2508980224,2509045759,TR
2509045760,2509176831,US
2509176832,2509209599,NL
2509209600,2509215231,US
2509215232,2509215487,GB
2509215488,2509219839,US
2509219840,2509220607,GB
2509220608,2509222143,US
2509222144,2509222399,IM
2509222400,2509222655,KG
2509222656,2509222911,IS
2509222912,2509373439,US
2509373440,2509438975,NL
2509438976,2509504511,KW
2509504512,2509570047,AT
2509570048,2509832191,US
2509832192,2509897727,IE
2509897728,2509914111,US
2509914112,2509916159,RU
2509916160,2509918207,DE
2509918208,2509920255,FR
2509920256,2509922303,IT
2509922304,2509924351,AT
2509924352,2509928447,RU
2509928448,2509930495,FI
2509930496,2509934591,RU
2509934592,2509936639,DE
2509936640,2509937919,AT
2509937920,2509938175,IT
2509938176,2509938431,US
2509938432,2509938687,DE
2509938688,2509942783,AG
2509942784,2509944831,GB
2509944832,2509945087,AM
2509945088,2509945343,LT
2509945344,2509945855,MD
2509945856,2509946879,KZ
2509946880,2509963263,BE
2509963264,2510028799,GB
2510028800,2510094335,PL
2510094336,2510159871,IE
2510159872,2510749695,US
2510749696,2510815231,AU
2510815232,2510946303,US
2510946304,2510960639,GB
2510960640,2510961151,IL
2510961152,2510961407,SI
2510961408,2510961663,IE
2510961664,2510962175,KR
2510962176,2510962687,KZ
2510962688,2510983167,GB
2510983168,2510983423,DE
2510983424,2510983679,GR
2510983680,2510983935,SC
2510983936,2510997503,GB
2510997504,2510999551,NO
2510999552,2511004671,GB
2511004672,2511004927,PL
2511004928,2511011839,GB
2511011840,2511077375,AU
2511077376,2511142911,DE
2511142912,2511208447,US
2511208448,2511273983,PA
2511273984,2511339519,GB
2511339520,2511405055,AU
2511405056,2511437823,US
2511437824,2511601663,GB
2511601664,2511634431,US
2511634432,2511667199,GB
2511667200,2511699967,US
2511699968,2511994879,GB
2511994880,2512060415,US
2512060416,2512093183,GB
2512093184,2512191487,US
2512191488,2512257023,GB
2512257024,2512322559,US
2512322560,2512715775,GB
2512715776,2512781311,FI
2512781312,2512846847,GB
2512846848,2512912383,US
2512912384,2512945151,HU
2512945152,2512977919,JO
2512977920,2513043455,DE
2513043456,2513103871,FR
2513103872,2513103999,GB
2513104000,2513108991,FR
2513108992,2513174527,DE
2513174528,2513240063,GB
2513240064,2513502207,DE
2513502208,2513567743,NO
2513567744,2513600511,GR
2513600512,2513633279,NL
2513633280,2513764095,DE
2513764096,2513764351,DK
2513764352,2514124799,DE
2514124800,2514157567,US
2514157568,2515025919,DE
2515025920,2515042303,SA
2515042304,2515050495,MX
2515050496,2515056639,FR
2515056640,2515057663,DE
2515057664,2515058175,FR
2515058176,2515058687,DE
2515058688,2515071999,FR
2515072000,2515140607,DE
2515140608,2515142655,US
2515142656,2515173375,DE
2515173376,2515188223,SG
2515188224,2515188479,IN
2515188480,2515188735,SG
2515188736,2515188991,JP
2515188992,2515189247,AU
2515189248,2515189503,JP
2515189504,2515189759,IN
2515189760,2515198463,US
2515198464,2515198975,BR
2515198976,2515199999,US
2515200000,2515200511,BR
2515200512,2515206143,US
2515206144,2515419135,DE
2515419136,2515427327,US
2515427328,2515431935,SG
2515431936,2515432447,IN
2515432448,2515435519,SG
2515435520,2515599359,DE
2515599360,2515664895,GB
2515664896,2516058111,DE
2516058112,2516070399,US
2516070400,2516074495,CA
2516074496,2516077567,US
2516077568,2516078591,GB
2516078592,2516090879,CA
2516090880,2516101119,US
2516101120,2516107263,CA
2516107264,2516115455,US
2516115456,2516123647,CA
2516123648,2516254719,DE
2516254720,2516320255,FR
2516320256,2516451327,US
2516451328,2516516863,GB
2516516864,2516525055,RU
2516525056,2516527103,US
2516527104,2516529151,GB
2516529152,2516531199,FR
2516531200,2516533247,GB
2516533248,2516541439,CZ
2516541440,2516545535,GB
2516545536,2516547583,RU
2516547584,2516549631,GB
2516549632,2516550655,UA
2516550656,2516551679,RU
2516551680,2516553727,FR
2516553728,2516557823,AZ
2516557824,2516559871,RU
2516559872,2516561919,GB
2516561920,2516563967,LI
2516563968,2516566015,GB
2516566016,2516582399,AE
