2583691264,2583695359,ZA
2583695360,2583697407,BW
2583697408,2583699455,CI
2583699456,2583707647,GA
2583724032,2583728127,UG
2583728128,2583730175,CI
2583730176,2583732223,TZ
2583732224,2583736319,ZA
2583736320,2583740415,GA
2583740416,2583756799,NA
2583756800,2583890943,US
2583890944,2583891967,MX
2583891968,2583899647,US
2583899648,2583899903,JP
2583899904,2583900159,CA
2583900160,2583901183,MX
2583901184,2583901695,DE
2583901696,2583902207,NL
2583902208,2583902463,US
2583902464,2583902719,DO
2583902720,2583903231,US
2583903232,2583903487,CA
2583903488,2583903743,PY
2583903744,2583907327,US
2583907328,2583907839,VE
2583907840,2583910399,US
2583910400,2583910911,CA
2583910912,2583921151,US
2583921152,2583921663,GB
2583921664,2583921919,US
2583921920,2583922175,NL
2583922176,2583922431,US
2583922432,2583924735,FR
2583924736,2583930879,CA
2583930880,2583932927,US
2583932928,2583934975,CA
2583934976,2583944191,US
2583944192,2583944703,ES
2583944704,2583945983,US
2583945984,2583946239,GB
2583946240,2583951615,US
2583951616,2583952383,FR
2583952384,2583952895,DE
2583952896,2584018943,US
2584018944,2584084479,CA
2584084480,2584084735,US
2584084736,2584084991,DE
2584084992,2584085247,US
2584085248,2584085503,PA
2584085504,2584085759,SG
2584085760,2584086015,BR
2584086016,2584086271,NL
2584086272,2584086783,US
2584086784,2584087039,HK
2584087040,2584087551,US
2584087552,2584088063,DE
2584088064,2584088319,US
2584088320,2584088575,NL
2584088576,2584090623,US
2584090624,2584091647,DE
2584091648,2584091903,US
2584091904,2584092159,IE
2584092160,2584093695,US
2584093696,2584093951,JP
2584093952,2584094719,US
2584094720,2584095743,FR
2584095744,2584096767,DE
2584096768,2584097791,US
2584097792,2584098815,SG
2584098816,2584099839,US
2584099840,2584100351,PL
2584100352,2584100607,US
2584100608,2584100863,RO
2584100864,2584103935,US
2584103936,2584104959,GB
2584104960,2584110079,US
2584110080,2584110591,RO
2584110592,2584111103,US
2584111104,2584112127,DE
2584112128,2584112895,US
2584112896,2584113151,GB
2584113152,2584114431,US
2584114432,2584114687,SG
2584114688,2584116223,US
2584116224,2584116479,RO
2584116480,2584118271,US
2584118272,2584118527,GB
2584118528,2584120319,US
2584120320,2584120831,GE
2584120832,2584121087,DE
2584121088,2584121343,FR
2584121344,2584121855,US
2584121856,2584122111,CA
2584122112,2584122367,HK
2584122368,2584122879,ID
2584122880,2584123135,RO
2584123136,2584123391,AU
2584123392,2584124415,NL
2584124416,2584125951,US
2584125952,2584126207,CY
2584126208,2584126463,NL
2584126464,2584126719,JP
2584126720,2584126975,TH
2584126976,2584127231,PH
2584127232,2584127487,GB
2584127488,2584128511,US
2584128512,2584129023,FR
2584129024,2584129279,LB
2584129280,2584129535,CR
2584129536,2584132095,US
2584132096,2584132351,BR
2584132352,2584132607,LB
2584132608,2584133119,US
2584133120,2584133375,FR
2584133376,2584134143,US
2584134144,2584134399,LB
2584134400,2584134655,DE
2584134656,2584135167,US
2584135168,2584135423,NL
2584135424,2584135679,DE
2584135680,2584136703,US
2584136704,2584137727,NL
2584137728,2584140799,US
2584140800,2584141823,FR
2584141824,2584147967,US
2584147968,2584148991,DE
2584148992,2584150015,ZA
2584150016,2584166399,FR
2584166400,2584197119,US
2584197120,2584199167,DE
2584199168,2584215551,US
2584215552,2584220415,HK
2584220416,2584220671,SG
2584220672,2584227839,HK
2584227840,2584231935,JP
2584231936,2584240127,HK
2584240128,2584244223,ID
2584244224,2584246271,HK
2584246272,2584247295,AU
2584247296,2584247551,VN
2584247552,2584248319,HK
2584248320,2584281087,CN
2584281088,2584281343,US
2584281344,2584281599,BR
2584281600,2584283135,US
2584283136,2584285183,FR
2584285184,2584285695,DE
2584285696,2584286207,ES
2584286208,2584287231,GB
2584287232,2584293375,US
2584293376,2584297471,SV
2584297472,2584297727,US
2584297728,2584297983,NL
2584297984,2584309759,US
2584309760,2584310271,UY
2584310272,2584310783,CA
2584310784,2584314879,US
2584314880,2584315391,GB
2584315392,2584320767,US
2584320768,2584321023,IL
2584321024,2584327167,US
2584327168,2584327423,BO
2584327424,2584332799,US
2584332800,2584333311,GB
2584333312,2584334335,US
2584334336,2584335103,DE
2584335104,2584335359,US
2584335360,2584335871,DE
2584335872,2584336383,NL
2584336384,2584336895,US
2584336896,2584337151,LB
2584337152,2584337407,VE
2584337408,2584346623,US
2584346624,2584412159,KR
2584412160,2584477695,CA
2584477696,2584477951,US
2584477952,2584478207,MX
2584478208,2584478463,US
2584478464,2584478719,CA
2584478720,2584479231,ES
2584479232,2584480767,US
2584480768,2584481791,GB
2584481792,2584494335,US
2584494336,2584494591,NL
2584494592,2584494863,US
2584494864,2584494879,FR
2584494880,2584497151,US
2584497152,2584497663,GB
2584497664,2584498175,US
2584498176,2584502271,HK
2584502272,2584504319,FR
2584504320,2584506367,HN
2584506368,2584507135,US
2584507136,2584507391,IL
2584507392,2584508415,CA
2584508416,2584511167,US
2584511168,2584511199,CA
2584511200,2584511231,US
2584511232,2584511487,FR
2584511488,2584517631,US
2584517632,2584518655,NL
2584518656,2584520703,CA
2584520704,2584533503,US
2584533504,2584534015,FR
2584534016,2584535039,MX
2584535040,2584543487,US
2584543488,2584543743,HN
2584543744,2584545279,US
2584545280,2584546303,GB
2584546304,2584549375,US
2584549376,2584550399,CA
2584550400,2584559871,US
2584559872,2584560127,NL
2584560128,2584560383,US
2584560384,2584560639,DO
2584560640,2584561663,CA
2584561664,2584563711,FR
2584563712,2584564479,US
2584564480,2584564735,FR
2584564736,2584565759,MX
2584565760,2584566271,US
2584566272,2584567295,FR
2584567296,2584575999,US
2584576000,2584576255,GB
2584576256,2584576511,US
2584576512,2584576767,FR
2584576768,2584577023,US
2584577024,2584578047,CA
2584578048,2584580607,US
2584580608,2584581119,NL
2584581120,2584581375,US
2584581376,2584581631,DE
2584581632,2584584447,US
2584584448,2584584703,FR
2584584704,2584584959,US
2584584960,2584585215,NL
2584585216,2584608767,US
2584608768,2584608799,NL
2584608800,2584608807,IE
2584608808,2584608815,GB
2584608816,2584608839,DK
2584608840,2584608847,ES
2584608848,2584608863,GB
2584608864,2584608871,AT
2584608872,2584608879,GB
2584608880,2584608895,FR
2584608896,2584608911,GB
2584608912,2584608919,US
2584608920,2584608923,ES
2584608924,2584608927,GB
2584608928,2584608935,ES
2584608936,2584608939,IT
2584608940,2584608943,DE
2584608944,2584608951,IT
2584608952,2584608959,ES
2584608960,2584608967,IT
2584608968,2584608971,LI
2584608972,2584608975,DE
2584608976,2584608983,BE
2584608984,2584608987,IT
2584608988,2584608991,GR
2584608992,2584608999,SE
2584609000,2584609007,US
2584609008,2584609015,AT
2584609016,2584609019,CZ
2584609020,2584609023,GB
2584609024,2584609031,US
2584609032,2584609039,SE
2584609040,2584609055,GB
2584609056,2584609071,US
2584609072,2584609079,DE
2584609080,2584609091,GB
2584609092,2584609095,DK
2584609096,2584609103,GB
2584609104,2584609111,SE
2584609112,2584609119,IT
2584609120,2584609123,ES
2584609124,2584609127,SE
2584609128,2584609135,FR
2584609136,2584609215,GB
2584609216,2584609219,SE
2584609220,2584609223,US
2584609224,2584609227,IE
2584609228,2584609231,NL
2584609232,2584609247,GB
2584609248,2584609255,CH
2584609256,2584609263,US
2584609264,2584609287,IT
2584609288,2584609295,FR
2584609296,2584609303,US
2584609304,2584609315,FR
2584609316,2584609319,NO
2584609320,2584609327,AT
2584609328,2584609343,FR
2584609344,2584609347,GB
2584609348,2584609351,NO
2584609352,2584609352,SI
2584609353,2584609353,LU
2584609354,2584609354,DK
2584609355,2584609355,BE
2584609356,2584609359,CH
2584609360,2584609367,IT
2584609368,2584609375,SE
2584609376,2584609383,FR
2584609384,2584609391,US
2584609392,2584609407,GB
2584609408,2584609423,DE
2584609424,2584609431,DK
2584609432,2584609435,FR
2584609436,2584609439,GB
2584609440,2584609455,AT
2584609456,2584609463,ES
2584609464,2584609471,IT
2584609472,2584609479,PL
2584609480,2584609487,ES
2584609488,2584609491,US
2584609492,2584609495,IE
2584609496,2584609499,GB
2584609500,2584609503,AT
2584609504,2584609511,FR
2584609512,2584609519,PL
2584609520,2584609523,IT
2584609524,2584609527,NL
2584609528,2584609535,IT
2584609536,2584609543,FI
2584609544,2584609551,BE
2584609552,2584609559,PL
2584609560,2584609567,FR
2584609568,2584609583,ES
2584609584,2584609591,CZ
2584609592,2584609599,DE
2584609600,2584609623,BE
2584609624,2584609627,NO
2584609628,2584609631,IE
2584609632,2584609663,NO
2584609664,2584609791,ES
2584609792,2584609799,US
2584609800,2584609807,GB
2584609808,2584609811,HR
2584609812,2584609815,NL
2584609816,2584609839,GB
2584609840,2584609847,ES
2584609848,2584609855,FR
2584609856,2584609863,DE
2584609864,2584609871,BE
2584609872,2584609879,DE
2584609880,2584609887,PL
2584609888,2584609895,DE
2584609896,2584609903,BG
2584609904,2584609919,IT
2584609920,2584609935,GB
2584609936,2584609943,ES
2584609944,2584609947,DK
2584609948,2584609951,NL
2584609952,2584609955,US
2584609956,2584609959,GB
2584609960,2584609967,GR
2584609968,2584609971,LU
2584609972,2584609975,FR
2584609976,2584609983,CA
2584609984,2584609991,NL
2584609992,2584609995,ES
2584609996,2584609999,AT
2584610000,2584610007,IT
2584610008,2584610015,DK
2584610016,2584610027,FR
2584610028,2584610031,US
2584610032,2584610035,GB
2584610036,2584610039,DK
2584610040,2584610043,US
2584610044,2584610047,DE
2584610048,2584610063,DK
2584610064,2584610067,GB
2584610068,2584610071,BE
2584610072,2584610079,NL
2584610080,2584610083,FR
2584610084,2584610087,US
2584610088,2584610095,SE
2584610096,2584610103,FI
2584610104,2584610111,GB
2584610112,2584610119,PL
2584610120,2584610127,DE
2584610128,2584610135,PL
2584610136,2584610139,PT
2584610140,2584610143,US
2584610144,2584610159,GB
2584610160,2584610175,BE
2584610176,2584610303,ES
2584610304,2584610327,BE
2584610328,2584610335,ES
2584610336,2584610343,HR
2584610344,2584610351,SE
2584610352,2584610359,RS
2584610360,2584610363,IT
2584610364,2584610367,ES
2584610368,2584610399,IT
2584610400,2584610415,ES
2584610416,2584610431,NL
2584610432,2584610447,CH
2584610448,2584610463,DE
2584610464,2584610471,NO
2584610472,2584610475,DK
2584610476,2584610479,FR
2584610480,2584610487,EE
2584610488,2584610495,GB
2584610496,2584610511,PL
2584610512,2584610527,US
2584610528,2584610531,NL
2584610532,2584610535,GB
2584610536,2584610543,NL
2584610544,2584610551,BE
2584610552,2584610559,NL
2584610560,2584610567,GB
2584610568,2584610575,FR
2584610576,2584610591,NL
2584610592,2584610595,ES
2584610596,2584610599,IT
2584610600,2584610603,PT
2584610604,2584610607,GB
2584610608,2584610615,SE
2584610616,2584610623,BE
2584610624,2584610631,PL
2584610632,2584610639,ES
2584610640,2584610655,FR
2584610656,2584610663,PL
2584610664,2584610671,NO
2584610672,2584610679,IT
2584610680,2584610687,FR
2584610688,2584610699,DE
2584610700,2584610703,DK
2584610704,2584610707,DE
2584610708,2584610711,NL
2584610712,2584610719,PL
2584610720,2584610735,GB
2584610736,2584610739,ES
2584610740,2584610743,DK
2584610744,2584610747,US
2584610748,2584610751,ES
2584610752,2584610759,PL
2584610760,2584610767,RO
2584610768,2584610783,IN
2584610784,2584610787,PL
2584610788,2584610791,DK
2584610792,2584610799,GB
2584610800,2584610803,IT
2584610804,2584610807,ES
2584610808,2584610815,PL
2584610816,2584610943,NL
2584610944,2584610959,PL
2584610960,2584610967,GB
2584610968,2584610975,IT
2584610976,2584610983,NL
2584610984,2584610991,DE
2584610992,2584610999,FI
2584611000,2584611007,BE
2584611008,2584611023,DE
2584611024,2584611039,GB
2584611040,2584611043,DE
2584611044,2584611047,BE
2584611048,2584611055,IT
2584611056,2584611063,AT
2584611064,2584611071,US
2584611072,2584611143,GB
2584611144,2584611147,NL
2584611148,2584611151,ES
2584611152,2584611155,DK
2584611156,2584611159,NL
2584611160,2584611167,US
2584611168,2584611183,GB
2584611184,2584611199,DE
2584611200,2584611231,IT
2584611232,2584611239,RO
2584611240,2584611243,US
2584611244,2584611247,IT
2584611248,2584611263,CH
2584611264,2584611267,US
2584611268,2584611271,ES
2584611272,2584611279,CH
2584611280,2584611295,IT
2584611296,2584611303,ES
2584611304,2584611307,DK
2584611308,2584611311,NO
2584611312,2584611327,GB
2584611328,2584611335,AT
2584611336,2584611343,NO
2584611344,2584611359,US
2584611360,2584611367,DK
2584611368,2584611379,GB
2584611380,2584611383,IT
2584611384,2584611391,NO
2584611392,2584611395,NL
2584611396,2584611399,GB
2584611400,2584611407,RO
2584611408,2584611415,SE
2584611416,2584611439,CH
2584611440,2584611447,SE
2584611448,2584611455,PT
2584611456,2584611463,CH
2584611464,2584611471,ES
2584611472,2584611475,FR
2584611476,2584611479,NL
2584611480,2584611487,BE
2584611488,2584611495,IT
2584611496,2584611503,FI
2584611504,2584611511,CH
2584611512,2584611519,PT
2584611520,2584611523,US
2584611524,2584611527,HR
2584611528,2584611543,GB
2584611544,2584611551,ES
2584611552,2584611559,GB
2584611560,2584611567,BE
2584611568,2584611583,US
2584611584,2584611591,SE
2584611592,2584611607,ES
2584611608,2584611611,FI
2584611612,2584611615,DK
2584611616,2584611623,AT
2584611624,2584611631,IT
2584611632,2584611639,PT
2584611640,2584611647,AT
2584611648,2584611663,IT
2584611664,2584611671,GB
2584611672,2584611675,DK
2584611676,2584611687,FR
2584611688,2584611691,ES
2584611692,2584611695,FR
2584611696,2584611703,ES
2584611704,2584611711,FR
2584611712,2584611727,SE
2584611728,2584611735,RU
2584611736,2584611743,GB
2584611744,2584611759,ES
2584611760,2584611767,GB
2584611768,2584611775,FI
2584611776,2584611839,US
2584611840,2584611847,SE
2584611848,2584611851,GB
2584611852,2584611855,DK
2584611856,2584611863,FR
2584611864,2584611867,GB
2584611868,2584611871,FR
2584611872,2584611887,IE
2584611888,2584611891,NL
2584611892,2584611895,GB
2584611896,2584611903,DE
2584611904,2584611911,PT
2584611912,2584611919,IE
2584611920,2584611927,ES
2584611928,2584611935,IT
2584611936,2584611951,GB
2584611952,2584611967,IT
2584611968,2584611975,DE
2584611976,2584611991,GB
2584611992,2584611999,ES
2584612000,2584612015,GB
2584612016,2584612023,IE
2584612024,2584612031,IT
2584612032,2584612039,CZ
2584612040,2584612047,GB
2584612048,2584612055,DE
2584612056,2584612059,FR
2584612060,2584612063,GB
2584612064,2584612071,US
2584612072,2584612079,AT
2584612080,2584612087,ES
2584612088,2584612095,RO
2584612096,2584612127,FR
2584612128,2584612135,RO
2584612136,2584612139,NL
2584612140,2584612143,DK
2584612144,2584612147,ES
2584612148,2584612151,DK
2584612152,2584612159,ES
2584612160,2584612163,DK
2584612164,2584612175,ES
2584612176,2584612183,SE
2584612184,2584612191,FR
2584612192,2584612199,US
2584612200,2584612223,FR
2584612224,2584612239,ES
2584612240,2584612247,DE
2584612248,2584612255,GB
2584612256,2584612263,FR
2584612264,2584612271,NL
2584612272,2584612275,ES
2584612276,2584612279,RU
2584612280,2584612287,GB
2584612288,2584612295,NL
2584612296,2584612299,ES
2584612300,2584612303,NL
2584612304,2584612311,SK
2584612312,2584612319,NO
2584612320,2584612327,AT
2584612328,2584612331,US
2584612332,2584612335,DE
2584612336,2584612343,ES
2584612344,2584612347,GB
2584612348,2584612351,CH
2584612352,2584612383,US
2584612384,2584612387,GB
2584612388,2584612391,DK
2584612392,2584612399,FR
2584612400,2584612415,DE
2584612416,2584612471,GB
2584612472,2584612479,FR
2584612480,2584612519,GB
2584612520,2584612523,DE
2584612524,2584612527,CZ
2584612528,2584612531,BG
2584612532,2584612535,US
2584612536,2584612543,SE
2584612544,2584612607,FR
2584612608,2584612615,GB
2584612616,2584612623,FR
2584612624,2584612631,IT
2584612632,2584612639,AT
2584612640,2584612643,NL
2584612644,2584612647,US
2584612648,2584612651,DE
2584612652,2584612655,GB
2584612656,2584612659,DE
2584612660,2584612663,CH
2584612664,2584612667,DE
2584612668,2584612671,ES
2584612672,2584612679,IT
2584612680,2584612687,BE
2584612688,2584612695,UA
2584612696,2584612699,GB
2584612700,2584612703,DE
2584612704,2584612719,NL
2584612720,2584612727,ES
2584612728,2584612735,PL
2584612736,2584612743,FR
2584612744,2584612751,RO
2584612752,2584612759,IT
2584612760,2584612775,GB
2584612776,2584612783,RO
2584612784,2584612799,GB
2584612800,2584612815,FR
2584612816,2584612839,GB
2584612840,2584612843,ES
2584612844,2584612847,DE
2584612848,2584612855,IT
2584612856,2584612863,FR
2584612864,2584612871,ES
2584612872,2584612879,IE
2584612880,2584612895,NZ
2584612896,2584612903,IE
2584612904,2584612907,IT
2584612908,2584612911,NO
2584612912,2584612935,GB
2584612936,2584612947,NO
2584612948,2584612951,FI
2584612952,2584612955,CZ
2584612956,2584612967,GB
2584612968,2584612971,NO
2584612972,2584612975,US
2584612976,2584612983,DE
2584612984,2584613007,GB
2584613008,2584613015,IT
2584613016,2584613023,IN
2584613024,2584613031,ES
2584613032,2584613039,GR
2584613040,2584613047,US
2584613048,2584613055,HU
2584613056,2584613063,BE
2584613064,2584613071,US
2584613072,2584613079,ES
2584613080,2584613087,DE
2584613088,2584613095,LV
2584613096,2584613111,CZ
2584613112,2584613119,IT
2584613120,2584613135,SE
2584613136,2584613143,RU
2584613144,2584613151,IT
2584613152,2584613163,DE
2584613164,2584613167,NL
2584613168,2584613183,GB
2584613184,2584613187,IE
2584613188,2584613191,US
2584613192,2584613195,GB
2584613196,2584613199,US
2584613200,2584613207,DE
2584613208,2584613211,NL
2584613212,2584613223,GB
2584613224,2584613231,AT
2584613232,2584613247,DE
2584613248,2584613255,SE
2584613256,2584613263,GB
2584613264,2584613271,DK
2584613272,2584613275,FR
2584613276,2584613279,CH
2584613280,2584613287,FR
2584613288,2584613295,NO
2584613296,2584613303,ES
2584613304,2584613311,GB
2584613312,2584613319,DE
2584613320,2584613323,FR
2584613324,2584613343,DE
2584613344,2584613351,GB
2584613352,2584613367,IE
2584613368,2584613375,FR
2584613376,2584613383,ES
2584613384,2584613391,GB
2584613392,2584613395,BG
2584613396,2584613399,BE
2584613400,2584613407,MD
2584613408,2584613411,NO
2584613412,2584613415,FI
2584613416,2584613431,GB
2584613432,2584613439,HU
2584613440,2584613503,FR
2584613504,2584613567,NL
2584613568,2584613575,DE
2584613576,2584613579,GB
2584613580,2584613583,ES
2584613584,2584613587,PT
2584613588,2584613591,DE
2584613592,2584613607,FR
2584613608,2584613631,GB
2584613632,2584613647,BG
2584613648,2584613663,GB
2584613664,2584613671,FR
2584613672,2584613679,ES
2584613680,2584613687,DK
2584613688,2584613703,ES
2584613704,2584613719,BE
2584613720,2584613743,GB
2584613744,2584613747,DE
2584613748,2584613751,ES
2584613752,2584613755,BE
2584613756,2584613775,GB
2584613776,2584613783,SE
2584613784,2584613791,GB
2584613792,2584613799,BE
2584613800,2584613807,IT
2584613808,2584613815,US
2584613816,2584613823,DE
2584613824,2584613831,US
2584613832,2584613835,DE
2584613836,2584613839,IE
2584613840,2584613855,IT
2584613856,2584613871,NL
2584613872,2584613879,GB
2584613880,2584613887,BE
2584613888,2584613895,GB
2584613896,2584613903,CH
2584613904,2584613911,FR
2584613912,2584613919,GB
2584613920,2584613927,ES
2584613928,2584613935,SK
2584613936,2584613939,ES
2584613940,2584613943,DE
2584613944,2584613951,SE
2584613952,2584613967,IT
2584613968,2584613983,GB
2584613984,2584613987,CZ
2584613988,2584613991,IT
2584613992,2584613999,AT
2584614000,2584614007,IT
2584614008,2584614019,BE
2584614020,2584614023,ES
2584614024,2584614047,DE
2584614048,2584614055,CH
2584614056,2584614063,DE
2584614064,2584614079,GB
2584614080,2584614095,DE
2584614096,2584614103,GB
2584614104,2584614111,DE
2584614112,2584614127,NL
2584614128,2584614135,FR
2584614136,2584614143,BG
2584614144,2584614151,DK
2584614152,2584614159,FR
2584614160,2584614167,PL
2584614168,2584614175,ES
2584614176,2584614183,FR
2584614184,2584614187,ES
2584614188,2584614195,IT
2584614196,2584614203,NL
2584614204,2584614207,BE
2584614208,2584614219,DE
2584614220,2584614223,BE
2584614224,2584614227,DE
2584614228,2584614231,ES
2584614232,2584614239,AT
2584614240,2584614255,GB
2584614256,2584614263,PL
2584614264,2584614271,IE
2584614272,2584614279,DE
2584614280,2584614287,RU
2584614288,2584614295,SK
2584614296,2584614303,BE
2584614304,2584614307,CZ
2584614308,2584614311,AT
2584614312,2584614319,US
2584614320,2584614327,CH
2584614328,2584614331,GB
2584614332,2584614335,US
2584614336,2584614367,GB
2584614368,2584614431,BE
2584614432,2584614447,NL
2584614448,2584614455,DE
2584614456,2584614463,RO
2584614464,2584614471,PL
2584614472,2584614479,FR
2584614480,2584614495,DE
2584614496,2584614503,HU
2584614504,2584614507,GB
2584614508,2584614511,IT
2584614512,2584614519,GB
2584614520,2584614527,FR
2584614528,2584614535,GB
2584614536,2584614551,FR
2584614552,2584614559,GB
2584614560,2584614575,FR
2584614576,2584614579,GB
2584614580,2584614583,LU
2584614584,2584614591,NO
2584614592,2584614599,BE
2584614600,2584614603,IT
2584614604,2584614607,DE
2584614608,2584614631,GB
2584614632,2584614639,CH
2584614640,2584614647,DE
2584614648,2584614655,RO
2584614656,2584614663,GB
2584614664,2584614679,FR
2584614680,2584614687,CH
2584614688,2584614695,GB
2584614696,2584614703,SE
2584614704,2584614719,FR
2584614720,2584614727,FI
2584614728,2584614735,BE
2584614736,2584614743,CH
2584614744,2584614751,ES
2584614752,2584614759,DK
2584614760,2584614763,FR
2584614764,2584614767,US
2584614768,2584614775,DE
2584614776,2584614799,GB
2584614800,2584614807,NL
2584614808,2584614815,GB
2584614816,2584614819,ES
2584614820,2584614823,GB
2584614824,2584614831,NL
2584614832,2584614839,BE
2584614840,2584614847,CZ
2584614848,2584614911,DE
2584614912,2584620031,US
2584620032,2584620035,HU
2584620036,2584620039,PL
2584620040,2584620047,NL
2584620048,2584620063,IE
2584620064,2584620071,NL
2584620072,2584620095,US
2584620096,2584620175,GB
2584620176,2584620191,DE
2584620192,2584620199,RO
2584620200,2584620215,DE
2584620216,2584620223,CH
2584620224,2584620239,DE
2584620240,2584620255,RU
2584620256,2584620263,IT
2584620264,2584620271,NL
2584620272,2584620279,US
2584620280,2584620287,BE
2584620288,2584620295,NL
2584620296,2584620311,DE
2584620312,2584620319,GB
2584620320,2584620335,DE
2584620336,2584620351,GB
2584620352,2584620359,PT
2584620360,2584620367,DE
2584620368,2584620371,GB
2584620372,2584620375,ES
2584620376,2584620383,FR
2584620384,2584620415,GB
2584620416,2584620423,US
2584620424,2584620427,PL
2584620428,2584620431,DE
2584620432,2584620439,FR
2584620440,2584620443,IE
2584620444,2584620455,DE
2584620456,2584620463,GB
2584620464,2584620471,DE
2584620472,2584620479,NL
2584620480,2584620491,GB
2584620492,2584620495,US
2584620496,2584620503,GB
2584620504,2584620511,BE
2584620512,2584620519,GB
2584620520,2584620523,US
2584620524,2584620527,GB
2584620528,2584620535,IT
2584620536,2584620539,DE
2584620540,2584620543,SE
2584620544,2584620551,GB
2584620552,2584620559,US
2584620560,2584620567,PT
2584620568,2584620575,NL
2584620576,2584620591,GB
2584620592,2584620599,NL
2584620600,2584620615,DE
2584620616,2584620623,GB
2584620624,2584620639,FR
2584620640,2584620655,GB
2584620656,2584620663,DE
2584620664,2584620667,BA
2584620668,2584620671,ZA
2584620672,2584620679,GB
2584620680,2584620703,FR
2584620704,2584620719,NL
2584620720,2584620723,DE
2584620724,2584620727,DK
2584620728,2584620735,PL
2584620736,2584620743,ES
2584620744,2584620751,PL
2584620752,2584620755,LU
2584620756,2584620767,GB
2584620768,2584620775,ES
2584620776,2584620783,FR
2584620784,2584620787,DK
2584620788,2584620791,BE
2584620792,2584620799,DE
2584620800,2584620815,IT
2584620816,2584620831,GB
2584620832,2584620863,DE
2584620864,2584620867,GB
2584620868,2584620879,DE
2584620880,2584620887,FR
2584620888,2584620903,DE
2584620904,2584620919,US
2584620920,2584620927,CH
2584620928,2584620943,DE
2584620944,2584620951,GB
2584620952,2584620955,DK
2584620956,2584620959,GB
2584620960,2584620967,PT
2584620968,2584620971,LU
2584620972,2584620975,DE
2584620976,2584620983,PT
2584620984,2584620987,HU
2584620988,2584621007,GB
2584621008,2584621015,ES
2584621016,2584621023,GB
2584621024,2584621031,SK
2584621032,2584621035,FI
2584621036,2584621039,IT
2584621040,2584621055,DE
2584621056,2584621063,CZ
2584621064,2584621071,FR
2584621072,2584621087,CH
2584621088,2584621095,HR
2584621096,2584621103,RS
2584621104,2584621119,NL
2584621120,2584621127,ES
2584621128,2584621135,AT
2584621136,2584621143,DE
2584621144,2584621151,NL
2584621152,2584621183,BE
2584621184,2584621199,DE
2584621200,2584621207,FR
2584621208,2584621211,GB
2584621212,2584621215,IT
2584621216,2584621223,GB
2584621224,2584621231,DE
2584621232,2584621239,HU
2584621240,2584621247,GB
2584621248,2584621263,ES
2584621264,2584621279,IE
2584621280,2584621287,RO
2584621288,2584621295,NL
2584621296,2584621303,HU
2584621304,2584621311,GB
2584621312,2584621315,IE
2584621316,2584621319,GB
2584621320,2584621323,DE
2584621324,2584621327,US
2584621328,2584621335,ES
2584621336,2584621343,PL
2584621344,2584621375,GB
2584621376,2584621439,DE
2584621440,2584621447,ES
2584621448,2584621455,SE
2584621456,2584621471,IT
2584621472,2584621487,ES
2584621488,2584621495,IT
2584621496,2584621503,DK
2584621504,2584621511,DE
2584621512,2584621519,SI
2584621520,2584621527,IE
2584621528,2584621535,GB
2584621536,2584621543,FR
2584621544,2584621551,RO
2584621552,2584621559,DE
2584621560,2584621575,GB
2584621576,2584621579,DE
2584621580,2584621583,BG
2584621584,2584621591,GB
2584621592,2584621599,PL
2584621600,2584621631,DE
2584621632,2584621639,FR
2584621640,2584621643,GB
2584621644,2584621647,PL
2584621648,2584621655,ES
2584621656,2584621663,BE
2584621664,2584621671,DE
2584621672,2584621687,GB
2584621688,2584621695,FR
2584621696,2584621699,IT
2584621700,2584621703,GB
2584621704,2584621711,IT
2584621712,2584621719,FR
2584621720,2584621723,ES
2584621724,2584621727,LT
2584621728,2584621735,BE
2584621736,2584621739,US
2584621740,2584621743,GB
2584621744,2584621751,ES
2584621752,2584621759,DK
2584621760,2584621767,PL
2584621768,2584621775,US
2584621776,2584621783,ES
2584621784,2584621791,NL
2584621792,2584621799,DE
2584621800,2584621803,IE
2584621804,2584621807,GB
2584621808,2584621811,BE
2584621812,2584621815,US
2584621816,2584621823,AU
2584621824,2584622079,NL
2584622080,2584622095,IT
2584622096,2584622103,FR
2584622104,2584622111,BE
2584622112,2584622115,US
2584622116,2584622119,IE
2584622120,2584622127,US
2584622128,2584622143,GB
2584622144,2584622151,IT
2584622152,2584622155,GB
2584622156,2584622159,CH
2584622160,2584622167,ES
2584622168,2584622175,NL
2584622176,2584622183,DE
2584622184,2584622199,ES
2584622200,2584622231,GB
2584622232,2584622251,ES
2584622252,2584622263,NL
2584622264,2584622271,FR
2584622272,2584622295,NL
2584622296,2584622299,ES
2584622300,2584622303,US
2584622304,2584622335,FR
2584622336,2584622343,ES
2584622344,2584622351,GB
2584622352,2584622359,FR
2584622360,2584622383,GB
2584622384,2584622391,PL
2584622392,2584622399,ZA
2584622400,2584622415,FR
2584622416,2584622423,NL
2584622424,2584622427,GB
2584622428,2584622431,HU
2584622432,2584622439,GB
2584622440,2584622447,ES
2584622448,2584622451,HU
2584622452,2584622455,US
2584622456,2584622463,HU
2584622464,2584622471,DE
2584622472,2584622475,FR
2584622476,2584622479,US
2584622480,2584622483,NL
2584622484,2584622487,GB
2584622488,2584622495,US
2584622496,2584622511,GB
2584622512,2584622527,CH
2584622528,2584622535,AT
2584622536,2584622543,GB
2584622544,2584622551,FR
2584622552,2584622555,CH
2584622556,2584622591,GB
2584622592,2584622599,DE
2584622600,2584622631,US
2584622632,2584622639,GB
2584622640,2584622647,NL
2584622648,2584622663,GB
2584622664,2584622671,ES
2584622672,2584622687,IE
2584622688,2584622691,US
2584622692,2584622695,GB
2584622696,2584622703,BE
2584622704,2584622719,GB
2584622720,2584622727,NL
2584622728,2584622731,DE
2584622732,2584622735,GB
2584622736,2584622743,DE
2584622744,2584622783,GB
2584622784,2584622791,HU
2584622792,2584622795,US
2584622796,2584622815,FR
2584622816,2584622831,DE
2584622832,2584622835,GB
2584622836,2584622839,FR
2584622840,2584622863,DE
2584622864,2584622879,GB
2584622880,2584622887,NL
2584622888,2584622899,GB
2584622900,2584622903,NL
2584622904,2584622911,GB
2584622912,2584622935,FR
2584622936,2584622943,GB
2584622944,2584622951,PT
2584622952,2584622959,ES
2584622960,2584622967,CY
2584622968,2584622983,BG
2584622984,2584622991,FI
2584622992,2584623003,FR
2584623004,2584623007,US
2584623008,2584623011,GB
2584623012,2584623015,US
2584623016,2584623023,DE
2584623024,2584623039,LU
2584623040,2584623055,GB
2584623056,2584623063,SE
2584623064,2584623071,DE
2584623072,2584623087,GB
2584623088,2584623103,DE
2584623104,2584623135,GB
2584623136,2584623151,US
2584623152,2584623159,GB
2584623160,2584623167,DE
2584623168,2584623175,GB
2584623176,2584623183,IT
2584623184,2584623191,DE
2584623192,2584623199,DK
2584623200,2584623215,US
2584623216,2584623231,FR
2584623232,2584623239,FI
2584623240,2584623247,DE
2584623248,2584623271,GB
2584623272,2584623295,DE
2584623296,2584623311,RO
2584623312,2584623319,FR
2584623320,2584623327,DE
2584623328,2584623335,IT
2584623336,2584623343,DE
2584623344,2584623351,RU
2584623352,2584623355,ES
2584623356,2584623359,NL
2584623360,2584623367,GB
2584623368,2584623423,DE
2584623424,2584623427,BE
2584623428,2584623431,AT
2584623432,2584623435,NO
2584623436,2584623439,GB
2584623440,2584623455,FR
2584623456,2584623463,BE
2584623464,2584623471,NL
2584623472,2584623487,FR
2584623488,2584623491,BE
2584623492,2584623495,CH
2584623496,2584623503,BE
2584623504,2584623507,DE
2584623508,2584623515,GB
2584623516,2584623519,BE
2584623520,2584623527,AT
2584623528,2584623567,GB
2584623568,2584623575,DE
2584623576,2584623583,FI
2584623584,2584623599,GB
2584623600,2584623615,DE
2584623616,2584623871,GB
2584623872,2584623887,DE
2584623888,2584623903,GB
2584623904,2584623911,ES
2584623912,2584623919,DE
2584623920,2584623923,CH
2584623924,2584623931,GB
2584623932,2584623935,DE
2584623936,2584623939,HU
2584623940,2584623943,NL
2584623944,2584623951,ES
2584623952,2584623959,GB
2584623960,2584623967,FR
2584623968,2584623971,IT
2584623972,2584623975,GB
2584623976,2584623983,AT
2584623984,2584623987,NL
2584623988,2584623991,SE
2584623992,2584623995,GB
2584623996,2584623999,US
2584624000,2584624003,DK
2584624004,2584624007,GB
2584624008,2584624023,DE
2584624024,2584624031,DK
2584624032,2584624039,ES
2584624040,2584624043,IE
2584624044,2584624047,FR
2584624048,2584624051,DE
2584624052,2584624055,GB
2584624056,2584624063,IT
2584624064,2584624071,GB
2584624072,2584624087,DE
2584624088,2584624091,US
2584624092,2584624095,FR
2584624096,2584624103,PL
2584624104,2584624111,GB
2584624112,2584624127,BE
2584624128,2584624135,GB
2584624136,2584624143,DE
2584624144,2584624159,CH
2584624160,2584624167,SK
2584624168,2584624175,GB
2584624176,2584624179,BE
2584624180,2584624183,GB
2584624184,2584624191,PL
2584624192,2584624199,RO
2584624200,2584624207,BE
2584624208,2584624215,NL
2584624216,2584624223,RO
2584624224,2584624255,DE
2584624256,2584624263,GB
2584624264,2584624267,AT
2584624268,2584624271,IT
2584624272,2584624279,UA
2584624280,2584624287,GB
2584624288,2584624295,BE
2584624296,2584624311,GB
2584624312,2584624319,HU
2584624320,2584624327,DK
2584624328,2584624335,US
2584624336,2584624339,NL
2584624340,2584624343,GB
2584624344,2584624351,US
2584624352,2584624375,GB
2584624376,2584624383,ZA
2584624384,2584624387,NL
2584624388,2584624391,DE
2584624392,2584624399,IT
2584624400,2584624415,US
2584624416,2584624431,DE
2584624432,2584624439,GB
2584624440,2584624447,DE
2584624448,2584624467,GB
2584624468,2584624471,NL
2584624472,2584624495,GB
2584624496,2584624503,FR
2584624504,2584624511,IT
2584624512,2584624575,GB
2584624576,2584624583,SE
2584624584,2584624591,GB
2584624592,2584624599,LT
2584624600,2584624607,DE
2584624608,2584624615,GB
2584624616,2584624631,DE
2584624632,2584624639,US
2584624640,2584624655,GB
2584624656,2584624659,FI
2584624660,2584624667,ES
2584624668,2584624671,BE
2584624672,2584624687,GB
2584624688,2584624695,BE
2584624696,2584624703,ES
2584624704,2584624727,DE
2584624728,2584624731,NL
2584624732,2584624735,GB
2584624736,2584624739,US
2584624740,2584624743,GB
2584624744,2584624751,FR
2584624752,2584624783,GB
2584624784,2584624791,DE
2584624792,2584624799,BE
2584624800,2584624803,NL
2584624804,2584624807,DK
2584624808,2584624815,RU
2584624816,2584624831,BG
2584624832,2584624839,US
2584624840,2584624847,DE
2584624848,2584624891,GB
2584624892,2584624895,NL
2584624896,2584624903,CZ
2584624904,2584624907,GB
2584624908,2584624911,DE
2584624912,2584624919,GB
2584624920,2584624927,DE
2584624928,2584624935,IE
2584624936,2584624943,NL
2584624944,2584624951,GB
2584624952,2584624959,DE
2584624960,2584624967,UA
2584624968,2584624975,IT
2584624976,2584624991,US
2584624992,2584624999,GB
2584625000,2584625015,CZ
2584625016,2584625031,GB
2584625032,2584625039,US
2584625040,2584625063,GB
2584625064,2584625071,US
2584625072,2584625079,SE
2584625080,2584625087,DE
2584625088,2584625095,GB
2584625096,2584625099,DE
2584625100,2584625103,GB
2584625104,2584625119,NL
2584625120,2584625127,US
2584625128,2584625135,DK
2584625136,2584625143,US
2584625144,2584625147,DE
2584625148,2584625151,HU
2584625152,2584629247,US
2584629248,2584629255,IT
2584629256,2584629263,ES
2584629264,2584629279,US
2584629280,2584629287,PL
2584629288,2584629295,GR
2584629296,2584629299,PT
2584629300,2584629303,US
2584629304,2584629311,BE
2584629312,2584629319,ES
2584629320,2584629327,HU
2584629328,2584629335,CZ
2584629336,2584629351,ES
2584629352,2584629359,CH
2584629360,2584629383,ES
2584629384,2584629391,SK
2584629392,2584629399,IE
2584629400,2584629407,US
2584629408,2584629455,ES
2584629456,2584629471,IT
2584629472,2584629487,ES
2584629488,2584629495,US
2584629496,2584629511,ES
2584629512,2584629515,US
2584629516,2584629519,CH
2584629520,2584629559,ES
2584629560,2584629575,IE
2584629576,2584629583,SE
2584629584,2584629615,ES
2584629616,2584629623,PL
2584629624,2584629655,ES
2584629656,2584629663,BE
2584629664,2584629679,ES
2584629680,2584629683,US
2584629684,2584629687,NL
2584629688,2584629695,ES
2584629696,2584629703,CH
2584629704,2584629719,ES
2584629720,2584629727,DK
2584629728,2584629735,NL
2584629736,2584629743,ES
2584629744,2584629751,NL
2584629752,2584629759,US
2584629760,2584629775,ES
2584629776,2584629783,BE
2584629784,2584629791,NL
2584629792,2584629799,ES
2584629800,2584629807,US
2584629808,2584629815,PL
2584629816,2584629823,AT
2584629824,2584629839,IT
2584629840,2584629847,FR
2584629848,2584629851,NL
2584629852,2584629855,US
2584629856,2584629859,NL
2584629860,2584629863,ES
2584629864,2584629871,IT
2584629872,2584629879,US
2584629880,2584629887,CZ
2584629888,2584629895,NL
2584629896,2584629899,GB
2584629900,2584629903,NL
2584629904,2584629911,CH
2584629912,2584629919,PL
2584629920,2584629951,IT
2584629952,2584629959,CH
2584629960,2584629967,DE
2584629968,2584629991,ES
2584629992,2584629999,CH
2584630000,2584630007,FI
2584630008,2584630015,FR
2584630016,2584630023,ES
2584630024,2584630031,IT
2584630032,2584630039,US
2584630040,2584630043,NL
2584630044,2584630055,DE
2584630056,2584630063,BE
2584630064,2584630067,HR
2584630068,2584630071,US
2584630072,2584630079,PL
2584630080,2584630083,US
2584630084,2584630087,ES
2584630088,2584630103,HU
2584630104,2584630111,IT
2584630112,2584630119,BE
2584630120,2584630127,AT
2584630128,2584630135,US
2584630136,2584630143,NL
2584630144,2584630151,CH
2584630152,2584630159,PT
2584630160,2584630167,ES
2584630168,2584630175,RO
2584630176,2584630183,AT
2584630184,2584630199,US
2584630200,2584630207,BG
2584630208,2584630215,ES
2584630216,2584630223,IE
2584630224,2584630231,PL
2584630232,2584630239,BE
2584630240,2584630247,ES
2584630248,2584630255,CH
2584630256,2584630259,HU
2584630260,2584630263,IT
2584630264,2584630271,US
2584630272,2584630279,ES
2584630280,2584630283,FI
2584630284,2584630287,CZ
2584630288,2584630303,US
2584630304,2584630319,ES
2584630320,2584630335,US
2584630336,2584630343,ES
2584630344,2584630351,CH
2584630352,2584630355,IE
2584630356,2584630359,DK
2584630360,2584630367,NL
2584630368,2584630383,IT
2584630384,2584630415,ES
2584630416,2584630423,BE
2584630424,2584630431,IT
2584630432,2584630439,HU
2584630440,2584630447,IT
2584630448,2584630455,CH
2584630456,2584630463,IE
2584630464,2584630471,IT
2584630472,2584630479,SE
2584630480,2584630495,US
2584630496,2584630503,PL
2584630504,2584630523,CH
2584630524,2584630527,NL
2584630528,2584630535,US
2584630536,2584630631,ES
2584630632,2584630639,US
2584630640,2584630647,SK
2584630648,2584630655,FR
2584630656,2584630687,ES
2584630688,2584630695,FR
2584630696,2584630703,SE
2584630704,2584630719,US
2584630720,2584630727,CH
2584630728,2584630739,US
2584630740,2584630743,DK
2584630744,2584630751,ES
2584630752,2584630759,BE
2584630760,2584630767,NL
2584630768,2584630775,SK
2584630776,2584630783,ES
2584630784,2584630791,IT
2584630792,2584630799,ES
2584630800,2584630807,BE
2584630808,2584630815,CH
2584630816,2584630831,NL
2584630832,2584630839,SE
2584630840,2584630847,NL
2584630848,2584630855,PL
2584630856,2584630863,ES
2584630864,2584630871,NL
2584630872,2584630879,US
2584630880,2584630895,IT
2584630896,2584630903,SE
2584630904,2584630911,NL
2584630912,2584630927,IT
2584630928,2584630935,ES
2584630936,2584630943,IT
2584630944,2584630951,ES
2584630952,2584630959,PT
2584630960,2584630967,BE
2584630968,2584630975,CH
2584630976,2584630991,BE
2584630992,2584630995,IT
2584630996,2584630998,US
2584630999,2584630999,BE
2584631000,2584631007,US
2584631008,2584631031,BE
2584631032,2584631055,NL
2584631056,2584631063,CH
2584631064,2584631071,IE
2584631072,2584631079,BG
2584631080,2584631087,HU
2584631088,2584631095,NL
2584631096,2584631103,IT
2584631104,2584631127,BE
2584631128,2584631131,US
2584631132,2584631143,BE
2584631144,2584631151,ES
2584631152,2584631159,NL
2584631160,2584631167,ES
2584631168,2584631183,BE
2584631184,2584631191,ES
2584631192,2584631199,IT
2584631200,2584631203,AT
2584631204,2584631207,US
2584631208,2584631215,AT
2584631216,2584631247,ES
2584631248,2584631255,IE
2584631256,2584631263,FI
2584631264,2584631271,NL
2584631272,2584631283,US
2584631284,2584631287,ES
2584631288,2584631295,FI
2584631296,2584631663,GB
2584631664,2584631671,IE
2584631672,2584631703,GB
2584631704,2584631711,US
2584631712,2584631751,GB
2584631752,2584631759,US
2584631760,2584631975,GB
2584631976,2584631983,US
2584631984,2584632023,GB
2584632024,2584632039,US
2584632040,2584632115,GB
2584632116,2584632119,US
2584632120,2584632191,GB
2584632192,2584632199,IN
2584632200,2584632251,GB
2584632252,2584632255,NL
2584632256,2584632295,GB
2584632296,2584632303,SE
2584632304,2584632351,GB
2584632352,2584632359,US
2584632360,2584632367,IE
2584632368,2584632375,DE
2584632376,2584632591,GB
2584632592,2584632599,IN
2584632600,2584632875,GB
2584632876,2584632879,ES
2584632880,2584633343,GB
2584633344,2584633431,DE
2584633432,2584633439,PL
2584633440,2584633519,DE
2584633520,2584633523,NL
2584633524,2584633527,DE
2584633528,2584633535,AT
2584633536,2584633539,US
2584633540,2584633575,DE
2584633576,2584633579,AT
2584633580,2584633583,NL
2584633584,2584633599,CH
2584633600,2584633631,DE
2584633632,2584633639,HU
2584633640,2584633911,DE
2584633912,2584633915,IT
2584633916,2584633919,DE
2584633920,2584633935,US
2584633936,2584634019,DE
2584634020,2584634023,RU
2584634024,2584634055,DE
2584634056,2584634071,NL
2584634072,2584634135,DE
2584634136,2584634139,US
2584634140,2584634175,DE
2584634176,2584634183,GR
2584634184,2584634223,DE
2584634224,2584634231,US
2584634232,2584634239,DE
2584634240,2584634247,FR
2584634248,2584634255,DE
2584634256,2584634271,IE
2584634272,2584634299,DE
2584634300,2584634311,NL
2584634312,2584634319,GB
2584634320,2584634395,DE
2584634396,2584634399,US
2584634400,2584634439,DE
2584634440,2584634455,NL
2584634456,2584634467,DE
2584634468,2584634471,NL
2584634472,2584634487,DE
2584634488,2584634495,NL
2584634496,2584634535,DE
2584634536,2584634547,US
2584634548,2584634615,DE
2584634616,2584634623,US
2584634624,2584634631,LU
2584634632,2584634671,DE
2584634672,2584634679,US
2584634680,2584634695,DE
2584634696,2584634703,NL
2584634704,2584634715,DE
2584634716,2584634719,NL
2584634720,2584634783,DE
2584634784,2584634791,FR
2584634792,2584634831,DE
2584634832,2584634839,NL
2584634840,2584634863,DE
2584634864,2584634871,FR
2584634872,2584634875,DE
2584634876,2584634879,NL
2584634880,2584634903,DE
2584634904,2584634911,NL
2584634912,2584634927,DE
2584634928,2584634931,NL
2584634932,2584634935,DE
2584634936,2584634943,KW
2584634944,2584634951,US
2584634952,2584634959,DE
2584634960,2584634963,NL
2584634964,2584634967,CZ
2584634968,2584635007,DE
2584635008,2584635015,NL
2584635016,2584635067,DE
2584635068,2584635071,NL
2584635072,2584635075,DE
2584635076,2584635079,NL
2584635080,2584635095,DE
2584635096,2584635103,NL
2584635104,2584635119,DE
2584635120,2584635123,NL
2584635124,2584635127,DE
2584635128,2584635131,NL
2584635132,2584635135,DE
2584635136,2584635139,NL
2584635140,2584635203,DE
2584635204,2584635223,NL
2584635224,2584635227,DE
2584635228,2584635239,NL
2584635240,2584635247,DE
2584635248,2584635263,BE
2584635264,2584635283,DE
2584635284,2584635287,GR
2584635288,2584635303,DE
2584635304,2584635307,DK
2584635308,2584635311,DE
2584635312,2584635319,US
2584635320,2584635391,DE
2584635392,2584635703,FR
2584635704,2584635707,DE
2584635708,2584635775,FR
2584635776,2584635791,US
2584635792,2584635847,FR
2584635848,2584635855,US
2584635856,2584636191,FR
2584636192,2584636199,GB
2584636200,2584636207,CH
2584636208,2584636415,FR
2584636416,2584636423,NL
2584636424,2584636431,NO
2584636432,2584636435,US
2584636436,2584636439,IT
2584636440,2584636447,CH
2584636448,2584636503,US
2584636504,2584636519,NO
2584636520,2584636523,IT
2584636524,2584636527,US
2584636528,2584636531,IT
2584636532,2584636535,US
2584636536,2584636543,BE
2584636544,2584636575,US
2584636576,2584636583,CH
2584636584,2584636587,PL
2584636588,2584636591,HU
2584636592,2584636595,US
2584636596,2584636599,IT
2584636600,2584636603,FI
2584636604,2584636607,NO
2584636608,2584636639,US
2584636640,2584636643,FI
2584636644,2584636647,NO
2584636648,2584636651,DK
2584636652,2584636655,NO
2584636656,2584636663,NL
2584636664,2584636671,NO
2584636672,2584636675,DK
2584636676,2584636683,NO
2584636684,2584636687,FI
2584636688,2584636695,CH
2584636696,2584636703,BE
2584636704,2584636727,US
2584636728,2584636731,FI
2584636732,2584636735,NO
2584636736,2584636739,SE
2584636740,2584636743,ES
2584636744,2584636747,IT
2584636748,2584636751,NO
2584636752,2584636759,FI
2584636760,2584636763,DK
2584636764,2584636767,NO
2584636768,2584636775,NL
2584636776,2584636783,NO
2584636784,2584636791,CH
2584636792,2584636799,NL
2584636800,2584636863,ES
2584636864,2584636871,NO
2584636872,2584636875,DK
2584636876,2584636887,NO
2584636888,2584636891,FI
2584636892,2584636895,SE
2584636896,2584636903,ES
2584636904,2584636911,AT
2584636912,2584636919,IT
2584636920,2584636927,NO
2584636928,2584636935,ES
2584636936,2584636943,NL
2584636944,2584636951,PT
2584636952,2584636959,GB
2584636960,2584636991,US
2584636992,2584636999,NL
2584637000,2584637007,ES
2584637008,2584637019,IT
2584637020,2584637023,SE
2584637024,2584637103,ES
2584637104,2584637119,CH
2584637120,2584637159,ES
2584637160,2584637167,US
2584637168,2584637199,IE
2584637200,2584637207,US
2584637208,2584637215,PL
2584637216,2584637231,ES
2584637232,2584637247,US
2584637248,2584637287,IT
2584637288,2584637303,ES
2584637304,2584637311,NL
2584637312,2584637319,CH
2584637320,2584637327,ES
2584637328,2584637343,BE
2584637344,2584637351,ES
2584637352,2584637359,US
2584637360,2584637375,CH
2584637376,2584637383,AT
2584637384,2584637391,NL
2584637392,2584637407,PL
2584637408,2584637415,SE
2584637416,2584637423,AT
2584637424,2584637431,US
2584637432,2584637439,ES
2584637440,2584637455,GB
2584637456,2584637471,BE
2584637472,2584637479,BG
2584637480,2584637483,US
2584637484,2584637487,GB
2584637488,2584637503,BE
2584637504,2584637519,LU
2584637520,2584637535,BE
2584637536,2584637551,FR
2584637552,2584637563,GB
2584637564,2584637567,US
2584637568,2584637575,SG
2584637576,2584637591,ES
2584637592,2584637599,NL
2584637600,2584637607,US
2584637608,2584637611,BE
2584637612,2584637615,GB
2584637616,2584637623,US
2584637624,2584637647,GB
2584637648,2584637655,US
2584637656,2584637663,PL
2584637664,2584637671,US
2584637672,2584637679,DE
2584637680,2584637695,GB
2584637696,2584637703,FR
2584637704,2584637711,GB
2584637712,2584637719,US
2584637720,2584637735,DE
2584637736,2584637751,GB
2584637752,2584637759,DE
2584637760,2584637823,US
2584637824,2584637887,DE
2584637888,2584637895,US
2584637896,2584637903,GB
2584637904,2584637911,CH
2584637912,2584637927,RO
2584637928,2584637943,DE
2584637944,2584637951,DK
2584637952,2584637959,US
2584637960,2584637975,DE
2584637976,2584637983,FR
2584637984,2584637991,SE
2584637992,2584638015,GB
2584638016,2584638079,FR
2584638080,2584638083,GB
2584638084,2584638087,BG
2584638088,2584638095,GB
2584638096,2584638103,DE
2584638104,2584638107,CZ
2584638108,2584638119,US
2584638120,2584638127,GB
2584638128,2584638135,ES
2584638136,2584638139,DE
2584638140,2584638143,ES
2584638144,2584638151,US
2584638152,2584638159,DE
2584638160,2584638167,AT
2584638168,2584638171,US
2584638172,2584638191,DE
2584638192,2584638199,GB
2584638200,2584638203,NL
2584638204,2584638207,US
2584638208,2584638231,GB
2584638232,2584638239,US
2584638240,2584638247,FR
2584638248,2584638255,GB
2584638256,2584638271,NL
2584638272,2584638279,AT
2584638280,2584638283,DE
2584638284,2584638287,IT
2584638288,2584638303,US
2584638304,2584638335,GB
2584638336,2584638339,US
2584638340,2584638343,NO
2584638344,2584638351,DK
2584638352,2584638359,CH
2584638360,2584638371,IT
2584638372,2584638375,NL
2584638376,2584638383,BE
2584638384,2584638391,IT
2584638392,2584638399,HU
2584638400,2584638407,CZ
2584638408,2584638415,US
2584638416,2584638423,PL
2584638424,2584638431,IE
2584638432,2584638463,CH
2584638464,2584638495,ES
2584638496,2584638503,RU
2584638504,2584638511,IT
2584638512,2584638519,DE
2584638520,2584638527,ES
2584638528,2584638539,US
2584638540,2584638543,CZ
2584638544,2584638559,FR
2584638560,2584638567,UA
2584638568,2584638575,CH
2584638576,2584638579,IT
2584638580,2584638583,ES
2584638584,2584638587,CZ
2584638588,2584638591,DE
2584638592,2584638599,GB
2584638600,2584638615,DE
2584638616,2584638631,AT
2584638632,2584638637,US
2584638638,2584638639,CZ
2584638640,2584638647,DE
2584638648,2584638655,NL
2584638656,2584638659,DE
2584638660,2584638663,SE
2584638664,2584638671,DE
2584638672,2584638687,NL
2584638688,2584638691,GB
2584638692,2584638695,NL
2584638696,2584638703,GB
2584638704,2584638711,US
2584638712,2584638715,CZ
2584638716,2584638719,US
2584638720,2584638720,PT
2584638721,2584638721,IT
2584638722,2584638722,US
2584638723,2584638723,BE
2584638724,2584638735,GB
2584638736,2584638739,DE
2584638740,2584638743,US
2584638744,2584638759,GB
2584638760,2584638767,DE
2584638768,2584638775,GB
2584638776,2584638783,UA
2584638784,2584638799,DE
2584638800,2584638807,AT
2584638808,2584638815,FR
2584638816,2584638823,GB
2584638824,2584638839,CZ
2584638840,2584638847,CH
2584638848,2584638879,NL
2584638880,2584638887,GB
2584638888,2584638895,DE
2584638896,2584638907,GB
2584638908,2584638911,DE
2584638912,2584638919,BE
2584638920,2584638927,FI
2584638928,2584638935,DE
2584638936,2584638943,NL
2584638944,2584638951,ES
2584638952,2584638959,IT
2584638960,2584638967,DE
2584638968,2584638975,GB
2584638976,2584638983,DE
2584638984,2584638987,GB
2584638988,2584638999,PL
2584639000,2584639039,NL
2584639040,2584639043,US
2584639044,2584639055,DE
2584639056,2584639063,GB
2584639064,2584639075,DE
2584639076,2584639079,US
2584639080,2584639087,HU
2584639088,2584639091,DE
2584639092,2584639095,GB
2584639096,2584639099,US
2584639100,2584639103,IE
2584639104,2584639111,US
2584639112,2584639119,DE
2584639120,2584639135,ES
2584639136,2584639155,DE
2584639156,2584639159,BE
2584639160,2584639167,US
2584639168,2584639175,FR
2584639176,2584639187,GB
2584639188,2584639191,NL
2584639192,2584639199,US
2584639200,2584639231,ES
2584639232,2584639263,IT
2584639264,2584639471,FR
2584639472,2584639487,NL
2584639488,2584639491,GB
2584639492,2584639499,DE
2584639500,2584639503,BE
2584639504,2584639511,ES
2584639512,2584639515,AT
2584639516,2584639527,DE
2584639528,2584639535,LU
2584639536,2584639543,PL
2584639544,2584639547,GB
2584639548,2584639551,DE
2584639552,2584639583,SE
2584639584,2584639615,DE
2584639616,2584639743,GB
2584639744,2584639751,SE
2584639752,2584639759,US
2584639760,2584639767,DE
2584639768,2584639775,IT
2584639776,2584639791,BE
2584639792,2584639807,DE
2584639808,2584639823,ES
2584639824,2584639831,FR
2584639832,2584639839,DE
2584639840,2584639847,GB
2584639848,2584639851,US
2584639852,2584639855,GB
2584639856,2584639871,US
2584639872,2584639879,DE
2584639880,2584639887,CZ
2584639888,2584639895,DE
2584639896,2584639903,PL
2584639904,2584639907,IT
2584639908,2584639911,DE
2584639912,2584639919,NL
2584639920,2584639927,US
2584639928,2584639935,DE
2584639936,2584639939,PL
2584639940,2584639947,DE
2584639948,2584639951,RO
2584639952,2584639959,DE
2584639960,2584639967,BG
2584639968,2584639975,IT
2584639976,2584639979,GB
2584639980,2584639983,DE
2584639984,2584639991,SE
2584639992,2584639999,US
2584640000,2584640007,GB
2584640008,2584640011,DE
2584640012,2584640015,IT
2584640016,2584640019,DE
2584640020,2584640023,NO
2584640024,2584640031,GB
2584640032,2584640047,AT
2584640048,2584640051,GB
2584640052,2584640055,BE
2584640056,2584640063,DE
2584640064,2584640095,GB
2584640096,2584640103,PT
2584640104,2584640107,FR
2584640108,2584640111,BE
2584640112,2584640127,CH
2584640128,2584640135,IE
2584640136,2584640139,SE
2584640140,2584640143,CH
2584640144,2584640147,GB
2584640148,2584640151,PL
2584640152,2584640159,IT
2584640160,2584640167,ES
2584640168,2584640175,FR
2584640176,2584640179,SE
2584640180,2584640183,US
2584640184,2584640191,IT
2584640192,2584640195,GB
2584640196,2584640199,DE
2584640200,2584640207,RO
2584640208,2584640215,FR
2584640216,2584640223,IE
2584640224,2584640235,DE
2584640236,2584640239,SE
2584640240,2584640255,FR
2584640256,2584640259,SE
2584640260,2584640263,US
2584640264,2584640271,DE
2584640272,2584640275,FR
2584640276,2584640283,US
2584640284,2584640287,AT
2584640288,2584640295,ES
2584640296,2584640303,GB
2584640304,2584640311,DE
2584640312,2584640315,GB
2584640316,2584640319,CZ
2584640320,2584640323,DE
2584640324,2584640327,GB
2584640328,2584640335,US
2584640336,2584640351,NL
2584640352,2584640355,GB
2584640356,2584640359,CH
2584640360,2584640363,NO
2584640364,2584640367,DE
2584640368,2584640371,ES
2584640372,2584640375,GB
2584640376,2584640383,DE
2584640384,2584640399,GB
2584640400,2584640415,ES
2584640416,2584640419,GR
2584640420,2584640423,NO
2584640424,2584640431,ES
2584640432,2584640447,DE
2584640448,2584640479,US
2584640480,2584640495,GB
2584640496,2584640503,ES
2584640504,2584640511,BG
2584640512,2584640519,DE
2584640520,2584640555,GB
2584640556,2584640567,DE
2584640568,2584640571,LU
2584640572,2584640575,DE
2584640576,2584640583,TR
2584640584,2584640591,DE
2584640592,2584640603,NL
2584640604,2584640607,AT
2584640608,2584640615,IT
2584640616,2584640623,GB
2584640624,2584640631,DE
2584640632,2584640635,GB
2584640636,2584640639,NL
2584640640,2584640655,DE
2584640656,2584640663,SE
2584640664,2584640675,DE
2584640676,2584640679,NL
2584640680,2584640687,SE
2584640688,2584640703,ES
2584640704,2584640711,GB
2584640712,2584640727,FR
2584640728,2584640735,DE
2584640736,2584640743,NL
2584640744,2584640751,IT
2584640752,2584640767,DE
2584640768,2584640799,SE
2584640800,2584640807,DE
2584640808,2584640815,CZ
2584640816,2584640823,DE
2584640824,2584640831,CZ
2584640832,2584640835,GB
2584640836,2584640863,DE
2584640864,2584640871,ES
2584640872,2584640879,DE
2584640880,2584640887,GB
2584640888,2584640899,DE
2584640900,2584640903,US
2584640904,2584640911,DE
2584640912,2584640915,BE
2584640916,2584640935,DE
2584640936,2584640939,NL
2584640940,2584640943,AT
2584640944,2584640967,DE
2584640968,2584640975,IN
2584640976,2584640983,ES
2584640984,2584640991,FR
2584640992,2584641015,GB
2584641016,2584641023,DE
2584641024,2584641103,FR
2584641104,2584641111,DE
2584641112,2584641119,IT
2584641120,2584641127,CZ
2584641128,2584641167,FR
2584641168,2584641175,GB
2584641176,2584641183,PT
2584641184,2584641195,DE
2584641196,2584641199,DK
2584641200,2584641207,IT
2584641208,2584641215,NL
2584641216,2584641223,DE
2584641224,2584641231,ES
2584641232,2584641239,GB
2584641240,2584641247,DE
2584641248,2584641255,BE
2584641256,2584641259,GB
2584641260,2584641275,DE
2584641276,2584641279,PL
2584641280,2584641287,DE
2584641288,2584641295,ES
2584641296,2584641303,DE
2584641304,2584641319,GB
2584641320,2584641335,SE
2584641336,2584641343,DE
2584641344,2584641351,SE
2584641352,2584641359,ES
2584641360,2584641383,DE
2584641384,2584641387,GB
2584641388,2584641403,DE
2584641404,2584641407,FR
2584641408,2584641415,DE
2584641416,2584641423,DK
2584641424,2584641431,FI
2584641432,2584641439,GB
2584641440,2584641443,DE
2584641444,2584641447,NL
2584641448,2584641455,RO
2584641456,2584641471,NL
2584641472,2584641503,US
2584641504,2584641535,CH
2584641536,2584651775,US
2584651776,2584652143,DE
2584652144,2584652151,PL
2584652152,2584652655,DE
2584652656,2584652671,RU
2584652672,2584652679,DE
2584652680,2584652687,DK
2584652688,2584652751,DE
2584652752,2584652759,RU
2584652760,2584652767,DE
2584652768,2584652775,RO
2584652776,2584652799,DE
2584652800,2584653231,GB
2584653232,2584653239,US
2584653240,2584653275,GB
2584653276,2584653287,US
2584653288,2584653295,CI
2584653296,2584653483,GB
2584653484,2584653487,CI
2584653488,2584653631,GB
2584653632,2584653639,ZA
2584653640,2584653751,GB
2584653752,2584653759,US
2584653760,2584653807,GB
2584653808,2584653815,JE
2584653816,2584653823,GB
2584653824,2584653843,NL
2584653844,2584653847,FR
2584653848,2584653883,NL
2584653884,2584653887,FR
2584653888,2584653927,NL
2584653928,2584653947,FR
2584653948,2584653979,NL
2584653980,2584654087,FR
2584654088,2584654095,GB
2584654096,2584654447,FR
2584654448,2584654451,NL
2584654452,2584654475,FR
2584654476,2584654479,US
2584654480,2584654507,FR
2584654508,2584654511,US
2584654512,2584654519,FR
2584654520,2584654527,NL
2584654528,2584654535,FR
2584654536,2584654539,NL
2584654540,2584654607,FR
2584654608,2584654639,GB
2584654640,2584654643,PL
2584654644,2584654671,FR
2584654672,2584654679,GB
2584654680,2584654683,BE
2584654684,2584654687,ES
2584654688,2584654703,GB
2584654704,2584654707,IE
2584654708,2584654711,CZ
2584654712,2584654719,CH
2584654720,2584654727,GB
2584654728,2584654731,DE
2584654732,2584654735,CH
2584654736,2584654763,FR
2584654764,2584654767,GB
2584654768,2584654771,BE
2584654772,2584654775,GB
2584654776,2584654783,FR
2584654784,2584654831,CH
2584654832,2584654847,NL
2584654848,2584655111,FR
2584655112,2584655127,BE
2584655128,2584655135,LU
2584655136,2584655215,FR
2584655216,2584655223,BE
2584655224,2584655383,FR
2584655384,2584655391,DE
2584655392,2584655615,FR
2584655616,2584655647,NL
2584655648,2584655663,FR
2584655664,2584655779,NL
2584655780,2584655807,FR
2584655808,2584655839,NL
2584655840,2584655863,FR
2584655864,2584655879,NL
2584655880,2584655919,FR
2584655920,2584655923,NL
2584655924,2584655931,US
2584655932,2584655975,FR
2584655976,2584656007,LU
2584656008,2584656015,FR
2584656016,2584656019,NL
2584656020,2584656023,FR
2584656024,2584656031,NL
2584656032,2584656039,LU
2584656040,2584656079,FR
2584656080,2584656087,US
2584656088,2584656467,FR
2584656468,2584656471,NL
2584656472,2584656559,FR
2584656560,2584656563,DE
2584656564,2584656579,FR
2584656580,2584656587,US
2584656588,2584656863,FR
2584656864,2584656871,BE
2584656872,2584656879,IT
2584656880,2584656887,US
2584656888,2584656895,ES
2584656896,2584657055,FR
2584657056,2584657063,US
2584657064,2584657123,FR
2584657124,2584657127,US
2584657128,2584657431,FR
2584657432,2584657439,GB
2584657440,2584657679,FR
2584657680,2584657687,NL
2584657688,2584657867,FR
2584657868,2584657919,NL
2584657920,2584657979,DE
2584657980,2584657983,US
2584657984,2584658023,DE
2584658024,2584658039,FR
2584658040,2584658043,DE
2584658044,2584658047,DK
2584658048,2584658151,DE
2584658152,2584658159,US
2584658160,2584658171,DE
2584658172,2584658175,RO
2584658176,2584658195,DE
2584658196,2584658199,LU
2584658200,2584658203,NL
2584658204,2584658339,DE
2584658340,2584658343,US
2584658344,2584658443,DE
2584658444,2584658447,NL
2584658448,2584658479,DE
2584658480,2584658487,ES
2584658488,2584658495,DE
2584658496,2584658503,UA
2584658504,2584658727,DE
2584658728,2584658735,HU
2584658736,2584658739,US
2584658740,2584658751,DE
2584658752,2584658755,CH
2584658756,2584658759,AT
2584658760,2584658767,DE
2584658768,2584658775,RU
2584658776,2584659215,DE
2584659216,2584659223,PL
2584659224,2584659287,DE
2584659288,2584659303,PL
2584659304,2584659559,DE
2584659560,2584659575,PL
2584659576,2584659655,DE
2584659656,2584659663,US
2584659664,2584659695,DE
2584659696,2584659703,GB
2584659704,2584659711,DE
2584659712,2584659743,GB
2584659744,2584659763,DE
2584659764,2584659767,NL
2584659768,2584659771,DE
2584659772,2584659775,NL
2584659776,2584659927,DE
2584659928,2584659935,CZ
2584659936,2584659967,DE
2584659968,2584660167,GB
2584660168,2584660179,NL
2584660180,2584660195,GB
2584660196,2584660203,NL
2584660204,2584660255,GB
2584660256,2584660263,NL
2584660264,2584660275,GB
2584660276,2584660283,NL
2584660284,2584660403,GB
2584660404,2584660423,NL
2584660424,2584660431,GB
2584660432,2584660435,NL
2584660436,2584660487,GB
2584660488,2584660495,IN
2584660496,2584660535,GB
2584660536,2584660543,PL
2584660544,2584661063,GB
2584661064,2584661071,US
2584661072,2584661207,GB
2584661208,2584661215,IT
2584661216,2584661311,GB
2584661312,2584661335,NL
2584661336,2584661455,GB
2584661456,2584661459,DE
2584661460,2584661703,GB
2584661704,2584661711,ES
2584661712,2584661807,GB
2584661808,2584661811,NL
2584661812,2584661943,GB
2584661944,2584661947,BH
2584661948,2584662223,GB
2584662224,2584662231,FR
2584662232,2584662263,GB
2584662264,2584662271,IN
2584662272,2584662423,GB
2584662424,2584662431,FR
2584662432,2584662463,GB
2584662464,2584662467,IL
2584662468,2584662511,GB
2584662512,2584662519,NL
2584662520,2584662783,GB
2584662784,2584662791,US
2584662792,2584662811,GB
2584662812,2584662815,US
2584662816,2584662879,GB
2584662880,2584662911,US
2584662912,2584663175,GB
2584663176,2584663183,US
2584663184,2584663223,GB
2584663224,2584663231,US
2584663232,2584663247,GB
2584663248,2584663271,US
2584663272,2584663599,GB
2584663600,2584663631,IE
2584663632,2584663655,GB
2584663656,2584663663,IE
2584663664,2584663707,GB
2584663708,2584663711,FR
2584663712,2584663999,GB
2584664000,2584664007,NL
2584664008,2584664535,GB
2584664536,2584664539,CH
2584664540,2584665023,GB
2584665024,2584665047,NL
2584665048,2584666111,GB
2584666112,2584666119,ES
2584666120,2584666127,BE
2584666128,2584666135,US
2584666136,2584666139,IE
2584666140,2584666143,IT
2584666144,2584666151,BE
2584666152,2584666159,NO
2584666160,2584666167,ES
2584666168,2584666175,PL
2584666176,2584666183,US
2584666184,2584666191,EE
2584666192,2584666199,ES
2584666200,2584666207,DK
2584666208,2584666223,ES
2584666224,2584666231,NO
2584666232,2584666239,US
2584666240,2584666255,BE
2584666256,2584666263,IT
2584666264,2584666271,DK
2584666272,2584666275,PL
2584666276,2584666279,LT
2584666280,2584666287,AT
2584666288,2584666295,SE
2584666296,2584666303,BE
2584666304,2584666311,DK
2584666312,2584666319,BE
2584666320,2584666323,CH
2584666324,2584666327,CZ
2584666328,2584666335,BE
2584666336,2584666343,HU
2584666344,2584666359,CH
2584666360,2584666375,ES
2584666376,2584666383,US
2584666384,2584666415,IT
2584666416,2584666431,ES
2584666432,2584666463,IE
2584666464,2584666479,ES
2584666480,2584666487,PL
2584666488,2584666495,DK
2584666496,2584666503,IT
2584666504,2584666507,ES
2584666508,2584666519,IT
2584666520,2584666527,BG
2584666528,2584666543,IT
2584666544,2584666551,NL
2584666552,2584666555,US
2584666556,2584666559,GR
2584666560,2584666567,FR
2584666568,2584666575,CH
2584666576,2584666583,FR
2584666584,2584666599,BE
2584666600,2584666607,IE
2584666608,2584666615,AT
2584666616,2584666623,GB
2584666624,2584666627,BE
2584666628,2584666631,ES
2584666632,2584666639,IT
2584666640,2584666655,ES
2584666656,2584666663,RO
2584666664,2584666667,DE
2584666668,2584666671,CH
2584666672,2584666679,NL
2584666680,2584666687,BE
2584666688,2584666695,DE
2584666696,2584666703,RO
2584666704,2584666711,IT
2584666712,2584666719,US
2584666720,2584666723,FI
2584666724,2584666727,IT
2584666728,2584666735,DE
2584666736,2584666743,DK
2584666744,2584666751,ES
2584666752,2584666755,US
2584666756,2584666759,ES
2584666760,2584666767,IT
2584666768,2584666771,PT
2584666772,2584666775,BE
2584666776,2584666783,HU
2584666784,2584666787,DK
2584666788,2584666791,SK
2584666792,2584666799,IT
2584666800,2584666807,NL
2584666808,2584666815,DK
2584666816,2584666823,CH
2584666824,2584666827,BE
2584666828,2584666831,ES
2584666832,2584666839,BE
2584666840,2584666855,GB
2584666856,2584666871,LU
2584666872,2584666874,US
2584666875,2584666879,ES
2584666880,2584666887,BE
2584666888,2584666903,ES
2584666904,2584666911,IE
2584666912,2584666919,FI
2584666920,2584666927,NO
2584666928,2584666959,PL
2584666960,2584666963,GB
2584666964,2584666967,FR
2584666968,2584666975,DK
2584666976,2584666983,RO
2584666984,2584666991,HU
2584666992,2584667071,GB
2584667072,2584667079,CZ
2584667080,2584667103,PL
2584667104,2584667111,HU
2584667112,2584667119,IT
2584667120,2584667127,SE
2584667128,2584667131,IT
2584667132,2584667135,CH
2584667136,2584667183,FR
2584667184,2584667187,ES
2584667188,2584667191,US
2584667192,2584667195,NL
2584667196,2584667199,ES
2584667200,2584667207,DK
2584667208,2584667223,IT
2584667224,2584667231,NL
2584667232,2584667239,DK
2584667240,2584667247,LT
2584667248,2584667255,DK
2584667256,2584667259,PL
2584667260,2584667263,LU
2584667264,2584667271,BE
2584667272,2584667279,IT
2584667280,2584667287,ES
2584667288,2584667295,AT
2584667296,2584667303,NL
2584667304,2584667311,BE
2584667312,2584667319,NO
2584667320,2584667343,CH
2584667344,2584667367,ES
2584667368,2584667375,IT
2584667376,2584667383,NL
2584667384,2584667391,GR
2584667392,2584667415,IT
2584667416,2584667423,CH
2584667424,2584667431,US
2584667432,2584667439,HU
2584667440,2584667455,CH
2584667456,2584667459,NL
2584667460,2584667463,BE
2584667464,2584667479,ES
2584667480,2584667487,IT
2584667488,2584667495,MD
2584667496,2584667499,AT
2584667500,2584667503,NL
2584667504,2584667511,DK
2584667512,2584667527,NL
2584667528,2584667535,ES
2584667536,2584667543,AT
2584667544,2584667551,US
2584667552,2584667559,DK
2584667560,2584667575,RO
2584667576,2584667623,ES
2584667624,2584667627,PL
2584667628,2584667631,NL
2584667632,2584667639,ES
2584667640,2584667647,NL
2584667648,2584667655,SI
2584667656,2584667663,NL
2584667664,2584667679,IT
2584667680,2584667687,BE
2584667688,2584667695,IT
2584667696,2584667703,NL
2584667704,2584667707,CH
2584667708,2584667711,IT
2584667712,2584667727,AT
2584667728,2584667735,BE
2584667736,2584667743,ES
2584667744,2584667751,IE
2584667752,2584667759,AT
2584667760,2584667767,SE
2584667768,2584667775,PL
2584667776,2584667783,IT
2584667784,2584667791,RO
2584667792,2584667799,SI
2584667800,2584667807,PL
2584667808,2584667815,CH
2584667816,2584667823,PL
2584667824,2584667835,CH
2584667836,2584667839,RO
2584667840,2584667847,AT
2584667848,2584667855,ES
2584667856,2584667863,BE
2584667864,2584667871,EE
2584667872,2584667879,DK
2584667880,2584667887,ES
2584667888,2584667903,PL
2584667904,2584667911,GB
2584667912,2584667919,NO
2584667920,2584667927,SE
2584667928,2584667935,PL
2584667936,2584667943,IE
2584667944,2584667951,NL
2584667952,2584667959,BE
2584667960,2584667967,GB
2584667968,2584667975,FI
2584667976,2584667983,GR
2584667984,2584667991,ES
2584667992,2584667999,PL
2584668000,2584668007,IE
2584668008,2584668019,RO
2584668020,2584668023,BE
2584668024,2584668031,EE
2584668032,2584668047,NL
2584668048,2584668055,EE
2584668056,2584668059,PL
2584668060,2584668063,BE
2584668064,2584668071,CZ
2584668072,2584668075,IE
2584668076,2584668079,ES
2584668080,2584668083,CH
2584668084,2584668087,HU
2584668088,2584668095,HR
2584668096,2584668103,FI
2584668104,2584668107,ES
2584668108,2584668111,BE
2584668112,2584668127,CZ
2584668128,2584668135,HU
2584668136,2584668143,US
2584668144,2584668151,BE
2584668152,2584668159,IT
2584668160,2584668163,ES
2584668164,2584668167,HR
2584668168,2584668171,SK
2584668172,2584668175,IT
2584668176,2584668191,BE
2584668192,2584668199,DE
2584668200,2584668207,IT
2584668208,2584668215,US
2584668216,2584668223,AT
2584668224,2584668239,DE
2584668240,2584668247,CZ
2584668248,2584668255,BE
2584668256,2584668271,US
2584668272,2584668287,IE
2584668288,2584668351,NL
2584668352,2584668383,IT
2584668384,2584668415,NL
2584668416,2584668423,ES
2584668424,2584668431,NL
2584668432,2584668439,CH
2584668440,2584668447,NL
2584668448,2584668455,PL
2584668456,2584668463,NL
2584668464,2584668467,IE
2584668468,2584668471,NL
2584668472,2584668479,ES
2584668480,2584668511,FR
2584668512,2584668519,ES
2584668520,2584668527,PL
2584668528,2584668535,ES
2584668536,2584668551,AT
2584668552,2584668555,NL
2584668556,2584668563,PT
2584668564,2584668599,NL
2584668600,2584668607,SE
2584668608,2584668623,NL
2584668624,2584668631,BE
2584668632,2584668639,NL
2584668640,2584668655,GB
2584668656,2584668663,IT
2584668664,2584668679,PL
2584668680,2584668711,IT
2584668712,2584668715,ES
2584668716,2584668719,CH
2584668720,2584668735,FI
2584668736,2584668743,NL
2584668744,2584668767,CH
2584668768,2584668775,IT
2584668776,2584668779,CH
2584668780,2584668783,IT
2584668784,2584668791,CH
2584668792,2584668799,ES
2584668800,2584668815,US
2584668816,2584668819,ES
2584668820,2584668827,IT
2584668828,2584668831,CH
2584668832,2584668839,US
2584668840,2584668847,IT
2584668848,2584668855,NL
2584668856,2584668863,IT
2584668864,2584668895,CH
2584668896,2584668899,ES
2584668900,2584668903,PL
2584668904,2584668911,IT
2584668912,2584668919,NL
2584668920,2584668923,GR
2584668924,2584668947,CH
2584668948,2584668951,US
2584668952,2584668959,PT
2584668960,2584668991,BE
2584668992,2584668999,BG
2584669000,2584669003,NL
2584669004,2584669015,IT
2584669016,2584669023,PL
2584669024,2584669031,ES
2584669032,2584669063,PL
2584669064,2584669079,CZ
2584669080,2584669095,ES
2584669096,2584669099,FR
2584669100,2584669107,IT
2584669108,2584669115,CH
2584669116,2584669123,AT
2584669124,2584669127,IT
2584669128,2584669135,NL
2584669136,2584669139,IT
2584669140,2584669143,PT
2584669144,2584669159,IT
2584669160,2584669163,SE
2584669164,2584669167,FI
2584669168,2584669175,SE
2584669176,2584669183,US
2584669184,2584669319,BE
2584669320,2584669323,NL
2584669324,2584669327,LU
2584669328,2584669335,IT
2584669336,2584669339,ES
2584669340,2584669343,IT
2584669344,2584669351,HU
2584669352,2584669359,ES
2584669360,2584669363,AT
2584669364,2584669375,ES
2584669376,2584669379,SI
2584669380,2584669387,PL
2584669388,2584669391,NL
2584669392,2584669399,IT
2584669400,2584669407,SE
2584669408,2584669415,NL
2584669416,2584669419,BE
2584669420,2584669423,CH
2584669424,2584669431,AT
2584669432,2584669447,FI
2584669448,2584669455,ES
2584669456,2584669483,PT
2584669484,2584669487,IE
2584669488,2584669495,IT
2584669496,2584669503,BE
2584669504,2584669511,IT
2584669512,2584669515,BE
2584669516,2584669519,HU
2584669520,2584669535,ES
2584669536,2584669547,HU
2584669548,2584669551,PT
2584669552,2584669567,IT
2584669568,2584669575,ES
2584669576,2584669583,FI
2584669584,2584669591,NL
2584669592,2584669595,ES
2584669596,2584669599,CZ
2584669600,2584669615,US
2584669616,2584669623,BG
2584669624,2584669631,IE
2584669632,2584669639,NL
2584669640,2584669647,GR
2584669648,2584669655,RO
2584669656,2584669659,PT
2584669660,2584669663,NO
2584669664,2584669667,NL
2584669668,2584669671,NO
2584669672,2584669679,NL
2584669680,2584669687,PL
2584669688,2584669703,NL
2584669704,2584669711,BE
2584669712,2584669727,NL
2584669728,2584669743,BE
2584669744,2584669751,UA
2584669752,2584669775,NL
2584669776,2584669779,NO
2584669780,2584669783,LT
2584669784,2584669791,ES
2584669792,2584669799,FI
2584669800,2584669803,HU
2584669804,2584669807,IT
2584669808,2584669811,CH
2584669812,2584669815,DE
2584669816,2584669819,ES
2584669820,2584669823,SE
2584669824,2584669831,IT
2584669832,2584669839,NL
2584669840,2584669855,CH
2584669856,2584669863,IT
2584669864,2584669871,US
2584669872,2584669879,CH
2584669880,2584669883,ES
2584669884,2584669887,BE
2584669888,2584669895,NL
2584669896,2584669903,ES
2584669904,2584669911,BE
2584669912,2584669919,LU
2584669920,2584669927,AT
2584669928,2584669935,DE
2584669936,2584669951,US
2584669952,2584669959,ES
2584669960,2584669967,IT
2584669968,2584669983,FI
2584669984,2584669991,AT
2584669992,2584669999,IE
2584670000,2584670003,CH
2584670004,2584670007,RU
2584670008,2584670015,ES
2584670016,2584670019,SK
2584670020,2584670023,IT
2584670024,2584670031,NL
2584670032,2584670039,CH
2584670040,2584670047,IT
2584670048,2584670055,US
2584670056,2584670063,IT
2584670064,2584670067,IE
2584670068,2584670079,DK
2584670080,2584670087,HU
2584670088,2584670095,IT
2584670096,2584670099,PL
2584670100,2584670107,NL
2584670108,2584670111,CZ
2584670112,2584670119,HU
2584670120,2584670127,CH
2584670128,2584670131,NL
2584670132,2584670139,US
2584670140,2584670143,ES
2584670144,2584670159,NL
2584670160,2584670167,LU
2584670168,2584670175,AT
2584670176,2584670179,NL
2584670180,2584670183,CH
2584670184,2584670191,LU
2584670192,2584670207,ES
2584670208,2584670215,IT
2584670216,2584670223,IE
2584670224,2584670255,ES
2584670256,2584670259,US
2584670260,2584670279,IT
2584670280,2584670287,SE
2584670288,2584670295,IT
2584670296,2584670303,BE
2584670304,2584670307,NL
2584670308,2584670311,IT
2584670312,2584670319,BE
2584670320,2584670327,PT
2584670328,2584670335,FI
2584670336,2584670367,NL
2584670368,2584670371,SK
2584670372,2584670375,BG
2584670376,2584670391,NL
2584670392,2584670395,EE
2584670396,2584670399,BE
2584670400,2584670407,US
2584670408,2584670415,DK
2584670416,2584670423,NL
2584670424,2584670431,BE
2584670432,2584670435,ES
2584670436,2584670439,IT
2584670440,2584670447,GB
2584670448,2584670519,IT
2584670520,2584670527,SE
2584670528,2584670535,NL
2584670536,2584670543,BE
2584670544,2584670547,SE
2584670548,2584670551,BE
2584670552,2584670559,NL
2584670560,2584670591,IT
2584670592,2584670631,BE
2584670632,2584670635,NO
2584670636,2584670639,NL
2584670640,2584670647,LU
2584670648,2584670655,NL
2584670656,2584670663,FR
2584670664,2584670671,AT
2584670672,2584670679,BE
2584670680,2584670687,AT
2584670688,2584670703,PL
2584670704,2584670711,BE
2584670712,2584670719,US
2584670720,2584670727,LU
2584670728,2584670739,IT
2584670740,2584670755,NL
2584670756,2584670759,FI
2584670760,2584670763,IT
2584670764,2584670767,NL
2584670768,2584670775,FI
2584670776,2584670783,PT
2584670784,2584670787,UA
2584670788,2584670795,IT
2584670796,2584670799,GR
2584670800,2584670815,PL
2584670816,2584670823,IT
2584670824,2584670831,BE
2584670832,2584670835,HU
2584670836,2584670839,NL
2584670840,2584670847,CH
2584670848,2584670855,IT
2584670856,2584670863,NL
2584670864,2584670867,PT
2584670868,2584670871,US
2584670872,2584670879,ES
2584670880,2584670883,NL
2584670884,2584670887,DK
2584670888,2584670891,IT
2584670892,2584670895,IE
2584670896,2584670899,LV
2584670900,2584670903,SE
2584670904,2584670907,NO
2584670908,2584670911,RO
2584670912,2584670919,IT
2584670920,2584670923,DK
2584670924,2584670927,IT
2584670928,2584670931,LT
2584670932,2584670935,IT
2584670936,2584670939,NL
2584670940,2584670943,BE
2584670944,2584670947,PL
2584670948,2584670951,ES
2584670952,2584670967,SE
2584670968,2584670975,IT
2584670976,2584671007,US
2584671008,2584671039,IT
2584671040,2584671083,NL
2584671084,2584671087,CH
2584671088,2584671091,AT
2584671092,2584671095,NL
2584671096,2584671099,AT
2584671100,2584671103,HR
2584671104,2584671111,NL
2584671112,2584671127,PL
2584671128,2584671143,IE
2584671144,2584671147,CZ
2584671148,2584671151,NL
2584671152,2584671199,BE
2584671200,2584671215,US
2584671216,2584671223,NL
2584671224,2584671231,BE
2584671232,2584671239,ES
2584671240,2584671243,BE
2584671244,2584671247,ES
2584671248,2584671255,BE
2584671256,2584671263,SK
2584671264,2584671271,IT
2584671272,2584671287,US
2584671288,2584671295,BE
2584671296,2584671319,US
2584671320,2584671327,BE
2584671328,2584671331,LU
2584671332,2584671335,NL
2584671336,2584671343,ES
2584671344,2584671359,NL
2584671360,2584671367,US
2584671368,2584671375,IT
2584671376,2584671383,BG
2584671384,2584671391,AT
2584671392,2584671399,CH
2584671400,2584671403,PL
2584671404,2584671411,NL
2584671412,2584671415,IT
2584671416,2584671435,NL
2584671436,2584671439,US
2584671440,2584671443,IT
2584671444,2584671451,NL
2584671452,2584671455,BE
2584671456,2584671483,NL
2584671484,2584671487,US
2584671488,2584671491,IT
2584671492,2584671495,NL
2584671496,2584671503,ES
2584671504,2584671511,BG
2584671512,2584671519,ES
2584671520,2584671551,CH
2584671552,2584671555,NL
2584671556,2584671559,US
2584671560,2584671567,NL
2584671568,2584671575,LU
2584671576,2584671583,NL
2584671584,2584671599,ES
2584671600,2584671603,IT
2584671604,2584671643,NL
2584671644,2584671647,ES
2584671648,2584671655,LU
2584671656,2584671663,SL
2584671664,2584671671,SI
2584671672,2584671687,NL
2584671688,2584671695,SK
2584671696,2584671703,ES
2584671704,2584671711,NL
2584671712,2584671727,ES
2584671728,2584671735,BE
2584671736,2584671743,US
2584671744,2584671871,FI
2584671872,2584671879,SE
2584671880,2584671903,IT
2584671904,2584671935,NL
2584671936,2584671939,ES
2584671940,2584671943,GB
2584671944,2584671951,IT
2584671952,2584671959,BE
2584671960,2584671967,NL
2584671968,2584671975,GB
2584671976,2584671979,BE
2584671980,2584671983,IT
2584671984,2584671987,NL
2584671988,2584672007,ES
2584672008,2584672023,SE
2584672024,2584672027,ES
2584672028,2584672031,UA
2584672032,2584672035,NL
2584672036,2584672039,IT
2584672040,2584672043,NL
2584672044,2584672047,SI
2584672048,2584672055,LU
2584672056,2584672059,LT
2584672060,2584672079,ES
2584672080,2584672107,IT
2584672108,2584672119,NL
2584672120,2584672123,IT
2584672124,2584672127,NL
2584672128,2584672131,IT
2584672132,2584672147,ES
2584672148,2584672151,IT
2584672152,2584672167,NL
2584672168,2584672175,IT
2584672176,2584672183,PT
2584672184,2584672191,NL
2584672192,2584672207,BE
2584672208,2584672215,IE
2584672216,2584672223,AT
2584672224,2584672231,IT
2584672232,2584672255,BE
2584672256,2584672263,PT
2584672264,2584672271,ES
2584672272,2584672279,NL
2584672280,2584672287,ES
2584672288,2584672331,NL
2584672332,2584672335,CH
2584672336,2584672359,NL
2584672360,2584672367,PL
2584672368,2584672371,NL
2584672372,2584672372,US
2584672373,2584672373,DK
2584672374,2584672374,NO
2584672375,2584672375,US
2584672376,2584672379,NL
2584672380,2584672383,FI
2584672384,2584672387,IT
2584672388,2584672391,PL
2584672392,2584672395,FI
2584672396,2584672399,NL
2584672400,2584672407,PL
2584672408,2584672431,NL
2584672432,2584672439,ES
2584672440,2584672479,IT
2584672480,2584672483,US
2584672484,2584672507,IT
2584672508,2584672511,US
2584672512,2584672539,IT
2584672540,2584672551,NL
2584672552,2584672559,IT
2584672560,2584672575,NL
2584672576,2584672607,CH
2584672608,2584672635,IT
2584672636,2584672639,IE
2584672640,2584672655,IT
2584672656,2584672671,FR
2584672672,2584672679,NL
2584672680,2584672687,CZ
2584672688,2584672703,IT
2584672704,2584672707,IE
2584672708,2584672711,IT
2584672712,2584672719,ES
2584672720,2584672743,IT
2584672744,2584672751,ES
2584672752,2584672767,IT
2584672768,2584672775,CH
2584672776,2584672783,AT
2584672784,2584672791,DK
2584672792,2584672807,NL
2584672808,2584672815,IT
2584672816,2584672819,NL
2584672820,2584672823,SE
2584672824,2584672839,NL
2584672840,2584672843,BE
2584672844,2584672847,NL
2584672848,2584672851,IT
2584672852,2584672859,ES
2584672860,2584672863,US
2584672864,2584672879,LT
2584672880,2584672887,ES
2584672888,2584672895,IT
2584672896,2584672903,ES
2584672904,2584672911,IT
2584672912,2584672927,IE
2584672928,2584672947,ES
2584672948,2584672951,CH
2584672952,2584672959,US
2584672960,2584672975,NL
2584672976,2584672991,CZ
2584672992,2584672999,US
2584673000,2584673007,CH
2584673008,2584673015,US
2584673016,2584673023,BE
2584673024,2584673055,CH
2584673056,2584673059,BE
2584673060,2584673111,NL
2584673112,2584673119,IT
2584673120,2584673123,CH
2584673124,2584673143,IT
2584673144,2584673151,BE
2584673152,2584673163,IT
2584673164,2584673167,ES
2584673168,2584673199,IE
2584673200,2584673207,DK
2584673208,2584673247,BE
2584673248,2584673255,CZ
2584673256,2584673263,PL
2584673264,2584673535,BE
2584673536,2584673543,PL
2584673544,2584673559,PT
2584673560,2584673563,US
2584673564,2584673567,NL
2584673568,2584673575,CZ
2584673576,2584673591,ES
2584673592,2584673599,SE
2584673600,2584673647,NL
2584673648,2584673655,BE
2584673656,2584673663,IT
2584673664,2584673671,SE
2584673672,2584673679,NL
2584673680,2584673683,US
2584673684,2584673687,FI
2584673688,2584673695,IT
2584673696,2584673703,IE
2584673704,2584673711,LU
2584673712,2584673735,NL
2584673736,2584673743,PL
2584673744,2584673759,NL
2584673760,2584673775,CH
2584673776,2584673783,RO
2584673784,2584673791,IT
2584673792,2584673799,NL
2584673800,2584673807,CZ
2584673808,2584673815,CY
2584673816,2584673819,NL
2584673820,2584673823,CH
2584673824,2584673831,GR
2584673832,2584673835,IT
2584673836,2584673839,PT
2584673840,2584673847,IT
2584673848,2584673863,SE
2584673864,2584673871,NL
2584673872,2584673879,DK
2584673880,2584673887,FI
2584673888,2584673895,PL
2584673896,2584673899,US
2584673900,2584673903,PT
2584673904,2584673907,NL
2584673908,2584673911,RS
2584673912,2584673919,US
2584673920,2584673923,ES
2584673924,2584673927,NO
2584673928,2584673935,IT
2584673936,2584673951,CH
2584673952,2584673963,ES
2584673964,2584673967,US
2584673968,2584673975,PT
2584673976,2584673983,NL
2584673984,2584673991,ES
2584673992,2584673999,PT
2584674000,2584674003,BE
2584674004,2584674007,NL
2584674008,2584674015,ES
2584674016,2584674031,NL
2584674032,2584674039,ES
2584674040,2584674047,BE
2584674048,2584674119,NL
2584674120,2584674135,ES
2584674136,2584674143,IE
2584674144,2584674151,ES
2584674152,2584674175,NL
2584674176,2584674183,ES
2584674184,2584674199,NL
2584674200,2584674207,BE
2584674208,2584674215,PL
2584674216,2584674223,NL
2584674224,2584674231,BE
2584674232,2584674235,IT
2584674236,2584674239,NL
2584674240,2584674247,BE
2584674248,2584674255,SE
2584674256,2584674271,IT
2584674272,2584674275,GR
2584674276,2584674279,IT
2584674280,2584674287,NL
2584674288,2584674295,FI
2584674296,2584674303,IT
2584674304,2584739839,US
2584739840,2584740095,SG
2584740096,2584740351,US
2584740352,2584741375,ZA
2584741376,2584741631,DE
2584741632,2584741887,ZA
2584741888,2584742143,DE
2584742144,2584742399,ZA
2584742400,2584742655,HK
2584742656,2584742911,JP
2584742912,2584743679,ZA
2584743680,2584743935,US
2584743936,2584744191,ZA
2584744192,2584744447,SG
2584744448,2584744703,DE
2584744704,2584746751,ZA
2584746752,2584747007,US
2584747008,2584747263,ZA
2584747264,2584747519,DE
2584747520,2584747775,ZA
2584747776,2584748287,US
2584748288,2584748543,JP
2584748544,2584748799,ZA
2584748800,2584749055,NL
2584749056,2584749311,DE
2584749312,2584751103,ZA
2584751104,2584751359,GB
2584751360,2584751615,ZA
2584751616,2584751871,SG
2584751872,2584752383,ZA
2584752384,2584752639,US
2584752640,2584752895,ZA
2584752896,2584753151,JP
2584753152,2584753919,ZA
2584753920,2584754175,JP
2584754176,2584754431,KR
2584754432,2584754687,BR
2584754688,2584754943,DE
2584754944,2584756223,ZA
2584756224,2584756479,JP
2584756480,2584756991,ZA
2584756992,2584757247,US
2584757248,2584758527,ZA
2584758528,2584758783,GB
2584758784,2584759295,ZA
2584759296,2584759807,DE
2584759808,2584760063,ZA
2584760064,2584760319,US
2584760320,2584760575,ZA
2584760576,2584760831,AU
2584760832,2584761087,ZA
2584761088,2584761343,TH
2584761344,2584761855,ZA
2584761856,2584762111,SG
2584762112,2584762367,EG
2584762368,2584762623,RO
2584762624,2584764671,ZA
2584764672,2584764927,DE
2584764928,2584766719,ZA
2584766720,2584766975,US
2584766976,2584767487,ZA
2584767488,2584767743,US
2584767744,2584767999,CA
2584768000,2584770815,US
2584770816,2584771839,ZA
2584771840,2584772095,HK
2584772096,2584773375,ZA
2584773376,2584773631,US
2584773632,2584773887,ZA
2584773888,2584774143,US
2584774144,2584774911,ZA
2584774912,2584775423,US
2584775424,2584775679,FR
2584775680,2584775935,DE
2584775936,2584776191,ZA
2584776192,2584776447,US
2584776448,2584776703,ZA
2584776704,2584777983,US
2584777984,2584778239,DE
2584778240,2584778495,ZA
2584778496,2584778751,US
2584778752,2584779007,ID
2584779008,2584779263,IL
2584779264,2584779519,CL
2584779520,2584779775,US
2584779776,2584780287,ZA
2584780288,2584780543,DE
2584780544,2584780799,ZA
2584780800,2584781055,KE
2584781056,2584781311,ZA
2584781312,2584781823,US
2584781824,2584782335,DE
2584782336,2584782847,ZA
2584782848,2584783871,US
2584783872,2584784127,DE
2584784128,2584784639,US
2584784640,2584784895,CA
2584784896,2584785151,US
2584785152,2584785407,ZA
2584785408,2584785663,CA
2584785664,2584786175,ZA
2584786176,2584786431,IN
2584786432,2584786687,US
2584786688,2584786943,HK
2584786944,2584787199,ZA
2584787200,2584787455,US
2584787456,2584787711,ZA
2584787712,2584787967,US
2584787968,2584788479,DE
2584788480,2584789503,US
2584789504,2584789759,ZA
2584789760,2584790015,US
2584790016,2584790271,CA
2584790272,2584791295,US
2584791296,2584791551,FR
2584791552,2584792063,DE
2584792064,2584792319,ZA
2584792320,2584792575,US
2584792576,2584793343,ZA
2584793344,2584793599,US
2584793600,2584793855,ZA
2584793856,2584794367,US
2584794368,2584795391,ZA
2584795392,2584795647,US
2584795648,2584796415,ZA
2584796416,2584796671,FR
2584796672,2584797183,ZA
2584797184,2584797439,US
2584797440,2584798207,ZA
2584798208,2584798463,TH
2584798464,2584798719,FR
2584798720,2584799231,ZA
2584799232,2584799743,HK
2584799744,2584799999,ZA
2584800000,2584800255,US
2584800256,2584800511,KR
2584800512,2584800767,ZA
2584800768,2584801023,US
2584801024,2584801279,DE
2584801280,2584801791,ZA
2584801792,2584802303,HK
2584802304,2584802815,ZA
2584802816,2584803071,BR
2584803072,2584803327,US
2584803328,2584803839,JP
2584803840,2584804095,ZA
2584804096,2584804863,US
2584804864,2584805119,FR
2584805120,2584805375,GB
2584805376,2584823807,US
2584823808,2584824831,MX
2584824832,2584825855,GB
2584825856,2584826879,US
2584826880,2584828927,GB
2584828928,2584858623,US
2584858624,2584859647,VE
2584859648,2584860159,US
2584860160,2584860671,DE
2584860672,2584868863,US
2584868864,2584869887,ES
2584869888,2584870143,DE
2584870144,2584870399,CA
2584870400,2584870655,US
2584870656,2584870911,FR
2584870912,2584870919,JP
2584870920,2584870921,US
2584870922,2584870927,JP
2584870928,2584870931,US
2584870932,2584870939,JP
2584870940,2584870941,US
2584870942,2584870951,JP
2584870952,2584870955,US
2584870956,2584870999,JP
2584871000,2584871007,US
2584871008,2584871009,JP
2584871010,2584871023,US
2584871024,2584871025,JP
2584871026,2584871027,US
2584871028,2584871031,JP
2584871032,2584871043,US
2584871044,2584871055,JP
2584871056,2584871079,US
2584871080,2584871087,JP
2584871088,2584871095,US
2584871096,2584871101,JP
2584871102,2584871111,US
2584871112,2584871143,JP
2584871144,2584871159,US
2584871160,2584871177,JP
2584871178,2584871183,US
2584871184,2584871207,JP
2584871208,2584871215,US
2584871216,2584871223,JP
2584871224,2584871231,US
2584871232,2584871279,JP
2584871280,2584871287,US
2584871288,2584871295,JP
2584871296,2584871305,US
2584871306,2584871331,JP
2584871332,2584871333,US
2584871334,2584871335,JP
2584871336,2584871359,US
2584871360,2584871375,JP
2584871376,2584871383,US
2584871384,2584871385,JP
2584871386,2584871387,US
2584871388,2584871391,JP
2584871392,2584871399,US
2584871400,2584871423,JP
2584871424,2584871447,SG
2584871448,2584871455,US
2584871456,2584871499,SG
2584871500,2584871501,US
2584871502,2584871533,SG
2584871534,2584871535,US
2584871536,2584871561,SG
2584871562,2584871567,US
2584871568,2584871583,SG
2584871584,2584871587,US
2584871588,2584871591,SG
2584871592,2584871599,LU
2584871600,2584871617,SG
2584871618,2584871621,US
2584871622,2584871639,SG
2584871640,2584871649,US
2584871650,2584871663,SG
2584871664,2584871671,US
2584871672,2584871679,ID
2584871680,2584871687,US
2584871688,2584871695,JP
2584871696,2584871697,US
2584871698,2584871759,SG
2584871760,2584871767,US
2584871768,2584871839,SG
2584871840,2584871863,US
2584871864,2584871871,SG
2584871872,2584871873,US
2584871874,2584871877,SG
2584871878,2584871879,US
2584871880,2584871887,SG
2584871888,2584871895,US
2584871896,2584871935,SG
2584871936,2584871939,US
2584871940,2584871941,HK
2584871942,2584872061,US
2584872062,2584872063,HK
2584872064,2584872069,US
2584872070,2584872071,HK
2584872072,2584872099,US
2584872100,2584872103,HK
2584872104,2584872131,US
2584872132,2584872133,HK
2584872134,2584872175,US
2584872176,2584872179,JP
2584872180,2584872375,US
2584872376,2584872383,SG
2584872384,2584872447,US
2584872448,2584872457,HK
2584872458,2584872459,US
2584872460,2584872463,HK
2584872464,2584872493,US
2584872494,2584872495,HK
2584872496,2584872505,US
2584872506,2584872509,HK
2584872510,2584872549,US
2584872550,2584872551,HK
2584872552,2584872559,US
2584872560,2584872561,NL
2584872562,2584872563,US
2584872564,2584872567,HK
2584872568,2584872625,US
2584872626,2584872627,HK
2584872628,2584872711,US
2584872712,2584872719,HK
2584872720,2584872769,US
2584872770,2584872771,HK
2584872772,2584872927,US
2584872928,2584872935,HK
2584872936,2584873071,US
2584873072,2584873079,HK
2584873080,2584873319,US
2584873320,2584873327,HK
2584873328,2584873379,US
2584873380,2584873381,CN
2584873382,2584873983,US
2584873984,2584874495,ES
2584874496,2584875007,US
2584875008,2584875039,SG
2584875040,2584875059,US
2584875060,2584875063,SG
2584875064,2584875071,US
2584875072,2584875087,SG
2584875088,2584875095,US
2584875096,2584875111,SG
2584875112,2584875135,US
2584875136,2584875143,SG
2584875144,2584875151,US
2584875152,2584875167,SG
2584875168,2584875175,US
2584875176,2584875191,SG
2584875192,2584875199,US
2584875200,2584875223,SG
2584875224,2584875247,US
2584875248,2584875255,SG
2584875256,2584875263,US
2584875264,2584875271,SG
2584875272,2584875279,US
2584875280,2584875311,SG
2584875312,2584875315,US
2584875316,2584875349,SG
2584875350,2584875367,US
2584875368,2584875399,SG
2584875400,2584875415,US
2584875416,2584875423,SG
2584875424,2584875429,US
2584875430,2584875437,SG
2584875438,2584875455,US
2584875456,2584875487,SG
2584875488,2584875495,US
2584875496,2584875559,SG
2584875560,2584875577,US
2584875578,2584875579,SG
2584875580,2584875583,US
2584875584,2584875599,SG
2584875600,2584875607,US
2584875608,2584875623,SG
2584875624,2584875647,US
2584875648,2584875655,SG
2584875656,2584875671,US
2584875672,2584875695,SG
2584875696,2584875713,US
2584875714,2584875719,SG
2584875720,2584875729,US
2584875730,2584875735,SG
2584875736,2584875745,US
2584875746,2584875751,SG
2584875752,2584875759,US
2584875760,2584875775,SG
2584875776,2584875799,US
2584875800,2584875825,SG
2584875826,2584875827,US
2584875828,2584875831,SG
2584875832,2584875839,US
2584875840,2584875847,SG
2584875848,2584875855,US
2584875856,2584875879,SG
2584875880,2584875887,US
2584875888,2584875893,SG
2584875894,2584875895,US
2584875896,2584875927,SG
2584875928,2584875943,US
2584875944,2584875959,SG
2584875960,2584875975,US
2584875976,2584875991,SG
2584875992,2584876007,US
2584876008,2584876031,SG
2584876032,2584876089,KR
2584876090,2584876095,US
2584876096,2584876099,KR
2584876100,2584876111,US
2584876112,2584876119,KR
2584876120,2584876127,US
2584876128,2584876143,KR
2584876144,2584877055,US
2584877056,2584877071,TW
2584877072,2584877079,US
2584877080,2584877087,TW
2584877088,2584877127,US
2584877128,2584877135,TW
2584877136,2584877143,US
2584877144,2584877167,TW
2584877168,2584877175,US
2584877176,2584877183,TW
2584877184,2584877191,US
2584877192,2584877199,TW
2584877200,2584877207,US
2584877208,2584877215,TW
2584877216,2584877219,US
2584877220,2584877231,TW
2584877232,2584877239,US
2584877240,2584877241,TW
2584877242,2584877243,US
2584877244,2584877245,TW
2584877246,2584877247,US
2584877248,2584877255,TW
2584877256,2584878087,US
2584878088,2584878095,JP
2584878096,2584878097,US
2584878098,2584878103,JP
2584878104,2584878119,US
2584878120,2584878151,JP
2584878152,2584878159,US
2584878160,2584878163,JP
2584878164,2584878167,US
2584878168,2584878175,JP
2584878176,2584878177,US
2584878178,2584878183,JP
2584878184,2584878191,US
2584878192,2584878207,JP
2584878208,2584878215,US
2584878216,2584878229,JP
2584878230,2584878231,US
2584878232,2584878239,JP
2584878240,2584878271,US
2584878272,2584878303,JP
2584878304,2584878311,US
2584878312,2584878319,JP
2584878320,2584878327,US
2584878328,2584878351,JP
2584878352,2584878365,US
2584878366,2584878367,JP
2584878368,2584878375,US
2584878376,2584878399,JP
2584878400,2584878431,US
2584878432,2584878439,JP
2584878440,2584878455,US
2584878456,2584878463,JP
2584878464,2584878487,US
2584878488,2584878495,JP
2584878496,2584878503,US
2584878504,2584878527,JP
2584878528,2584878535,US
2584878536,2584878551,JP
2584878552,2584878583,US
2584878584,2584878639,JP
2584878640,2584878647,US
2584878648,2584878663,JP
2584878664,2584878679,US
2584878680,2584878687,JP
2584878688,2584878707,US
2584878708,2584878711,JP
2584878712,2584879103,US
2584879104,2584879117,SG
2584879118,2584879127,US
2584879128,2584879191,SG
2584879192,2584879199,US
2584879200,2584879223,SG
2584879224,2584879239,US
2584879240,2584879255,SG
2584879256,2584879279,US
2584879280,2584879287,SG
2584879288,2584879295,US
2584879296,2584879319,SG
2584879320,2584879335,US
2584879336,2584879343,SG
2584879344,2584879351,US
2584879352,2584879375,SG
2584879376,2584879391,US
2584879392,2584879423,SG
2584879424,2584879431,US
2584879432,2584879471,SG
2584879472,2584879535,US
2584879536,2584879559,SG
2584879560,2584879567,US
2584879568,2584879575,SG
2584879576,2584879583,US
2584879584,2584879591,SG
2584879592,2584879623,US
2584879624,2584879663,SG
2584879664,2584879671,US
2584879672,2584879679,SG
2584879680,2584879687,US
2584879688,2584879703,SG
2584879704,2584879727,US
2584879728,2584879743,SG
2584879744,2584879751,US
2584879752,2584879767,SG
2584879768,2584879783,US
2584879784,2584879799,SG
2584879800,2584879807,US
2584879808,2584879831,SG
2584879832,2584879847,US
2584879848,2584879863,SG
2584879864,2584879871,US
2584879872,2584879903,SG
2584879904,2584879919,US
2584879920,2584879927,SG
2584879928,2584879943,US
2584879944,2584879951,SG
2584879952,2584879959,US
2584879960,2584879967,SG
2584879968,2584879975,US
2584879976,2584879991,SG
2584879992,2584880015,US
2584880016,2584880023,SG
2584880024,2584880031,US
2584880032,2584880063,SG
2584880064,2584880071,US
2584880072,2584880087,SG
2584880088,2584880103,US
2584880104,2584880105,SG
2584880106,2584880107,US
2584880108,2584880115,SG
2584880116,2584880127,US
2584880128,2584880135,HK
2584880136,2584880361,US
2584880362,2584880363,HK
2584880364,2584881159,US
2584881160,2584881181,SG
2584881182,2584881191,US
2584881192,2584881219,SG
2584881220,2584881221,US
2584881222,2584881233,SG
2584881234,2584881235,US
2584881236,2584881239,SG
2584881240,2584882183,US
2584882184,2584882185,GU
2584882186,2584883199,US
2584883200,2584883201,JP
2584883202,2584883203,US
2584883204,2584883207,JP
2584883208,2584883457,US
2584883458,2584883459,JP
2584883460,2584883777,US
2584883778,2584883799,IN
2584883800,2584883809,US
2584883810,2584883811,IN
2584883812,2584883813,US
2584883814,2584883823,IN
2584883824,2584883825,US
2584883826,2584883831,IN
2584883832,2584883967,US
2584883968,2584883969,JP
2584883970,2584883971,US
2584883972,2584883979,JP
2584883980,2584887303,US
2584887304,2584887319,JP
2584887320,2584887339,US
2584887340,2584887341,JP
2584887342,2584887359,US
2584887360,2584887455,JP
2584887456,2584887551,US
2584887552,2584888319,JP
2584888320,2584888831,US
2584888832,2584889343,JP
2584889344,2584891391,GU
2584891392,2584891903,JP
2584891904,2584893951,US
2584893952,2584894463,JP
2584894464,2584895487,US
2584895488,2584895503,AU
2584895504,2584895511,US
2584895512,2584895569,AU
2584895570,2584895575,US
2584895576,2584895593,AU
2584895594,2584895595,US
2584895596,2584895599,AU
2584895600,2584895601,US
2584895602,2584895607,AU
2584895608,2584895615,US
2584895616,2584895647,AU
2584895648,2584895655,US
2584895656,2584895671,AU
2584895672,2584895679,US
2584895680,2584895695,AU
2584895696,2584895711,US
2584895712,2584895771,AU
2584895772,2584895773,US
2584895774,2584895783,AU
2584895784,2584895791,US
2584895792,2584895807,AU
2584895808,2584895815,US
2584895816,2584895821,AU
2584895822,2584895823,US
2584895824,2584895831,AU
2584895832,2584895847,US
2584895848,2584895903,AU
2584895904,2584895919,US
2584895920,2584895943,AU
2584895944,2584895959,US
2584895960,2584895967,AU
2584895968,2584895975,US
2584895976,2584895991,AU
2584895992,2584896015,US
2584896016,2584896023,AU
2584896024,2584896047,US
2584896048,2584896063,AU
2584896064,2584896071,US
2584896072,2584896079,AU
2584896080,2584896087,US
2584896088,2584896103,AU
2584896104,2584896127,US
2584896128,2584896167,AU
2584896168,2584896183,US
2584896184,2584896247,AU
2584896248,2584896263,US
2584896264,2584896295,AU
2584896296,2584896303,US
2584896304,2584896319,AU
2584896320,2584896327,US
2584896328,2584896351,AU
2584896352,2584896391,US
2584896392,2584896415,AU
2584896416,2584896423,US
2584896424,2584896439,AU
2584896440,2584896447,US
2584896448,2584896455,AU
2584896456,2584896511,US
2584896512,2584896541,AU
2584896542,2584896551,US
2584896552,2584896567,AU
2584896568,2584896575,US
2584896576,2584896599,AU
2584896600,2584897535,US
2584897536,2584897545,NZ
2584897546,2584897551,US
2584897552,2584897553,NZ
2584897554,2584897555,US
2584897556,2584897575,NZ
2584897576,2584897591,US
2584897592,2584897615,NZ
2584897616,2584897623,US
2584897624,2584897639,NZ
2584897640,2584897655,US
2584897656,2584897663,NZ
2584897664,2584899583,US
2584899584,2584899617,AU
2584899618,2584908063,US
2584908064,2584908079,ES
2584908080,2584908087,CA
2584908088,2584908095,US
2584908096,2584908103,CA
2584908104,2584908143,US
2584908144,2584908151,MX
2584908152,2584908167,US
2584908168,2584908175,MX
2584908176,2584909823,US
2584909824,2584910079,VE
2584910080,2584912127,US
2584912128,2584912383,HK
2584912384,2584913919,US
2584913920,2584914175,TW
2584914176,2584914943,US
2584914944,2584915455,HK
2584915456,2584915967,JP
2584915968,2584916223,SG
2584916224,2584916479,US
2584916480,2584917503,SG
2584917504,2584918783,US
2584918784,2584919295,SG
2584919296,2584919551,US
2584919552,2584919807,SG
2584919808,2584920063,JP
2584920064,2584921087,SG
2584921088,2584921599,PH
2584921600,2584922111,US
2584922112,2584924159,SG
2584924160,2584924415,US
2584924416,2584924671,SG
2584924672,2584925183,IN
2584925184,2584925439,SG
2584925440,2584925695,US
2584925696,2584930303,SG
2584930304,2584930815,MY
2584930816,2584931327,US
2584931328,2584932351,SG
2584932352,2584934399,US
2584934400,2584935423,DO
2584935424,2584935679,ID
2584935680,2584936191,US
2584936192,2584936447,ID
2584936448,2584945919,US
2584945920,2584946175,HK
2584946176,2584946687,ID
2584946688,2584947455,US
2584947456,2584947711,HK
2584947712,2585001983,US
2585001984,2585067519,CA
2585067520,2585069567,US
2585069568,2585070591,ES
2585070592,2585071103,US
2585071104,2585071359,DE
2585071360,2585071615,DO
2585071616,2585072639,GB
2585072640,2585073151,US
2585073152,2585073663,MM
2585073664,2585074687,ES
2585074688,2585075455,US
2585075456,2585075711,FR
2585075712,2585076735,NL
2585076736,2585077759,CA
2585077760,2585078015,IN
2585078016,2585078271,IT
2585078272,2585079359,US
2585079360,2585079391,CA
2585079392,2585079423,US
2585079424,2585079455,GB
2585079456,2585081855,US
2585081856,2585082367,CA
2585082368,2585082879,US
2585082880,2585084415,CA
2585084416,2585084927,US
2585084928,2585085439,FR
2585085440,2585092607,US
2585092608,2585092863,NL
2585092864,2585093119,IN
2585093120,2585094399,US
2585094400,2585094655,ID
2585094656,2585095679,US
2585095680,2585096191,ES
2585096192,2585096703,IN
2585096704,2585097727,US
2585097728,2585097983,RO
2585097984,2585099263,US
2585099264,2585100287,ES
2585100288,2585104895,US
2585104896,2585104927,NL
2585104928,2585104959,US
2585104960,2585104991,FR
2585104992,2585105023,CA
2585105024,2585107711,US
2585107712,2585107967,GB
2585107968,2585111551,US
2585111552,2585112575,CA
2585112576,2585122559,US
2585122560,2585122815,NL
2585122816,2585123327,US
2585123328,2585123839,FR
2585123840,2585127423,US
2585127424,2585127935,IN
2585127936,2585128447,US
2585128448,2585128703,CA
2585128704,2585133567,US
2585133568,2585134079,GB
2585134080,2585137151,US
2585137152,2585137663,IN
2585137664,2585137919,CW
2585137920,2585157631,US
2585157632,2585165823,CA
2585165824,2585166847,US
2585166848,2585167871,DE
2585167872,2585168383,US
2585168384,2585168639,IN
2585168640,2585169407,US
2585169408,2585169919,GB
2585169920,2585170943,US
2585170944,2585171199,SG
2585171200,2585171455,NL
2585171456,2585182207,US
2585182208,2585198591,ID
2585198592,2585231359,VE
2585231360,2585243647,US
2585243648,2585246719,HK
2585246720,2585427967,US
2585427968,2585434111,SG
2585434112,2585436159,AU
2585436160,2585468927,US
2585468928,2585477119,CA
2585477120,2585493503,US
2585493504,2585501695,VE
2585501696,2585509887,US
2585509888,2585518079,MX
2585518080,2585527807,US
2585527808,2585528319,FR
2585528320,2585530367,GB
2585530368,2585531391,US
2585531392,2585532415,CA
2585532416,2585560831,US
2585560832,2585561087,FR
2585561088,2585561599,DE
2585561600,2585563135,US
2585563136,2585563647,GB
2585563648,2585564159,US
2585564160,2585564415,IT
2585564416,2585564927,IE
2585564928,2585565183,DE
2585565184,2585565695,CA
2585565696,2585566207,US
2585566208,2585566463,NL
2585566464,2585566719,US
2585566720,2585566975,DE
2585566976,2585567231,US
2585567232,2585571327,GB
2585571328,2585628159,US
2585628160,2585628671,ES
2585628672,2585671679,US
2585671680,2585672703,GB
2585672704,2585697279,US
2585697280,2585697791,CA
2585697792,2585704959,US
2585704960,2585705471,ES
2585705472,2585722879,US
2585722880,2585739263,DE
2585739264,2585788415,US
2585788416,2585788671,GB
2585788672,2585788927,HK
2585788928,2585789183,GB
2585789184,2585811199,HK
2585811200,2585811455,GB
2585811456,2585815295,HK
2585815296,2585815551,GB
2585815552,2585815807,HK
2585815808,2585816063,GB
2585816064,2585816319,HK
2585816320,2585816575,GB
2585816576,2585819391,HK
2585819392,2585819647,GB
2585819648,2585822719,HK
2585822720,2585822975,GB
2585822976,2585826303,HK
2585826304,2585827839,GB
2585827840,2585828351,HK
2585828352,2585828607,GB
2585828608,2585828863,HK
2585828864,2585829119,GB
2585829120,2585836031,HK
2585836032,2585836287,GB
2585836288,2585837311,HK
2585837312,2585837567,GB
2585837568,2585842431,HK
2585842432,2585842943,GB
2585842944,2585851135,HK
2585851136,2585851391,GB
2585851392,2585853951,HK
2585853952,2585985023,JP
2585985024,2586087423,US
2586087424,2586089471,HK
2586089472,2586091519,JP
2586091520,2586093567,HK
2586093568,2586095103,US
2586095104,2586095615,HK
2586095616,2586098687,JP
2586098688,2586099711,HK
2586099712,2586160127,US
2586160128,2586163199,DE
2586163200,2586165247,US
2586165248,2586165759,ES
2586165760,2586166271,FR
2586166272,2586166783,CA
2586166784,2586177535,US
2586177536,2586178559,GB
2586178560,2586185727,US
2586185728,2586186751,CA
2586186752,2586188799,US
2586188800,2586189823,ID
2586189824,2586190335,DE
2586190336,2586190847,FR
2586190848,2586191359,US
2586191360,2586191871,CA
2586191872,2586210303,US
2586210304,2586212351,HK
2586212352,2586216447,US
2586216448,2586217471,GB
2586217472,2586218495,US
2586218496,2586222591,CA
2586222592,2586263551,US
2586263552,2586264575,HK
2586264576,2586279935,US
2586279936,2586296319,VE
2586296320,2586345471,US
2586345472,2586345495,FR
2586345496,2586345535,US
2586345536,2586345599,FR
2586345600,2586345727,US
2586345728,2586346239,FR
2586346240,2586347519,US
2586347520,2586347775,ID
2586347776,2586348287,US
2586348288,2586348543,DO
2586348544,2586349055,US
2586349056,2586349567,VE
2586349568,2586353663,US
2586353664,2586361855,GB
2586361856,2586361863,IT
2586361864,2586394623,US
2586394624,2586394687,FR
2586394688,2586394751,US
2586394752,2586394767,FR
2586394768,2586394783,US
2586394784,2586394799,FR
2586394800,2586394879,US
2586394880,2586395135,FR
2586395136,2586395903,US
2586395904,2586397183,FR
2586397184,2586397695,US
2586397696,2586398463,FR
2586398464,2586398975,US
2586398976,2586399231,ID
2586399232,2586400255,CA
2586400256,2586401791,US
2586401792,2586401919,DE
2586401920,2586402047,US
2586402048,2586402303,SG
2586402304,2586402559,US
2586402560,2586402815,FR
2586402816,2586411007,OM
2586411008,2586411047,US
2586411048,2586411055,FR
2586411056,2586411135,US
2586411136,2586411263,FR
2586411264,2586412031,US
2586412032,2586412799,FR
2586412800,2586413055,GB
2586413056,2586413823,US
2586413824,2586414079,DE
2586414080,2586415103,US
2586415104,2586419199,DO
2586419200,2586427391,VE
2586427392,2586427903,DE
2586427904,2586428159,FR
2586428160,2586428415,SG
2586428416,2586428671,DE
2586428672,2586431487,US
2586431488,2586431999,GB
2586432000,2586432255,US
2586432256,2586432511,DE
2586432512,2586433535,US
2586433536,2586434047,HK
2586434048,2586440703,US
2586440704,2586441727,FR
2586441728,2586443775,US
2586443776,2586443823,BE
2586443824,2586443903,US
2586443904,2586443935,BE
2586443936,2586444031,US
2586444032,2586445183,BE
2586445184,2586445311,US
2586445312,2586445366,BE
2586445367,2586445369,NL
2586445370,2586445371,BE
2586445372,2586445373,NL
2586445374,2586445374,BE
2586445375,2586445376,NL
2586445377,2586446335,BE
2586446336,2586460167,US
2586460168,2586460175,FR
2586460176,2586462207,US
2586462208,2586463231,FR
2586463232,2586484735,US
2586484736,2586486783,GB
2586486784,2586517503,US
2586517504,2586517527,FR
2586517528,2586517535,US
2586517536,2586517551,FR
2586517552,2586517583,US
2586517584,2586517631,FR
2586517632,2586517647,US
2586517648,2586517663,FR
2586517664,2586518015,US
2586518016,2586518783,FR
2586518784,2586519551,US
2586519552,2586520575,VE
2586520576,2586520831,US
2586520832,2586521087,DO
2586521088,2586521599,US
2586521600,2586522367,FR
2586522368,2586522623,SG
2586522624,2586523647,DE
2586523648,2586523903,DO
2586523904,2586524159,DE
2586524160,2586524207,FR
2586524208,2586524287,US
2586524288,2586524415,GB
2586524416,2586524671,FR
2586524672,2586525183,US
2586525184,2586525439,RO
2586525440,2586526463,US
2586526464,2586527231,GR
2586527232,2586527743,US
2586527744,2586528255,GR
2586528256,2586528511,US
2586528512,2586528767,GR
2586528768,2586542079,US
2586542080,2586542095,SE
2586542096,2586542223,US
2586542224,2586542311,SE
2586542312,2586542319,US
2586542320,2586543359,SE
2586543360,2586550271,US
2586550272,2586550783,BG
2586550784,2586551551,US
2586551552,2586552319,BG
2586552320,2586553343,US
2586553344,2586554367,BG
2586554368,2586555391,IQ
2586555392,2586556159,BG
2586556160,2586607615,US
2586607616,2586608383,CH
2586608384,2586608639,US
2586608640,2586609663,CH
2586609664,2586610063,US
2586610064,2586610071,ES
2586610072,2586610079,US
2586610080,2586610087,ES
2586610088,2586610687,US
2586610688,2586611711,ES
2586611712,2586611727,GB
2586611728,2586611743,US
2586611744,2586611751,GB
2586611752,2586612735,US
2586612736,2586613759,GB
2586613760,2586617983,US
2586617984,2586618111,DE
2586618112,2586619903,US
2586619904,2586620415,FR
2586620416,2586620927,US
2586620928,2586621439,FR
2586621440,2586621951,US
2586621952,2586622719,ES
2586622720,2586622975,US
2586622976,2586623999,ES
2586624000,2586640639,US
2586640640,2586640895,FR
2586640896,2586641407,US
2586641408,2586642175,FR
2586642176,2586648575,US
2586648576,2586648583,GB
2586648584,2586650663,US
2586650664,2586650671,NL
2586650672,2586650679,GB
2586650680,2586650719,US
2586650720,2586650767,NL
2586650768,2586650879,US
2586650880,2586651135,NL
2586651136,2586651391,US
2586651392,2586651903,NL
2586651904,2586652159,DE
2586652160,2586652671,NL
2586652672,2586652735,US
2586652736,2586652863,NL
2586652864,2586652927,US
2586652928,2586653183,NL
2586653184,2586656767,US
2586656768,2586656783,SE
2586656784,2586660863,US
2586660864,2586661631,IE
2586661632,2586673151,US
2586673152,2586689535,VE
2586689536,2586689543,ES
2586689544,2586693639,US
2586693640,2586693647,FR
2586693648,2586695007,US
2586695008,2586695039,FR
2586695040,2586695167,US
2586695168,2586695679,FR
2586695680,2586695695,GB
2586695696,2586695711,US
2586695712,2586695743,FR
2586695744,2586697727,US
2586697728,2586697759,FR
2586697760,2586697791,US
2586697792,2586697823,FR
2586697824,2586697855,US
2586697856,2586697887,FR
2586697888,2586697983,US
2586697984,2586701055,FR
2586701056,2586701823,US
2586701824,2586703871,FR
2586703872,2586704639,US
2586704640,2586704895,JP
2586704896,2586705919,CA
2586705920,2586705927,GB
2586705928,2586705935,US
2586705936,2586705951,GB
2586705952,2586706431,US
2586706432,2586706687,GB
2586706688,2586706943,US
2586706944,2586707967,GB
2586707968,2586710015,US
2586710016,2586710527,GB
2586710528,2586711039,DE
2586711040,2586711295,GB
2586711296,2586711551,DE
2586711552,2586711807,GB
2586711808,2586712063,DO
2586712064,2586712575,LA
2586712576,2586713343,CA
2586713344,2586713599,GB
2586713600,2586713855,DE
2586713856,2586714111,RO
2586714112,2586714367,US
2586714368,2586714623,NL
2586714624,2586716159,US
2586716160,2586716415,ES
2586716416,2586716927,US
2586716928,2586717183,ES
2586717184,2586718207,US
2586718208,2586719231,HR
2586719232,2586722335,US
2586722336,2586722367,DE
2586722368,2586722431,US
2586722432,2586722559,DE
2586722560,2586726399,US
2586726400,2586726431,GB
2586726432,2586726463,US
2586726464,2586726495,GB
2586726496,2586726655,US
2586726656,2586726911,GB
2586726912,2586727167,US
2586727168,2586728447,GB
2586728448,2586728703,US
2586728704,2586728991,GB
2586728992,2586729535,US
2586729536,2586729551,GB
2586729552,2586729555,NO
2586729556,2586729559,DE
2586729560,2586729567,FR
2586729568,2586729583,ES
2586729584,2586729591,JP
2586729592,2586738687,US
2586738688,2586739455,NL
2586739456,2586740735,US
2586740736,2586741759,NL
2586741760,2586747903,US
2586747904,2586753023,IT
2586753024,2586754047,US
2586754048,2586755071,IT
2586755072,2586771455,US
2586771456,2586771967,DE
2586771968,2586773247,US
2586773248,2586773503,GB
2586773504,2586775551,US
2586775552,2586775807,CO
2586775808,2586776063,CA
2586776064,2586776575,AT
2586776576,2586776831,JP
2586776832,2586777087,NL
2586777088,2586777343,US
2586777344,2586777599,JP
2586777600,2586777855,GB
2586777856,2586778367,US
2586778368,2586778623,BE
2586778624,2586778879,US
2586778880,2586779135,HR
2586779136,2586779391,ZA
2586779392,2586779647,US
2586779648,2586779775,NL
2586779776,2586779807,US
2586779808,2586779839,NL
2586779840,2586779863,US
2586779864,2586779871,NL
2586779872,2586788159,US
2586788160,2586788167,GB
2586788168,2586788175,US
2586788176,2586788191,GB
2586788192,2586788351,US
2586788352,2586789391,GB
2586789392,2586789631,US
2586789632,2586790143,GB
2586790144,2586790655,US
2586790656,2586794751,GB
2586794752,2586795519,US
2586795520,2586804223,GB
2586804224,2586808319,US
2586808320,2586809343,DE
2586809344,2586810367,ID
2586810368,2586810623,US
2586810624,2586810879,ID
2586810880,2586811135,US
2586811136,2586811391,CA
2586811392,2586811903,US
2586811904,2586812159,CA
2586812160,2586812703,US
2586812704,2586812711,RO
2586812712,2586853631,US
2586853632,2586853887,ES
2586853888,2586854143,US
2586854144,2586854399,ES
2586854400,2586875391,US
2586875392,2586875903,ES
2586875904,2586886151,US
2586886152,2586886155,CH
2586886156,2586886159,GB
2586886160,2586886207,DE
2586886208,2586886239,US
2586886240,2586886319,DE
2586886320,2586886327,US
2586886328,2586886335,DE
2586886336,2586886399,US
2586886400,2586886463,DE
2586886464,2586886495,US
2586886496,2586886511,ES
2586886512,2586886655,US
2586886656,2586886823,DE
2586886824,2586887167,US
2586887168,2586887935,DE
2586887936,2586888191,US
2586888192,2586889471,DE
2586889472,2586889727,US
2586889728,2586889855,DE
2586889856,2586890047,US
2586890048,2586890111,DE
2586890112,2586890175,US
2586890176,2586890751,DE
2586890752,2586891007,US
2586891008,2586891263,DE
2586891264,2586891519,GB
2586891520,2586892287,US
2586892288,2586893439,DE
2586893440,2586893567,US
2586893568,2586894079,DE
2586894080,2586894335,US
2586894336,2586903551,DE
2586903552,2586919167,US
2586919168,2586919183,GB
2586919184,2586919191,US
2586919192,2586919199,GB
2586919200,2586919231,US
2586919232,2586919327,GB
2586919328,2586919343,US
2586919344,2586919359,IE
2586919360,2586919471,US
2586919472,2586919487,GB
2586919488,2586919679,US
2586919680,2586921983,GB
2586921984,2586924287,US
2586924288,2586924543,GB
2586924544,2586925055,US
2586925056,2586927103,SA
2586927104,2586927359,IN
2586927360,2586928127,GB
2586928128,2586928639,US
2586928640,2586928895,IN
2586928896,2586929151,GB
2586929152,2586932735,US
2586932736,2586933247,ID
2586933248,2586937343,US
2586937344,2586937855,IN
2586937856,2586938879,US
2586938880,2586939135,IN
2586939136,2586939391,US
2586939392,2586941439,DE
2586941440,2586943487,US
2586943488,2586943743,DE
2586943744,2586951807,US
2586951808,2586951839,FR
2586951840,2586951935,US
2586951936,2586952447,FR
2586952448,2586952703,US
2586952704,2586956287,FR
2586956288,2586956543,US
2586956544,2586957567,FR
2586957568,2586957823,DE
2586957824,2586958079,FR
2586958080,2586958335,US
2586958336,2586959359,FR
2586959360,2586959871,US
2586959872,2586963967,FR
2586963968,2586966015,US
2586966016,2586967039,FR
2586967040,2586968063,ID
2586968064,2586968095,US
2586968096,2586968111,FR
2586968112,2586968127,US
2586968128,2586968575,FR
2586968576,2586968831,US
2586968832,2586968895,FR
2586968896,2586969087,US
2586969088,2586969599,FR
2586969600,2586972159,US
2586972160,2586976255,KH
2586976256,2586976511,FR
2586976512,2586978047,US
2586978048,2586978559,SG
2586978560,2586980351,US
2586980352,2586980607,FR
2586980608,2586981119,US
2586981120,2586981375,VE
2586981376,2586981631,US
2586981632,2586981887,FR
2586981888,2586983423,US
2586983424,2586984191,CA
2586984192,2586984471,US
2586984472,2586984479,GB
2586984480,2586994175,US
2586994176,2586994431,EC
2586994432,2586995711,US
2586995712,2586995967,HK
2586995968,2586996223,VE
2586996224,2586998783,US
2586998784,2586999295,IN
2586999296,2587000063,US
2587000064,2587000319,DO
2587000320,2587001615,US
2587001616,2587001631,DE
2587001632,2587017215,US
2587017216,2587017247,IE
2587017248,2587017295,US
2587017296,2587017311,IE
2587017312,2587017343,US
2587017344,2587017359,IE
2587017360,2587017423,US
2587017424,2587017439,IE
2587017440,2587017471,US
2587017472,2587018495,IE
2587018496,2587018655,US
2587018656,2587018687,IE
2587018688,2587018751,US
2587018752,2587018943,IE
2587018944,2587019007,US
2587019008,2587020287,IE
2587020288,2587020543,GB
2587020544,2587020927,US
2587020928,2587021055,IE
2587021056,2587021823,US
2587021824,2587022335,IE
2587022336,2587033695,US
2587033696,2587033711,NL
2587033712,2587033855,US
2587033856,2587034623,NL
2587034624,2587035647,PY
2587035648,2587036159,US
2587036160,2587036671,CA
2587036672,2587036927,US
2587036928,2587037183,NL
2587037184,2587037439,US
2587037440,2587037695,NL
2587037696,2587041823,US
2587041824,2587041855,FR
2587041856,2587045375,US
2587045376,2587045887,CA
2587045888,2587049983,HK
2587049984,2587050239,US
2587050240,2587050495,GB
2587050496,2587050751,US
2587050752,2587051263,GB
2587051264,2587054079,US
2587054080,2587054847,GB
2587054848,2587054863,DE
2587054864,2587054865,GB
2587054866,2587054867,US
2587054868,2587054895,GB
2587054896,2587054903,US
2587054904,2587054911,GB
2587054912,2587054919,US
2587054920,2587055039,GB
2587055040,2587055047,US
2587055048,2587055055,GB
2587055056,2587055103,US
2587055104,2587056127,GB
2587056128,2587066367,US
2587066368,2587066383,DE
2587066384,2587066463,GB
2587066464,2587066479,US
2587066480,2587066487,GB
2587066488,2587066489,DE
2587066490,2587066491,IT
2587066492,2587066559,GB
2587066560,2587066623,US
2587066624,2587067151,GB
2587067152,2587067391,US
2587067392,2587067903,GB
2587067904,2587068159,US
2587068160,2587068415,GB
2587068416,2587068447,US
2587068448,2587068463,NL
2587068464,2587068479,US
2587068480,2587068537,GB
2587068538,2587068543,US
2587068544,2587068639,GB
2587068640,2587068799,US
2587068800,2587068863,GB
2587068864,2587068927,US
2587068928,2587068991,GB
2587068992,2587069039,US
2587069040,2587069055,GB
2587069056,2587069183,US
2587069184,2587070719,GB
2587070720,2587071487,US
2587071488,2587071759,GB
2587071760,2587073535,US
2587073536,2587074047,NL
2587074048,2587074559,US
2587074560,2587074815,GB
2587074816,2587075071,US
2587075072,2587075839,GB
2587075840,2587076607,US
2587076608,2587080703,ES
2587080704,2587080959,US
2587080960,2587082751,GB
2587082752,2587083007,RO
2587083008,2587092991,US
2587092992,2587095039,NL
2587095040,2587096831,US
2587096832,2587097087,GB
2587097088,2587097343,US
2587097344,2587097599,GB
2587097600,2587098111,ID
2587098112,2587099135,US
2587099136,2587099647,FR
2587099648,2587099903,DE
2587099904,2587100159,GB
2587100160,2587100927,US
2587100928,2587101439,FR
2587101440,2587101695,US
2587101696,2587102207,FR
2587102208,2587102463,SG
2587102464,2587102719,FR
2587102720,2587102975,JP
2587102976,2587103231,FR
2587103232,2587103487,SG
2587103488,2587103743,CA
2587103744,2587103999,US
2587104000,2587104255,CA
2587104256,2587104511,US
2587104512,2587104767,DE
2587104768,2587105023,AU
2587105024,2587105279,CA
2587105280,2587105535,AU
2587105536,2587106559,CA
2587106560,2587106815,JP
2587106816,2587107327,US
2587107328,2587107591,BE
2587107592,2587107607,US
2587107608,2587107615,BE
2587107616,2587108095,US
2587108096,2587109247,BE
2587109248,2587110399,US
2587110400,2587111295,BE
2587111296,2587111423,US
2587111424,2587112703,BE
2587112704,2587131903,US
2587131904,2587132159,FR
2587132160,2587132175,US
2587132176,2587132191,FR
2587132192,2587164927,US
2587164928,2587165183,CH
2587165184,2587185151,US
2587185152,2587189247,FR
2587189248,2587198463,US
2587198464,2587198719,ES
2587198720,2587198975,US
2587198976,2587199231,ES
2587199232,2587205631,US
2587205632,2587207679,TR
2587207680,2587210751,US
2587210752,2587211775,TR
2587211776,2587213823,US
2587213824,2587214335,GM
2587214336,2587232511,US
2587232512,2587232515,CA
2587232516,2587232519,MX
2587232520,2587232527,US
2587232528,2587232531,CA
2587232532,2587232819,US
2587232820,2587232823,CA
2587232824,2587232915,US
2587232916,2587232927,MX
2587232928,2587232943,US
2587232944,2587232947,CA
2587232948,2587233091,US
2587233092,2587233095,MX
2587233096,2587233111,US
2587233112,2587233115,CA
2587233116,2587233135,US
2587233136,2587233139,UA
2587233140,2587233391,US
2587233392,2587233395,DE
2587233396,2587233591,US
2587233592,2587233595,DE
2587233596,2587233599,NL
2587233600,2587246591,US
2587246592,2587246595,AU
2587246596,2587246599,US
2587246600,2587246603,AU
2587246604,2587246611,US
2587246612,2587246615,AU
2587246616,2587263231,US
2587263232,2587263235,BR
2587263236,2587263239,MX
2587263240,2587266047,US
2587266048,2587266051,SG
2587266052,2587266055,JP
2587266056,2587266063,US
2587266064,2587266071,SG
2587266072,2587266075,JP
2587266076,2587266079,US
2587266080,2587266083,JP
2587266084,2587266087,SG
2587266088,2587266091,US
2587266092,2587266103,SG
2587266104,2587266115,US
2587266116,2587266123,SG
2587266124,2587266127,US
2587266128,2587266131,SG
2587266132,2587266135,HK
2587266136,2587266139,JP
2587266140,2587286527,US
2587286528,2587286783,ES
2587286784,2587293695,US
2587293696,2587294207,FR
2587294208,2587294463,US
2587294464,2587294719,FR
2587294720,2587318271,US
2587318272,2587320319,FR
2587320320,2587361279,US
2587361280,2587361535,MD
2587361536,2587369471,US
2587369472,2587377663,DO
2587377664,2587381759,US
2587381760,2587382047,FR
2587382048,2587382079,US
2587382080,2587382143,FR
2587382144,2587382783,US
2587382784,2587383807,FR
2587383808,2587386367,US
2587386368,2587387135,DE
2587387136,2587387647,US
2587387648,2587388927,DE
2587388928,2587389951,SA
2587389952,2587390463,CA
2587390464,2587390975,PH
2587390976,2587391487,US
2587391488,2587391743,CA
2587391744,2587391999,DO
2587392000,2587394047,US
2587394048,2587399679,ES
2587399680,2587400191,US
2587400192,2587402239,ES
2587402240,2587402247,US
2587402248,2587402255,ES
2587402256,2587402335,US
2587402336,2587402351,GB
2587402352,2587410943,US
2587410944,2587411199,IT
2587411200,2587411711,US
2587411712,2587412223,IT
2587412224,2587412735,US
2587412736,2587412991,IT
2587412992,2587415807,US
2587415808,2587416063,IT
2587416064,2587416575,US
2587416576,2587417599,IT
2587417600,2587417855,US
2587417856,2587418111,IT
2587418112,2587418623,US
2587418624,2587421951,GB
2587421952,2587422719,US
2587422720,2587425791,GB
2587425792,2587426303,US
2587426304,2587426815,GB
2587426816,2587427073,GR
2587427074,2587427103,US
2587427104,2587427135,GR
2587427136,2587427583,US
2587427584,2587427839,SK
2587427840,2587431167,GR
2587431168,2587431423,US
2587431424,2587433215,GR
2587433216,2587433471,US
2587433472,2587435007,GR
2587435008,2587435071,FR
2587435072,2587435135,ES
2587435136,2587435263,DE
2587435264,2587435521,FR
2587435522,2587435583,US
2587435584,2587435647,FR
2587435648,2587436543,US
2587436544,2587436799,FR
2587436800,2587438079,US
2587438080,2587438335,FR
2587438336,2587438591,ES
2587438592,2587439103,FR
2587439104,2587441407,US
2587441408,2587441663,VE
2587441664,2587448319,US
2587448320,2587448575,CH
2587448576,2587461631,US
2587461632,2587462399,DE
2587462400,2587463679,US
2587463680,2587463943,NL
2587463944,2587463959,US
2587463960,2587464063,NL
2587464064,2587464095,US
2587464096,2587464167,NL
2587464168,2587464175,US
2587464176,2587464191,NL
2587464192,2587464447,IL
2587464448,2587464703,NL
2587464704,2587464831,US
2587464832,2587464959,NL
2587464960,2587465215,IL
2587465216,2587465223,NL
2587465224,2587465247,US
2587465248,2587465279,NL
2587465280,2587465471,US
2587465472,2587465727,NL
2587465728,2587465983,US
2587465984,2587466239,NL
2587466240,2587466431,US
2587466432,2587466463,DE
2587466464,2587467263,NL
2587467264,2587467775,US
2587467776,2587471871,NL
2587471872,2587475967,US
2587475968,2587484159,PK
2587484160,2587492351,GB
2587492352,2587498495,ES
2587498496,2587498751,US
2587498752,2587499007,ES
2587499008,2587499519,US
2587499520,2587501567,ES
2587501568,2587525151,US
2587525152,2587525159,DE
2587525160,2587525183,US
2587525184,2587525215,DE
2587525216,2587525375,US
2587525376,2587525631,DE
2587525632,2587527167,US
2587527168,2587527679,DE
2587527680,2587527935,ID
2587527936,2587528447,US
2587528448,2587528703,GB
2587528704,2587533311,US
2587533312,2587541503,OM
2587541504,2587544831,ES
2587544832,2587544839,US
2587544840,2587544847,DE
2587544848,2587544855,GB
2587544856,2587544863,IT
2587544864,2587544871,US
2587544872,2587544879,NL
2587544880,2587544887,US
2587544888,2587544895,FR
2587544896,2587544903,CO
2587544904,2587545599,ES
2587545600,2587545855,US
2587545856,2587546623,ES
2587546624,2587547647,US
2587547648,2587549695,ES
2587549696,2587549703,US
2587549704,2587549711,FR
2587549712,2587551231,US
2587551232,2587551743,ID
2587551744,2587551999,DE
2587552000,2587552255,US
2587552256,2587552511,VE
2587552512,2587552767,PY
2587552768,2587553535,US
2587553536,2587553791,GB
2587553792,2587567359,US
2587567360,2587567615,FR
2587567616,2587568127,US
2587568128,2587570175,PK
2587570176,2587572223,US
2587572224,2587573247,VE
2587573248,2587580415,US
2587580416,2587580671,GB
2587580672,2587580927,US
2587580928,2587581183,NL
2587581184,2587581439,GB
2587581440,2587581951,IN
2587581952,2587582207,US
2587582208,2587582463,VE
2587582464,2587582719,SG
2587582720,2587582975,FR
2587582976,2587583487,NL
2587583488,2587583743,US
2587583744,2587584255,NL
2587584256,2587584511,US
2587584512,2587586559,NL
2587586560,2587586815,US
2587586816,2587588863,NL
2587588864,2587589119,US
2587589120,2587590399,NL
2587590400,2587591423,US
2587591424,2587591679,GB
2587591680,2587592191,US
2587592192,2587594751,GB
2587594752,2587595007,LB
2587595008,2587595519,GB
2587595520,2587596287,US
2587596288,2587596543,GB
2587596544,2587607295,US
2587607296,2587607551,DE
2587607552,2587607807,AU
2587607808,2587608575,DE
2587608576,2587609343,US
2587609344,2587609599,DO
2587609600,2587610623,US
2587610624,2587611135,DO
2587611136,2587615231,GB
2587615232,2587616255,EE
2587616256,2587631615,US
2587631616,2587631871,ES
2587631872,2587640831,US
2587640832,2587641855,GB
2587641856,2587642111,US
2587642112,2587642367,IQ
2587642368,2587642879,GB
2587642880,2587643903,US
2587643904,2587644671,GB
2587644672,2587647231,US
2587647232,2587647487,IQ
2587647488,2587647999,GB
2587648000,2587649023,US
2587649024,2587649071,DE
2587649072,2587649087,US
2587649088,2587649119,DE
2587649120,2587649279,US
2587649280,2587649535,DE
2587649536,2587649791,US
2587649792,2587650047,DE
2587650048,2587650559,US
2587650560,2587652095,ES
2587652096,2587652351,GB
2587652352,2587672575,US
2587672576,2587672831,IT
2587672832,2587673343,US
2587673344,2587673599,IT
2587673600,2587674111,US
2587674112,2587675647,IT
2587675648,2587678719,US
2587678720,2587679231,IT
2587679232,2587679487,US
2587679488,2587679743,IT
2587679744,2587680767,US
2587680768,2587681535,ES
2587681536,2587685375,US
2587685376,2587685631,ES
2587685632,2587685887,US
2587685888,2587686143,ES
2587686144,2587697407,US
2587697408,2587697919,GB
2587697920,2587699199,US
2587699200,2587700223,GB
2587700224,2587702015,US
2587702016,2587702271,GB
2587702272,2587702783,US
2587702784,2587705343,GB
2587705344,2587705599,US
2587705600,2587705855,PH
2587705856,2587706111,US
2587706112,2587706623,NL
2587706624,2587706879,IN
2587706880,2587707007,NL
2587707008,2587707135,IT
2587707136,2587707391,NL
2587707392,2587707647,IN
2587707648,2587707903,NL
2587707904,2587708927,IN
2587708928,2587709439,NL
2587709440,2587709695,IN
2587709696,2587709759,NL
2587709760,2587709823,CH
2587709824,2587709887,IT
2587709888,2587709919,NL
2587709920,2587709951,DE
2587709952,2587710207,AZ
2587710208,2587710463,US
2587710464,2587710719,AU
2587710720,2587711231,NL
2587711232,2587711295,NO
2587711296,2587711359,DE
2587711360,2587712511,NL
2587712512,2587712767,US
2587712768,2587713535,NL
2587713536,2587715583,US
2587715584,2587716607,ES
2587716608,2587719467,US
2587719468,2587719471,ES
2587719472,2587721727,US
2587721728,2587721983,GB
2587721984,2587722239,US
2587722240,2587724543,GB
2587724544,2587724799,US
2587724800,2587725823,GB
2587725824,2587727871,US
2587727872,2587728895,GB
2587728896,2587731199,US
2587731200,2587731967,GB
2587731968,2587732223,US
2587732224,2587732479,GB
2587732480,2587732991,CA
2587732992,2587733247,PY
2587733248,2587733503,TJ
2587733504,2587733759,DE
2587733760,2587734783,US
2587734784,2587734847,DE
2587734848,2587734911,GB
2587734912,2587735039,US
2587735040,2587735295,GB
2587735296,2587735551,LB
2587735552,2587738111,GB
2587738112,2587741183,US
2587741184,2587741447,RS
2587741448,2587747839,US
2587747840,2587748351,ES
2587748352,2587754751,US
2587754752,2587755007,NL
2587755008,2587755519,US
2587755520,2587755815,NL
2587755816,2587755823,DE
2587755824,2587755831,US
2587755832,2587755839,NL
2587755840,2587755903,EE
2587755904,2587755911,CA
2587755912,2587755923,US
2587755924,2587755927,NL
2587755928,2587755935,US
2587755936,2587755943,CA
2587755944,2587756287,US
2587756288,2587756543,IN
2587756544,2587762687,NL
2587762688,2587766271,US
2587766272,2587766527,ES
2587766528,2587770879,US
2587770880,2587772415,ES
2587772416,2587772927,US
2587772928,2587773951,ES
2587773952,2587774207,US
2587774208,2587774463,ES
2587774464,2587774719,US
2587774720,2587779071,ES
2587779072,2587779863,FR
2587779864,2587779879,DE
2587779880,2587780351,FR
2587780352,2587783167,US
2587783168,2587784191,FR
2587784192,2587785215,VE
2587785216,2587785983,US
2587785984,2587786239,VE
2587786240,2587786751,US
2587786752,2587787007,DO
2587787008,2587787263,VE
2587787264,2587787519,US
2587787520,2587787775,GB
2587787776,2587788031,US
2587788032,2587788287,GB
2587788288,2587788543,US
2587788544,2587788799,GB
2587788800,2587789311,US
2587789312,2587789567,GB
2587789568,2587789823,DE
2587789824,2587790335,US
2587790336,2587791359,GB
2587791360,2587796479,US
2587796480,2587798527,GB
2587798528,2587799551,US
2587799552,2587800575,GB
2587800576,2587801599,US
2587801600,2587801855,GB
2587801856,2587802111,US
2587802112,2587802623,GB
2587802624,2587803647,US
2587803648,2587803903,IT
2587803904,2587811839,US
2587811840,2587813375,ES
2587813376,2587813631,US
2587813632,2587825407,ES
2587825408,2587826175,US
2587826176,2587828223,ES
2587828224,2587828735,GB
2587828736,2587830271,US
2587830272,2587831295,VI
2587831296,2587836415,US
2587836416,2587836991,BE
2587836992,2587837007,US
2587837008,2587837011,BE
2587837012,2587837183,US
2587837184,2587837951,BE
2587837952,2587861503,US
2587861504,2587861511,IT
2587861512,2587863039,US
2587863040,2587864575,IT
2587864576,2587865087,US
2587865088,2587865343,HU
2587865344,2587885567,US
2587885568,2587901951,BR
2587901952,2587918335,CA
2587918336,2587951103,US
2587951104,2587952127,ZA
2587952128,2587953151,NG
2587953152,2587954175,MU
2587954176,2587955199,ZA
2587955200,2587957247,GH
2587957248,2587958271,LR
2587958272,2587959295,BJ
2587959296,2587961343,SN
2587964416,2587965439,ZA
2587965440,2587966463,CI
2587966464,2587967487,BF
2587967488,2587983871,ZA
2587983872,2588016639,AO
2588016640,2588033023,NG
2588033024,2588037119,ZA
2588037120,2588038143,AO
2588039168,2588041215,ZA
2588041216,2588042239,CI
2588043264,2588044287,AO
2588044288,2588045311,LS
2588045312,2588046335,ZA
2588046336,2588047359,CI
2588047360,2588049407,MW
2588049408,2588053503,BJ
2588053504,2588057599,ZA
2588057600,2588061695,BF
2588061696,2588070911,ZA
2588070912,2588071935,CI
2588071936,2588072959,UG
2588072960,2588073983,NE
2588073984,2588075007,TZ
2588078080,2588080127,MU
2588080128,2588082175,ZA
2588082176,2588147711,RE
2588147712,2588164095,CI
2588164096,2588180479,RW
2588180480,2588188671,TD
2588188672,2588196863,ZA
2588196864,2588213247,NG
2588213248,2588278783,ZA
2588278784,2588295167,KE
2588299264,2588303359,TG
2588303360,2588311551,CM
2588311552,2588315647,ZA
2588315648,2588317695,BW
2588317696,2588318463,ZA
2588318464,2588318719,KR
2588319744,2588327935,SC
2588327936,2588328959,ML
2588329984,2588332031,MA
2588332032,2588344319,ZA
2588344320,2588352511,MU
2588352512,2588377087,CI
2588377088,2588409855,AO
2588409856,2588410879,CI
2588410880,2588412927,ZA
2588412928,2588413951,ST
2588413952,2588414207,LR
2588414208,2588414463,CD
2588414464,2588414719,UG
2588414720,2588414975,GH
2588414976,2588415999,TZ
2588416000,2588417023,SO
2588418048,2588420095,NG
2588420096,2588422143,ZA
2588422144,2588423167,SO
2588423168,2588424191,CD
2588424192,2588426239,ZA
2588426240,2588434431,TZ
2588434432,2588438527,ZA
2588438528,2588442623,CI
2588442624,2588459007,CM
2588459008,2588467199,UG
2588467200,2588471295,TN
2588471296,2588477439,ZA
2588477440,2588478463,NG
2588479488,2588480511,ZA
2588480512,2588481535,CD
2588481536,2588482559,SO
2588482560,2588483583,LY
2588483584,2588484607,ZA
2588484608,2588485631,BW
2588485632,2588486655,BI
2588486656,2588487679,SO
2588487680,2588488703,SC
2588488704,2588489727,LY
2588489728,2588490751,GN
2588490752,2588491775,GW
2588491776,2588492799,TZ
2588493824,2588494847,ZA
2588495872,2588496895,ZW
2588496896,2588497919,BW
2588497920,2588498943,SS
2588498944,2588499967,DZ
2588499968,2588500991,ZA
2588500992,2588502015,CI
2588502016,2588503039,BI
2588503040,2588504063,LY
2588504064,2588505087,TD
2588506112,2588507135,ZA
2588507136,2588508159,SO
2588508160,2588510207,LY
2588510208,2588512255,ZA
2588514304,2588516351,ZA
2588516352,2588518399,TD
2588518400,2588519423,TZ
2588519424,2588520447,SN
2588521472,2588526591,ZA
2588528640,2588534783,ZA
2588534784,2588535807,ZM
2588536832,2588540927,ZA
2588540928,2588671999,TZ
2588672000,2588934143,KE
2588934144,2589003775,SC
2589003776,2589007871,HK
2589007872,2589009919,SC
2589009920,2589011455,CN
2589011456,2589011967,GB
2589011968,2589012479,SC
2589012480,2589012735,GB
2589012736,2589012991,SC
2589012992,2589014015,GB
2589014016,2589017855,SC
2589017856,2589018111,CH
2589018112,2589033471,SC
2589033472,2589033727,SG
2589033728,2589033983,TH
2589033984,2589034239,ID
2589034240,2589034495,PH
2589034496,2589035007,SC
2589035008,2589035263,VN
2589035264,2589035519,KR
2589035520,2589039615,SC
2589039616,2589039871,NL
2589039872,2589040639,SC
2589040640,2589040895,MY
2589040896,2589041151,SC
2589041152,2589041407,MY
2589041408,2589041919,SC
2589041920,2589042175,MY
2589042176,2589042431,SC
2589042432,2589043199,MY
2589043200,2589043455,SC
2589043456,2589043711,MY
2589043712,2589048831,SC
2589048832,2589049087,GA
2589049088,2589049343,JM
2589049344,2589049599,FR
2589049600,2589049855,BG
2589049856,2589050879,NL
2589050880,2589055999,SC
2589056000,2589056255,GB
2589056256,2589065215,SC
2589065216,2589065727,NL
2589065728,2589099519,SC
2589099520,2589099775,PH
2589099776,2589100543,SC
2589100544,2589101055,MO
2589101056,2589103103,SC
2589103104,2589103359,PH
2589103360,2589104383,SC
2589104384,2589104639,PH
2589104640,2589105663,SC
2589105664,2589105919,PH
2589105920,2589106687,SC
2589106688,2589108223,PH
2589108224,2589109247,SC
2589109248,2589109759,GB
2589109760,2589110271,VN
2589110272,2589110783,TH
2589110784,2589111295,ID
2589111296,2589111551,IN
2589111552,2589111807,HK
2589111808,2589115391,SC
2589115392,2589116415,PH
2589116416,2589130751,SC
2589130752,2589131263,SG
2589131264,2589133055,SC
2589133056,2589133311,PH
2589133312,2589133567,VN
2589133568,2589133823,US
2589133824,2589135359,SC
2589135360,2589135871,ES
2589135872,2589136895,SC
2589136896,2589137151,MY
2589137152,2589138943,SC
2589138944,2589139199,MX
2589139200,2589140991,SC
2589140992,2589142015,TH
2589142016,2589147391,SC
2589147392,2589147647,MY
2589147648,2589147903,SC
2589147904,2589148159,MY
2589148160,2589149183,SC
2589149184,2589150719,TH
2589150720,2589152255,SC
2589152256,2589153279,HK
2589153280,2589153535,JP
2589153536,2589153791,SG
2589153792,2589154047,US
2589154048,2589155327,JP
2589155328,2589155839,SC
2589155840,2589156095,HK
2589156096,2589163775,SC
2589163776,2589164031,NL
2589164032,2589166591,SC
2589166592,2589166847,NL
2589166848,2589168639,SC
2589168640,2589169151,NL
2589169152,2589171455,SC
2589171456,2589171711,NL
2589171712,2589175807,US
2589175808,2589178367,SC
2589178368,2589178623,NL
2589178624,2589183999,SC
2589184000,2589184255,NL
2589184256,2589235711,SC
2589235712,2589235967,HK
2589235968,2589239807,SC
2589239808,2589240319,NL
2589240320,2589241343,SC
2589241344,2589243391,DE
2589243392,2589244415,SC
2589244416,2589244927,NL
2589244928,2589265919,SC
2589265920,2589266431,HK
2589266432,2589266943,JP
2589266944,2589268479,SC
2589268480,2589268735,FI
2589268736,2589286655,SC
2589286656,2589286911,AU
2589286912,2589287167,SC
2589287168,2589287423,AU
2589287424,2589331455,SC
2589331456,2589343743,HK
2589343744,2589357823,SC
2589357824,2589358079,NL
2589358080,2589459199,SC
2589459200,2589459455,US
2589459456,2589471999,SC
2589472000,2589472255,KE
2589472256,2589472511,GH
2589472512,2589472767,SC
2589472768,2589473023,CD
2589473024,2589473535,KE
2589473536,2589473791,US
2589473792,2589491199,SC
2589491200,2589523967,DO
2589523968,2589524991,SC
2589524992,2589525247,HK
2589525248,2589557759,SC
2589557760,2589558015,HK
2589558016,2589585407,SC
2589585408,2589589503,US
2589589504,2589589759,SC
2589589760,2589590015,AU
2589590016,2589597695,SC
2589597696,2589599231,PH
2589599232,2589600767,MY
2589600768,2589601791,TH
2589601792,2589602303,ID
2589602304,2589602815,SA
2589602816,2589603839,AE
2589603840,2589604863,SG
2589604864,2589605375,BR
2589605376,2589605887,KR
2589605888,2589606143,SC
2589606144,2589606399,MY
2589606400,2589606655,SC
2589606656,2589606911,MY
2589606912,2589609983,SC
2589609984,2589622271,US
2589622272,2589622527,PH
2589622528,2589623039,JO
2589623040,2589623295,TN
2589623296,2589623807,SC
2589623808,2589624063,PH
2589624064,2589624319,SC
2589624320,2589624831,PH
2589624832,2589625343,SC
2589625344,2589625599,PH
2589625600,2589625855,SC
2589625856,2589626367,FR
2589626368,2589633535,SC
2589633536,2589634047,FR
2589634048,2589637887,SC
2589637888,2589638143,PH
2589638144,2589655039,SC
2589655040,2589655295,GB
2589655296,2589664767,SC
2589664768,2589665023,BR
2589665024,2589693951,SC
2589693952,2589695231,US
2589695232,2589706495,SC
2589706496,2589706751,TH
2589706752,2589707263,SC
2589707264,2589712383,ZA
2589712384,2589723135,SC
2589723136,2589723647,HK
2589723648,2589724159,UA
2589724160,2589753343,SC
2589753344,2589754367,HK
2589754368,2589755391,JP
2589755392,2589757439,SC
2589757440,2589761535,US
2589761536,2589765631,SC
2589765632,2589765887,HK
2589765888,2589767679,SC
2589767680,2589767935,HK
2589767936,2589768191,SC
2589768192,2589768447,HK
2589768448,2589769215,SC
2589769216,2589769471,HK
2589769472,2589771775,SC
2589771776,2589773055,HK
2589773056,2589773311,JP
2589773312,2589773567,HK
2589773568,2589773823,JP
2589773824,2589774079,HK
2589774080,2589774847,SG
2589774848,2589775615,VN
2589775616,2589777919,HK
2589777920,2589786111,SC
2589786112,2589786367,SG
2589786368,2589786623,PH
2589786624,2589786879,SC
2589786880,2589787135,PH
2589787136,2589792767,SC
2589792768,2589793023,PH
2589793024,2589793279,SC
2589793280,2589794303,PH
2589794304,2589794559,AR
2589794560,2589794815,RU
2589794816,2589795327,KR
2589795328,2589795839,IQ
2589795840,2589796351,DE
2589796352,2589796863,SG
2589796864,2589797375,HK
2589797376,2589797631,AE
2589797632,2589797887,EG
2589797888,2589798143,BD
2589798144,2589798399,MX
2589798400,2589798655,VN
2589798656,2589798911,MX
2589798912,2589799423,MM
2589799424,2589799935,JP
2589799936,2589800959,HK
2589800960,2589801215,TH
2589801216,2589801471,PH
2589801472,2589801727,GB
2589801728,2589801983,HK
2589801984,2589802239,FR
2589802240,2589802495,TR
2589802496,2589802751,BR
2589802752,2589803263,SA
2589803264,2589803519,MX
2589803520,2589803775,BH
2589803776,2589804031,KW
2589804032,2589804287,OM
2589804288,2589804543,TW
2589804544,2589804799,VN
2589804800,2589805055,SG
2589805056,2589805311,US
2589805312,2589805823,CO
2589805824,2589806079,TR
2589806080,2589806335,PH
2589806336,2589806591,PK
2589806592,2589806847,QA
2589806848,2589807103,FR
2589807104,2589807359,SA
2589807360,2589807615,IQ
2589807616,2589808127,HK
2589808128,2589808383,PK
2589808384,2589808639,SC
2589808640,2589809663,SG
2589809664,2589810175,HK
2589810176,2589810431,PE
2589810432,2589810687,CA
2589810688,2589811455,VN
2589811456,2589811711,JP
2589811712,2589812223,HK
2589812224,2589812479,TH
2589812480,2589812735,VN
2589812736,2589813247,HK
2589813248,2589813503,VN
2589813504,2589813759,PH
2589813760,2589814015,MY
2589814016,2589814271,HK
2589814272,2589814527,KH
2589814528,2589814783,KR
2589814784,2589815295,SG
2589815296,2589815551,SC
2589815552,2589815807,KR
2589815808,2589816831,ID
2589816832,2589817343,US
2589817344,2589817599,KR
2589817600,2589817855,CA
2589817856,2589818367,DE
2589818368,2589818623,VN
2589818624,2589818879,TR
2589818880,2589854719,SC
2589854720,2589855743,US
2589855744,2589860351,SC
2589860352,2589860607,FR
2589860608,2589860863,PH
2589860864,2589861631,SC
2589861632,2589861887,FR
2589861888,2589862399,SC
2589862400,2589862655,FR
2589862656,2589863167,SC
2589863168,2589863423,FR
2589863424,2589866239,SC
2589866240,2589866751,FR
2589866752,2589867263,SC
2589867264,2589867519,FR
2589867520,2589867775,CA
2589867776,2589868031,SC
2589868032,2589868287,SG
2589868288,2589868543,BR
2589868544,2589869055,ID
2589869056,2589870079,VN
2589870080,2589871103,SA
2589871104,2589872127,AE
2589872128,2589872895,TH
2589872896,2589873663,ID
2589873664,2589874431,SG
2589874432,2589874687,JP
2589874688,2589874943,AR
2589874944,2589875199,BR
2589875200,2589875455,CL
2589875456,2589875711,CO
2589875712,2589875967,MX
2589875968,2589876479,TR
2589876480,2589876735,OM
2589876736,2589876991,KW
2589876992,2589877247,QA
2589877248,2589877503,BG
2589877504,2589877759,GR
2589877760,2589878015,BD
2589878016,2589878271,FR
2589878272,2589878527,HK
2589878528,2589878783,IQ
2589878784,2589879039,PK
2589879040,2589879295,EG
2589879296,2589879551,BH
2589879552,2589879807,KR
2589879808,2589880063,TW
2589880064,2589880319,MY
2589880320,2589880831,ZA
2589880832,2589881087,MY
2589881088,2589881343,TH
2589881344,2589881599,ID
2589881600,2589881855,MM
2589881856,2589882879,PH
2589882880,2589883135,NP
2589883136,2589883391,DE
2589883392,2589883647,US
2589883648,2589883903,KR
2589883904,2589884159,BR
2589884160,2589884415,VN
2589884416,2589918719,SC
2589918720,2589919743,MY
2589919744,2589933567,SC
2589933568,2589933823,IQ
2589933824,2589934079,HK
2589934080,2589934591,SA
2589934592,2589934847,NP
2589934848,2589935103,FR
2589935104,2589936639,HK
2589936640,2589936895,FR
2589936896,2589937151,US
2589937152,2589937407,PK
2589937408,2589937663,DE
2589937664,2589937919,FR
2589937920,2589938175,BD
2589938176,2589938431,ZA
2589938432,2589938687,US
2589938688,2589938943,DE
2589938944,2589939199,US
2589939200,2589939711,SA
2589939712,2589939967,JP
2589939968,2589940223,ID
2589940224,2589940735,FR
2589940736,2589940991,PK
2589940992,2589941247,BD
2589941248,2589941503,FR
2589941504,2589941759,KH
2589941760,2589947903,HK
2589947904,2589948415,SG
2589948416,2589949951,HK
2589949952,2589982719,SC
2589982720,2590507007,SD
2590507008,2591031295,TN
2591031296,2591096831,GA
2591096832,2591162367,NG
2591162368,2591195135,ZA
2591227904,2591260671,ZA
2591260672,2591264767,SN
2591267840,2591268863,ZA
2591268864,2591277055,KE
2591277056,2591293439,SO
2591293440,2591326207,GA
2591326208,2591358975,AO
2591375360,2591391743,NG
2591391744,2591408127,ZA
2591408128,2591424511,BI
2591424512,2591457279,NG
2591457280,2591473663,ML
2591473664,2591481855,AO
2591481856,2591483903,TZ
2591485952,2591486975,SO
2591486976,2591487999,ZA
2591489024,2591490047,ZA
2591490048,2591498239,BI
2591498240,2591510527,ZA
2591510528,2591514623,ZW
2591514624,2591522815,SZ
2591522816,2591526911,CI
2591526912,2591539199,ZA
2591539200,2591547391,GA
2591547392,2591555583,ZA
2591555584,2591571967,GH
2591571968,2591588351,NG
2591588352,2591604735,MG
2591604736,2591621119,MU
2591621120,2591686655,DZ
2591686656,2591817727,KE
2591817728,2591948799,SN
2591948800,2591981567,MG
2591981568,2591997951,CM
2591997952,2592006143,ZA
2592006144,2592022527,TZ
2592022528,2592026623,BJ
2592026624,2592026879,US
2592026880,2592027135,ZA
2592027136,2592027903,MU
2592027904,2592028671,US
2592028672,2592028927,CA
2592028928,2592029183,MU
2592029184,2592029439,ZA
2592029440,2592029695,MU
2592029696,2592029951,HK
2592029952,2592030207,US
2592030208,2592030463,ID
2592030464,2592030719,US
2592030720,2592034815,LY
2592034816,2592038911,NE
2592043008,2592047103,ZA
2592047104,2592079871,AO
2592079872,2593128447,EG
2593128448,2593652735,MA
2593652736,2594177023,KE
2594177024,2595225599,GH
2595225600,2596274175,EG
2596274176,2596340223,SC
2596340224,2596340479,KR
2596340480,2596348671,SC
2596348672,2596348927,KR
2596348928,2596353791,SC
2596353792,2596354047,US
2596354048,2596365055,SC
2596365056,2596368127,VN
2596368128,2596368383,SC
2596368384,2596372479,US
2596372480,2596372991,SC
2596372992,2596373247,DE
2596373248,2596373503,SC
2596373504,2596373759,DE
2596373760,2596374527,SC
2596374528,2596376575,UA
2596376576,2596378623,NL
2596378624,2596379647,SC
2596379648,2596380159,DE
2596380160,2596381439,SC
2596381440,2596383743,DE
2596383744,2596384767,ES
2596384768,2596385791,PL
2596385792,2596386815,FR
2596386816,2596406271,SC
2596406272,2596406527,DE
2596406528,2596406783,MY
2596406784,2596407039,SC
2596407040,2596407295,DE
2596407296,2596408575,SC
2596408576,2596409087,VE
2596409088,2596413695,SC
2596413696,2596413951,DE
2596413952,2596414463,SC
2596414464,2596414719,IT
2596414720,2596414975,SC
2596414976,2596415231,DE
2596415232,2596418559,SC
2596418560,2596418815,NL
2596418816,2596419071,SC
2596419072,2596419327,VE
2596419328,2596419583,SC
2596419584,2596419839,MX
2596419840,2596420095,SC
2596420096,2596420351,US
2596420352,2596420607,FI
2596420608,2596422399,SC
2596422400,2596422655,FI
2596422656,2596422911,OM
2596422912,2596423167,SC
2596423168,2596438015,DE
2596438016,2596455167,SC
2596455168,2596455423,MY
2596455424,2596458239,SC
2596458240,2596458495,IT
2596458496,2596460031,MY
2596460032,2596463103,SC
2596463104,2596463615,NL
2596463616,2596465663,SC
2596465664,2596466687,US
2596466688,2596470783,SC
2596470784,2596471807,DE
2596471808,2596472319,SC
2596472320,2596472831,DE
2596472832,2596473855,MX
2596473856,2596474367,KR
2596474368,2596474879,MY
2596474880,2596478975,DE
2596478976,2596495359,SC
2596495360,2596510207,DE
2596510208,2596510463,BE
2596510464,2596519935,DE
2596519936,2596540415,SC
2596540416,2596559871,DE
2596559872,2596570623,SC
2596570624,2596570879,SG
2596570880,2596571903,SC
2596571904,2596572159,SG
2596572160,2596577279,SC
2596577280,2596577535,SG
2596577536,2596582143,SC
2596582144,2596582655,SG
2596582656,2596585471,SC
2596585472,2596589567,US
2596589568,2596590847,SG
2596590848,2596591103,SC
2596591104,2596591359,MX
2596591360,2596602111,SC
2596602112,2596602367,VE
2596602368,2596604927,SC
2596604928,2596605951,HK
2596605952,2596608255,SC
2596608256,2596608511,MX
2596608512,2596613375,SC
2596613376,2596613631,JP
2596613632,2596615167,SC
2596615168,2596615679,HK
2596615680,2596617215,SC
2596617216,2596617727,TW
2596617728,2596617983,NL
2596617984,2596620799,SC
2596620800,2596621055,JP
2596621056,2596621311,SC
2596621312,2596621567,HK
2596621568,2596623871,SC
2596623872,2596624383,JP
2596624384,2596624895,SC
2596624896,2596625151,MX
2596625152,2596628479,SC
2596628480,2596629503,JP
2596629504,2596634367,SC
2596634368,2596634623,MX
2596634624,2596670463,SC
2596670464,2596670719,US
2596670720,2596676607,SC
2596676608,2596676863,LT
2596676864,2596677119,SI
2596677120,2596677375,RO
2596677376,2596677631,RS
2596677632,2596683519,SC
2596683520,2596683775,FI
2596683776,2596712447,SC
2596712448,2596714495,IE
2596714496,2596716287,SC
2596716288,2596716543,FI
2596716544,2596733951,SC
2596733952,2596734207,NL
2596734208,2596753407,SC
2596753408,2596773887,US
2596773888,2596798719,SC
2596798720,2596803071,VN
2596803072,2596804095,SC
2596804096,2596804351,VN
2596804352,2596805119,SC
2596805120,2596805375,VN
2596805376,2596807935,SC
2596807936,2596808959,VN
2596808960,2596809471,SC
2596809472,2596809727,VN
2596809728,2596810239,SC
2596810240,2596811007,VN
2596811008,2596811519,SC
2596811520,2596814079,VN
2596814080,2596814591,SC
2596814592,2596814847,VN
2596814848,2596816895,SC
2596816896,2596818943,VN
2596818944,2596824831,SC
2596824832,2596825087,DE
2596825088,2596826111,VN
2596826112,2596826367,SC
2596826368,2596826623,VN
2596826624,2596826879,MX
2596826880,2596827135,SC
2596827136,2596831231,US
2596831232,2596831487,SC
2596831488,2596832255,MX
2596832256,2596834303,SC
2596834304,2596834559,MX
2596834560,2596834815,SC
2596834816,2596835071,MX
2596835072,2596837887,SC
2596837888,2596838143,MX
2596838144,2596838399,SC
2596838400,2596840191,MX
2596840192,2596847359,SC
2596847360,2596847615,MX
2596847616,2596888063,SC
2596888064,2596888575,JP
2596888576,2596948479,SC
2596948480,2596948735,NL
2596948736,2596995071,SC
2596995072,2596995583,HK
2596995584,2596997119,SC
2596997120,2596999167,VN
2596999168,2597027839,SC
2597027840,2597028863,US
2597028864,2597029119,HK
2597029120,2597029375,PK
2597029376,2597029631,TW
2597029632,2597029887,MY
2597029888,2597030143,HK
2597030144,2597030399,KR
2597030400,2597030655,SG
2597030656,2597030911,TR
2597030912,2597031167,SG
2597031168,2597031423,TH
2597031424,2597031679,HK
2597031680,2597031935,ID
2597031936,2597032447,KR
2597032448,2597032703,HK
2597032704,2597032959,TW
2597032960,2597033215,KR
2597033216,2597033471,JP
2597033472,2597033727,VN
2597033728,2597033983,SG
2597033984,2597034239,IQ
2597034240,2597034495,SG
2597034496,2597035007,PE
2597035008,2597035263,US
2597035264,2597035519,EG
2597035520,2597036031,HK
2597036032,2597036287,MY
2597036288,2597036543,ID
2597036544,2597036799,FR
2597036800,2597037055,RU
2597037056,2597037311,VN
2597037312,2597037567,DE
2597037568,2597037823,KH
2597037824,2597038079,SG
2597038080,2597038335,MM
2597038336,2597038591,US
2597038592,2597038847,TH
2597038848,2597039103,HK
2597039104,2597039359,TW
2597039360,2597039615,JP
2597039616,2597039871,KR
2597039872,2597040127,BD
2597040128,2597040383,PK
2597040384,2597040639,NP
2597040640,2597040895,IQ
2597040896,2597041151,US
2597041152,2597041407,BR
2597041408,2597041663,BG
2597041664,2597041919,GR
2597041920,2597042175,GB
2597042176,2597042431,AR
2597042432,2597042687,SA
2597042688,2597042943,CL
2597042944,2597043199,AE
2597043200,2597043455,EG
2597043456,2597043967,ZA
2597043968,2597044223,TR
2597044224,2597045247,SC
2597045248,2597046271,TH
2597046272,2597047295,SC
2597047296,2597047807,HK
2597047808,2597048063,RS
2597048064,2597048319,LT
2597048320,2597049343,TH
2597049344,2597050879,SK
2597050880,2597052927,TR
2597052928,2597053439,MD
2597053440,2597053695,AD
2597053696,2597053951,MD
2597053952,2597054463,CO
2597054464,2597056511,SC
2597056512,2597056767,PH
2597056768,2597057279,HK
2597057280,2597057535,MY
2597057536,2597058047,HK
2597058048,2597059071,SC
2597059072,2597059327,CO
2597059328,2597059583,AU
2597059584,2597107455,SC
2597107456,2597107711,SG
2597107712,2597133311,SC
2597133312,2597133823,LV
2597133824,2597138431,SC
2597138432,2597142527,US
2597142528,2597158911,SC
2597158912,2597159167,RU
2597159168,2597159423,FR
2597159424,2597159679,GB
2597159680,2597160191,SC
2597160192,2597160447,DE
2597160448,2597160703,SA
2597160704,2597160959,SC
2597160960,2597161471,HK
2597161472,2597161727,KR
2597161728,2597161983,JP
2597161984,2597162239,VN
2597162240,2597162495,KH
2597162496,2597163007,VN
2597163008,2597163263,BD
2597163264,2597163519,PK
2597163520,2597163775,BH
2597163776,2597164031,OM
2597164032,2597164287,TR
2597164288,2597164543,EG
2597164544,2597164799,ZA
2597164800,2597165055,NP
2597165056,2597165311,MX
2597165312,2597165567,CL
2597165568,2597165823,AR
2597165824,2597166079,US
2597166080,2597166335,BR
2597166336,2597166591,US
2597166592,2597167103,ID
2597167104,2597175295,SC
2597175296,2597183487,US
2597183488,2597185023,LV
2597185024,2597187071,KZ
2597187072,2597187583,GR
2597187584,2597188607,PT
2597188608,2597189631,RU
2597189632,2597190655,TH
2597190656,2597190911,SC
2597190912,2597191423,DE
2597191424,2597192703,SC
2597192704,2597193727,JP
2597193728,2597194495,SC
2597194496,2597194751,JP
2597194752,2597199871,SC
2597199872,2597203967,US
2597203968,2597206015,SC
2597206016,2597208063,SG
2597208064,2597208319,HK
2597208320,2597208575,MX
2597208576,2597208831,TR
2597208832,2597209087,HK
2597209088,2597210623,FR
2597210624,2597211647,HK
2597211648,2597211903,SG
2597211904,2597212159,HK
2597212160,2597215231,US
2597215232,2597219071,TW
2597219072,2597222399,GB
2597222400,2597294079,SC
2597294080,2597302271,US
2597302272,2597341183,SC
2597341184,2597342207,JP
2597342208,2597343231,HK
2597343232,2597344255,SC
2597344256,2597345279,HK
2597345280,2597346303,JP
2597346304,2597347327,SC
2597347328,2597351423,US
2597351424,2597356031,SC
2597356032,2597356287,MX
2597356288,2597393151,SC
2597393152,2597393407,GB
2597393408,2597412607,SC
2597412608,2597412863,GB
2597412864,2597422079,SC
2597422080,2597422591,GB
2597422592,2597422847,SC
2597422848,2597424383,GB
2597424384,2597425663,TR
2597425664,2597425919,SC
2597425920,2597426175,TR
2597426176,2597426431,SC
2597426432,2597428735,TR
2597428736,2597429247,ES
2597429248,2597437439,SC
2597437440,2597439231,ES
2597439232,2597439487,AD
2597439488,2597441535,RO
2597441536,2597445631,RU
2597445632,2597514495,SC
2597514496,2597514751,KH
2597514752,2597515007,PK
2597515008,2597515263,UA
2597515264,2597520127,SC
2597520128,2597520383,HK
2597520384,2597521663,SC
2597521664,2597522431,RU
2597522432,2597523455,SC
2597523456,2597524479,RU
2597524480,2597525503,SC
2597525504,2597527551,HK
2597527552,2597568511,SC
2597568512,2597572607,US
2597572608,2597573375,SC
2597573376,2597573631,SG
2597573632,2597576703,SC
2597576704,2597584895,US
2597584896,2597592063,SC
2597592064,2597593087,RU
2597593088,2597601279,US
2597601280,2597621759,SC
2597621760,2597622783,HK
2597622784,2597650431,SC
2597650432,2597650687,RU
2597650688,2597651455,HK
2597651456,2597651967,SC
2597651968,2597652479,PL
2597652480,2597720063,SC
2597720064,2597724159,US
2597724160,2597784575,SC
2597784576,2597785087,PL
2597785088,2597785599,SC
2597785600,2597797887,US
2597797888,2597847039,SC
2597847040,2597847295,BR
2597847296,2597847551,PL
2597847552,2597851135,SC
2597851136,2597855231,US
2597855232,2597880831,SC
2597880832,2597882367,HK
2597882368,2597896191,SC
2597896192,2597912575,VE
2597912576,2597978111,US
2597978112,2597978367,SC
2597978368,2597978623,PL
2597978624,2597982207,SC
2597982208,2597984511,PL
2597984512,2597984767,HU
2597984768,2597985023,EE
2597985024,2597985279,IN
2597985280,2597985535,EE
2597985536,2597986303,ES
2597986304,2598027263,SC
2598027264,2598043647,VE
2598043648,2598043903,SC
2598043904,2598044159,ES
2598044160,2598044671,SC
2598044672,2598044927,IN
2598044928,2598047743,SC
2598047744,2598048767,IT
2598048768,2598049023,PH
2598049024,2598049279,LT
2598049280,2598049535,CO
2598049536,2598049791,FR
2598049792,2598050047,MX
2598050048,2598050303,FR
2598050304,2598050559,CO
2598050560,2598051071,MX
2598051072,2598051327,AE
2598051328,2598051839,FR
2598051840,2598060031,SC
2598060032,2598060543,VE
2598060544,2598060799,US
2598060800,2598061055,UY
2598061056,2598061567,US
2598061568,2598061823,UY
2598061824,2598062335,DZ
2598062336,2598062591,MN
2598062592,2598063103,BH
2598063104,2598063871,AU
2598063872,2598064383,AR
2598064384,2598064639,JM
2598064640,2598064895,AR
2598064896,2598066687,AZ
2598066688,2598067199,TR
2598067200,2598067711,ET
2598067712,2598068223,UA
2598068224,2598092799,SC
2598092800,2598093055,IT
2598093056,2598093311,IN
2598093312,2598093567,LK
2598093568,2598094079,PH
2598094080,2598094335,IN
2598094336,2598094847,PH
2598094848,2598095103,IN
2598095104,2598095359,HU
2598095360,2598095615,MX
2598095616,2598095871,PH
2598095872,2598096383,IN
2598096384,2598096639,LK
2598096640,2598096895,LT
2598096896,2598097407,IN
2598097408,2598097919,CO
2598097920,2598098175,MX
2598098176,2598098431,KG
2598098432,2598098687,CM
2598098688,2598098943,MX
2598098944,2598099199,LU
2598099200,2598099967,KR
2598099968,2598100223,BE
2598100224,2598101247,KR
2598101248,2598101503,BE
2598101504,2598102015,KR
2598102016,2598102271,BE
2598102272,2598102527,KR
2598102528,2598103039,BE
2598103040,2598103295,KR
2598103296,2598103551,BE
2598103552,2598104063,RO
2598104064,2598104831,KR
2598104832,2598107903,MY
2598107904,2598108159,SG
2598108160,2598108415,RO
2598108416,2598108927,SG
2598108928,2598109183,CH
2598109184,2598109439,SC
2598109440,2598109695,SG
2598109696,2598158335,SC
2598158336,2598166527,HK
2598166528,2598174975,SC
2598174976,2598175231,SG
2598175232,2598187263,SC
2598187264,2598187519,IN
2598187520,2598187775,CH
2598187776,2598188287,SG
2598188288,2598190079,BR
2598190080,2598190591,ID
2598190592,2598190847,GB
2598190848,2598191103,CH
2598191104,2598240511,SC
2598240512,2598240767,CH
2598240768,2598242303,SC
2598242304,2598242559,DE
2598242560,2598243327,SC
2598243328,2598243583,ID
2598243584,2598243839,CH
2598243840,2598244351,HK
2598244352,2598250495,SC
2598250496,2598252543,HK
2598252544,2598257663,SC
2598257664,2598259711,DE
2598259712,2598260735,SC
2598260736,2598261759,DE
2598261760,2598262271,BR
2598262272,2598264831,SC
2598264832,2598268927,US
2598268928,2598269951,DE
2598269952,2598270463,SC
2598270464,2598270975,DE
2598270976,2598274303,SC
2598274304,2598274559,DE
2598274560,2598281215,SC
2598281216,2598289407,US
2598289408,2598290687,HK
2598290688,2598293247,JP
2598293248,2598297599,UA
2598297600,2598301695,SC
2598301696,2598305791,UA
2598305792,2598309887,SC
2598309888,2598310143,CO
2598310144,2598310911,US
2598310912,2598311167,TW
2598311168,2598311423,HK
2598311424,2598311679,ID
2598311680,2598311935,CO
2598311936,2598312191,HK
2598312192,2598312447,IQ
2598312448,2598312959,PH
2598312960,2598313471,TW
2598313472,2598313727,ID
2598313728,2598313983,SG
2598313984,2598314239,TW
2598314240,2598314495,SG
2598314496,2598315007,TW
2598315008,2598315263,SA
2598315264,2598315519,BR
2598315520,2598315775,MX
2598315776,2598316031,TR
2598316032,2598316543,ID
2598316544,2598316799,MY
2598316800,2598317055,PH
2598317056,2598317311,TH
2598317312,2598317567,TR
2598317568,2598317823,HK
2598317824,2598318079,FR
2598318080,2598318335,GB
2598318336,2598318591,US
2598318592,2598319103,HK
2598319104,2598319615,MX
2598319616,2598322687,HK
2598322688,2598324735,SG
2598324736,2598326271,HK
2598326272,2598326783,UA
2598326784,2598330367,SC
2598330368,2598338559,US
2598338560,2598348799,SC
2598348800,2598349823,HK
2598349824,2598350847,SC
2598350848,2598352895,HK
2598352896,2598353919,SC
2598353920,2598354943,HK
2598354944,2598356479,SC
2598356480,2598359039,RU
2598359040,2598359295,AE
2598359296,2598359551,BE
2598359552,2598360063,AE
2598360064,2598361087,CA
2598361088,2598361855,MX
2598361856,2598362623,BR
2598362624,2598363135,NL
2598363136,2598365183,SC
2598365184,2598371327,MY
2598371328,2598895615,UG
2598895616,2599157759,CI
2599157760,2599419903,EG
2599419904,2600468479,DZ
