3221225728,3221225983,GB
3221226240,3221226495,US
3221226496,3221227519,KY
3221227520,3221243647,US
3221243648,3221243903,SG
3221243904,3221258239,US
3221258240,3221291007,CA
3221291008,3221356543,US
3221356544,3221422079,GB
3221422080,3221431039,US
3221431040,3221431295,IN
3221431296,3221432319,US
3221432320,3221432575,IN
3221432576,3221439231,US
3221439232,3221439487,IE
3221439488,3221444351,US
3221444352,3221444607,IN
3221444608,3221448191,US
3221448192,3221448447,IN
3221448448,3221469183,US
3221469184,3221469439,IN
3221469440,3221557247,US
3221557504,3221560319,US
3221560320,3221561087,GB
3221561088,3221562367,US
3221562368,3221562623,SE
3221562624,3221565951,US
3221565952,3221566207,SE
3221566208,3221568255,US
3221568256,3221568511,FR
3221568768,3221569279,FR
3221569536,3221576191,US
3221576192,3221576447,KR
3221576448,3221577727,US
3221577728,3221577983,CA
3221577984,3221578239,IT
3221578240,3221589503,US
3221589504,3221589759,FR
3221589760,3221590015,US
3221590016,3221590271,CA
3221590272,3221590527,DE
3221590528,3221594623,US
3221594624,3221594879,AT
3221594880,3221605375,US
3221605376,3221605887,CA
3221605888,3221608447,US
3221608448,3221608703,JP
3221608704,3221614335,US
3221614336,3221614591,GB
3221614848,3221618175,US
3221618176,3221618431,GB
3221618432,3221627647,US
3221627648,3221627903,HK
3221627904,3221654015,US
3221654016,3221654271,AT
3221654272,3221654527,JP
3221654528,3221660671,US
3221660672,3221661183,JP
3221661184,3221680639,US
3221680640,3221680895,AT
3221680896,3221684223,US
3221684224,3221749759,SA
3221749760,3221757951,US
3221757952,3221761023,IN
3221761024,3221779455,US
3221779456,3221780479,IN
3221780480,3221790719,US
3221790720,3221795071,IN
3221795072,3221795583,US
3221795584,3221796095,IN
3221796096,3221796351,US
3221796352,3221796607,IN
3221796608,3221796863,US
3221796864,3221815295,IN
3221815296,3221856255,US
3221856256,3221864447,AU
3221864448,3222011903,US
3222011904,3222012159,CA
3222012160,3222012415,GB
3222012416,3222022399,US
3222022400,3222022655,CA
3222022656,3222023935,US
3222023936,3222024191,IT
3222024192,3222025727,US
3222025728,3222025983,NL
3222026240,3222027775,US
3222027776,3222028031,CA
3222028032,3222030335,US
3222030336,3222030847,GB
3222030848,3222031359,US
3222031360,3222031615,AU
3222031616,3222031871,IT
3222031872,3222032127,US
3222032128,3222032383,IL
3222032384,3222032639,US
3222032640,3222032895,DE
3222032896,3222036479,US
3222036480,3222036735,FR
3222036736,3222036991,US
3222036992,3222037247,CA
3222037248,3222037503,GB
3222037504,3222039807,US
3222039808,3222040063,IN
3222040064,3222040319,CI
3222040320,3222040575,AO
3222040576,3222041599,BR
3222041600,3222041855,BF
3222041856,3222042111,MA
3222042112,3222042367,CL
3222042368,3222044927,US
3222044928,3222045183,CA
3222045184,3222045439,US
3222045696,3222051583,US
3222055680,3222056447,US
3222056448,3222059007,CA
3222059008,3222061055,US
3222061056,3222061823,IT
3222061824,3222066943,US
3222066944,3222067199,CA
3222067200,3222067455,US
3222067456,3222067967,CH
3222068224,3222071039,US
3222071040,3222071295,GB
3222071296,3222071551,PT
3222071552,3222072063,US
3222072064,3222072319,SE
3222072320,3222075135,US
3222075136,3222075391,CH
3222075392,3222208511,US
3222208512,3222274047,IR
3222274048,3222305535,US
3222305536,3222309119,SE
3222309120,3222309375,DE
3222309376,3222313727,SE
3222313728,3222316799,CH
3222316800,3222318079,US
3222318336,3222319615,US
3222319616,3222320127,JP
3222320128,3222320383,AU
3222320384,3222320895,US
3222320896,3222325759,NL
3222325760,3222326527,US
3222326528,3222339583,CA
3222339584,3222441983,US
3222441984,3222446079,CA
3222446080,3222455039,US
3222455040,3222455295,GB
3222455296,3222601727,US
3222601728,3222667263,SE
3222667264,3222806527,US
3222806528,3222814719,CA
3222814720,3222865919,US
3222865920,3222866175,DE
3222866176,3222892031,US
3222892032,3222892543,KR
3222892544,3222893311,US
3222893312,3222893567,PR
3222893568,3222897151,US
3222897152,3222897663,KR
3222897664,3222909439,US
3222909440,3222909951,KR
3222909952,3222916351,US
3222916352,3222916607,ID
3222916608,3222934527,US
3222934528,3222934783,CA
3222934784,3222936575,US
3222936576,3222940927,CH
3222940928,3222941183,GB
3222941184,3222941695,CH
3222941696,3222946815,US
3222946816,3222948863,AU
3222948864,3222952703,US
3222952704,3222952959,JP
3222952960,3222953215,US
3222953216,3222953727,JP
3222953728,3222953983,US
3222953984,3222954239,JP
3222954240,3222956287,US
3222956288,3222957567,FI
3222957568,3222957823,BD
3222957824,3222962431,FI
3222962432,3222963455,US
3222963456,3222964223,FI
3222964224,3222968831,US
3222968832,3222973951,NL
3222973952,3222979071,DE
3222979072,3222983167,US
3222983168,3222983935,CA
3222983936,3222984447,US
3222984448,3222984703,IN
3222984704,3222988543,AU
3222988544,3222988799,PT
3222988800,3222989055,AU
3222989056,3222989311,US
3222989312,3222989567,GB
3222989568,3222989823,CA
3222989824,3222990079,PT
3222990080,3222990591,AT
3222990592,3222990847,PT
3222990848,3223091199,US
3223091200,3223092223,AU
3223092224,3223094271,GB
3223094272,3223128063,US
3223128064,3223130111,CA
3223130112,3223131135,US
3223131136,3223134207,KR
3223134208,3223135231,US
3223135232,3223138303,JP
3223138304,3223139327,IN
3223139328,3223140351,US
3223140352,3223140863,CH
3223140864,3223141375,US
3223141376,3223141887,CH
3223141888,3223142399,US
3223142400,3223144575,CA
3223144576,3223146495,US
3223146496,3223147519,CA
3223147520,3223148543,US
3223148544,3223150591,CA
3223150592,3223154687,US
3223154688,3223158783,SA
3223158784,3223159551,BR
3223159552,3223160319,US
3223160320,3223160831,BR
3223160832,3223161279,US
3223161280,3223162879,BR
3223162880,3223163391,AU
3223163392,3223163903,US
3223163904,3223164415,AU
3223164416,3223164671,US
3223164672,3223165951,AU
3223165952,3223166463,US
3223166464,3223166975,AU
3223166976,3223170303,IN
3223170304,3223171583,US
3223171584,3223173119,CH
3223173120,3223175167,US
3223175168,3223176191,NL
3223176192,3223177215,US
3223177216,3223179263,NL
3223179264,3223180287,AU
3223180288,3223181311,US
3223181312,3223183359,AU
3223183360,3223184383,SA
3223184384,3223185407,US
3223185408,3223185535,SA
3223185536,3223185599,US
3223185600,3223185663,SA
3223185664,3223187455,US
3223187456,3223188479,JP
3223188480,3223189503,US
3223189504,3223191551,JP
3223191552,3223201791,US
3223201792,3223202815,PR
3223202816,3223204863,US
3223204864,3223205119,CA
3223205120,3223214079,US
3223214080,3223214591,CA
3223214592,3223216383,US
3223216384,3223217151,CA
3223217152,3223223295,US
3223223296,3223223551,AI
3223223552,3223227391,US
3223227392,3223227903,IL
3223227904,3223228159,CA
3223228160,3223229695,US
3223229696,3223229951,CA
3223229952,3223243263,US
3223243264,3223243519,CA
3223243520,3223243775,JM
3223243776,3223249407,US
3223249408,3223249663,CA
3223249664,3223250943,US
3223250944,3223252991,CA
3223252992,3223258623,US
3223258624,3223258879,CA
3223258880,3223260671,US
3223260672,3223260927,GB
3223260928,3223262975,US
3223262976,3223263231,BE
3223263232,3223263743,US
3223263744,3223263999,GB
3223264000,3223264255,FR
3223264256,3223265023,US
3223265024,3223265279,GB
3223265280,3223267327,US
3223267328,3223267583,BE
3223267584,3223270399,US
3223270400,3223271423,CA
3223271424,3223272959,US
3223272960,3223273215,GB
3223273216,3223281151,US
3223281408,3223282943,US
3223283200,3223283455,DE
3223283456,3223286271,US
3223286272,3223286527,IN
3223286528,3223286783,US
3223286784,3223289087,JP
3223289088,3223299583,US
3223299584,3223301119,NL
3223301120,3223302399,US
3223302400,3223302655,CA
3223302656,3223303167,US
3223303168,3223303423,CA
3223303424,3223307263,US
3223307520,3223310079,JP
3223310080,3223311103,US
3223311104,3223311359,FR
3223311360,3223311615,US
3223311616,3223311871,JP
3223311872,3223314431,US
3223314688,3223315455,US
3223315456,3223315711,CA
3223315712,3223315967,TR
3223315968,3223316223,US
3223316224,3223316479,NL
3223316480,3223318527,US
3223318784,3223321343,US
3223321344,3223321599,CA
3223321600,3223321855,FR
3223321856,3223390719,US
3223390720,3223390975,ZA
3223390976,3223391999,US
3223392000,3223392255,FR
3223392256,3223392511,GB
3223392512,3223393791,US
3223394304,3223397375,US
3223397376,3223397631,NL
3223397632,3223410431,US
3223410432,3223416831,CH
3223416832,3223417087,CA
3223417088,3223417599,FR
3223417600,3223418367,US
3223418368,3223420927,CH
3223420928,3223421439,US
3223421440,3223421695,GB
3223421696,3223421951,NL
3223421952,3223422463,GB
3223422464,3223422719,US
3223422720,3223422975,JP
3223422976,3223424767,US
3223424768,3223425535,FR
3223425536,3223425791,US
3223425792,3223429887,FR
3223429888,3223430143,ES
3223430144,3223430911,FR
3223430912,3223431167,CA
3223431168,3223431423,US
3223431424,3223432191,FR
3223432192,3223433215,US
3223433216,3223435007,FR
3223435008,3223436543,US
3223436800,3223437311,US
3223437312,3223447551,CH
3223447552,3223447807,US
3223447808,3223449599,NL
3223449600,3223452415,US
3223452672,3223453183,US
3223453184,3223453439,DE
3223453440,3223458559,US
3223458560,3223458815,GB
3223458816,3223460351,US
3223460352,3223460863,CA
3223460864,3223466495,US
3223466496,3223466751,GB
3223466752,3223467007,US
3223467008,3223468031,CA
3223468032,3223471615,US
3223471616,3223471871,CA
3223471872,3223477247,US
3223477248,3223478271,CA
3223478272,3223481087,US
3223481088,3223481343,SE
3223481344,3223483391,US
3223483392,3223483647,NL
3223483648,3223492607,US
3223492608,3223493631,CA
3223493632,3223499519,US
3223499520,3223499775,FI
3223499776,3223504639,US
3223504640,3223504895,CA
3223504896,3223506943,CZ
3223506944,3223508991,US
3223508992,3223513087,CA
3223513088,3223516671,US
3223516928,3223519231,US
3223519232,3223524351,DE
3223524352,3223534335,US
3223534592,3223535359,US
3223535360,3223537919,DE
3223537920,3223542271,US
3223542272,3223542527,DE
3223542528,3223543295,US
3223543296,3223543551,GB
3223543552,3223545599,US
3223545856,3223546111,CA
3223546112,3223546879,US
3223546880,3223547135,GB
3223547136,3223552511,US
3223552512,3223553535,NL
3223553536,3223554559,US
3223554560,3223554815,GB
3223554816,3223556095,US
3223556096,3223556351,CA
3223556352,3223556607,GU
3223556608,3223556863,IT
3223556864,3223557375,US
3223557376,3223558655,DE
3223558656,3223563263,US
3223563264,3223563519,GB
3223563520,3223566079,US
3223566080,3223568639,NL
3223568640,3223569663,US
3223569664,3223570175,GB
3223570176,3223571455,US
3223571712,3223571967,ES
3223571968,3223572223,AT
3223572224,3223572479,IE
3223572480,3223577855,US
3223577856,3223578111,DE
3223578112,3223580671,US
3223580672,3223581951,AT
3223581952,3223582207,US
3223582208,3223582463,PT
3223582464,3223582719,SE
3223582720,3223582975,AU
3223583232,3223584767,US
3223584768,3223591679,SE
3223591680,3223591935,DK
3223591936,3223594751,SE
3223594752,3223595007,PL
3223595008,3223595263,SE
3223595264,3223595519,LV
3223595520,3223599359,SE
3223599360,3223599615,FR
3223599616,3223600383,SE
3223600384,3223600639,LT
3223600640,3223609855,SE
3223609856,3223610111,FR
3223610112,3223612415,SE
3223612416,3223612671,US
3223612672,3223644927,SE
3223644928,3223645183,US
3223645184,3223649279,SE
3223649280,3223649535,US
3223649536,3223650303,SE
3223650304,3223715839,CH
3223715840,3223781375,DK
3223781376,3223846911,US
3223846912,3223847935,KR
3223847936,3223854591,US
3223854592,3223857663,CA
3223857664,3223864575,US
3223864576,3223864831,DE
3223864832,3223865343,HR
3223865344,3223867391,FI
3223867392,3223867647,GB
3223867648,3223867903,CA
3223867904,3223868415,US
3223868416,3223869439,BM
3223869440,3223871487,SC
3223871488,3223873535,CA
3223873536,3223881727,US
3223881728,3223882751,CA
3223882752,3223883263,US
3223883264,3223883519,CA
3223883520,3223902463,US
3223902464,3223902719,CA
3223902720,3223905279,US
3223905280,3223905535,FI
3223905536,3223908351,US
3223908352,3223909375,CA
3223909376,3223911935,US
3223911936,3223912191,CA
3223912192,3223938559,US
3223938816,3223946239,GB
3223946240,3223947519,CH
3223947520,3223948287,US
3223948288,3223948543,NL
3223948544,3223949823,CH
3223949824,3223950079,AU
3223950080,3223950335,DE
3223950336,3223950591,CA
3223950592,3223953663,CH
3223953664,3223955967,US
3223955968,3223956223,TH
3223956224,3223958015,US
3223958016,3223963135,JP
3223963136,3223963391,US
3223963648,3223964159,CA
3223964160,3223964415,US
3223964672,3223965183,US
3223965184,3223965439,ID
3223965440,3223966207,US
3223966208,3223966463,GB
3223966464,3223967743,US
3223967744,3223967999,FR
3223968000,3223968255,US
3223968256,3223968511,IT
3223968512,3223970559,US
3223970560,3223970815,DE
3223970816,3223978239,US
3223978240,3223978495,DE
3223978496,3223979263,US
3223979264,3223979775,CA
3223979776,3223988735,US
3223988736,3223990271,CH
3223990272,3223990527,CA
3223990528,3223991295,US
3223991296,3223991551,AU
3223991552,3223991807,GB
3223991808,3223992063,CA
3223992064,3223993343,US
3223993344,3223994111,AU
3223994112,3223994879,DE
3223994880,3223995391,US
3223995392,3223995647,CA
3223995648,3223996415,US
3223996416,3223996927,CA
3223996928,3223999487,US
3223999488,3223999999,ID
3224000000,3224000255,PH
3224000256,3224000511,GB
3224000512,3224001023,US
3224001024,3224001279,CA
3224001280,3224002815,US
3224002816,3224003071,SE
3224003072,3224003327,US
3224003328,3224003583,ZA
3224003584,3224003839,GB
3224003840,3224004095,US
3224004096,3224004351,FR
3224004352,3224005631,JP
3224005632,3224006911,US
3224006912,3224012031,NL
3224012032,3224014335,US
3224014592,3224014847,DE
3224014848,3224016639,US
3224016896,3224017919,US
3224018176,3224018943,US
3224022016,3224024063,US
3224024064,3224029695,CH
3224029696,3224030463,CA
3224030464,3224030719,US
3224030720,3224030975,CA
3224030976,3224038655,US
3224038912,3224040959,US
3224040960,3224041215,CA
3224041216,3224042751,US
3224042752,3224043007,GB
3224043264,3224084991,US
3224084992,3224087551,SE
3224087552,3224088063,US
3224088064,3224088319,JP
3224088320,3224090879,US
3224091136,3224091903,US
3224091904,3224092159,JP
3224092160,3224092415,CA
3224092416,3224092671,US
3224092672,3224093951,CH
3224093952,3224094207,US
3224094464,3224094975,US
3224095488,3224096511,US
3224096512,3224097279,AU
3224097280,3224097535,NL
3224097536,3224097791,US
3224097792,3224098047,NL
3224098048,3224099583,US
3224099584,3224099839,CA
3224099840,3224100095,US
3224100352,3224101375,US
3224101376,3224102399,AU
3224102400,3224103423,US
3224103424,3224103679,GB
3224103680,3224104703,US
3224104704,3224104959,AU
3224104960,3224109055,US
3224109056,3224119551,DE
3224119552,3224126463,FR
3224126464,3224127231,US
3224127232,3224129791,FR
3224129792,3224132351,DE
3224132352,3224170495,US
3224170496,3224173567,SE
3224173824,3224272895,US
3224272896,3224276991,CA
3224276992,3224293375,US
3224293376,3224295423,IN
3224295424,3224296447,US
3224296448,3224296959,AU
3224296960,3224297471,CA
3224297472,3224299519,SG
3224299520,3224301567,DE
3224301568,3224305663,US
3224305664,3224312831,JP
3224313088,3224314879,JP
3224314880,3224315135,CI
3224315136,3224367615,JP
3224367616,3224368127,US
3224368128,3224369663,CH
3224369664,3224370431,US
3224370432,3224370687,CA
3224370688,3224370943,US
3224370944,3224371199,CA
3224371200,3224379135,US
3224379136,3224379391,DE
3224379392,3224380671,US
3224380928,3224394751,US
3224395008,3224398591,US
3224398592,3224398847,DE
3224398848,3224399103,US
3224399104,3224399615,AU
3224399616,3224399871,GB
3224399872,3224400127,US
3224400128,3224400383,PR
3224400384,3224407295,US
3224407296,3224407551,CA
3224407552,3224408319,US
3224408320,3224408575,DE
3224408576,3224423935,US
3224423936,3224424447,KR
3224424448,3224424959,US
3224425216,3224427519,US
3224427520,3224427775,CA
3224427776,3224428543,US
3224428544,3224428799,DE
3224428800,3224429567,US
3224430080,3224430335,US
3224430336,3224430591,DE
3224430592,3224431103,US
3224431104,3224431359,CA
3224431360,3224434687,US
3224434688,3224434943,AU
3224434944,3224435967,US
3224435968,3224436223,ZA
3224436224,3224436735,US
3224436736,3224502271,FI
3224502272,3224567807,JP
3224567808,3224571903,NO
3224571904,3224580095,JP
3224580096,3224580351,US
3224580352,3224611839,JP
3224611840,3224612351,CN
3224612352,3224612863,IN
3224612864,3224615935,JP
3224615936,3224616191,CN
3224616192,3224616959,JP
3224616960,3224617471,US
3224617472,3224629247,JP
3224629248,3224629503,CI
3224629504,3224632319,JP
3224632576,3224632831,JP
3224632832,3224633087,NZ
3224633088,3224633343,JP
3224633344,3224646399,DE
3224646400,3224651775,US
3224651776,3224652287,AU
3224652288,3224660991,US
3224661248,3224663807,US
3224663808,3224671999,JP
3224672000,3224672255,US
3224672256,3224672511,NL
3224672512,3224674047,US
3224674048,3224674559,DE
3224674560,3224674815,GB
3224674816,3224677119,US
3224677120,3224678655,AU
3224678656,3224680703,US
3224680704,3224680959,TL
3224680960,3224682751,US
3224683008,3224683519,US
3224683520,3224684031,AU
3224684032,3224689919,US
3224689920,3224690687,NL
3224690688,3224692735,US
3224692736,3224692991,DZ
3224692992,3224694015,US
3224694272,3224694527,US
3224694528,3224694783,CA
3224694784,3224696319,US
3224696576,3224698111,US
3224698112,3224698367,GB
3224698368,3224698623,FR
3224698624,3224725247,US
3224725248,3224725503,DE
3224725504,3224725759,CH
3224725760,3224727551,US
3224727552,3224729599,SG
3224729600,3224730623,CA
3224730624,3224741887,US
3224741888,3224742399,AU
3224742400,3224742911,US
3224742912,3224743935,SG
3224743936,3224772351,US
3224772352,3224777983,DE
3224777984,3224778239,US
3224778240,3224778751,RS
3224778752,3224779775,GB
3224779776,3224782847,DE
3224782848,3224783103,FR
3224783104,3224783871,DE
3224783872,3224784383,RU
3224784384,3224785151,DE
3224785152,3224791295,US
3224791296,3224791807,AU
3224791808,3224793343,US
3224793344,3224793599,DE
3224793600,3224793855,US
3224793856,3224795391,DK
3224795392,3224795647,CA
3224795648,3224795903,CH
3224795904,3224796415,US
3224796416,3224797439,DE
3224797440,3224797695,US
3224797696,3224797951,NZ
3224797952,3224798207,US
3224798208,3224798463,CH
3224798464,3224798975,US
3224798976,3224799231,AU
3224799232,3224799487,US
3224799488,3224799743,AU
3224799744,3224799999,US
3224800000,3224800255,DE
3224800256,3224800511,US
3224800512,3224812031,FR
3224812032,3224812543,RU
3224812544,3224816639,FR
3224816640,3224816895,IL
3224816896,3224820735,FR
3224820736,3224820991,PL
3224820992,3224821247,DE
3224821248,3224822015,US
3224822016,3224822271,SE
3224822272,3224826367,US
3224826368,3224826623,CA
3224826624,3224826879,US
3224826880,3224827391,GB
3224827392,3224827647,US
3224827904,3224828671,US
3224828928,3224829439,US
3224829440,3224829695,DE
3224829696,3224841727,US
3224841728,3224842239,CN
3224842240,3224847359,US
3224847360,3224848383,CN
3224848384,3224851455,US
3224851456,3224851711,DE
3224851712,3224852735,US
3224852736,3224852991,DE
3224852992,3224855039,US
3224855040,3224855295,AU
3224855552,3224855807,US
3224855808,3224856063,IT
3224856064,3224856831,US
3224856832,3224857087,NL
3224857088,3224857855,US
3224857856,3224858111,PL
3224858368,3224858623,US
3224858624,3224858879,AU
3224858880,3224859391,US
3224859392,3224859647,NL
3224859648,3224860159,US
3224860160,3224860415,JP
3224860416,3224862975,US
3224862976,3224863231,NL
3224863232,3224863487,CA
3224863488,3224863743,US
3224863744,3224863999,GB
3224864000,3224878079,US
3224878080,3224878335,DE
3224878336,3224878591,US
3224878848,3224879359,US
3224879360,3224879615,GB
3224879616,3224879871,CA
3224879872,3224880383,US
3224880384,3224880639,DE
3224880640,3224880895,AU
3224880896,3224882687,US
3224882688,3224882943,CA
3224882944,3224883455,US
3224883712,3224884223,US
3224884224,3224884479,GB
3224884480,3224886015,US
3224886016,3224886271,AU
3224886528,3224887295,US
3224887296,3224887551,CA
3224887552,3224889343,US
3224889344,3224889599,AU
3224889600,3224890111,US
3224890368,3224890879,US
3224890880,3224891135,ID
3224891136,3224892415,US
3224892416,3224892671,DE
3224892928,3225028863,US
3225028864,3225031423,JP
3225031424,3225033727,US
3225033728,3225033983,LU
3225033984,3225034239,AE
3225034240,3225034751,FI
3225034752,3225035775,BG
3225035776,3225037055,US
3225037056,3225049599,FI
3225049600,3225051391,US
3225051392,3225051647,PK
3225051648,3225051903,ID
3225051904,3225052159,PH
3225052160,3225052415,AU
3225052416,3225052671,IN
3225052672,3225058047,US
3225058304,3225058815,US
3225059072,3225060607,US
3225060608,3225061631,AU
3225061632,3225062399,US
3225062400,3225062911,VC
3225062912,3225063423,LC
3225063424,3225072639,US
3225072896,3225073151,US
3225073408,3225076991,US
3225076992,3225077247,SE
3225077248,3225081087,US
3225081088,3225081343,CA
3225081344,3225081599,US
3225081856,3225082367,US
3225082368,3225082623,IT
3225082624,3225084415,US
3225084416,3225085439,NL
3225085440,3225089279,US
3225089280,3225089535,CA
3225089536,3225090559,US
3225091072,3225421823,US
3225421824,3225422847,CA
3225422848,3225426943,US
3225426944,3225427199,AT
3225427200,3225427455,US
3225427456,3225427967,CA
3225427968,3225428991,US
3225428992,3225431039,CA
3225431040,3225431551,KZ
3225431552,3225434111,US
3225434112,3225436159,CA
3225436160,3225445375,US
3225445376,3225446399,BE
3225446400,3225450495,US
3225450496,3225451519,AG
3225451520,3225451775,US
3225451776,3225452031,GB
3225452032,3225452543,US
3225452544,3225456639,CA
3225456640,3225459711,US
3225459712,3225459967,CA
3225460224,3225460479,US
3225460480,3225460735,CA
3225460736,3225460991,US
3225460992,3225462271,CA
3225462272,3225468927,US
3225468928,3225469951,CA
3225469952,3225471487,US
3225471488,3225471743,DE
3225471744,3225472255,HK
3225472256,3225477631,US
3225480192,3225485567,US
3225485568,3225485823,CA
3225485824,3225486335,SG
3225486336,3225489407,US
3225489408,3225489663,GB
3225489664,3225490431,US
3225490432,3225491455,CA
3225491456,3225492479,US
3225492480,3225492991,GB
3225492992,3225498367,US
3225498368,3225503487,NL
3225503488,3225506303,US
3225508864,3225509631,CH
3225509632,3225509887,US
3225509888,3225510143,NL
3225510144,3225518591,US
3225518592,3225518847,AU
3225518848,3225519103,IT
3225519104,3225519359,GB
3225519360,3225520895,US
3225520896,3225521151,DE
3225521152,3225522175,US
3225522176,3225522943,GB
3225522944,3225523199,US
3225523456,3225524223,US
3225524224,3225524479,VE
3225524480,3225524735,GB
3225524736,3225526271,US
3225526272,3225528319,BB
3225528320,3225528831,US
3225528832,3225529087,VI
3225529088,3225530367,US
3225530368,3225530623,PR
3225530624,3225531903,US
3225531904,3225532159,AU
3225532160,3225535999,CH
3225536000,3225540095,US
3225540352,3225540863,US
3225540864,3225541119,AU
3225541120,3225541375,US
3225541376,3225543935,GB
3225543936,3225544703,US
3225544704,3225546751,CA
3225546752,3225548799,US
3225549312,3225549567,AU
3225549568,3225549823,US
3225550080,3225550847,US
3225550848,3225616383,DK
3225616384,3225616639,US
3225616640,3225616895,ID
3225616896,3225617151,US
3225617152,3225617407,IE
3225617408,3225617663,GB
3225617664,3225618687,US
3225618688,3225618943,CA
3225618944,3225619455,US
3225619456,3225619711,AU
3225619712,3225620479,US
3225620736,3225621247,US
3225621504,3225622271,US
3225622272,3225622527,AR
3225622528,3225624575,US
3225624576,3225624831,NL
3225624832,3225625087,SE
3225625088,3225625343,US
3225625344,3225625599,CA
3225625600,3225626367,US
3225626368,3225626623,GB
3225626624,3225627391,US
3225627392,3225627647,GB
3225627648,3225627903,US
3225627904,3225628159,CA
3225628160,3225628415,US
3225628416,3225628671,GB
3225628672,3225629183,US
3225629184,3225629439,GB
3225629440,3225629695,US
3225629696,3225629951,GB
3225629952,3225630207,CA
3225630208,3225630463,US
3225630464,3225630719,DE
3225630720,3225631231,US
3225631232,3225631487,SE
3225631488,3225632511,US
3225632512,3225632767,DE
3225632768,3225635839,US
3225635840,3225636095,PT
3225636096,3225636607,US
3225636608,3225636863,ES
3225636864,3225637887,US
3225637888,3225638143,AU
3225638400,3225638655,US
3225638656,3225638911,GB
3225638912,3225640447,US
3225640448,3225640703,GB
3225640704,3225641983,US
3225641984,3225643263,GB
3225643264,3225650943,US
3225650944,3225651199,GB
3225651200,3225651711,US
3225651712,3225651967,HK
3225651968,3225652223,CA
3225652224,3225652479,IT
3225652480,3225652735,ES
3225652736,3225652991,AU
3225652992,3225653247,SG
3225653248,3225653503,US
3225653504,3225653759,BR
3225653760,3225654015,DE
3225654016,3225654271,ZA
3225654272,3225654527,JP
3225654528,3225654783,ID
3225654784,3225655039,AE
3225655040,3225655295,GB
3225655296,3225655551,US
3225655552,3225655807,KR
3225655808,3225656063,IN
3225656064,3225656319,SE
3225656320,3225659135,US
3225659136,3225659391,DE
3225659648,3225659903,US
3225659904,3225660159,DE
3225660160,3225660415,AU
3225660416,3225664767,US
3225664768,3225665023,DE
3225665024,3225666815,US
3225666816,3225667327,DE
3225667328,3225667583,GB
3225667584,3225669887,DE
3225669888,3225671935,US
3225671936,3225672191,AU
3225672192,3225672447,DE
3225672448,3225672703,US
3225672704,3225673215,NL
3225673216,3225673471,US
3225673472,3225673727,IE
3225673728,3225676799,US
3225676800,3225677823,AU
3225677824,3225679871,US
3225680128,3225680383,GR
3225680384,3225680639,CA
3225680640,3225681663,US
3225681664,3225681919,CA
3225681920,3225682943,DE
3225682944,3225683199,AT
3225683200,3225687039,DE
3225687040,3225687807,US
3225687808,3225688063,GB
3225688064,3225689855,US
3225689856,3225694975,NL
3225694976,3225695231,PL
3225695232,3225695487,US
3225695488,3225701119,CA
3225701120,3225701375,US
3225701376,3225709567,NO
3225709568,3225710079,US
3225710592,3225711615,US
3225711616,3225712127,CA
3225712128,3225715455,US
3225715456,3225715711,CA
3225715712,3225715967,AU
3225715968,3225716735,US
3225716736,3225716991,NL
3225716992,3225717247,CA
3225717248,3225717503,TN
3225718016,3225720575,US
3225720576,3225721087,DE
3225721088,3225721343,GB
3225721344,3225723647,US
3225723648,3225723903,CA
3225723904,3225724159,US
3225724160,3225725439,DE
3225725440,3225725695,GB
3225726208,3225726463,US
3225726464,3225726719,GB
3225726720,3225726975,US
3225726976,3225727231,IT
3225727488,3225727743,US
3225728000,3225728511,US
3225728512,3225728767,NL
3225728768,3225729023,US
3225729024,3225729279,CA
3225729280,3225729535,CO
3225729536,3225729791,PT
3225730048,3225730303,CA
3225730304,3225735423,US
3225735424,3225735679,PT
3225735680,3225735935,US
3225735936,3225737215,DE
3225737216,3225737471,PT
3225737472,3225738495,US
3225738496,3225738751,PT
3225738752,3225739263,US
3225739264,3225739519,PT
3225739520,3225740543,US
3225740544,3225740799,CA
3225740800,3225741055,NL
3225741056,3225742079,US
3225742080,3225745919,JP
3225745920,3225746687,NL
3225746688,3225746943,US
3225746944,3225747199,DE
3225747200,3225747711,US
3225747712,3225747967,CA
3225747968,3225757695,US
3225757696,3225758719,PR
3225758720,3225763839,US
3225763840,3225764095,BE
3225764096,3225764863,US
3225764864,3225765887,CA
3225765888,3225766399,US
3225766912,3225769471,US
3225769472,3225769983,CA
3225769984,3225773311,US
3225773312,3225773567,CA
3225773568,3225776639,US
3225776640,3225777151,CA
3225777152,3225777407,AU
3225777408,3225781247,US
3225781248,3225782271,CA
3225782272,3225807359,US
3225807360,3225807615,DE
3225807616,3225807871,US
3225807872,3225808895,CA
3225808896,3225812991,US
3225812992,3225835775,FR
3225835776,3225836287,BE
3225836288,3225843711,FR
3225843712,3225847039,US
3225847040,3225847551,TR
3225847552,3225847807,AU
3225847808,3225848063,IT
3225848064,3225848831,US
3225848832,3225853951,DE
3225853952,3225857023,US
3225857024,3225857279,CA
3225857280,3225857535,US
3225857792,3225858303,US
3225858560,3225858815,US
3225860096,3225862143,US
3225862144,3225863167,DE
3225863168,3225864191,RU
3225864192,3225864447,ZA
3225864448,3225864703,CI
3225864704,3225868287,US
3225868544,3225869055,US
3225869056,3225869311,AU
3225869312,3225869567,CA
3225869568,3225870335,US
3225870336,3225870591,CA
3225870592,3225873663,US
3225873664,3225873919,ZA
3225873920,3225874943,US
3225874944,3225875199,GB
3225875200,3225878271,US
3225878528,3225885183,SE
3225885184,3225885439,IT
3225885440,3225885695,IL
3225885696,3225888511,SE
3225888512,3225888767,GB
3225888768,3225920255,SE
3225920256,3225920511,US
3225920512,3225921023,SE
3225921024,3225921279,GR
3225921280,3225921535,SE
3225921536,3225921791,DK
3225921792,3225922559,SE
3225922560,3225922815,IT
3225922816,3225925375,SE
3225925376,3225925631,US
3225925632,3225927679,SE
3225927680,3225927935,US
3225927936,3225932543,SE
3225932544,3225932799,HU
3225932800,3225933055,SE
3225933056,3225933311,ES
3225933312,3225934335,SE
3225934336,3225934591,IS
3225934592,3225936383,SE
3225936384,3225936639,US
3225936640,3225936895,CA
3225936896,3225938175,SE
3225938176,3225938431,AT
3225938432,3225940991,SE
3225940992,3225941247,SI
3225941248,3225941759,SE
3225941760,3225942015,FI
3225942016,3225942271,SE
3225942272,3225942527,BE
3225942528,3225943551,SE
3225943552,3225943807,DE
3225943808,3225944063,SE
3225944064,3225944831,US
3225944832,3226008831,TW
3226008832,3226009087,US
3226009344,3226009599,US
3226009600,3226009855,CA
3226009856,3226010879,US
3226010880,3226011135,CA
3226011136,3226012671,US
3226012928,3226014463,US
3226014464,3226014975,GB
3226014976,3226015231,NZ
3226015232,3226015487,AU
3226015488,3226015743,US
3226016256,3226018303,US
3226018304,3226018559,DE
3226018560,3226021119,CH
3226021120,3226026495,US
3226026496,3226026751,AU
3226027008,3226067455,US
3226067456,3226067711,BE
3226067712,3226068223,US
3226068224,3226068479,GB
3226068480,3226110719,US
3226110720,3226128639,AU
3226128640,3226140927,US
3226140928,3226141695,CA
3226141696,3226141951,PE
3226141952,3226143487,CA
3226143488,3226143743,US
3226143744,3226145535,CA
3226145536,3226145791,US
3226145792,3226146559,CA
3226146560,3226146815,US
3226146816,3226155263,CA
3226155520,3226155775,US
3226155776,3226156543,CA
3226156544,3226156799,US
3226156800,3226157567,CA
3226157568,3226157823,US
3226157824,3226163199,CA
3226163200,3226163711,US
3226163712,3226167551,CA
3226167808,3226168063,US
3226168064,3226175231,CA
3226175232,3226175743,US
3226175744,3226175999,HK
3226176000,3226177535,CA
3226177536,3226178559,US
3226178560,3226188543,CA
3226188544,3226188799,PR
3226188800,3226189055,US
3226189056,3226189823,CA
3226189824,3226191871,US
3226191872,3226194175,CA
3226194176,3226194431,US
3226194432,3226194687,CA
3226194688,3226194943,US
3226194944,3226195199,CA
3226195200,3226195455,US
3226199552,3226201087,CA
3226201088,3226201343,CI
3226201344,3226201855,CA
3226202112,3226205951,CA
3226205952,3226207743,US
3226207744,3226215423,GB
3226215424,3226237439,US
3226237440,3226237695,AU
3226237696,3226240255,DE
3226240256,3226240511,US
3226240512,3226244351,DE
3226244352,3226244607,GB
3226244608,3226244863,NL
3226244864,3226245375,DE
3226245376,3226245631,NL
3226245632,3226247167,DE
3226247168,3226247423,NL
3226247424,3226247935,DE
3226247936,3226248191,NL
3226248192,3226248447,US
3226248448,3226249983,DE
3226249984,3226250239,US
3226250240,3226250495,DE
3226250496,3226251263,US
3226251264,3226251519,DE
3226251520,3226267903,US
3226267904,3226268159,DE
3226268160,3226268415,PT
3226268416,3226268927,AT
3226268928,3226269951,DE
3226269952,3226270719,US
3226270720,3226271487,JP
3226271488,3226271743,US
3226271744,3226271999,FR
3226272000,3226273535,US
3226274048,3226274559,US
3226274560,3226274815,CH
3226274816,3226275327,US
3226275584,3226276095,US
3226276352,3226283519,US
3226283520,3226291199,CA
3226291200,3226299903,US
3226300160,3226300927,US
3226300928,3226301439,DE
3226301440,3226302463,US
3226302464,3226303487,FI
3226303488,3226305535,US
3226305536,3226307327,GB
3226307328,3226307583,US
3226307584,3226308095,ES
3226308096,3226333183,US
3226333184,3226337279,LT
3226337280,3226349567,US
3226349568,3226353663,CA
3226353664,3226378239,US
3226378240,3226382335,DE
3226382336,3226386431,US
3226386432,3226390527,DE
3226390528,3226393087,US
3226393088,3226393599,KR
3226393600,3226400767,US
3226400768,3226402815,CA
3226402816,3226470911,US
3226470912,3226471167,CA
3226471168,3226473471,US
3226473472,3226473983,PT
3226473984,3226474495,US
3226474496,3226474751,CL
3226474752,3226476287,US
3226476288,3226479359,CH
3226479360,3226480127,US
3226480128,3226480383,GB
3226480384,3226480639,US
3226480896,3226481407,US
3226481408,3226481663,DE
3226481664,3226482175,US
3226482176,3226482431,CA
3226482432,3226486527,US
3226486784,3226509311,US
3226509312,3226513407,CA
3226513408,3226521855,US
3226521856,3226522111,BR
3226522112,3226536959,US
3226536960,3226542079,CA
3226542080,3226547199,US
3226547200,3226548735,CA
3226548736,3226548991,US
3226548992,3226549247,BE
3226549248,3226549503,US
3226549504,3226550015,GB
3226550016,3226550783,US
3226550784,3226551039,CA
3226551040,3226551807,US
3226551808,3226552319,CA
3226552320,3226552831,VI
3226552832,3226555391,US
3226555392,3226555903,CA
3226555904,3226561791,US
3226561792,3226562047,NO
3226562048,3226563071,US
3226563328,3226564863,US
3226564864,3226565119,DE
3226565120,3226565375,PR
3226565376,3226565631,FI
3226565632,3226574847,US
3226574848,3226575103,FI
3226575104,3226575359,US
3226575360,3226576383,CA
3226576384,3226576895,US
3226576896,3226577407,CA
3226577408,3226577919,US
3226577920,3226578943,CA
3226578944,3226580479,US
3226580480,3226581247,FI
3226581248,3226583295,US
3226583296,3226583551,IT
3226583552,3226583807,SE
3226583808,3226584063,US
3226584064,3226585087,CA
3226585088,3226590207,US
3226590208,3226591231,NL
3226591232,3226592255,CA
3226592256,3226592767,US
3226592768,3226593023,DE
3226593024,3226593791,US
3226593792,3226594047,GB
3226594048,3226597631,US
3226597632,3226598143,MX
3226598144,3226612735,US
3226612736,3226613759,PH
3226613760,3226615807,MY
3226615808,3226619903,MN
3226619904,3226621951,MY
3226621952,3226623999,MN
3226624000,3226625023,US
3226625024,3226625279,MN
3226625280,3226626047,US
3226626048,3226626303,CA
3226626304,3226629375,US
3226629376,3226629631,CA
3226629632,3226630399,US
3226630400,3226630655,GB
3226630656,3226631167,US
3226631168,3226631423,GB
3226631424,3226631935,US
3226631936,3226632191,PT
3226632192,3226633215,CA
3226633472,3226635007,US
3226635264,3226635519,AU
3226635520,3226635775,US
3226635776,3226636031,ZA
3226636032,3226636287,AU
3226636288,3226637823,US
3226637824,3226638079,CA
3226638080,3226638591,US
3226638592,3226638847,GB
3226638848,3226639359,US
3226639616,3226640127,AT
3226640128,3226640639,US
3226640640,3226640895,AU
3226640896,3226649087,US
3226649088,3226649599,KR
3226649600,3226654207,US
3226654208,3226654463,PT
3226654464,3226654719,US
3226655744,3226656255,IT
3226656256,3226656511,MY
3226656512,3226658303,US
3226658560,3226661119,US
3226661120,3226661375,DE
3226661376,3226664959,US
3226664960,3226690815,FI
3226690816,3226691071,CA
3226691072,3226691327,GB
3226691328,3226691583,US
3226691840,3226692351,US
3226692608,3226695167,US
3226695168,3226695423,AU
3226695680,3226695935,NL
3226695936,3226696191,CA
3226696704,3226697727,US
3226697728,3226701823,CA
3226701824,3226705151,US
3226705152,3226705407,IN
3226705408,3226705919,US
3226705920,3226706175,FR
3226706176,3226706943,US
3226707200,3226707455,PL
3226707456,3226715391,TW
3226715392,3226715647,US
3226715648,3226715903,AU
3226715904,3226716159,US
3226716160,3226716415,GB
3226716416,3226716671,US
3226716672,3226716927,GB
3226716928,3226717951,US
3226717952,3226718207,BR
3226718208,3226719231,ZA
3226720256,3226720511,US
3226720512,3226721279,JP
3226721280,3226722047,US
3226722048,3226722303,CH
3226722304,3226722559,AU
3226722560,3226723583,US
3226723584,3226723839,DE
3226723840,3226724095,SG
3226724096,3226724351,AU
3226724352,3226725631,US
3226725632,3226726143,AU
3226726144,3226728191,US
3226728192,3226728447,CA
3226728448,3226731775,US
3226731776,3226732031,GB
3226732032,3226733567,US
3226733568,3226733823,MX
3226733824,3226734079,PT
3226734080,3226734335,US
3226734336,3226734591,PT
3226734592,3226737407,US
3226737408,3226737663,AT
3226737664,3226738175,US
3226738176,3226738431,NL
3226738432,3226738687,US
3226738688,3226739199,NO
3226739200,3226746367,US
3226746368,3226746623,PT
3226746624,3226748671,US
3226748672,3226749439,JP
3226749440,3226749695,US
3226749696,3226752255,GB
3226752256,3226752767,US
3226752768,3226753023,IT
3226753024,3226753279,US
3226753280,3226753535,AU
3226753536,3226753791,SI
3226753792,3226754815,HR
3226754816,3226755071,SI
3226755072,3226755327,HR
3226755328,3226755583,SI
3226755584,3226755839,HR
3226755840,3226756095,SI
3226756096,3226756351,US
3226756352,3226757375,SI
3226757376,3226757887,HR
3226757888,3226758143,SI
3226758144,3226758399,HR
3226758400,3226758655,SI
3226758656,3226763007,US
3226763008,3226770687,IT
3226770688,3226772991,US
3226772992,3226773247,CH
3226773248,3226774783,US
3226774784,3226775039,GB
3226775040,3226775551,US
3226775552,3226782463,FI
3226782720,3226783743,FI
3226783744,3226784767,US
3226784768,3226785023,GB
3226785024,3226786559,US
3226786560,3226786815,IN
3226786816,3226787071,DE
3226787072,3226787327,AT
3226787328,3226787839,US
3226788096,3226788351,US
3226788352,3226789375,HU
3226789376,3226789631,AU
3226789632,3226789887,US
3226790144,3226790911,US
3226790912,3226791167,CA
3226791168,3226791679,AU
3226791680,3226792191,US
3226792704,3226792959,US
3226792960,3226793215,ZA
3226793216,3226793983,DE
3226793984,3226795263,US
3226795520,3226864383,US
3226864384,3226864639,RU
3226864640,3226864895,BD
3226864896,3226865151,US
3226865152,3226865407,PL
3226865408,3226866175,US
3226866176,3226866431,GB
3226866432,3226867199,US
3226867456,3226867967,US
3226867968,3226868223,IL
3226868224,3226868479,US
3226868480,3226868735,GB
3226868736,3226883327,US
3226883328,3226883583,CA
3226883584,3226884351,US
3226884352,3226884607,IL
3226884608,3226893567,US
3226893568,3226894079,NL
3226894080,3226894335,GB
3226894848,3226895359,US
3226895872,3226896127,GB
3226896128,3226896639,US
3226896640,3226896895,GB
3226896896,3226897151,PT
3226897152,3226903295,US
3226903296,3226903551,DE
3226903552,3226903807,US
3226904064,3226904319,CH
3226904320,3226904575,FR
3226904576,3226904831,US
3226904832,3226905087,GB
3226905088,3226926591,US
3226926592,3226926847,SE
3226926848,3226927103,US
3226927104,3226992639,NL
3226992640,3226992895,US
3226992896,3226993151,CH
3226993152,3226993663,US
3226993664,3226993919,DE
3226993920,3226994175,US
3226994432,3226994687,AU
3226994688,3226994943,US
3226994944,3226995455,GB
3226995456,3226996991,US
3226996992,3226997247,PT
3226997248,3226998015,US
3226998272,3226998527,US
3226998528,3226999039,AT
3226999040,3227013119,US
3227013376,3227013887,US
3227013888,3227014399,GB
3227014400,3227014655,NZ
3227014656,3227014911,FI
3227014912,3227017471,US
3227017472,3227017983,DE
3227018240,3227018495,US
3227018496,3227018751,ID
3227019008,3227020287,US
3227020288,3227020543,DE
3227020544,3227022847,US
3227022848,3227023103,GB
3227023360,3227024127,US
3227024128,3227024383,PT
3227024384,3227025407,US
3227025408,3227025663,GB
3227025664,3227025919,US
3227025920,3227026175,TH
3227026176,3227026687,US
3227026688,3227026943,GB
3227026944,3227038719,US
3227038720,3227038975,AT
3227038976,3227039487,NL
3227039488,3227040511,US
3227040512,3227040767,AU
3227040768,3227041279,US
3227041280,3227041535,NZ
3227041536,3227042815,US
3227042816,3227043071,IT
3227043072,3227044095,US
3227044608,3227044863,US
3227044864,3227045119,PL
3227045120,3227053567,US
3227053568,3227053823,GB
3227053824,3227054079,DE
3227054080,3227056639,US
3227056640,3227057919,PT
3227057920,3227058175,US
3227058176,3227123711,FI
3227123712,3227225087,US
3227225088,3227225599,LU
3227225600,3227234559,US
3227234560,3227234815,PT
3227234816,3227235071,US
3227235328,3227236607,US
3227236608,3227236863,AU
3227236864,3227237119,CZ
3227237120,3227237631,US
3227237632,3227237887,NO
3227237888,3227238143,US
3227238144,3227238399,GB
3227238400,3227240191,US
3227240192,3227240447,GB
3227240448,3227240703,CI
3227240704,3227240959,GB
3227240960,3227243007,US
3227243008,3227243263,CA
3227243264,3227243519,GB
3227243520,3227243775,US
3227243776,3227244031,AU
3227244032,3227249151,SE
3227249152,3227249663,US
3227249664,3227252735,CH
3227252736,3227254271,US
3227254272,3227254527,BR
3227254528,3227258623,US
3227258624,3227258879,ID
3227258880,3227276799,US
3227276800,3227277055,FR
3227277056,3227278847,US
3227278848,3227279103,IE
3227279104,3227280127,US
3227280128,3227280383,CA
3227280384,3227281407,US
3227281408,3227282175,IT
3227282176,3227282431,US
3227282432,3227282687,NL
3227282688,3227282943,GB
3227282944,3227284479,US
3227284480,3227284735,FI
3227284736,3227286783,US
3227286784,3227287039,AT
3227287040,3227287295,IT
3227287296,3227287551,NL
3227287552,3227287807,CH
3227287808,3227288063,BG
3227288064,3227288319,BE
3227288320,3227288831,NL
3227288832,3227289087,PT
3227289088,3227289343,NL
3227289344,3227289599,PT
3227289600,3227290111,NL
3227290112,3227290367,AT
3227290368,3227290623,CH
3227290624,3227290879,US
3227290880,3227291135,AT
3227291136,3227294207,PT
3227294208,3227294463,CO
3227294464,3227294975,GR
3227294976,3227304191,US
3227304192,3227304447,PR
3227304448,3227310079,US
3227310080,3227310335,NO
3227310336,3227318271,US
3227318272,3227320319,JP
3227320320,3227325439,FR
3227325440,3227326463,BE
3227326464,3227385855,FR
3227385856,3227391999,US
3227392000,3227392255,PT
3227392256,3227393023,US
3227393024,3227393279,AT
3227393280,3227396095,US
3227396096,3227396351,CA
3227396352,3227396607,AU
3227396608,3227398399,US
3227398400,3227398655,CA
3227398656,3227399679,US
3227399680,3227399935,CA
3227399936,3227400447,US
3227400448,3227400703,AT
3227400704,3227400959,GB
3227400960,3227401471,US
3227401472,3227401727,ZA
3227401728,3227402495,AU
3227402496,3227403007,US
3227403008,3227403519,GR
3227403520,3227404543,US
3227404800,3227405311,US
3227405312,3227405567,DE
3227405568,3227414271,US
3227414272,3227416063,GB
3227416064,3227417087,US
3227417088,3227417343,BN
3227417344,3227418111,US
3227418368,3227424767,US
3227425024,3227425791,US
3227425792,3227427583,DK
3227427584,3227427839,ES
3227427840,3227429119,US
3227429120,3227429375,NZ
3227429376,3227429887,US
3227429888,3227430143,GB
3227430144,3227430399,US
3227430400,3227430655,HK
3227430656,3227437055,FR
3227437312,3227438079,US
3227438080,3227438591,CA
3227438592,3227439103,US
3227439104,3227439615,AU
3227439616,3227439871,ZA
3227439872,3227440127,US
3227440128,3227440383,IT
3227440384,3227442175,US
3227442432,3227442687,RU
3227442688,3227443711,US
3227443712,3227443967,AT
3227443968,3227444223,AU
3227444224,3227445503,US
3227445504,3227445759,RU
3227445760,3227446015,US
3227446016,3227446271,GB
3227446272,3227446527,NZ
3227446528,3227446783,US
3227447040,3227447295,AT
3227447296,3227447807,ZA
3227447808,3227448063,US
3227448576,3227448831,US
3227448832,3227449087,ZA
3227449088,3227450111,US
3227450112,3227450367,CA
3227450368,3227451391,US
3227451392,3227467775,CA
3227467776,3227468287,US
3227468288,3227468799,CA
3227468800,3227471871,US
3227471872,3227472127,CH
3227472128,3227472639,ZA
3227472640,3227472895,NL
3227472896,3227473151,ZA
3227473152,3227473407,ES
3227473408,3227473663,JP
3227473664,3227474687,ZA
3227474688,3227474943,JP
3227474944,3227475967,IN
3227475968,3227484159,US
3227484160,3227517183,CA
3227517184,3227521279,ZA
3227521280,3227521791,US
3227521792,3227522815,ZA
3227522816,3227523071,US
3227523072,3227526143,ZA
3227526144,3227526399,US
3227526400,3227527423,ZA
3227527424,3227527935,US
3227527936,3227528191,ZA
3227528192,3227528447,US
3227528448,3227532031,ZA
3227532032,3227532287,US
3227532288,3227532799,ZA
3227532800,3227534335,US
3227534336,3227535615,ZA
3227535616,3227535871,US
3227535872,3227536895,ZA
3227536896,3227537151,CA
3227537152,3227543295,ZA
3227543296,3227543551,US
3227543552,3227551487,ZA
3227551488,3227551743,US
3227551744,3227552255,MF
3227552256,3227553535,ZA
3227553536,3227553791,US
3227553792,3227554047,ZA
3227554048,3227554303,CA
3227554304,3227556863,ZA
3227556864,3227557375,US
3227557376,3227557631,ZA
3227557632,3227558911,US
3227558912,3227559935,ZA
3227559936,3227562239,US
3227562240,3227566079,ZA
3227566080,3227566335,US
3227566336,3227568127,ZA
3227568128,3227574271,US
3227574272,3227576575,ZA
3227576576,3227576831,US
3227576832,3227579391,ZA
3227579392,3227579647,US
3227579648,3227582207,ZA
3227582208,3227647999,US
3227648000,3227713535,FI
3227713536,3227779071,CA
3227779072,3227779327,US
3227779328,3227779583,ZA
3227779584,3227779839,KR
3227779840,3227783679,US
3227783680,3227783935,FR
3227783936,3227784703,US
3227784960,3227785727,AT
3227785728,3227792383,US
3227792384,3227792639,GB
3227792640,3227792895,NZ
3227792896,3227794687,US
3227794688,3227794943,GB
3227794944,3227795199,US
3227795200,3227795455,NO
3227795456,3227795967,US
3227795968,3227796223,FR
3227796224,3227796479,US
3227796480,3227796735,HK
3227796736,3227798783,US
3227798784,3227799039,TH
3227799040,3227799295,GB
3227799296,3227799551,US
3227799808,3227801343,US
3227801344,3227801599,CA
3227801600,3227803647,US
3227803648,3227804415,DE
3227804416,3227804671,GB
3227804672,3227804927,US
3227804928,3227805183,CA
3227805184,3227813375,GB
3227813632,3227815167,GB
3227815168,3227815679,US
3227815680,3227816191,GB
3227816192,3227818495,US
3227818496,3227818751,GB
3227818752,3227819263,MX
3227819264,3227819519,BR
3227819520,3227821311,MX
3227821568,3227822079,MX
3227822080,3227822335,BR
3227822336,3227822847,MX
3227822848,3227823103,HN
3227823104,3227824383,MX
3227824384,3227824639,BR
3227824640,3227825663,MX
3227825664,3227825919,CR
3227825920,3227826687,MX
3227826688,3227827199,AR
3227827200,3227827967,MX
3227827968,3227828223,CO
3227828224,3227829759,MX
3227829760,3227830015,EC
3227830016,3227831807,MX
3227831808,3227832063,BR
3227832064,3227833855,MX
3227833856,3227834367,BR
3227834368,3227836159,MX
3227836160,3227836415,BR
3227836416,3227837439,MX
3227837440,3227837951,BR
3227837952,3227842303,MX
3227842304,3227842815,BR
3227842816,3227843327,MX
3227843328,3227844095,BR
3227844096,3227844351,AR
3227844352,3227844607,US
3227844864,3227845119,ES
3227845120,3227845631,US
3227845632,3227845887,RU
3227845888,3227846655,US
3227846656,3227846911,ES
3227846912,3227847423,US
3227847424,3227847679,GB
3227847680,3227848703,US
3227848704,3227848959,NZ
3227848960,3227851775,US
3227851776,3227852031,DE
3227852032,3227853311,US
3227853312,3227853567,GB
3227853568,3227856383,US
3227856896,3227860991,DE
3227860992,3227862271,US
3227862272,3227862527,KR
3227862528,3227863807,US
3227863808,3227864063,DE
3227864064,3227865343,US
3227865344,3227867903,NL
3227868160,3227869951,US
3227869952,3227870207,CA
3227870208,3227873023,US
3227873024,3227874047,NL
3227874048,3227874815,US
3227874816,3227875071,PT
3227875072,3227878911,US
3227878912,3227879167,AU
3227879168,3227879679,US
3227879680,3227879935,GB
3227879936,3227880959,US
3227880960,3227881215,EG
3227881216,3227883007,US
3227883008,3227883519,CA
3227883520,3227884543,US
3227884800,3227885823,US
3227885824,3227887871,ES
3227887872,3227888127,PR
3227888128,3227888383,BE
3227888384,3227889663,US
3227889664,3227889919,CH
3227890176,3227890431,US
3227890432,3227890943,DE
3227890944,3227891455,US
3227891712,3227893759,US
3227893760,3227894015,FI
3227894016,3227895039,US
3227895040,3227895551,DE
3227895552,3227909119,US
3227909120,3227909375,BE
3227909376,3227909631,US
3227909632,3227909887,AU
3227909888,3227910399,US
3227910400,3227910655,AT
3227910656,3227911679,US
3227911680,3227912191,UA
3227912192,3227912447,GB
3227912448,3227912703,ZA
3227912704,3227912959,US
3227912960,3227913215,CA
3227913216,3227914495,US
3227914496,3227914751,AT
3227914752,3227931135,FI
3227931136,3227931391,VI
3227931392,3227931647,TH
3227931648,3227931903,PE
3227931904,3227932927,US
3227932928,3227933183,DE
3227933184,3227933695,US
3227933696,3227933951,NZ
3227933952,3227934463,US
3227934464,3227934719,CH
3227934720,3227947519,US
3227947520,3227955711,DE
3227955712,3227962367,US
3227962368,3227963391,CN
3227963392,3227964927,US
3227964928,3227965183,GB
3227965184,3227966719,US
3227966976,3227967487,US
3227967488,3227967743,FR
3227967744,3227967999,PL
3227968000,3227968255,US
3227968256,3227968767,GB
3227968768,3227969023,RU
3227969024,3227971327,US
3227971328,3227971583,AU
3227971584,3227972095,US
3227972352,3227974143,US
3227974144,3227974655,AU
3227974656,3227975167,US
3227975168,3227975679,CA
3227975680,3227976191,US
3227976192,3227976447,LU
3227976448,3227976703,US
3227976960,3227977471,US
3227977472,3227977727,FR
3227977728,3227979263,US
3227979264,3227979519,AE
3227979520,3227980799,US
3227980800,3227981055,GR
3227981312,3227981567,US
3227981568,3227981823,DE
3227982080,3227982591,US
3227982592,3227982847,DE
3227982848,3227985919,GB
3227985920,3227986175,DE
3227986176,3227986431,US
3227986944,3227987455,US
3227987456,3227987711,ID
3227987712,3227997439,US
3227997440,3228005631,FI
3228005632,3228006399,CA
3228006400,3228007423,US
3228007936,3228008959,US
3228009216,3228009471,US
3228009728,3228010495,US
3228010752,3228011519,GB
3228011520,3228013311,US
3228013312,3228013567,PT
3228013568,3228040703,US
3228040704,3228041215,CA
3228041216,3228045055,US
3228045056,3228045311,KR
3228045312,3228047103,US
3228047104,3228047359,IT
3228047360,3228047871,US
3228048128,3228048383,US
3228048384,3228048895,GB
3228048896,3228050175,US
3228050176,3228050943,PT
3228050944,3228051199,CA
3228051200,3228051455,US
3228051712,3228051967,CH
3228051968,3228052223,US
3228052224,3228052991,AU
3228052992,3228053503,US
3228053504,3228053759,PT
3228053760,3228054783,US
3228054784,3228055039,GB
3228055040,3228055295,US
3228055296,3228055807,NL
3228055808,3228056319,NO
3228056320,3228059647,US
3228059648,3228059903,CH
3228059904,3228060927,US
3228060928,3228061183,DE
3228061184,3228061695,US
3228061952,3228062207,US
3228062208,3228062463,GB
3228062464,3228076287,US
3228076544,3228077055,US
3228077056,3228077311,NL
3228077568,3228077823,NL
3228077824,3228078847,US
3228078848,3228079103,GR
3228079104,3228080639,US
3228080640,3228080895,IE
3228080896,3228081151,FR
3228081152,3228083967,US
3228083968,3228084479,BE
3228084480,3228084735,US
3228084992,3228085247,US
3228085248,3228085503,JP
3228085504,3228100607,US
3228101120,3228102143,US
3228102144,3228102399,GB
3228102400,3228103935,US
3228103936,3228104191,FR
3228104448,3228104703,JP
3228104704,3228104959,DK
3228105216,3228105471,US
3228105472,3228105727,CH
3228105984,3228109311,US
3228109312,3228109567,NZ
3228109568,3228125951,US
3228125952,3228126207,DE
3228126208,3228172287,US
3228172288,3228237823,IT
3228237824,3228238335,US
3228238336,3228238591,GB
3228238592,3228238847,US
3228238848,3228239359,GB
3228239360,3228240127,US
3228240128,3228240383,AU
3228240384,3228240639,NZ
3228240640,3228241407,GB
3228241408,3228250623,US
3228250880,3228263679,IT
3228263680,3228263935,AU
3228263936,3228264447,US
3228264448,3228264703,NI
3228264704,3228265983,US
3228265984,3228266239,IE
3228266240,3228266495,PR
3228266752,3228267007,NZ
3228267008,3228267263,NO
3228267264,3228269055,US
3228269056,3228269311,PT
3228269312,3228269567,DE
3228269568,3228270079,AT
3228270080,3228271103,GB
3228271104,3228271359,US
3228271360,3228271615,CA
3228271616,3228271871,DE
3228271872,3228272127,CA
3228272128,3228274687,US
3228274688,3228274943,CA
3228274944,3228280575,US
3228280832,3228281087,GB
3228281088,3228281599,US
3228281600,3228282111,NZ
3228282112,3228282367,US
3228282368,3228282623,GB
3228282624,3228283135,US
3228283136,3228283391,GR
3228283392,3228283647,GB
3228283648,3228285439,US
3228285696,3228285951,SE
3228285952,3228288255,US
3228289024,3228297215,FI
3228297216,3228297727,AT
3228297728,3228297983,US
3228297984,3228298495,DE
3228298496,3228309247,US
3228309248,3228310271,DE
3228311296,3228316159,DE
3228316160,3228316415,US
3228316416,3228327167,DE
3228327168,3228328703,US
3228328704,3228328959,AU
3228328960,3228329471,NO
3228329472,3228330751,US
3228330752,3228331263,SE
3228331264,3228332287,US
3228332544,3228332799,GR
3228332800,3228334079,FR
3228334080,3228334335,GB
3228334336,3228334591,AT
3228334592,3228335359,US
3228335360,3228335615,SK
3228335616,3228335871,CZ
3228335872,3228336127,US
3228336128,3228336639,CZ
3228336640,3228348159,SK
3228348160,3228353279,US
3228353280,3228358399,SE
3228358400,3228362239,US
3228362240,3228362495,TH
3228362496,3228363263,US
3228363264,3228363519,CH
3228363520,3228364287,US
3228364288,3228364543,AT
3228364544,3228368895,US
3228368896,3228371455,DE
3228371456,3228371711,US
3228371712,3228371967,CA
3228371968,3228372735,DE
3228372736,3228372991,US
3228372992,3228373247,DE
3228373248,3228373503,US
3228373504,3228374783,DE
3228374784,3228375039,US
3228375040,3228375295,DE
3228375296,3228375551,US
3228375552,3228376575,DE
3228376576,3228376831,CH
3228376832,3228378367,DE
3228378368,3228378879,CH
3228378880,3228379135,DE
3228379136,3228379391,CH
3228379392,3228379399,MC
3228379400,3228379407,GL
3228379408,3228379415,MN
3228379416,3228379423,LK
3228379424,3228379431,KH
3228379432,3228379439,UZ
3228379440,3228379447,KE
3228379448,3228379455,BD
3228379456,3228379463,GH
3228379464,3228379471,MM
3228379472,3228379479,BN
3228379480,3228379487,VE
3228379488,3228379495,CH
3228379496,3228379503,JE
3228379504,3228379511,LB
3228379512,3228379519,AM
3228379520,3228379527,LA
3228379528,3228379535,QA
3228379536,3228379543,KW
3228379544,3228379551,SA
3228379552,3228379559,BH
3228379560,3228379567,TN
3228379568,3228379575,OM
3228379576,3228379583,SC
3228379584,3228379591,CW
3228379592,3228379599,MV
3228379600,3228379607,TZ
3228379608,3228379615,ET
3228379616,3228379623,AO
3228379624,3228379631,SN
3228379632,3228379639,TM
3228379640,3228379647,CH
3228379648,3228380415,DE
3228380416,3228380671,US
3228380672,3228380927,DE
3228380928,3228381183,CH
3228381184,3228388095,DE
3228388096,3228388351,US
3228388352,3228390399,DE
3228390400,3228390911,PL
3228390912,3228392191,DE
3228392192,3228392447,RU
3228392448,3228392959,US
3228392960,3228393727,DE
3228393728,3228394239,RU
3228394240,3228394495,US
3228394496,3228394751,RU
3228394752,3228395263,DE
3228395520,3228395775,US
3228395776,3228396799,DE
3228396800,3228397311,US
3228397312,3228398847,DE
3228398848,3228399103,IT
3228399104,3228399359,DE
3228399360,3228399871,US
3228399872,3228400383,DE
3228400384,3228400639,IT
3228400640,3228400895,DE
3228400896,3228401151,IT
3228401152,3228401663,DE
3228401664,3228401919,NL
3228401920,3228402431,DE
3228402432,3228402687,US
3228402688,3228403199,PL
3228403200,3228404223,DE
3228404224,3228404735,BG
3228404736,3228407039,FR
3228407040,3228407295,US
3228407296,3228411135,DE
3228411136,3228411391,US
3228411392,3228412927,DE
3228412928,3228413183,SI
3228413184,3228419071,DE
3228419072,3228419327,SI
3228419328,3228419583,AU
3228419584,3228420095,DE
3228420096,3228420351,NL
3228420352,3228420607,BG
3228420608,3228420863,DE
3228420864,3228421119,SI
3228421120,3228421375,BE
3228421376,3228421631,US
3228421632,3228421887,NL
3228421888,3228422143,DE
3228422144,3228422399,SI
3228422400,3228422655,DE
3228422656,3228422911,AL
3228422912,3228423423,DE
3228423680,3228424191,RU
3228424192,3228424447,DE
3228424448,3228424703,AL
3228424704,3228424959,DE
3228424960,3228425471,AL
3228425472,3228426239,DE
3228426240,3228426751,RU
3228426752,3228427263,DE
3228427264,3228427775,NL
3228427776,3228428287,DE
3228428288,3228428799,JP
3228428800,3228430335,DE
3228430336,3228430847,PL
3228430848,3228431103,ZA
3228431104,3228431359,RU
3228431360,3228431871,PL
3228431872,3228432383,DE
3228432384,3228432639,RU
3228432640,3228432895,DE
3228432896,3228433151,RU
3228433152,3228433663,DE
3228433664,3228433919,RU
3228433920,3228434431,DE
3228434432,3228474367,US
3228475392,3228478463,US
3228478464,3228479487,CA
3228479488,3228498687,US
3228498944,3228508159,US
3228508160,3228508415,AU
3228508416,3228508671,NO
3228508672,3228509951,US
3228509952,3228510207,IE
3228511232,3228511487,CZ
3228511488,3228511999,US
3228512000,3228512255,DE
3228512256,3228512511,CH
3228512512,3228522495,US
3228522496,3228522751,GB
3228522752,3228523007,US
3228523008,3228523519,CA
3228523520,3228523775,US
3228523776,3228524031,CA
3228524032,3228525567,US
3228525568,3228525823,GB
3228525824,3228526079,PT
3228526080,3228526335,NZ
3228526336,3228526591,CH
3228526592,3228526847,AT
3228526848,3228527103,AU
3228527104,3228530175,US
3228530432,3228531711,US
3228531712,3228532223,NO
3228532224,3228532479,US
3228532480,3228532735,DE
3228532736,3228558591,US
3228558592,3228559103,BR
3228559104,3228564479,US
3228564480,3228564735,AT
3228564736,3228565247,US
3228565248,3228565503,CA
3228565504,3228572927,US
3228572928,3228573183,CA
3228573184,3228573951,PT
3228573952,3228577023,US
3228577024,3228577279,PT
3228577280,3228577535,US
3228577792,3228578047,US
3228578048,3228578303,GB
3228578304,3228581119,US
3228581120,3228581375,AT
3228581376,3228582143,US
3228582400,3228583423,US
3228583424,3228585983,ES
3228585984,3228590591,US
3228590592,3228590847,GB
3228590848,3228591103,DK
3228591104,3228591359,GB
3228591360,3228592127,US
3228600064,3228604159,US
3228604160,3228604415,BR
3228604416,3228611071,US
3228611072,3228611327,BR
3228611328,3228612095,US
3228612352,3228617727,US
3228617728,3228617983,FI
3228617984,3228618239,US
3228618240,3228618495,SE
3228618496,3228618751,US
3228618752,3228619007,DE
3228619008,3228620031,US
3228620032,3228620287,DE
3228620288,3228620543,CH
3228620544,3228620799,AU
3228620800,3228627711,US
3228627712,3228627967,PH
3228627968,3228628735,US
3228628736,3228628991,ES
3228628992,3228630527,US
3228630528,3228630783,CH
3228630784,3228631039,US
3228631040,3228696575,NL
3228696576,3229024255,IL
3229024256,3229026303,US
3229026304,3229028351,CA
3229028352,3229036543,US
3229036544,3229040639,DE
3229040640,3229065215,US
3229065216,3229067263,CA
3229067264,3229089791,US
3229089792,3229090047,CA
3229090048,3229100543,US
3229100544,3229101055,KR
3229101056,3229121535,US
3229121536,3229122047,KR
3229122048,3229143551,US
3229143552,3229144063,KR
3229144064,3229152255,US
3229152256,3229152767,DE
3229152768,3229155327,US
3229155328,3229159423,SE
3229159424,3229159935,NL
3229159936,3229160959,SE
3229160960,3229161471,DE
3229161472,3229163263,SE
3229163264,3229163519,ES
3229163520,3229164287,SE
3229164288,3229164543,DK
3229164544,3229165055,SE
3229165056,3229165311,NO
3229165312,3229167103,SE
3229167104,3229167615,IT
3229167616,3229167631,SE
3229167632,3229167647,BE
3229167648,3229167663,AR
3229167664,3229167679,CL
3229167680,3229167695,DE
3229167696,3229167711,AT
3229167712,3229167727,TR
3229167728,3229167743,FR
3229167744,3229167775,SE
3229167776,3229167791,SK
3229167792,3229167823,SE
3229167824,3229167839,FI
3229167840,3229169919,SE
3229169920,3229170175,CA
3229170176,3229170431,SE
3229170432,3229170687,CA
3229170688,3229173503,SE
3229173504,3229173759,IT
3229173760,3229177599,SE
3229177600,3229177855,MD
3229177856,3229178367,SE
3229178368,3229178623,US
3229178624,3229181439,SE
3229181440,3229181695,NL
3229181696,3229183999,SE
3229184000,3229184511,GB
3229184512,3229185535,SE
3229185536,3229186047,DK
3229186048,3229194495,SE
3229194496,3229194751,NO
3229194752,3229196799,SE
3229196800,3229197055,JP
3229197056,3229197311,LV
3229197312,3229198847,SE
3229198848,3229199103,BE
3229199104,3229199359,RU
3229199360,3229211391,SE
3229211392,3229211647,US
3229211648,3229215743,SE
3229215744,3229215999,DK
3229216000,3229218815,SE
3229218816,3229219071,US
3229219072,3229220863,SE
3229220864,3229221119,US
3229221120,3229254399,GB
3229254400,3229256959,SG
3229256960,3229258495,GB
3229258496,3229259519,US
3229259520,3229264639,GB
3229264640,3229264895,NZ
3229264896,3229265919,US
3229265920,3229266175,AU
3229266176,3229266943,US
3229266944,3229267199,NZ
3229267200,3229273599,US
3229273600,3229273855,CA
3229273856,3229274623,US
3229274624,3229274879,ID
3229274880,3229275647,US
3229275648,3229275903,GB
3229275904,3229276159,US
3229276160,3229276415,IE
3229276416,3229281023,GB
3229281024,3229281791,US
3229281792,3229283071,PT
3229283072,3229285631,US
3229285632,3229285887,GE
3229285888,3229286143,CH
3229286144,3229354495,US
3229354496,3229355775,AU
3229355776,3229358079,US
3229358336,3229359359,DE
3229359360,3229359615,US
3229359616,3229359871,CA
3229359872,3229360127,US
3229360128,3229360383,DK
3229360384,3229361663,US
3229361920,3229362175,BE
3229362176,3229363711,US
3229363712,3229363967,GB
3229363968,3229380607,US
3229380608,3229380863,DE
3229380864,3229381375,US
3229381376,3229381631,DE
3229381632,3229381887,PL
3229381888,3229382143,AU
3229382144,3229390847,US
3229390848,3229391103,AU
3229391104,3229391359,US
3229391360,3229391615,CN
3229391616,3229391871,AT
3229392384,3229395455,US
3229395456,3229395711,CZ
3229395712,3229395967,RU
3229395968,3229396223,CZ
3229396224,3229396479,NL
3229396480,3229396735,RU
3229396736,3229396991,FR
3229396992,3229397247,SG
3229397248,3229397503,CZ
3229397504,3229397759,CH
3229397760,3229398015,CZ
3229398016,3229398271,PL
3229398272,3229398527,FI
3229398528,3229398783,DE
3229398784,3229399039,SG
3229399040,3229400063,CZ
3229400064,3229400319,ID
3229400320,3229400575,CZ
3229400576,3229400831,DE
3229400832,3229401087,CZ
3229401088,3229402879,GB
3229402880,3229403135,NO
3229403136,3229405183,GB
3229405184,3229405439,RU
3229405440,3229405695,LV
3229405696,3229407231,RU
3229407232,3229407487,CZ
3229407488,3229408255,RU
3229408256,3229412095,US
3229412096,3229412351,DE
3229412352,3229412607,US
3229412608,3229414911,DE
3229414912,3229415167,US
3229415168,3229415679,DE
3229415680,3229415935,US
3229415936,3229417215,DE
3229417472,3229450239,CH
3229450240,3229483007,DE
3229483008,3229483263,US
3229483264,3229499647,FI
3229499648,3229500159,US
3229500672,3229511679,US
3229515776,3229679871,US
3229679872,3229685759,DE
3229685760,3229686271,NL
3229686272,3229687807,DE
3229687808,3229688319,US
3229688320,3229688831,DE
3229688832,3229689087,US
3229689088,3229690623,DE
3229690624,3229691135,US
3229691136,3229691391,DE
3229691392,3229692415,US
3229692416,3229693439,DE
3229693440,3229693695,US
3229693696,3229693951,DE
3229693952,3229694463,US
3229694464,3229695487,DE
3229695488,3229700095,US
3229700096,3229700351,AT
3229700352,3229701119,US
3229701120,3229701375,GB
3229701376,3229701887,US
3229701888,3229702143,TR
3229702144,3229704703,US
3229704704,3229704959,DE
3229704960,3229745151,US
3229745152,3229810687,FI
3229810688,3229814015,US
3229814016,3229814271,AU
3229814272,3229815807,US
3229815808,3229816063,DE
3229816064,3229817087,US
3229817088,3229817599,SE
3229817600,3229818623,AU
3229818624,3229818879,US
3229818880,3229820287,JM
3229820288,3229820415,KY
3229820416,3229820927,JM
3229820928,3229821951,US
3229821952,3229822207,CA
3229822208,3229830911,US
3229830912,3229831167,GB
3229831424,3229833471,US
3229833472,3229833727,GB
3229834496,3229834751,US
3229834752,3229835007,CA
3229835008,3229835263,US
3229835264,3229835519,FI
3229835520,3229835775,CA
3229835776,3229836543,US
3229836800,3229838335,US
3229838336,3229838591,GB
3229838592,3229838847,CA
3229838848,3229842431,US
3229842688,3229844479,US
3229844480,3229844735,BE
3229844736,3229844991,US
3229844992,3229845247,FR
3229845248,3229845503,US
3229845504,3229846527,CA
3229846528,3229870591,US
3229870592,3229870847,CA
3229870848,3229874431,US
3229874432,3229874687,CA
3229874688,3229874943,US
3229874944,3229875199,AU
3229875456,3229876223,US
3229876224,3229876479,CA
3229876480,3229878527,US
3229878528,3229878783,GB
3229878784,3229879039,IT
3229879040,3229879295,NO
3229879296,3229880063,US
3229880064,3229880319,KR
3229880320,3229881087,US
3229881088,3229881343,CA
3229881344,3229884159,US
3229884416,3229884927,US
3229884928,3229885183,IT
3229885184,3229885439,BR
3229885440,3229886719,US
3229886976,3229889791,US
3229889792,3229890047,PT
3229890048,3229890303,US
3229890304,3229890559,PT
3229890816,3229891583,US
3229891584,3229891839,CA
3229891840,3229900031,US
3229900288,3229901567,US
3229901568,3229901823,GB
3229901824,3229902335,US
3229902592,3229903359,US
3229903360,3229903871,KR
3229903872,3229925375,US
3229925376,3229926399,AT
3229926400,3229927423,US
3229927424,3229927935,KR
3229927936,3229929727,US
3229929984,3229937407,US
3229937408,3229937663,GB
3229937664,3229937919,US
3229937920,3229938175,CA
3229938176,3229938687,US
3229938688,3229938943,IL
3229938944,3229939199,NL
3229939200,3229939455,US
3229939456,3229940735,KR
3229940736,3229940991,CH
3229940992,3229941247,AU
3229941248,3229941759,US
3229942528,3229944319,US
3229944320,3229944575,TH
3229944576,3229945343,US
3229945344,3229945599,ID
3229945600,3229945855,PT
3229945856,3229947135,US
3229947392,3229948671,US
3229948928,3229949183,IT
3229949184,3229949695,US
3229949696,3229949951,NZ
3229949952,3229950207,NO
3229950208,3229950975,US
3229950976,3229951231,IL
3229951232,3229952255,US
3229952512,3229952767,US
3229953024,3229953279,US
3229953280,3229953535,CA
3229953536,3229954303,US
3229954304,3229954559,CA
3229954560,3229955327,US
3229955328,3229955583,NL
3229955584,3229956095,PT
3229956096,3229956607,US
3229956608,3229956863,GB
3229956864,3229958143,US
3229958144,3229958399,NO
3229958400,3229958655,US
3229958656,3229958911,PH
3229959168,3229965311,US
3229965568,3229967615,US
3229967616,3229967871,CA
3229967872,3229969407,US
3229969408,3229969663,PT
3229969664,3229969919,AT
3229969920,3229970431,FI
3229970432,3229972735,US
3229972736,3229972991,SE
3229972992,3229975295,US
3229975296,3229975551,GB
3229975552,3230004223,US
3230004224,3230004479,GB
3230004480,3230005759,US
3230005760,3230006015,ZA
3230006784,3230007039,US
3230007040,3230007295,CA
3230007296,3230072831,FR
3230072832,3230074623,US
3230074624,3230074879,DE
3230074880,3230082559,IT
3230082560,3230083071,US
3230083072,3230084095,CA
3230084096,3230084607,US
3230084608,3230084863,NO
3230084864,3230085119,US
3230085120,3230085375,CA
3230085376,3230085887,US
3230085888,3230086143,DE
3230086144,3230086655,GB
3230086656,3230088959,US
3230088960,3230089215,CH
3230089216,3230089727,US
3230089728,3230089983,GB
3230089984,3230090239,US
3230090240,3230090495,GB
3230090496,3230092543,US
3230092544,3230092799,CA
3230092800,3230093823,US
3230093824,3230094079,SE
3230094080,3230094335,CA
3230094592,3230095615,US
3230095616,3230095871,AU
3230095872,3230096383,PK
3230096384,3230096639,JP
3230096640,3230096895,US
3230096896,3230097151,JP
3230097152,3230097407,CO
3230097408,3230097663,JP
3230097664,3230098175,ID
3230098176,3230098431,HK
3230098432,3230098687,CH
3230098688,3230098943,JP
3230098944,3230099199,IN
3230099200,3230100735,JP
3230100736,3230100991,US
3230100992,3230101503,PR
3230101504,3230102527,US
3230102528,3230102783,NL
3230102784,3230104319,US
3230104320,3230104575,CA
3230104576,3230105855,US
3230105856,3230106111,PT
3230106112,3230106879,US
3230106880,3230107135,AT
3230107136,3230109439,US
3230109440,3230109695,NO
3230109696,3230109951,US
3230109952,3230115071,CH
3230115072,3230115327,IT
3230115328,3230115583,GR
3230115584,3230116095,BE
3230116096,3230117631,US
3230117632,3230117887,FR
3230117888,3230120191,US
3230120192,3230120447,BR
3230120448,3230120703,US
3230120704,3230120959,PT
3230120960,3230125823,US
3230126080,3230126335,AU
3230126336,3230126591,US
3230126592,3230126847,ID
3230126848,3230128127,US
3230128384,3230128639,CH
3230128640,3230128895,US
3230128896,3230129151,PT
3230129152,3230129663,US
3230129920,3230130431,US
3230130432,3230130687,IE
3230130944,3230131455,US
3230131712,3230131967,CA
3230131968,3230132991,GB
3230132992,3230136319,US
3230136576,3230137343,US
3230137600,3230137855,NO
3230137856,3230138111,PL
3230138112,3230140159,US
3230140160,3230140415,MT
3230140416,3230140671,US
3230140672,3230140927,FI
3230140928,3230141695,US
3230141952,3230142975,US
3230142976,3230143231,GB
3230143232,3230143487,BE
3230143488,3230144255,US
3230144256,3230144511,NL
3230144512,3230145279,US
3230145280,3230145535,CA
3230145536,3230145791,US
3230145792,3230146047,GB
3230146048,3230146303,FR
3230146304,3230146559,PT
3230146560,3230148351,US
3230148608,3230148863,GB
3230148864,3230149119,CH
3230149120,3230150655,NI
3230150656,3230150911,US
3230150912,3230151167,PT
3230151168,3230151423,US
3230151424,3230151679,NL
3230151680,3230151935,PT
3230151936,3230152191,CA
3230152448,3230153215,BF
3230153984,3230154239,RU
3230154240,3230155007,US
3230155264,3230156543,US
3230156544,3230164735,FI
3230164736,3230166015,US
3230166272,3230167551,US
3230167552,3230168063,CA
3230168064,3230168831,US
3230169088,3230174463,US
3230175232,3230177791,US
3230177792,3230178303,GB
3230178304,3230178559,CH
3230178560,3230234623,US
3230234624,3230235135,KR
3230235136,3230269695,US
3230269696,3230271743,GB
3230271744,3230291455,US
3230291456,3230291711,PT
3230291712,3230295039,US
3230295040,3230295295,AU
3230295296,3230296319,US
3230296320,3230297343,NO
3230297344,3230299647,SE
3230299648,3230302207,US
3230302976,3230308607,US
3230308864,3230309119,US
3230309120,3230309375,NO
3230309376,3230310143,GB
3230310144,3230310399,US
3230310656,3230316287,US
3230316288,3230316543,TR
3230316544,3230316799,US
3230316800,3230317055,GB
3230317056,3230317311,CA
3230317312,3230317567,US
3230317568,3230317823,SG
3230317824,3230318335,US
3230318336,3230318591,CA
3230318592,3230318847,GB
3230318848,3230320895,US
3230321152,3230321663,US
3230321664,3230321919,PT
3230321920,3230327807,US
3230327808,3230328063,AT
3230328064,3230328319,GB
3230328320,3230329087,CH
3230329088,3230332927,US
3230332928,3230333183,GB
3230333440,3230333695,US
3230333696,3230333951,NZ
3230333952,3230335231,US
3230335232,3230335743,CA
3230335744,3230335999,US
3230336000,3230336255,CA
3230336256,3230336511,US
3230336512,3230339583,CA
3230339584,3230339839,US
3230339840,3230340095,CA
3230340096,3230340351,US
3230340352,3230344703,CA
3230345728,3230347007,CA
3230350848,3230351103,US
3230351104,3230354943,CA
3230354944,3230355199,FR
3230355200,3230365183,CA
3230365184,3230365439,US
3230365440,3230367487,CA
3230367744,3230367999,US
3230368000,3230368511,CA
3230368512,3230370303,US
3230370304,3230370559,CA
3230370560,3230370815,US
3230370816,3230372607,CA
3230372608,3230372863,US
3230372864,3230374399,CA
3230374400,3230374911,US
3230374912,3230375679,CA
3230375680,3230375935,US
3230375936,3230382079,CA
3230382080,3230382335,US
3230382336,3230383359,CA
3230383360,3230383615,US
3230383616,3230384127,CA
3230384128,3230384383,MF
3230384640,3230387455,CA
3230387456,3230387711,US
3230387712,3230390015,CA
3230390016,3230390783,US
3230390784,3230400255,CA
3230400256,3230400767,US
3230400768,3230401023,BR
3230401024,3230401535,NL
3230401536,3230402559,US
3230402560,3230404607,BR
3230404608,3230405631,AR
3230405632,3230414847,BR
3230414848,3230415871,CL
3230415872,3230416895,AR
3230416896,3230424063,BR
3230424064,3230425087,EC
3230425088,3230432255,BR
3230432256,3230432767,CO
3230432768,3230433023,AR
3230433024,3230433279,BR
3230433280,3230436351,CN
3230436352,3230437375,AU
3230437376,3230439423,PK
3230439424,3230440447,IN
3230440448,3230455807,CN
3230456832,3230457855,US
3230457856,3230458367,ID
3230458368,3230458879,AU
3230458880,3230459903,ES
3230459904,3230460927,AU
3230464000,3230465023,AU
3230465024,3230466047,BD
3230466048,3230467071,BR
3230467072,3230468095,HN
3230468096,3230469119,EC
3230469120,3230471167,BR
3230471168,3230472191,AR
3230472192,3230475263,BR
3230475264,3230476287,EC
3230476288,3230477311,PE
3230477312,3230478335,MX
3230478336,3230479359,CL
3230479360,3230482431,BR
3230482432,3230483455,CL
3230483456,3230489599,BR
3230489600,3230490623,AR
3230490624,3230491135,BR
3230491136,3230491647,PE
3230491648,3230497791,BR
3230497792,3230498815,MX
3230498816,3230499839,DO
3230499840,3230503935,BR
3230503936,3230504959,AR
3230504960,3230508031,BR
3230508032,3230509055,HN
3230509056,3230510079,CL
3230510080,3230511103,BR
3230511104,3230513151,AR
3230513152,3230519295,BR
3230519296,3230521343,AR
3230521344,3230524415,BR
3230524416,3230525439,AR
3230525440,3230528511,BR
3230528512,3230529535,MX
3230529536,3230531583,BR
3230531584,3230532095,NL
3230532096,3230532607,ZA
3230532608,3230532863,HK
3230532864,3230533375,ZA
3230533376,3230533631,ES
3230533632,3230533887,NL
3230533888,3230534143,ZA
3230534144,3230534399,NL
3230534400,3230534655,ZA
3230534656,3230534911,DE
3230534912,3230536447,ZA
3230536448,3230536703,FR
3230536704,3230537471,ZA
3230537472,3230537727,SE
3230537728,3230539775,NL
3230539776,3230540799,ZA
3230540800,3230541055,PT
3230541056,3230545919,ZA
3230545920,3230546175,NL
3230546176,3230546431,DE
3230546432,3230547199,GB
3230547200,3230547455,NL
3230547456,3230564351,FR
3230564352,3230580735,ZA
3230580736,3230597119,FR
3230597120,3230662655,ZA
3230662656,3230663679,ES
3230663680,3230664703,RU
3230664704,3230665727,FR
3230665728,3230666751,RU
3230666752,3230667007,US
3230667008,3230667263,RU
3230667264,3230667519,DE
3230667520,3230667775,SC
3230667776,3230668287,US
3230668288,3230668543,CR
3230668544,3230668799,JP
3230668800,3230669823,RO
3230669824,3230670847,RU
3230670848,3230671871,DE
3230671872,3230672895,LV
3230672896,3230673919,RU
3230673920,3230674943,CZ
3230674944,3230675967,CY
3230675968,3230676991,US
3230676992,3230678015,RU
3230678016,3230679039,HR
3230679040,3230681599,BR
3230681600,3230681855,FR
3230681856,3230682111,CH
3230682112,3230682623,FR
3230682624,3230682879,US
3230682880,3230683135,IT
3230683136,3230684159,BD
3230684160,3230684671,MX
3230684672,3230685183,BD
3230685184,3230686207,NL
3230686208,3230687231,ID
3230687232,3230691327,BR
3230691328,3230692351,CO
3230692352,3230695423,BR
3230695424,3230728191,CN
3230728192,3230729215,RU
3230729216,3230730239,FR
3230730240,3230731263,DE
3230731264,3230733311,RU
3230733312,3230734335,TH
3230734336,3230735359,NL
3230735360,3230735615,PL
3230735616,3230735871,FI
3230735872,3230736127,SE
3230736128,3230736383,NL
3230736384,3230737407,FR
3230737408,3230737663,DE
3230737664,3230737919,FR
3230737920,3230738431,DE
3230738432,3230739455,ES
3230739456,3230740479,DE
3230740480,3230741503,SM
3230741504,3230742527,GB
3230742528,3230743551,NL
3230743552,3230744575,CH
3230744576,3230745855,US
3230745856,3230746111,TH
3230746112,3230746367,GT
3230746368,3230746623,US
3230746624,3230747647,AU
3230747648,3230748927,DE
3230748928,3230749183,OM
3230749184,3230749439,LU
3230749440,3230749695,DE
3230749696,3230750719,SK
3230750720,3230752767,DE
3230752768,3230753791,RU
3230753792,3230754815,RO
3230754816,3230755839,CZ
3230755840,3230756607,US
3230756608,3230756863,UA
3230756864,3230758911,DE
3230758912,3230759935,PS
3230759936,3230760191,ES
3230760192,3230760447,DE
3230760448,3230760703,GB
3230760704,3230760959,IT
3230760960,3230769151,ZA
3230769152,3230770175,MW
3230771200,3230773247,SO
3230773248,3230774271,CI
3230774272,3230775295,SS
3230775296,3230775807,NG
3230775808,3230776319,CM
3230776320,3230777343,CD
3230777344,3230785535,BR
3230785536,3230786559,RO
3230786560,3230787071,ID
3230787072,3230787327,CI
3230787328,3230823167,US
3230823424,3230823679,US
3230823680,3230823935,DK
3230823936,3230824191,US
3230824192,3230824447,FR
3230824448,3230825215,US
3230825216,3230825471,GB
3230825472,3230826239,ES
3230826240,3230827519,US
3230827520,3230827775,AT
3230827776,3230828031,SG
3230828032,3230828543,HU
3230828544,3230829055,GB
3230829056,3230829567,NL
3230829568,3230830079,RU
3230830080,3230832127,US
3230832128,3230832383,NZ
3230832384,3230832639,US
3230832640,3230832895,FI
3230832896,3230833663,US
3230833664,3230833919,CA
3230833920,3230834175,BR
3230834176,3230835455,US
3230835456,3230837503,NO
3230837504,3230837759,CA
3230837760,3230838015,ES
3230838016,3230840319,IT
3230840320,3230840575,FR
3230840832,3230841087,JP
3230841088,3230841343,DE
3230841344,3230841599,US
3230841600,3230841855,ES
3230841856,3230842111,US
3230842112,3230842367,IN
3230842368,3230843135,US
3230843136,3230843391,NO
3230843392,3230844927,US
3230845184,3230845695,US
3230845952,3230846207,CZ
3230846208,3230848255,US
3230848512,3230849535,US
3230849536,3230850047,NZ
3230850048,3230851839,US
3230851840,3230852095,NO
3230852096,3230852351,GB
3230852352,3230852607,BR
3230852608,3230853119,CA
3230853120,3230853375,AU
3230853376,3230853887,FR
3230853888,3230854399,US
3230854400,3230854655,UY
3230854656,3230855167,NO
3230855168,3230855679,US
3230855680,3230855935,IT
3230855936,3230856191,US
3230856448,3230857983,US
3230857984,3230858751,AU
3230858752,3230865151,US
3230865152,3230865407,GB
3230865408,3230867199,US
3230867456,3230867967,US
3230867968,3230868223,IS
3230868224,3230868479,US
3230868480,3230868735,GB
3230868736,3230870015,US
3230870016,3230870271,PL
3230870272,3230877695,US
3230877952,3230878719,US
3230878720,3230879487,PT
3230879488,3230879743,FR
3230879744,3230879999,US
3230880256,3230888447,US
3230888448,3230888703,ID
3230888704,3230895359,US
3230895360,3230895615,PL
3230895616,3230897663,US
3230897664,3230897919,GB
3230898688,3230898943,US
3230898944,3230899199,PT
3230899200,3230902783,US
3230902784,3230903039,CA
3230903040,3230913023,US
3230913024,3230913279,BR
3230913280,3230913535,US
3230913536,3230913791,GB
3230913792,3230914047,CA
3230914048,3230914303,US
3230914304,3230914815,FI
3230914816,3230915071,GB
3230915072,3230915327,BR
3230915328,3230915583,GB
3230915584,3230917631,US
3230917632,3230917887,GB
3230917888,3230918399,US
3230918400,3230918655,LC
3230918912,3230919423,US
3230919424,3230919679,AU
3230919680,3230922239,US
3230922240,3230922495,AU
3230922496,3230922751,IT
3230922752,3230923519,US
3230923520,3230923775,DE
3230923776,3230924031,US
3230924288,3230933247,US
3230933248,3230948607,SE
3230948608,3230951167,US
3230951168,3230951423,PT
3230951424,3230953215,US
3230953216,3230954495,CA
3230954496,3230967295,AU
3230967296,3230967551,RU
3230967552,3230967807,ES
3230967808,3230969599,US
3230969600,3230969855,MX
3230969856,3230970111,US
3230970112,3230972671,GB
3230972672,3230973439,US
3230973696,3230973951,US
3230973952,3230974207,NL
3230974208,3230974463,IT
3230974464,3230974719,GB
3230974720,3230974975,US
3230975232,3230975487,US
3230975488,3230975999,GB
3230976000,3230976255,NL
3230976256,3230980095,ES
3230980096,3230980351,GB
3230980608,3230981119,US
3230981120,3230981375,IT
3230981376,3230981631,NZ
3230981632,3230981887,US
3230981888,3230983935,AU
3230983936,3230991103,US
3230991104,3230991359,PL
3230991360,3230991615,US
3230991616,3230991871,FI
3230991872,3230994175,US
3230994176,3230994431,GB
3230994432,3230995199,US
3230995200,3230995455,ES
3230995712,3230995967,US
3230996224,3230996479,CA
3230996736,3230997247,US
3230997248,3230997503,AT
3230997504,3230997759,US
3230997760,3230999039,SE
3230999040,3230999295,US
3230999296,3230999551,SE
3230999552,3230999807,AU
3230999808,3231000831,US
3231000832,3231001087,FR
3231001088,3231001343,US
3231001344,3231001599,CA
3231001600,3231002623,FR
3231002624,3231003903,US
3231003904,3231004159,CA
3231004416,3231004927,US
3231004928,3231005183,GB
3231005184,3231005439,US
3231005440,3231005695,FR
3231005696,3231005951,GB
3231005952,3231010047,US
3231010048,3231010303,FR
3231010304,3231010815,NO
3231010816,3231011071,CA
3231011072,3231013887,US
3231014144,3231015423,US
3231015424,3231015679,FR
3231015936,3231016191,NO
3231016192,3231016447,US
3231016448,3231016703,NO
3231016960,3231017215,CA
3231017216,3231018495,US
3231018496,3231018751,IT
3231018752,3231019007,GB
3231019008,3231020287,US
3231020288,3231020543,GB
3231020544,3231020799,NL
3231020800,3231021567,GB
3231021568,3231021823,US
3231021824,3231022079,CA
3231022080,3231022591,US
3231022592,3231022847,DE
3231022848,3231028479,US
3231028736,3231042047,US
3231042048,3231042303,GU
3231042304,3231043839,US
3231044096,3231048447,US
3231048448,3231048703,NL
3231048704,3231049215,US
3231049472,3231049727,US
3231049728,3231049983,AT
3231050240,3231050751,US
3231051008,3231051263,US
3231051264,3231051519,GB
3231051776,3231059967,US
3231059968,3231060223,IN
3231060224,3231060991,US
3231060992,3231061247,IE
3231061248,3231070719,US
3231070720,3231074559,SE
3231074560,3231075071,US
3231075072,3231075583,SE
3231075584,3231075839,US
3231075840,3231077119,SE
3231077120,3231077375,PL
3231077376,3231077631,SE
3231077632,3231078655,US
3231078656,3231078911,GB
3231078912,3231079423,CA
3231079424,3231079679,GB
3231079680,3231079935,US
3231079936,3231080191,NL
3231080192,3231080447,US
3231080704,3231082495,US
3231082496,3231082751,PL
3231082752,3231083007,US
3231083008,3231083263,GB
3231083264,3231083519,AU
3231083520,3231085055,US
3231085312,3231085567,US
3231085824,3231087615,US
3231087616,3231087871,NO
3231087872,3231088127,US
3231088128,3231088383,GT
3231088384,3231088895,US
3231088896,3231091711,AU
3231091712,3231091967,GB
3231091968,3231092735,US
3231092992,3231093247,US
3231093248,3231093503,IT
3231093504,3231101183,US
3231101184,3231103231,GB
3231103232,3231103487,CA
3231103488,3231103999,US
3231104000,3231104255,NO
3231104256,3231104767,DE
3231104768,3231105023,US
3231105024,3231105535,PT
3231105536,3231106303,IT
3231106304,3231106559,NO
3231106560,3231106815,GB
3231106816,3231107071,US
3231107328,3231107583,US
3231107584,3231107839,AU
3231107840,3231108095,AT
3231108096,3231108351,GB
3231108352,3231108607,RU
3231108608,3231109119,US
3231109120,3231109375,GB
3231109376,3231109631,NO
3231109632,3231111679,US
3231111680,3231112191,NZ
3231112448,3231112959,US
3231112960,3231113215,NO
3231113216,3231113983,US
3231113984,3231115775,GB
3231115776,3231116799,AU
3231116800,3231117055,HU
3231117056,3231118079,US
3231118336,3231118847,US
3231118848,3231119103,AU
3231119104,3231119359,US
3231119360,3231119615,GB
3231119616,3231120383,TH
3231120384,3231120639,NO
3231120640,3231120895,US
3231120896,3231121151,NO
3231121152,3231149311,US
3231149312,3231149567,CA
3231149568,3231154431,US
3231154688,3231155199,US
3231155200,3231156223,CA
3231156224,3231166463,US
3231166464,3231166471,FR
3231166472,3231166472,SA
3231166473,3231166719,FR
3231166720,3231166975,US
3231166976,3231167231,CA
3231167232,3231167487,CO
3231167488,3231167743,MX
3231167744,3231167999,NI
3231168000,3231187711,US
3231187968,3231188479,US
3231188480,3231188735,NO
3231188736,3231190527,US
3231190528,3231190783,GB
3231191040,3231191295,US
3231191296,3231191551,GB
3231191552,3231193599,US
3231193600,3231194111,DE
3231194112,3231197695,US
3231197696,3231197951,FR
3231197952,3231198207,US
3231198208,3231198463,GB
3231198464,3231198719,US
3231198976,3231199231,PT
3231199232,3231199487,GB
3231199488,3231200255,NL
3231200256,3231200767,US
3231200768,3231201023,AT
3231201024,3231201791,US
3231202048,3231202559,US
3231202560,3231203071,GB
3231203072,3231203327,AT
3231203328,3231204351,US
3231204352,3231204607,FI
3231204608,3231204863,JP
3231204864,3231207167,US
3231207168,3231207423,CA
3231207424,3231207935,US
3231207936,3231208191,DE
3231208192,3231208959,US
3231209472,3231210239,US
3231210240,3231210495,CA
3231210496,3231211775,US
3231211776,3231212031,CA
3231212032,3231212287,CH
3231212288,3231213567,US
3231213824,3231215359,US
3231215360,3231215615,NO
3231215616,3231215871,GB
3231215872,3231216127,US
3231216384,3231216895,US
3231217152,3231217407,US
3231217664,3231218175,US
3231218176,3231218431,GB
3231218432,3231218687,US
3231218688,3231218943,BE
3231218944,3231219199,US
3231219200,3231219455,PL
3231219456,3231219711,US
3231219968,3231223039,US
3231223040,3231223295,IT
3231223296,3231223807,US
3231223808,3231224063,HK
3231224064,3231224319,US
3231224576,3231225599,US
3231225600,3231225855,DE
3231225856,3231226879,US
3231226880,3231227135,GB
3231227136,3231227391,US
3231227392,3231227647,CA
3231227648,3231228927,US
3231229440,3231229695,IT
3231229696,3231229951,FR
3231229952,3231231487,US
3231231488,3231231743,PT
3231231744,3231234047,US
3231234048,3231235071,GB
3231235072,3231236863,US
3231236864,3231237119,CA
3231237120,3231237375,US
3231237632,3231241215,US
3231241216,3231241471,JP
3231241728,3231244031,US
3231244288,3231244543,US
3231244800,3231248639,US
3231248640,3231248895,GB
3231248896,3231249407,US
3231249408,3231249663,GB
3231249664,3231250431,US
3231250432,3231250687,CA
3231250688,3231251711,US
3231251712,3231251967,GB
3231251968,3231252223,AT
3231252224,3231252991,US
3231252992,3231253503,GB
3231253504,3231254783,US
3231255040,3231255551,US
3231255552,3231255807,BR
3231255808,3231256063,PT
3231256064,3231256831,US
3231257088,3231257599,HU
3231257600,3231267071,US
3231267072,3231267327,NL
3231267328,3231267839,US
3231267840,3231268863,GB
3231268864,3231275007,US
3231275008,3231275263,BR
3231275264,3231275519,CH
3231275520,3231276287,US
3231276544,3231276799,US
3231276800,3231281919,JP
3231281920,3231282175,US
3231282176,3231282431,HU
3231282432,3231282943,US
3231282944,3231283199,CL
3231283200,3231283455,BR
3231283712,3231284991,US
3231284992,3231285247,PL
3231285248,3231291391,US
3231291648,3231291903,GB
3231291904,3231292159,US
3231292160,3231292415,MX
3231292416,3231292927,US
3231293184,3231294463,US
3231294720,3231294975,US
3231294976,3231295231,GB
3231295232,3231295487,CR
3231295488,3231295743,BE
3231295744,3231296255,US
3231296256,3231296511,NL
3231296512,3231296767,US
3231296768,3231299327,AT
3231299328,3231300095,US
3231300096,3231300351,CA
3231300352,3231300607,US
3231300608,3231300863,SE
3231300864,3231301119,GB
3231301120,3231301887,US
3231302144,3231302399,NO
3231302400,3231302655,US
3231303168,3231307007,US
3231307008,3231307263,GB
3231307264,3231308031,US
3231308032,3231308287,CA
3231308288,3231308799,US
3231308800,3231309055,CA
3231309056,3231311103,PH
3231311104,3231316735,US
3231316736,3231316991,SG
3231316992,3231322111,US
3231322112,3231322367,JP
3231322368,3231324159,SG
3231324160,3231324671,JP
3231324672,3231325183,US
3231325184,3231326207,CA
3231326208,3231333119,US
3231333376,3231335167,US
3231335424,3231336703,US
3231336960,3231352831,US
3231352832,3231358975,CA
3231358976,3231383551,US
3231383552,3231383807,CA
3231383808,3231385343,NO
3231385344,3231401215,US
3231401216,3231401471,CA
3231401472,3231408639,US
3231408640,3231409151,DE
3231409152,3231482879,US
3231482880,3231483135,BE
3231483136,3231484927,US
3231485184,3231485439,JP
3231485440,3231485695,ID
3231485696,3231485951,JP
3231485952,3231486207,HK
3231486208,3231487999,JP
3231488000,3231488255,IN
3231488256,3231488511,AU
3231488512,3231488767,JP
3231489280,3231489535,US
3231489536,3231490047,JP
3231490048,3231490559,US
3231490560,3231490815,GB
3231490816,3231491327,US
3231491584,3231491839,US
3231491840,3231492095,GB
3231492096,3231492351,US
3231492352,3231492607,CA
3231492608,3231500031,US
3231500032,3231500287,BM
3231500288,3231502079,US
3231502592,3231502847,US
3231502848,3231503103,PT
3231503360,3231503615,US
3231503616,3231503871,IT
3231503872,3231504639,US
3231504640,3231504895,NL
3231504896,3231505407,US
3231505408,3231505663,HK
3231505664,3231506687,US
3231506688,3231506943,NZ
3231506944,3231507199,US
3231507200,3231507455,BE
3231507456,3231510271,US
3231510272,3231510527,GB
3231510528,3231512575,US
3231512576,3231512831,LU
3231513088,3231514879,US
3231514880,3231515647,NO
3231515648,3231516671,US
3231516672,3231519231,SE
3231519232,3231520767,US
3231520768,3231521039,AU
3231521040,3231521051,US
3231521052,3231521055,AU
3231521056,3231521059,US
3231521060,3231521127,AU
3231521128,3231521135,NZ
3231521136,3231521279,AU
3231521280,3231521535,US
3231521536,3231521735,AU
3231521736,3231521739,NZ
3231521740,3231521791,AU
3231521792,3231523327,US
3231523328,3231523583,AU
3231523584,3231526911,US
3231526912,3231527423,CA
3231527424,3231528191,US
3231528192,3231528959,CA
3231528960,3231529983,US
3231529984,3231531007,CA
3231531008,3231539199,US
3231539200,3231547391,CA
3231547392,3231547647,US
3231547648,3231547903,NO
3231547904,3231556095,US
3231556352,3231556607,US
3231556608,3231556863,CA
3231556864,3231557887,AT
3231557888,3231558399,GB
3231558400,3231558655,DE
3231558656,3231558911,GB
3231558912,3231559167,CA
3231559168,3231559423,GB
3231559424,3231559679,US
3231559680,3231559935,GB
3231559936,3231561983,US
3231561984,3231562239,IT
3231562240,3231562495,US
3231562496,3231562751,GB
3231562752,3231563007,US
3231563008,3231563263,CH
3231563264,3231563519,ZA
3231563776,3231580159,ES
3231580160,3231583231,US
3231583232,3231584255,CA
3231584256,3231587327,US
3231587328,3231588351,BE
3231588352,3231596031,US
3231596032,3231596543,PR
3231596544,3231604735,US
3231604736,3231606783,CA
3231606784,3231608319,US
3231608320,3231608831,GB
3231608832,3231610367,US
3231610368,3231610879,GB
3231610880,3231634943,US
3231634944,3231635455,CA
3231635456,3231649791,US
3231649792,3231651839,NL
3231651840,3231653631,SG
3231653632,3231655423,US
3231655424,3231655935,KZ
3231655936,3231663615,US
3231663616,3231663871,FI
3231663872,3231664127,CA
3231664128,3231664383,US
3231664384,3231664639,GB
3231664640,3231665407,US
3231665408,3231665663,IT
3231665664,3231667199,US
3231667200,3231667711,ES
3231667712,3231668735,US
3231668736,3231668991,BE
3231668992,3231670015,US
3231670016,3231670271,DE
3231670272,3231671295,US
3231671296,3231672319,NL
3231672320,3231672575,US
3231672576,3231672831,NL
3231672832,3231673343,US
3231673344,3231673599,NO
3231673600,3231673855,IE
3231673856,3231674111,US
3231674112,3231674367,CA
3231674368,3231675391,US
3231675392,3231675903,BR
3231675904,3231676159,IE
3231676160,3231676671,US
3231676672,3231676927,FR
3231676928,3231677183,FI
3231677184,3231690751,US
3231690752,3231692799,CA
3231692800,3231703039,US
3231703040,3231711231,CA
3231711232,3231713535,US
3231713792,3231714047,RU
3231714048,3231715071,US
3231715072,3231715327,SI
3231715328,3231715583,AU
3231715584,3231715839,US
3231716352,3231716607,US
3231716608,3231716863,TR
3231716864,3231717119,LU
3231717120,3231717375,NO
3231717376,3231718143,US
3231718144,3231718399,IT
3231718656,3231718911,TW
3231718912,3231719679,US
3231719680,3231719935,ES
3231719936,3231720703,US
3231720704,3231720959,IT
3231720960,3231722751,US
3231722752,3231723007,BR
3231723264,3231724031,US
3231724032,3231724287,BR
3231724288,3231724543,US
3231724800,3231727871,US
3231727872,3231728127,DE
3231728384,3231728639,AT
3231728640,3231729407,US
3231729408,3231729663,AU
3231729664,3231735551,US
3231735552,3231736063,CH
3231736064,3231737343,US
3231737344,3231737599,CA
3231737600,3231738367,US
3231738368,3231738623,NL
3231738624,3231739135,US
3231739136,3231739391,GB
3231739392,3231739647,PL
3231739648,3231739903,MX
3231739904,3231742719,US
3231742720,3231742975,FR
3231742976,3231743487,US
3231743488,3231743743,NO
3231743744,3231743999,US
3231744000,3231744255,BR
3231744256,3231746559,US
3231746816,3231747583,US
3231747584,3231747839,DE
3231747840,3231748095,GB
3231748096,3231750143,US
3231750144,3231750399,NL
3231750400,3231750911,US
3231751168,3231751423,IT
3231751680,3231752191,US
3231752192,3231752447,IT
3231752704,3231753983,US
3231753984,3231754239,CA
3231754240,3231754495,US
3231754496,3231755263,AU
3231755264,3231755519,HU
3231755520,3231755775,US
3231755776,3231756543,PR
3231756544,3231757311,GB
3231757312,3231757823,US
3231758336,3231759359,US
3231759360,3231759615,BR
3231759616,3231760895,US
3231760896,3231761407,GB
3231761408,3231761663,US
3231761920,3231763711,US
3231763712,3231763967,AU
3231763968,3231768575,US
3231768576,3231768831,RU
3231768832,3231769087,NO
3231769088,3231769343,NZ
3231769344,3231769855,US
3231770112,3231770367,US
3231770368,3231770879,AT
3231770880,3231771135,RU
3231771136,3231773951,US
3231773952,3231775231,PT
3231775232,3231775487,KY
3231775488,3231775743,PT
3231775744,3231775999,IL
3231776000,3231776511,US
3231776512,3231776767,CA
3231776768,3231778303,US
3231778304,3231778815,IQ
3231778816,3231793151,US
3231793152,3231793663,BE
3231793664,3231801343,US
3231801344,3231809535,CA
3231809536,3231810047,NZ
3231810048,3231842303,US
3231842304,3231843327,RU
3231843328,3231844351,NO
3231844352,3231845375,RU
3231845376,3231846399,ES
3231846400,3231846655,RO
3231846656,3231846911,PT
3231846912,3231847167,GB
3231847168,3231847423,UA
3231847424,3231848447,RU
3231848448,3231850495,CH
3231850496,3231851519,UA
3231851520,3231853567,RU
3231853568,3231855615,PL
3231855616,3231856639,RS
3231856640,3231857663,RU
3231857664,3231858687,PL
3231858688,3231859711,RU
3231859712,3231860735,FR
3231860736,3231861759,SA
3231861760,3231863807,UA
3231863808,3231864831,DE
3231864832,3231865855,RU
3231865856,3231866879,PL
3231866880,3231867903,CZ
3231867904,3231868927,VG
3231868928,3231869951,LV
3231869952,3231873023,UA
3231873024,3231875071,RU
3231875072,3231876095,PL
3231876096,3231877119,UA
3231877120,3231878143,NL
3231878144,3231879167,UA
3231879168,3231881215,PL
3231881216,3231882239,UA
3231882240,3231883263,KZ
3231883264,3231884287,UA
3231884288,3231885311,PL
3231885312,3231886335,DE
3231886336,3231888383,PL
3231888384,3231889407,RU
3231889408,3231889919,NL
3231889920,3231890431,RO
3231890432,3231892479,RU
3231892480,3231893247,NL
3231893248,3231893503,DE
3231893504,3231894527,UA
3231894528,3231895551,CH
3231895552,3231896575,UA
3231896576,3231897599,RU
3231897600,3231898623,IE
3231898624,3231899647,SE
3231899648,3231900671,UA
3231900672,3231901439,DE
3231901440,3231901695,BG
3231901696,3231903743,UA
3231903744,3231905791,RU
3231905792,3231906047,PL
3231906048,3231907839,RU
3231907840,3231913983,US
3231913984,3231915007,MQ
3231915008,3231916031,US
3231916032,3231948799,FI
3231948800,3231973375,US
3231973376,3232038911,AT
3232038912,3232104447,SE
3232104448,3232107519,DE
3232107520,3232108543,RU
3232108544,3232112639,DE
3232112640,3232113663,PL
3232113664,3232114431,IR
3232114432,3232114687,FR
3232114688,3232115711,DE
3232115712,3232116735,GB
3232116736,3232125183,DE
3232125184,3232125695,US
3232125696,3232125951,LT
3232125952,3232129023,DE
3232129024,3232130047,NL
3232130048,3232131071,RU
3232131072,3232133119,DE
3232133120,3232133631,UA
3232133632,3232133887,HK
3232133888,3232134143,LT
3232134144,3232135167,RU
3232135168,3232135679,PL
3232135680,3232135935,RO
3232135936,3232137215,RU
3232137216,3232139263,UA
3232139264,3232140287,GB
3232140288,3232141311,FR
3232141312,3232141823,RU
3232141824,3232142335,DE
3232142336,3232143359,ES
3232143360,3232143615,DE
3232143616,3232143871,NL
3232143872,3232144895,FR
3232144896,3232156159,DE
3232156160,3232156671,PL
3232156672,3232157695,FR
3232157696,3232159743,GB
3232159744,3232161791,PL
3232161792,3232162815,NL
3232162816,3232163839,UZ
3232163840,3232165887,RU
3232165888,3232166911,AT
3232166912,3232167935,DE
3232167936,3232168063,GB
3232168064,3232168191,IE
3232168192,3232168831,GB
3232168832,3232168895,IE
3232168896,3232168959,GB
3232168960,3232169215,IT
3232169216,3232169727,DE
3232169728,3232169983,PL
3232169984,3232235519,IT
3232301056,3232302079,US
3232302080,3232302335,CA
3232302336,3232309247,US
3232309248,3232309759,PH
3232309760,3232310527,SG
3232310528,3232310783,PH
3232310784,3232311551,SG
3232311552,3232311807,PH
3232311808,3232324095,US
3232324096,3232324351,FR
3232324352,3232325631,US
3232325632,3232325887,HK
3232325888,3232326399,TW
3232326400,3232327679,HK
3232327680,3232328703,IN
3232328704,3232329727,JP
3232329728,3232330751,SG
3232330752,3232331007,MM
3232331008,3232331263,BD
3232331264,3232332799,TW
3232332800,3232333311,PK
3232333312,3232333823,JP
3232333824,3232388607,US
3232388608,3232388863,AU
3232388864,3232393727,US
3232393728,3232394239,KR
3232394240,3232432383,US
3232432384,3232433663,DE
3232433664,3232440319,US
3232440320,3232452607,CA
3232452608,3232456447,US
3232456448,3232456703,BR
3232456704,3232458751,US
3232458752,3232460799,PF
3232460800,3232461311,US
3232461312,3232461823,CA
3232461824,3232462847,US
3232462848,3232464895,BB
3232464896,3232483327,GB
3232483328,3232555775,US
3232555776,3232557055,JP
3232557056,3232557311,IT
3232557312,3232557567,US
3232557824,3232558591,JP
3232559104,3232559359,US
3232559360,3232560127,JP
3232560128,3232560383,US
3232560384,3232560639,IN
3232560640,3232560895,ID
3232560896,3232561663,US
3232561664,3232561919,CA
3232561920,3232562431,US
3232562432,3232562687,LU
3232562688,3232562943,CA
3232562944,3232563455,US
3232563456,3232564479,GB
3232564480,3232567295,US
3232567296,3232569599,NZ
3232569600,3232570367,US
3232570368,3232571135,CA
3232571136,3232571391,FR
3232571392,3232579983,US
3232579984,3232579999,KR
3232580000,3232581631,US
3232581632,3232581887,CA
3232581888,3232582655,US
3232582656,3232582711,CA
3232582712,3232582719,US
3232582720,3232582735,CA
3232582736,3232583167,US
3232583168,3232583423,CA
3232583424,3232583679,US
3232583680,3232583935,GB
3232583936,3232584191,US
3232584192,3232584447,GB
3232584448,3232584463,TR
3232584464,3232584703,US
3232584704,3232584959,NL
3232584960,3232585263,US
3232585264,3232585279,MX
3232585280,3232585727,US
3232585728,3232585983,DE
3232585984,3232586239,SG
3232586240,3232586751,US
3232586752,3232586767,MX
3232586768,3232587519,US
3232587520,3232587775,JP
3232587776,3232588031,BR
3232588032,3232588287,US
3232588288,3232588623,IN
3232588624,3232588799,US
3232588800,3232589311,ES
3232589312,3232589567,JP
3232589568,3232590079,US
3232590080,3232590335,IT
3232590336,3232590847,US
3232590848,3232591359,GB
3232591360,3232591615,US
3232591616,3232591623,FR
3232591624,3232591871,US
3232591872,3232591887,SE
3232591888,3232592127,US
3232592128,3232592383,AU
3232592384,3232592639,PL
3232592640,3232595967,US
3232595968,3232598015,GB
3232598016,3232600063,US
3232600064,3232602111,CA
3232602112,3232629759,US
3232629760,3232630783,CA
3232630784,3232645119,US
3232645120,3232646399,AT
3232646400,3232661503,US
3232661504,3232694271,JP
3232694272,3232694527,US
3232694528,3232694783,RU
3232694784,3232695039,CA
3232695040,3232695807,US
3232695808,3232696319,CA
3232696320,3232697855,US
3232697856,3232698367,KZ
3232698368,3232702463,US
3232702464,3232703743,FI
3232703744,3232703999,FR
3232704000,3232704511,CH
3232704512,3232705535,GB
3232705536,3232706559,FI
3232706816,3232716799,US
3232716800,3232727039,CA
3232727040,3232759807,US
3232759808,3232770815,SE
3232770816,3232771071,US
3232771072,3232818175,SE
3232818176,3232818431,US
3232818432,3232825343,SE
3232825344,3232830207,US
3232830208,3232830463,NL
3232830464,3232830719,HK
3232830720,3232832255,US
3232832256,3232832511,NZ
3232832512,3232832767,GB
3232832768,3232833279,US
3232833280,3232833535,GB
3232833536,3232835583,US
3232835584,3232835839,IT
3232835840,3232836095,GB
3232836096,3232837375,US
3232837376,3232837631,FR
3232837632,3232838399,US
3232838400,3232838655,GB
3232838656,3232840959,US
3232840960,3232841215,FR
3232841216,3232841471,US
3232841472,3232841727,GB
3232841728,3232843263,US
3232843264,3232843519,PL
3232843520,3232844031,US
3232844032,3232844287,AU
3232844288,3232844543,US
3232844544,3232844799,IN
3232844800,3232845055,GB
3232845056,3232845311,DE
3232845312,3232846079,US
3232846080,3232846335,PH
3232846336,3232849151,US
3232849152,3232849919,GB
3232849920,3232850943,US
3232850944,3232851199,DO
3232851200,3232858111,US
3232858112,3232858367,BR
3232858368,3232858879,US
3232858880,3232859135,BE
3232859136,3232859391,US
3232859392,3232859647,DE
3232859648,3232860671,US
3232860672,3232860927,LT
3232860928,3232861439,US
3232861440,3232861695,BR
3232861696,3232862207,US
3232862208,3232862463,NL
3232862464,3232862975,US
3232862976,3232863231,GB
3232863232,3232863743,US
3232863744,3232863999,FR
3232864000,3232864511,US
3232864512,3232864767,FR
3232864768,3232865791,US
3232865792,3232866047,DE
3232866048,3232866303,US
3232866304,3232866559,DE
3232866560,3232866815,CH
3232866816,3232867071,US
3232867072,3232867327,DE
3232867328,3232867583,BR
3232867584,3232868351,DE
3232868352,3232868607,CA
3232868608,3232871167,US
3232871168,3232871423,TR
3232871424,3232871679,CZ
3232871680,3232871935,US
3232871936,3232872191,ZA
3232872192,3232872447,FR
3232872448,3232872959,US
3232872960,3232873471,GB
3232873472,3232873983,US
3232873984,3232874239,BR
3232874240,3233288191,US
3233288192,3233292287,CA
3233292288,3233431551,US
3233431552,3233464319,CA
3233464320,3233484799,US
3233484800,3233487359,ES
3233487360,3233487871,US
3233487872,3233488895,CA
3233488896,3233514239,US
3233514496,3233516031,US
3233516032,3233516287,CA
3233516544,3233546239,US
3233546496,3233546751,US
3233546752,3233547007,CA
3233547520,3233547775,US
3233548032,3233548799,US
3233548800,3233549055,PT
3233549056,3233549311,BR
3233549312,3233557247,US
3233557504,3233561855,EC
3233561856,3233562367,US
3233562368,3233562879,GB
3233562880,3233563135,FR
3233563136,3233563903,US
3233563904,3233564159,GB
3233564160,3233564415,US
3233564416,3233564671,NZ
3233564672,3233564927,US
3233564928,3233566719,JP
3233566720,3233566975,ID
3233566976,3233567231,US
3233567232,3233567743,HK
3233567744,3233567999,US
3233568000,3233568255,ID
3233568256,3233568767,PK
3233568768,3233569023,CA
3233569024,3233569279,ID
3233569280,3233569535,IN
3233569536,3233569791,US
3233569792,3233570047,JP
3233570048,3233570303,US
3233570560,3233570815,US
3233570816,3233571071,GB
3233571072,3233572095,US
3233572096,3233572351,AU
3233572352,3233573119,US
3233573120,3233573375,NO
3233573376,3233573631,US
3233573632,3233573887,AU
3233573888,3233574143,US
3233574400,3233575679,US
3233575680,3233575935,AU
3233575936,3233576191,RU
3233576192,3233576447,GB
3233576448,3233577215,US
3233577216,3233577471,AT
3233577472,3233577727,SE
3233577728,3233578239,US
3233578240,3233578495,GB
3233578496,3233578751,US
3233578752,3233579007,IE
3233579264,3233579519,GB
3233579520,3233580031,US
3233580032,3233580287,GB
3233580288,3233581055,US
3233581056,3233581311,DE
3233581312,3233583103,US
3233583360,3233583615,GB
3233583616,3233584895,US
3233584896,3233585151,AU
3233585152,3233586431,US
3233586432,3233586943,GB
3233586944,3233588223,US
3233588224,3233589247,GA
3233589248,3233589759,CA
3233589760,3233590015,US
3233590016,3233590271,TW
3233590272,3233590527,TH
3233590528,3233590783,US
3233590784,3233591039,PH
3233591040,3233591295,ID
3233591296,3233593599,US
3233593600,3233593855,NZ
3233593856,3233594111,AU
3233594112,3233594367,RU
3233594368,3233594623,US
3233594624,3233594879,RU
3233594880,3233595903,US
3233595904,3233596927,EC
3233596928,3233605887,US
3233605888,3233607167,PL
3233607168,3233607935,US
3233608192,3233609727,HU
3233609728,3233609983,IT
3233609984,3233611775,US
3233611776,3233612031,CA
3233612032,3233612287,GB
3233612288,3233613055,US
3233613312,3233613823,US
3233613824,3233614847,GB
3233614848,3233615359,US
3233615360,3233615615,DE
3233615616,3233617407,US
3233617408,3233617663,CA
3233617664,3233617919,GB
3233618176,3233618431,US
3233618944,3233620479,US
3233620480,3233620735,NZ
3233620736,3233620991,US
3233620992,3233622015,CA
3233622016,3233622271,US
3233622272,3233622527,GB
3233622528,3233624831,US
3233624832,3233625087,AT
3233625088,3233625343,GB
3233625344,3233625599,US
3233625600,3233625855,AU
3233625856,3233626111,GB
3233626112,3233628671,US
3233628672,3233628927,FR
3233628928,3233629439,CA
3233629440,3233629695,GB
3233629696,3233629951,IL
3233630208,3233630463,US
3233630464,3233630719,NL
3233630720,3233630975,US
3233630976,3233631231,ZA
3233631232,3233631487,DE
3233631488,3233631743,US
3233631744,3233631999,CA
3233632000,3233632767,US
3233633024,3233634559,US
3233634560,3233634562,CA
3233634563,3233634563,NL
3233634564,3233634564,CA
3233634565,3233634567,US
3233634568,3233634568,GB
3233634569,3233634569,US
3233634570,3233635071,CA
3233635072,3233635839,US
3233635840,3233636095,ID
3233636096,3233636351,PR
3233636352,3233640703,US
3233640960,3233642239,US
3233642240,3233642495,GB
3233642496,3233646591,US
3233647104,3233647359,US
3233647360,3233647871,GA
3233647872,3233649663,US
3233649920,3233650431,US
3233650432,3233650687,DE
3233650688,3233651199,US
3233651200,3233651455,IT
3233651712,3233652479,US
3233652480,3233652735,AU
3233652736,3233652991,GB
3233652992,3233654271,US
3233654272,3233655551,GB
3233655552,3233662719,US
3233662976,3233663487,US
3233663488,3233663999,GB
3233664000,3233664255,CA
3233664256,3233665023,US
3233665024,3233665279,AU
3233666048,3233668863,US
3233668864,3233669119,PH
3233669120,3233670399,US
3233670400,3233671423,AU
3233671424,3233671679,ID
3233671680,3233676031,US
3233676032,3233676287,DE
3233676288,3233677311,US
3233677312,3233677567,CA
3233677824,3233682175,US
3233682176,3233682431,CA
3233682432,3233683711,US
3233683712,3233683967,CA
3233683968,3233684991,US
3233684992,3233685503,MX
3233685504,3233687039,US
3233687296,3233688575,US
3233688576,3233688831,GB
3233688832,3233689855,US
3233690112,3233692159,US
3233692160,3233692671,NO
3233692672,3233692927,US
3233692928,3233693183,AU
3233693184,3233693695,US
3233693696,3233693951,GB
3233693952,3233694207,US
3233694208,3233694463,AU
3233694464,3233694719,GB
3233694720,3233694975,US
3233694976,3233695231,FR
3233695232,3233696511,US
3233696512,3233696767,CA
3233697024,3233701631,US
3233701632,3233701887,NO
3233701888,3233704959,US
3233704960,3233705215,NZ
3233705216,3233710335,US
3233710336,3233711359,FR
3233711360,3233720319,US
3233720320,3233721343,GI
3233721344,3233721599,US
3233721600,3233721855,HU
3233721856,3233722111,PT
3233722112,3233723391,US
3233723392,3233723903,AU
3233723904,3233724415,GB
3233724416,3233725951,US
3233725952,3233726975,NO
3233726976,3233728767,US
3233728768,3233729279,GB
3233729280,3233729535,US
3233729536,3233730047,SG
3233730048,3233730559,US
3233730560,3233730815,AU
3233731072,3233732607,AU
3233732608,3233736959,US
3233736960,3233737983,FR
3233737984,3233738751,US
3233738752,3233739007,GB
3233739264,3233739519,FR
3233739520,3233740543,US
3233740544,3233741311,GB
3233741312,3233742079,US
3233742336,3233808383,US
3233808384,3233873919,TW
3233873920,3233939455,US
3233939456,3234004991,FI
3234005248,3234005503,GB
3234005760,3234006015,CA
3234006016,3234006527,US
3234007040,3234007295,RU
3234007296,3234007551,US
3234007808,3234008063,US
3234008064,3234008831,NZ
3234008832,3234013695,US
3234013952,3234014975,US
3234014976,3234015487,KR
3234015488,3234015743,US
3234015744,3234016255,GB
3234016256,3234019327,AU
3234019328,3234019839,BR
3234019840,3234023167,US
3234023424,3234023679,PL
3234023680,3234030079,US
3234030080,3234030335,DE
3234030336,3234031103,US
3234031104,3234031359,AU
3234031616,3234031871,US
3234031872,3234032127,GB
3234032128,3234032383,PL
3234032384,3234033151,US
3234033152,3234033407,IT
3234033408,3234033663,US
3234033920,3234034687,US
3234034688,3234035455,GB
3234035456,3234039295,US
3234039296,3234043135,SE
3234043136,3234043647,US
3234044160,3234048511,US
3234048512,3234048767,AU
3234048768,3234051839,US
3234051840,3234052095,NL
3234052096,3234052351,DE
3234052352,3234052607,US
3234052864,3234054911,US
3234054912,3234055167,PT
3234055168,3234055423,US
3234055424,3234055679,AU
3234055936,3234056959,US
3234056960,3234057215,CA
3234057216,3234058239,US
3234059008,3234059775,US
3234060544,3234061055,US
3234061056,3234061311,NZ
3234061312,3234064639,US
3234064896,3234065407,US
3234065408,3234065663,GB
3234065664,3234065919,BR
3234065920,3234070271,US
3234070272,3234070527,CA
3234070528,3234070783,US
3234070784,3234110463,FR
3234110464,3234119679,US
3234119680,3234123775,DE
3234123776,3234126847,US
3234127360,3234127615,US
3234127616,3234127871,CA
3234127872,3234136063,US
3234136064,3234150911,CA
3234150912,3234151423,US
3234151424,3234158847,CA
3234158848,3234159103,US
3234159104,3234159615,CA
3234159616,3234160127,US
3234160128,3234164991,CA
3234164992,3234165247,CN
3234165248,3234167295,CA
3234167296,3234167807,US
3234167808,3234172927,CA
3234172928,3234173951,US
3234173952,3234175999,CA
3234176000,3234177279,US
3234177280,3234184447,CA
3234184448,3234184703,PH
3234184704,3234187007,CA
3234187008,3234187775,US
3234187776,3234189055,CA
3234189056,3234189311,US
3234189312,3234191359,CA
3234191360,3234193663,US
3234193664,3234194175,CA
3234194432,3234194687,CA
3234194944,3234198783,CA
3234198784,3234199039,US
3234199040,3234199295,CA
3234199296,3234199551,US
3234199552,3234201343,CA
3234201344,3234203647,US
3234203648,3234205695,AR
3234205696,3234209279,US
3234209536,3234229247,US
3234229248,3234229503,CA
3234229504,3234231551,US
3234231552,3234231807,CA
3234231808,3234232319,US
3234232320,3234232575,CA
3234232576,3234233087,US
3234233088,3234233343,CA
3234233344,3234233855,US
3234233856,3234234111,CA
3234234112,3234247679,US
3234248704,3234249215,VG
3234249216,3234267135,US
3234267136,3234267391,CA
3234267392,3234270207,US
3234270208,3234271231,CA
3234271232,3234275327,PT
3234275328,3234279423,AU
3234279424,3234283519,CA
3234283520,3234316287,US
3234316288,3234320383,CA
3234320384,3234332671,US
3234332672,3234332927,CA
3234332928,3234349055,US
3234349056,3234353151,NZ
3234353152,3234387711,US
3234387712,3234387967,HU
3234387968,3234529279,US
3234529280,3234529535,PR
3234529536,3234538751,US
3234538752,3234539007,TC
3234539008,3234539519,ID
3234539520,3234549759,US
3234549760,3234550015,RU
3234553856,3234554623,US
3234554624,3234554879,NZ
3234554880,3234556415,US
3234556416,3234556927,CA
3234556928,3234557439,FI
3234557440,3234564607,US
3234564608,3234566911,KR
3234566912,3234568703,US
3234568704,3234568959,NZ
3234568960,3234569215,US
3234569216,3234569727,IN
3234569728,3234569983,CL
3234569984,3234574335,US
3234574336,3234574591,AU
3234574592,3234574847,MX
3234574848,3234576127,US
3234576128,3234576895,HK
3234576896,3234578687,US
3234578688,3234578943,ID
3234578944,3234579711,US
3234579712,3234579967,CA
3234579968,3234581247,US
3234581248,3234581503,CA
3234581504,3234582527,US
3234582784,3234583039,ID
3234583040,3234583807,US
3234583808,3234584063,AU
3234584064,3234584575,US
3234584576,3234584831,NZ
3234584832,3234587391,US
3234587392,3234587647,SA
3234587648,3234588671,US
3234588928,3234589439,US
3234589440,3234589695,AU
3234589696,3234591231,US
3234591488,3234592511,US
3234592512,3234592767,TH
3234592768,3234598399,US
3234598400,3234598911,TH
3234598912,3234601471,US
3234601472,3234601983,MY
3234601984,3234611455,US
3234611456,3234614271,HK
3234614272,3234615295,SG
3234615296,3234726143,US
3234726400,3234726655,CA
3234726656,3234726911,US
3234726912,3234727935,CA
3234727936,3234729727,US
3234729984,3234733055,US
3234733056,3234733311,CA
3234733312,3234739199,US
3234739456,3234739711,US
3234739712,3234740223,CA
3234740224,3234745599,US
3234745600,3234746879,GB
3234746880,3234747903,US
3234747904,3234748159,IL
3234748160,3234749695,US
3234749696,3234750207,CA
3234750208,3234751743,US
3234752256,3234753535,US
3234753792,3234755583,US
3234755840,3234756095,SG
3234756096,3234762751,US
3234762752,3234764799,CA
3234764800,3234766335,NZ
3234766336,3234772223,US
3234772224,3234772479,CA
3234772736,3234781439,US
3234781440,3234781951,CA
3234782720,3234783999,IL
3234784000,3234791935,US
3234791936,3234792191,IL
3234792448,3234795007,US
3234795008,3234795263,IT
3234795264,3234796287,US
3234796544,3234797823,US
3234797824,3234798079,ES
3234798080,3234799359,US
3234799360,3234799615,NL
3234799616,3234799871,US
3234799872,3234800127,AU
3234800128,3234800639,US
3234800896,3234801663,US
3234801664,3234802431,EC
3234802432,3234803199,US
3234803200,3234803455,SI
3234803456,3234803711,IL
3234803712,3234803967,PR
3234803968,3234806783,US
3234806784,3234807295,CA
3234807296,3234807807,US
3234807808,3234808063,TH
3234808064,3234809087,EC
3234809088,3234810879,US
3234810880,3234811135,CA
3234812160,3234814719,US
3234814720,3234814975,HK
3234814976,3234815999,US
3234816000,3234816767,AU
3234817792,3234819071,US
3234820352,3234820607,AU
3234820608,3234821887,US
3234821888,3234822399,AU
3234822656,3234826751,US
3234827008,3234827519,US
3234827520,3234827775,GB
3234827776,3234828031,LU
3234828288,3234828799,US
3234828800,3234829055,CL
3234829056,3234830079,US
3234831360,3234832127,AU
3234832128,3234832639,US
3234832640,3234832895,AU
3234832896,3234833663,US
3234833664,3234833919,AU
3234833920,3234838271,US
3234838272,3234838527,GT
3234838528,3234839295,US
3234839552,3234840831,US
3234841088,3234841599,BR
3234841600,3234841855,PT
3234841856,3234842367,AU
3234842368,3234842623,US
3234842624,3234843647,BR
3234843648,3234844159,MX
3234844160,3234844415,BR
3234844416,3234853375,US
3234853632,3234853887,US
3234853888,3234854143,EC
3234854144,3234854911,US
3234854912,3234855167,AU
3234855168,3234856447,US
3234856448,3234856703,ID
3234856704,3234857215,US
3234857216,3234857216,DE
3234857217,3234857217,NL
3234857218,3234857240,DE
3234857241,3234857241,NZ
3234857242,3234857343,DE
3234857344,3234857407,CA
3234857408,3234857471,DE
3234857472,3234857727,HK
3234857728,3234857983,CA
3234857984,3234858239,US
3234858240,3234858495,CA
3234858496,3234859007,US
3234859008,3234861055,CA
3234861056,3234938367,US
3234938368,3234938623,TR
3234938624,3234988287,US
3234988288,3234990847,CA
3234990848,3235004415,US
3235004416,3235020799,CA
3235020800,3235028991,US
3235028992,3235029247,NL
3235029248,3235032831,US
3235032832,3235033087,NL
3235033088,3235034879,US
3235034880,3235035135,IE
3235035136,3235050495,US
3235050496,3235051007,IN
3235051008,3235051263,US
3235051264,3235051519,IN
3235051520,3235051775,US
3235051776,3235052031,IN
3235052032,3235052799,US
3235052800,3235053055,IN
3235053056,3235053311,US
3235053312,3235053567,NL
3235053568,3235053823,SE
3235053824,3235065343,US
3235065344,3235065855,CA
3235065856,3235085311,US
3235085312,3235086335,CA
3235086336,3235275775,US
3235275776,3235276799,CA
3235276800,3235278847,US
3235278848,3235282943,BB
3235282944,3235291135,CA
3235291136,3235299327,DE
3235299328,3235307519,FR
3235307520,3235315711,CA
3235315712,3235512319,US
3235512320,3235577855,JP
3235577856,3235585279,CA
3235585280,3235585535,US
3235585536,3235633151,CA
3235633152,3235638271,US
3235638272,3235641855,CA
3235641856,3235642111,US
3235642112,3235643135,CA
3235643136,3235707903,US
3235707904,3235708415,KR
3235708416,3235774719,US
3235774720,3235776767,CA
3235776768,3235800575,US
3235800576,3235801087,CA
3235801088,3235807231,US
3235807232,3235839999,CA
3235840000,3235843071,US
3235843072,3235844095,VN
3235844096,3235856383,US
3235856384,3235872767,BO
3235872768,3235971071,US
3235971072,3235971327,CA
3235975168,3235985663,US
3235985920,3235995647,US
3235995648,3235995903,CA
3235995904,3235999487,US
3235999744,3236024319,US
3236024320,3236025343,SG
3236025344,3236044799,US
3236044800,3236052991,CA
3236052992,3236069375,US
3236069376,3236102143,CA
3236102144,3236102399,US
3236102400,3236106239,PH
3236106240,3236152831,US
3236152832,3236153599,IN
3236153600,3236154111,US
3236154112,3236154239,JM
3236154240,3236154367,CU
3236154368,3236168703,US
3236168704,3236175871,CA
3236175872,3236192767,US
3236192768,3236193279,PR
3236193280,3236193791,US
3236194304,3236196607,US
3236196608,3236196863,GB
3236196864,3236200447,US
3236200448,3236233215,MY
3236233216,3236238591,US
3236238848,3236239359,US
3236239360,3236241407,CA
3236241408,3236302847,US
3236302848,3236306943,NZ
3236306944,3236364799,US
3236365056,3236365567,US
3236365568,3236365823,CA
3236365824,3236368127,US
3236368384,3236368639,IN
3236368640,3236368895,DE
3236368896,3236369407,TR
3236369408,3236369919,US
3236369920,3236370175,TR
3236370176,3236370431,US
3236370432,3236370687,CA
3236370688,3236370943,TR
3236370944,3236371199,GB
3236371200,3236372991,US
3236373248,3236373503,US
3236373504,3236373759,BS
3236373760,3236378623,US
3236378880,3236379391,US
3236379392,3236379647,AU
3236379648,3236381183,US
3236381184,3236381439,CA
3236381440,3236381695,AT
3236381696,3236383999,US
3236384256,3236385279,US
3236385280,3236385535,DE
3236385536,3236387839,US
3236387840,3236389375,PR
3236389376,3236392447,US
3236392448,3236392703,CL
3236392704,3236393471,US
3236393472,3236393983,BR
3236393984,3236394239,PY
3236394240,3236395007,BR
3236395008,3236395519,AR
3236395520,3236396799,US
3236396800,3236397055,AU
3236397056,3236398847,US
3236399104,3236399359,AU
3236399616,3236400127,US
3236400128,3236400383,CL
3236400384,3236401151,US
3236401408,3236403967,US
3236403968,3236404223,CA
3236404224,3236406783,US
3236406784,3236407551,AU
3236407552,3236408063,SG
3236408064,3236408319,US
3236408320,3236409087,CA
3236409088,3236409599,BR
3236409600,3236411135,US
3236411136,3236411391,NZ
3236411392,3236412415,US
3236412416,3236412671,CA
3236412672,3236413695,US
3236413952,3236416255,US
3236416256,3236416511,AU
3236416512,3236418303,US
3236418304,3236418559,IN
3236418560,3236418815,AU
3236418816,3236419583,US
3236419840,3236420095,US
3236420352,3236424959,US
3236424960,3236425215,TZ
3236425216,3236427519,US
3236427520,3236427775,CA
3236428032,3236429311,US
3236429312,3236429567,ZA
3236429568,3236438015,US
3236438016,3236438527,IN
3236438528,3236439039,CN
3236439040,3236440063,ID
3236440064,3236440575,IN
3236440576,3236441087,PK
3236441088,3236442111,CN
3236442112,3236442623,ID
3236442624,3236443135,IN
3236443136,3236443647,PK
3236443648,3236444671,IN
3236444672,3236446207,BD
3236446208,3236462591,US
3236462592,3236470783,AU
3236470784,3236560895,US
3236560896,3236561151,CA
3236561152,3236570111,US
3236570368,3236575743,US
3236576000,3236585983,US
3236585984,3236586239,CA
3236586240,3236587007,US
3236587008,3236587263,MX
3236587264,3236600319,US
3236600576,3236604671,US
3236604672,3236604927,CA
3236604928,3236605695,US
3236606208,3236606463,US
3236606720,3236611071,US
3236611072,3236612095,CA
3236612096,3236613119,US
3236613120,3236613375,CA
3236613376,3236616447,US
3236616704,3236617983,US
3236617984,3236619775,CA
3236619776,3236620031,US
3236620288,3236620799,US
3236621056,3236623615,US
3236623616,3236623871,AU
3236623872,3236638719,US
3236638720,3236642815,BB
3236642816,3236659199,US
3236659200,3236691967,CA
3236691968,3236695039,US
3236695040,3236696063,CA
3236696064,3236732159,US
3236732160,3236732415,CA
3236732416,3236734207,US
3236734208,3236734463,CA
3236734464,3236757503,US
3236757504,3236765695,CA
3236765696,3236823295,US
3236823296,3236825855,CH
3236825856,3236827135,CA
3236827136,3236958207,US
3236962304,3237003519,US
3237003520,3237003775,NL
3237003776,3237004031,US
3237004032,3237004287,NL
3237004288,3237006079,US
3237006080,3237006335,NL
3237006336,3237012991,US
3237012992,3237014527,NL
3237014528,3237036031,US
3237036032,3237052415,CA
3237052416,3237163007,US
3237163008,3237167103,NL
3237167104,3237170175,US
3237170176,3237171199,CA
3237171200,3237181439,US
3237181440,3237183487,JP
3237183488,3237205503,US
3237205504,3237206015,CA
3237206016,3237216255,US
3237216256,3237281791,JP
3237281792,3237283327,US
3237284608,3237284863,ID
3237284864,3237285119,US
3237285632,3237287935,US
3237287936,3237288191,CA
3237288192,3237289471,US
3237289472,3237289727,BR
3237289728,3237290495,US
3237291264,3237294847,US
3237294848,3237295103,CA
3237295104,3237296639,US
3237296640,3237297151,SG
3237297152,3237297407,CL
3237297408,3237300479,US
3237302528,3237305599,US
3237306112,3237306623,US
3237306624,3237306879,SE
3237306880,3237308671,US
3237308672,3237310719,AU
3237310720,3237312767,US
3237312768,3237313023,BO
3237313024,3237316351,US
3237316608,3237319679,US
3237319680,3237319935,DZ
3237319936,3237320703,US
3237320704,3237320959,UA
3237320960,3237321471,US
3237321728,3237322751,US
3237322752,3237323263,CA
3237323264,3237323519,IN
3237323520,3237325055,US
3237325056,3237325311,PL
3237325312,3237325823,US
3237325824,3237326079,CA
3237326080,3237328639,US
3237328640,3237328895,CA
3237328896,3237329151,US
3237329152,3237329407,NZ
3237329408,3237330943,US
3237331200,3237331967,US
3237331968,3237332223,HK
3237332224,3237335039,US
3237335040,3237335295,HK
3237335296,3237335551,US
3237335552,3237337599,AU
3237337600,3237337855,US
3237338112,3237338367,NZ
3237338368,3237339391,US
3237339392,3237339647,GB
3237339648,3237340159,US
3237340160,3237340415,CA
3237340416,3237345535,US
3237345536,3237346303,KR
3237346304,3237412863,US
3237412864,3237413119,CA
3237413120,3237415679,GB
3237415680,3237415935,US
3237415936,3237416959,CA
3237416960,3237478399,US
3237478400,3237511167,LK
3237511168,3237515263,NL
3237515264,3237523455,GB
3237523456,3237527551,DE
3237527552,3237535743,CA
3237535744,3237537535,US
3237537536,3237537791,GB
3237537792,3237538047,NL
3237538048,3237548031,US
3237548032,3237552127,KR
3237552128,3237554687,US
3237554688,3237555199,SG
3237555200,3237557503,US
3237557504,3237557759,MX
3237557760,3237558015,US
3237558016,3237558271,MX
3237558272,3237568511,US
3237568512,3237572607,CA
3237572608,3237576703,US
3237576704,3237609471,CA
3237609472,3237613567,US
3237613568,3237614591,CA
3237614592,3237615615,US
3237615616,3237616895,CA
3237616896,3237666815,US
3237666816,3237667071,GB
3237667072,3237667839,US
3237667840,3237668095,SG
3237668096,3237668607,DE
3237668608,3237668863,US
3237668864,3237669375,AU
3237669376,3237669631,GB
3237669632,3237669887,SG
3237669888,3237670143,US
3237670144,3237670655,CA
3237670656,3237670911,GB
3237670912,3237675007,US
3237675008,3237675263,CA
3237675264,3237681663,US
3237681664,3237682943,CA
3237682944,3237684991,US
3237684992,3237685247,CL
3237685248,3237688319,US
3237688320,3237689343,CA
3237689344,3237690623,US
3237690624,3237691903,SA
3237691904,3237698303,US
3237698304,3237698559,CA
3237698560,3237708031,US
3237708288,3237712895,US
3237712896,3237713151,AU
3237713152,3237715199,US
3237715456,3237716991,US
3237716992,3237717247,CA
3237717248,3237717503,US
3237717504,3237717759,CA
3237717760,3237721087,US
3237721344,3237724927,US
3237725184,3237725439,CA
3237725440,3237725695,US
3237725696,3237726207,CA
3237726208,3237726463,US
3237726720,3237726975,GH
3237726976,3237727231,US
3237728256,3237732863,US
3237732864,3237733119,DE
3237733120,3237733631,TH
3237733632,3237733887,ID
3237733888,3237734143,US
3237734144,3237734399,CA
3237734400,3237773311,US
3237773312,3237777407,CA
3237777408,3237781503,US
3237781504,3237785599,CA
3237785600,3237797887,US
3237797888,3237801983,CA
3237801984,3237858303,US
3237858304,3237859327,CA
3237859328,3237859839,US
3237859840,3237860095,TW
3237860096,3237860351,NL
3237860352,3237861375,CA
3237861376,3237863423,AU
3237863424,3237893631,US
3237893632,3237893887,TW
3237893888,3237894143,US
3237894144,3237894399,AE
3237894400,3237894655,HK
3237894656,3237894911,US
3237894912,3237895167,HK
3237895168,3237895423,US
3237895424,3237895935,HK
3237895936,3237896191,US
3237896192,3237900287,PR
3237900288,3238002687,US
