3238002688,3238008831,NL
3238008832,3238010879,BG
3238010880,3238017023,CH
3238017024,3238018303,DK
3238018304,3238018559,UA
3238018560,3238018815,TR
3238018816,3238019071,DE
3238019072,3238035711,PL
3238035712,3238035967,US
3238035968,3238037503,RU
3238037504,3238039039,LV
3238039040,3238039551,UA
3238039552,3238039807,PL
3238039808,3238040063,RU
3238040064,3238040575,ES
3238040576,3238042623,RU
3238042624,3238042879,IR
3238042880,3238043135,IT
3238043136,3238043391,GB
3238043392,3238043647,FR
3238043648,3238043903,US
3238043904,3238044159,DK
3238044160,3238044671,NL
3238044672,3238045183,ES
3238045184,3238047743,RU
3238047744,3238048255,GB
3238048256,3238048767,NL
3238048768,3238049791,NZ
3238049792,3238050047,US
3238050048,3238050303,RU
3238050304,3238050815,DE
3238050816,3238051071,AT
3238051072,3238051327,RO
3238051328,3238051839,GB
3238051840,3238053375,PL
3238053376,3238053887,DE
3238053888,3238054911,VG
3238054912,3238055935,UA
3238055936,3238056959,PL
3238056960,3238057215,US
3238057216,3238057471,GB
3238057472,3238057983,RU
3238057984,3238059519,UA
3238059520,3238059775,NO
3238059776,3238060031,UA
3238060032,3238060287,CH
3238060288,3238060543,RO
3238060544,3238060799,HU
3238060800,3238061055,LV
3238061056,3238061311,UA
3238061312,3238061823,LV
3238061824,3238062079,CZ
3238062080,3238062335,GB
3238062336,3238062591,NL
3238062592,3238063103,LT
3238063104,3238063359,PL
3238063360,3238063615,CH
3238063616,3238063871,DE
3238063872,3238064127,LV
3238064128,3238064383,UA
3238064384,3238064639,ES
3238064640,3238064895,PL
3238064896,3238065151,DK
3238065152,3238065407,SI
3238065408,3238065663,VN
3238065664,3238065919,IN
3238065920,3238066175,UA
3238066176,3238066431,DE
3238066432,3238066687,US
3238066688,3238066943,DE
3238066944,3238067199,LT
3238067200,3238067455,NO
3238067456,3238067711,SE
3238067712,3238067967,RS
3238067968,3238068223,US
3238068224,3238133759,IE
3238133760,3238199295,SI
3238199296,3238199551,ES
3238199552,3238203391,DK
3238203392,3238203647,US
3238203648,3238203903,RU
3238203904,3238204159,SC
3238204160,3238204415,RU
3238204416,3238204671,UA
3238204672,3238204927,FR
3238204928,3238205439,SC
3238205440,3238205695,FR
3238205696,3238205951,DK
3238205952,3238206207,GB
3238206208,3238206719,NL
3238206720,3238206975,CH
3238206976,3238207231,EE
3238207232,3238207487,IR
3238207488,3238207743,TR
3238207744,3238207999,NL
3238208000,3238208255,GB
3238208256,3238208511,TR
3238208512,3238208767,DK
3238208768,3238209023,OM
3238209024,3238209279,PL
3238209280,3238209535,DK
3238209536,3238209791,RU
3238209792,3238210047,TR
3238210048,3238210303,RU
3238210304,3238210815,GB
3238210816,3238211071,DE
3238211072,3238211327,GB
3238211328,3238211583,DK
3238211584,3238211839,ES
3238211840,3238212095,DK
3238212096,3238212351,IT
3238212352,3238212607,PL
3238212608,3238212863,TR
3238212864,3238213375,US
3238213376,3238213631,BE
3238213632,3238213887,DE
3238213888,3238214143,IT
3238214144,3238214399,PL
3238214400,3238214655,SI
3238214656,3238215423,DK
3238215424,3238215679,BG
3238215680,3238232063,SE
3238232064,3238232319,DE
3238232320,3238232575,ES
3238232576,3238234111,DK
3238234112,3238234367,RU
3238234368,3238234623,IQ
3238234624,3238239743,DK
3238239744,3238239999,HR
3238240000,3238240255,DK
3238240256,3238240511,GB
3238240512,3238241023,PL
3238241024,3238241279,NZ
3238241280,3238241535,UA
3238241536,3238241791,GB
3238241792,3238242047,PL
3238242048,3238242303,TR
3238242304,3238242559,NL
3238242560,3238242815,US
3238242816,3238243071,RU
3238243072,3238243327,US
3238243328,3238243583,GB
3238243584,3238244095,DE
3238244096,3238244351,US
3238244352,3238244607,IL
3238244608,3238244863,GB
3238244864,3238245119,US
3238245120,3238245375,RU
3238245376,3238245887,US
3238245888,3238246143,IR
3238246144,3238246399,FI
3238246400,3238246911,RU
3238246912,3238247167,NZ
3238247168,3238247423,US
3238247424,3238247679,RU
3238247680,3238247935,NL
3238247936,3238248191,FR
3238248192,3238248447,GB
3238248448,3238258175,DK
3238258176,3238258431,RU
3238258432,3238258687,IR
3238258688,3238258943,ES
3238258944,3238260479,DK
3238260480,3238260735,JE
3238260736,3238260991,DE
3238260992,3238261247,PL
3238261248,3238261503,SK
3238261504,3238261759,NO
3238261760,3238262271,IT
3238262272,3238264575,DK
3238264576,3238264831,IR
3238264832,3238330367,IS
3238330368,3238330623,CH
3238330624,3238330879,AZ
3238330880,3238332927,CH
3238332928,3238333183,FR
3238333184,3238333439,LT
3238333440,3238334463,CH
3238334464,3238334551,GR
3238334552,3238334559,CH
3238334560,3238334575,GR
3238334576,3238334591,CH
3238334592,3238334623,GR
3238334624,3238334639,NL
3238334640,3238334647,CH
3238334648,3238334671,NL
3238334672,3238334703,CH
3238334704,3238334831,GR
3238334832,3238334847,CH
3238334848,3238334863,GR
3238334864,3238334879,CH
3238334880,3238335487,GR
3238335488,3238336511,CH
3238336512,3238337023,HK
3238337024,3238337535,LI
3238337536,3238337791,BY
3238337792,3238338303,CH
3238338304,3238338559,IT
3238338560,3238340351,CH
3238340352,3238340607,IT
3238340608,3238340863,CH
3238340864,3238341119,IT
3238341120,3238341631,CH
3238341632,3238341887,IR
3238341888,3238342143,GB
3238342144,3238342655,HK
3238342656,3238346751,CH
3238346752,3238347007,ID
3238347008,3238347263,US
3238347264,3238361087,CH
3238361088,3238361343,IT
3238361344,3238362367,CH
3238362368,3238362623,US
3238362624,3238363135,CH
3238363136,3238367231,NL
3238367232,3238367487,GB
3238367488,3238367743,BE
3238367744,3238367999,DE
3238368000,3238368511,NL
3238368512,3238368767,BE
3238368768,3238369023,ES
3238369024,3238369151,SK
3238369152,3238369279,CZ
3238369280,3238394367,CH
3238394368,3238394623,RU
3238394624,3238394879,NL
3238394880,3238395903,CH
3238395904,3238461439,HU
3238461440,3238502399,DE
3238502400,3238504447,RU
3238504448,3238510591,DE
3238510592,3238511615,GB
3238511616,3238512639,RU
3238512640,3238512895,AE
3238512896,3238513151,DE
3238513152,3238513407,BR
3238513408,3238513663,DE
3238513664,3238514687,GB
3238514688,3238515711,HU
3238515712,3238516735,FR
3238516736,3238517759,RU
3238517760,3238518783,PS
3238518784,3238526975,DE
3238526976,3238527231,RU
3238527232,3238527487,DE
3238527488,3238527999,PL
3238528000,3238529023,BG
3238529024,3238529279,US
3238529280,3238530047,FR
3238530048,3238531071,KZ
3238531072,3238535167,CH
3238535168,3238536191,SE
3238536192,3238537215,DK
3238537216,3238538495,CH
3238538496,3238538751,PL
3238538752,3238539263,UA
3238539264,3238540799,CH
3238540800,3238541311,PL
3238541312,3238541567,IL
3238541568,3238541823,PL
3238541824,3238542591,CH
3238542592,3238542847,PL
3238542848,3238543359,AZ
3238543360,3238544383,CH
3238544384,3238545407,DE
3238545408,3238545919,AZ
3238545920,3238546175,RU
3238546176,3238546431,US
3238546432,3238546943,CH
3238546944,3238547455,UA
3238547456,3238548479,US
3238548480,3238548991,SK
3238548992,3238549503,CZ
3238549504,3238550527,CH
3238550528,3238551039,SK
3238551040,3238551295,NL
3238551296,3238551551,IQ
3238551552,3238555647,CH
3238555648,3238556671,ES
3238556672,3238557695,FR
3238557696,3238558719,ES
3238558720,3238559231,DE
3238559232,3238559487,SE
3238559488,3238559743,NL
3238559744,3238562303,CH
3238562304,3238562559,NL
3238562560,3238562815,IR
3238562816,3238563583,CH
3238563584,3238563839,FR
3238563840,3238564863,CH
3238564864,3238568959,FR
3238568960,3238569215,GE
3238569216,3238569727,CH
3238569728,3238569983,MD
3238569984,3238570495,DE
3238570496,3238570751,CH
3238570752,3238571007,BY
3238571008,3238571519,US
3238571520,3238571775,CH
3238571776,3238572031,NO
3238572032,3238573567,CH
3238573568,3238574079,PL
3238574080,3238574335,FR
3238574336,3238574591,ES
3238574592,3238575103,BG
3238575104,3238575615,DE
3238575616,3238576127,CH
3238576128,3238576383,DE
3238576384,3238576639,CH
3238576640,3238577151,US
3238577152,3238578431,CH
3238578432,3238578687,RU
3238578688,3238578943,DE
3238578944,3238579199,US
3238579200,3238579455,FR
3238579456,3238579711,DE
3238579712,3238580223,FR
3238580224,3238581247,RU
3238581248,3238582271,DE
3238582272,3238583295,ES
3238583296,3238583807,FR
3238583808,3238584319,CH
3238584320,3238585343,FR
3238585344,3238585855,GB
3238585856,3238586111,CH
3238586112,3238586367,CN
3238586368,3238586879,GB
3238586880,3238587135,US
3238587136,3238587391,CH
3238587392,3238587903,PL
3238587904,3238588159,US
3238588160,3238588415,CH
3238588416,3238589439,GB
3238589440,3238589695,ES
3238589696,3238589951,CH
3238589952,3238590207,LT
3238590208,3238590463,ES
3238590464,3238590719,CH
3238590720,3238590975,ES
3238590976,3238591231,SA
3238591232,3238592255,CH
3238592256,3238592511,ES
3238592512,3238594559,GB
3238594560,3238595583,BE
3238595584,3238596351,SE
3238596352,3238596607,GB
3238596608,3238596863,DE
3238596864,3238597119,RU
3238597120,3238597375,IT
3238597376,3238597631,SI
3238597632,3238597887,TH
3238597888,3238598143,SI
3238598144,3238598399,RU
3238598400,3238598655,NL
3238598656,3238598911,IR
3238598912,3238599167,US
3238599168,3238599423,GB
3238599424,3238599679,CH
3238599680,3238599935,SK
3238599936,3238600191,GB
3238600192,3238600703,PL
3238600704,3238601727,DE
3238601728,3238601983,MZ
3238601984,3238602239,RW
3238602240,3238602495,SS
3238602496,3238602751,TG
3238602752,3238603775,CZ
3238603776,3238604543,US
3238604544,3238604799,BG
3238604800,3238605055,GE
3238605056,3238605311,DE
3238605312,3238605567,US
3238605568,3238605823,TR
3238605824,3238606847,SI
3238606848,3238607103,IN
3238607104,3238607359,US
3238607360,3238607871,IN
3238607872,3238608895,RU
3238608896,3238621183,FI
3238621184,3238621439,CZ
3238621440,3238621695,RO
3238621696,3238621951,BE
3238621952,3238622207,BG
3238622208,3238623231,DE
3238623232,3238623487,LV
3238623488,3238623743,PL
3238623744,3238623999,CH
3238624000,3238624255,PL
3238624256,3238624511,GB
3238624512,3238624767,PL
3238624768,3238625023,KZ
3238625024,3238625279,PL
3238625280,3238630399,LU
3238630400,3238631423,SE
3238631424,3238632447,RO
3238632448,3238632959,RU
3238632960,3238633215,UA
3238633216,3238653951,DK
3238653952,3238655999,RU
3238656000,3238656255,GB
3238656256,3238656511,NL
3238656512,3238656767,PL
3238656768,3238657023,RU
3238657024,3238657535,AT
3238657536,3238657791,DK
3238657792,3238658047,GB
3238658048,3239051263,SE
3239051264,3239051519,GB
3239051520,3239051775,DE
3239051776,3239052031,GB
3239052032,3239053311,DE
3239053312,3239054335,AT
3239054336,3239055359,CZ
3239055360,3239059455,DE
3239059456,3239060479,EE
3239060480,3239061503,DE
3239061504,3239062015,RU
3239062016,3239062271,GB
3239062272,3239062527,ES
3239062528,3239062783,CH
3239062784,3239063039,UA
3239063040,3239063295,HU
3239063296,3239063551,PL
3239063552,3239075839,DE
3239075840,3239076095,MT
3239076096,3239076351,DE
3239076352,3239076607,NL
3239076608,3239076863,PL
3239076864,3239077119,NO
3239077120,3239077375,UA
3239077376,3239077631,BG
3239077632,3239077887,PT
3239077888,3239078143,CZ
3239078144,3239078399,UA
3239078400,3239078655,GB
3239078656,3239078911,PL
3239078912,3239079167,GB
3239079168,3239079423,SI
3239079424,3239079679,GB
3239079680,3239079935,MD
3239079936,3239088127,DE
3239088128,3239088639,RO
3239088640,3239088895,DK
3239088896,3239089151,IL
3239089152,3239089407,RO
3239089408,3239089919,GB
3239089920,3239090175,ES
3239090176,3239090431,SI
3239090432,3239090687,ES
3239090688,3239090943,NL
3239090944,3239091199,AT
3239091200,3239091455,ES
3239091456,3239091711,BA
3239091712,3239091967,UA
3239091968,3239092223,FR
3239092224,3239098879,DE
3239098880,3239100415,FR
3239100416,3239104511,DE
3239104512,3239105279,RU
3239105280,3239105535,CH
3239105536,3239105791,DE
3239105792,3239106047,FR
3239106048,3239106559,DE
3239106560,3239106815,ES
3239106816,3239107071,CH
3239107072,3239107327,RO
3239107328,3239107583,GR
3239107584,3239107839,CH
3239107840,3239108095,FR
3239108096,3239109887,DE
3239109888,3239110143,PL
3239110144,3239110655,DE
3239110656,3239110911,RU
3239110912,3239111167,UA
3239111168,3239111423,NL
3239111424,3239111679,DE
3239111680,3239111767,FR
3239111768,3239111775,PT
3239111776,3239111783,FR
3239111784,3239111791,ES
3239111792,3239111935,FR
3239111936,3239112191,AT
3239112192,3239112447,IL
3239112448,3239112703,FR
3239112704,3239112959,PL
3239112960,3239113215,CH
3239113216,3239113471,AT
3239113472,3239113727,ES
3239113728,3239113983,AT
3239113984,3239114239,DE
3239114240,3239114495,BG
3239114496,3239114751,UA
3239114752,3239116543,DE
3239116544,3239116799,PL
3239116800,3239117055,PT
3239117056,3239117311,SI
3239117312,3239117823,DE
3239117824,3239118847,TR
3239118848,3239119871,DE
3239119872,3239120127,GB
3239120128,3239120383,FR
3239120384,3239120639,PL
3239120640,3239121663,DE
3239121664,3239121919,FR
3239121920,3239122943,DE
3239122944,3239123199,CH
3239123200,3239123455,DE
3239123456,3239123711,CH
3239123712,3239124991,DE
3239124992,3239125247,IT
3239125248,3239125503,CH
3239125504,3239125759,FI
3239125760,3239126015,BQ
3239126016,3239127039,JE
3239127296,3239127551,PL
3239127552,3239127807,US
3239127808,3239128063,GB
3239128064,3239128319,UA
3239128320,3239128575,IT
3239128576,3239128831,UA
3239128832,3239129087,CZ
3239129088,3239130111,DE
3239130112,3239130367,RU
3239130368,3239130623,JO
3239130624,3239130879,PL
3239130880,3239131135,CH
3239131136,3239132159,US
3239132160,3239133183,DE
3239133184,3239133439,CH
3239133440,3239133695,NL
3239133696,3239133951,ES
3239133952,3239134207,SE
3239134208,3239134463,US
3239134464,3239134719,UA
3239134720,3239134975,HU
3239134976,3239135231,PL
3239135232,3239135487,SE
3239135488,3239135743,FR
3239135744,3239135999,IL
3239136000,3239136255,UA
3239136256,3239136511,CH
3239136512,3239136767,DE
3239136768,3239137023,MD
3239137024,3239137279,LI
3239137280,3239138303,IT
3239138304,3239138559,PL
3239138560,3239138815,CH
3239138816,3239139327,GB
3239139328,3239139583,CA
3239139584,3239139839,GB
3239139840,3239140095,DE
3239140096,3239140351,JP
3239140352,3239140863,RU
3239140864,3239141119,GB
3239141120,3239141375,NL
3239141376,3239149567,DE
3239149568,3239160319,GB
3239160320,3239160575,RU
3239160576,3239160831,DE
3239160832,3239161087,PL
3239161088,3239161343,BY
3239161344,3239161599,PL
3239161600,3239161855,HU
3239161856,3239162367,GB
3239162368,3239162623,DE
3239162624,3239162879,HU
3239162880,3239163135,US
3239163136,3239163391,ES
3239163392,3239163647,FI
3239163648,3239163903,ES
3239163904,3239164159,PL
3239164160,3239164671,DE
3239164672,3239164927,GB
3239164928,3239165951,SY
3239165952,3239166207,FR
3239166208,3239166463,HU
3239166464,3239166719,CH
3239166720,3239166975,RO
3239166976,3239167231,FR
3239167232,3239167487,DE
3239167488,3239167743,GB
3239167744,3239167999,CH
3239168000,3239168255,PL
3239168256,3239168511,CH
3239168512,3239168767,SE
3239168768,3239169023,PL
3239169024,3239169279,DE
3239169280,3239169535,UA
3239169536,3239169791,DK
3239169792,3239170047,SE
3239170048,3239170303,UA
3239170304,3239170559,FR
3239170560,3239170815,GB
3239170816,3239171071,SE
3239171072,3239171327,PL
3239171328,3239171583,RU
3239171584,3239171839,PL
3239171840,3239172095,CI
3239172096,3239172607,UA
3239172608,3239172863,SE
3239172864,3239173119,IT
3239173120,3239173375,HU
3239173376,3239173631,DE
3239173632,3239173887,AT
3239173888,3239174143,PL
3239174144,3239174399,GB
3239174400,3239174655,DE
3239174656,3239174911,GB
3239174912,3239175167,SI
3239175424,3239175679,BG
3239175680,3239175935,DE
3239175936,3239176191,GB
3239176192,3239180287,DE
3239180288,3239181311,CZ
3239181312,3239181567,AT
3239181568,3239181823,GB
3239181824,3239182079,DE
3239182080,3239182335,GB
3239182336,3239256063,DE
3239256064,3239264255,FR
3239264256,3239264767,NO
3239264768,3239266303,RU
3239266304,3239266815,PS
3239266816,3239267327,UA
3239267328,3239267839,FR
3239267840,3239268351,DK
3239268352,3239268863,SE
3239268864,3239269375,RU
3239269376,3239270399,UA
3239270400,3239270911,GB
3239270912,3239271423,SA
3239271424,3239271935,AT
3239271936,3239272447,CH
3239272448,3239272959,PS
3239272960,3239273215,LU
3239273216,3239273471,LT
3239273472,3239274495,RU
3239274496,3239275007,PL
3239275008,3239275263,BR
3239275264,3239275519,NL
3239275520,3239276031,US
3239276032,3239276543,RU
3239276544,3239277055,LU
3239277056,3239277567,DE
3239277568,3239278591,RU
3239278592,3239279103,AT
3239279104,3239280127,PL
3239280128,3239280639,RU
3239280640,3239281663,DE
3239281664,3239282687,RU
3239282688,3239283711,FI
3239283712,3239284735,PL
3239284736,3239285247,IR
3239285248,3239285503,SE
3239285504,3239285759,IR
3239285760,3239286783,ES
3239286784,3239287807,UA
3239287808,3239288831,GB
3239288832,3239289855,DE
3239289856,3239290879,PL
3239290880,3239291903,RU
3239291904,3239292927,BG
3239292928,3239293951,CZ
3239293952,3239294975,DE
3239294976,3239295999,UA
3239296000,3239296255,GB
3239296256,3239297023,RU
3239297024,3239298047,RO
3239298048,3239299071,GB
3239299072,3239300095,IT
3239300096,3239301119,IN
3239301120,3239302143,FR
3239302144,3239303167,PL
3239303168,3239304191,FR
3239304192,3239305215,HR
3239305216,3239306239,US
3239306240,3239307263,UA
3239307264,3239308287,EG
3239308288,3239309311,DE
3239309312,3239310335,UA
3239310336,3239311359,SA
3239311360,3239312383,PL
3239312384,3239313407,UA
3239313408,3239444735,DE
3239444736,3239444991,GB
3239444992,3239445759,DE
3239445760,3239446015,FI
3239446016,3239446271,RU
3239446272,3239446527,FR
3239446528,3239447551,DE
3239447552,3239447807,TR
3239447808,3239448063,DK
3239448064,3239448575,FR
3239448576,3239449599,DE
3239449600,3239449855,IR
3239449856,3239450111,NL
3239450112,3239450367,PL
3239450368,3239451647,DE
3239451648,3239451903,PL
3239451904,3239452159,DE
3239452160,3239452415,CY
3239452416,3239452671,HR
3239452672,3239464959,DE
3239464960,3239465215,GB
3239465216,3239465471,PL
3239465472,3239465727,AT
3239465728,3239465983,PL
3239465984,3239466239,UA
3239466240,3239466495,AT
3239466496,3239466751,GB
3239466752,3239467007,NL
3239467008,3239467263,RU
3239467264,3239467519,GB
3239467520,3239467775,IT
3239467776,3239468031,PL
3239468032,3239468287,FR
3239468288,3239468543,RO
3239468544,3239468799,NO
3239468800,3239469055,RO
3239469056,3239470079,UA
3239470080,3239470591,DE
3239470592,3239470847,NL
3239470848,3239471103,BG
3239471104,3239471615,AT
3239471616,3239471871,GB
3239471872,3239472127,FR
3239472128,3239472383,SE
3239472384,3239474943,DE
3239474944,3239475199,ES
3239475200,3239477247,DE
3239477248,3239478015,FR
3239478016,3239478271,PS
3239478272,3239479295,NL
3239479296,3239480319,IT
3239480320,3239480575,UA
3239480576,3239480831,SE
3239480832,3239481087,CH
3239481088,3239481343,FR
3239481344,3239481855,OM
3239481856,3239482367,DE
3239482368,3239483391,RU
3239483392,3239483647,US
3239483648,3239483903,OM
3239483904,3239484415,DE
3239484416,3239485439,AT
3239485440,3239485695,DE
3239485696,3239485951,NL
3239485952,3239486207,HK
3239486208,3239486463,TR
3239486464,3239486719,DE
3239486720,3239486975,ES
3239486976,3239487487,DE
3239487488,3239487743,SE
3239487744,3239487999,PL
3239488000,3239488255,SE
3239488256,3239488511,CH
3239488512,3239488767,KW
3239488768,3239489023,RO
3239489024,3239489279,DE
3239489280,3239489535,PL
3239489536,3239501823,DE
3239501824,3239502847,FR
3239502848,3239503103,RU
3239503104,3239503359,NL
3239503360,3239503871,RU
3239503872,3239505919,DE
3239505920,3239506431,PL
3239506432,3239506687,RU
3239506688,3239506943,GB
3239506944,3239507199,LV
3239507200,3239507455,GB
3239507456,3239507967,PL
3239507968,3239508223,BG
3239508224,3239508479,SA
3239508480,3239508735,NO
3239508736,3239508991,DE
3239508992,3239509247,PL
3239509248,3239509503,DE
3239509504,3239509759,PL
3239509760,3239510015,DE
3239510016,3239510527,CH
3239510528,3239510783,DE
3239510784,3239511039,LV
3239511040,3239512063,RO
3239512064,3239514111,DE
3239514112,3239515135,CW
3239515136,3239516159,FI
3239516160,3239517183,SE
3239517184,3239518207,FR
3239518208,3239521791,DE
3239521792,3239522303,CH
3239522304,3239522559,PL
3239522560,3239522815,SI
3239522816,3239523071,RU
3239523072,3239523327,PL
3239523328,3239523583,FR
3239523584,3239523839,UA
3239523840,3239524095,PL
3239524096,3239524351,RU
3239524352,3239524607,DE
3239524608,3239524863,SE
3239524864,3239525119,UA
3239525120,3239525375,LT
3239525376,3239525631,NL
3239525632,3239525887,PL
3239525888,3239526143,SI
3239526144,3239526399,PL
3239526400,3239538687,DE
3239538944,3239539199,NL
3239539200,3239539455,IT
3239539456,3239539711,DE
3239539712,3239539967,GB
3239539968,3239540223,SE
3239540224,3239540479,NL
3239540480,3239540735,DE
3239540736,3239540991,US
3239540992,3239541247,FR
3239541248,3239541503,RU
3239541504,3239541759,FR
3239541760,3239542015,GB
3239542016,3239542271,NL
3239542272,3239542783,DE
3239542784,3239543807,AU
3239543808,3239544063,FI
3239544064,3239544319,GB
3239544320,3239544575,DE
3239544576,3239544831,ES
3239544832,3239545087,TR
3239545088,3239545343,SI
3239545344,3239545855,HU
3239545856,3239546111,UA
3239546112,3239546367,DE
3239546368,3239546623,RU
3239546624,3239546879,NL
3239546880,3239547903,RU
3239547904,3239549951,DE
3239549952,3239550207,TR
3239550208,3239550463,UA
3239550464,3239550719,PL
3239550720,3239550975,SE
3239550976,3239551999,DE
3239552000,3239552511,FR
3239552512,3239552767,ES
3239552768,3239554047,DE
3239554048,3239554303,SC
3239554304,3239554559,ES
3239554560,3239554815,PL
3239554816,3239555071,UA
3239555072,3239556095,DE
3239556096,3239556351,SA
3239556352,3239556607,UA
3239556608,3239556863,HR
3239556864,3239557119,UA
3239557120,3239559167,DE
3239559168,3239559679,US
3239559680,3239559935,NL
3239559936,3239560191,RU
3239560192,3239560447,ES
3239560448,3239560703,DE
3239560704,3239560959,US
3239560960,3239561215,DE
3239561216,3239561471,SE
3239561472,3239561727,FI
3239561728,3239561983,NL
3239561984,3239563519,US
3239563520,3239564287,DE
3239564288,3239565311,US
3239565312,3239565567,DE
3239565568,3239565823,SC
3239565824,3239566847,DE
3239566848,3239567103,US
3239567104,3239567359,ES
3239567360,3239567615,GB
3239567616,3239567871,UA
3239567872,3239568127,DE
3239568128,3239568383,PL
3239568384,3239568639,SE
3239568640,3239568895,NO
3239568896,3239571967,DE
3239571968,3239572223,ES
3239572224,3239572991,DE
3239572992,3239573503,FR
3239573504,3239573759,DE
3239573760,3239574271,NL
3239574272,3239574783,DE
3239574784,3239575039,NL
3239575040,3239575295,DE
3239575296,3239575551,CH
3239575552,3239575807,HK
3239575808,3239576063,LT
3239576064,3239576319,DE
3239576320,3239576575,GB
3239576576,3239577087,LT
3239577088,3239577343,GB
3239577344,3239577599,DE
3239577600,3239578623,RU
3239578624,3239578879,DE
3239578880,3239579135,GB
3239579136,3239579391,PL
3239579392,3239581695,DE
3239581696,3239581951,PL
3239581952,3239582207,UA
3239582208,3239582463,CH
3239582464,3239582719,DE
3239582720,3239582975,GB
3239582976,3239583231,IT
3239583232,3239583487,UA
3239583488,3239583743,GB
3239583744,3239584767,DE
3239584768,3239585023,IT
3239585024,3239585279,DE
3239585280,3239585791,NL
3239585792,3239586815,IT
3239586816,3239587839,ES
3239587840,3239591935,DE
3239591936,3239593983,FI
3239593984,3239600127,DE
3239600128,3239600383,AT
3239600384,3239600639,UZ
3239600640,3239600895,KZ
3239600896,3239601151,TR
3239601152,3239601407,FI
3239601408,3239601663,IS
3239601664,3239601919,NO
3239601920,3239602175,IR
3239602176,3239602431,GR
3239602432,3239602687,IR
3239602688,3239602943,IT
3239602944,3239603199,FR
3239603200,3239603455,IT
3239603456,3239603711,GB
3239603712,3239603967,TJ
3239603968,3239604479,NL
3239604480,3239604735,GB
3239604736,3239604991,BG
3239604992,3239605247,SE
3239605248,3239605503,BE
3239605504,3239605759,TR
3239605760,3239606015,IR
3239606016,3239606271,AE
3239606272,3239606527,IR
3239606528,3239606783,BG
3239606784,3239607295,RU
3239607296,3239607551,IT
3239607552,3239607807,RS
3239607808,3239608063,GE
3239608064,3239608319,PL
3239608320,3239624703,DE
3239624704,3239625727,CH
3239625728,3239626751,RU
3239626752,3239628799,PL
3239628800,3239629823,DE
3239629824,3239630847,AT
3239630848,3239631871,DE
3239631872,3239632895,UA
3239632896,3239633919,DE
3239633920,3239634943,RU
3239634944,3239635455,CY
3239635456,3239635711,IE
3239635712,3239635967,ES
3239635968,3239636991,DE
3239636992,3239638015,BG
3239638016,3239639039,PL
3239639040,3239640063,AT
3239640064,3239641087,GB
3239641088,3239643135,PL
3239643136,3239645183,RU
3239645184,3239653375,DE
3239653376,3239657471,NL
3239657472,3239665663,DE
3239665664,3239666175,NL
3239666176,3239666687,AT
3239666688,3239667199,DE
3239667200,3239667711,CH
3239667712,3239668223,PL
3239668224,3239669247,IT
3239669248,3239670271,RO
3239670272,3239670783,DE
3239670784,3239671295,GB
3239671296,3239671807,DE
3239671808,3239672319,RU
3239672320,3239672831,FR
3239672832,3239673343,TR
3239673344,3239673855,SE
3239673856,3239682047,DE
3239682048,3239682559,PL
3239682560,3239683071,BG
3239683072,3239683583,PT
3239683584,3239683839,US
3239683840,3239684095,NL
3239684096,3239684607,FR
3239684608,3239686143,DE
3239686144,3239686655,UA
3239686656,3239687167,IT
3239687168,3239687679,UA
3239687680,3239688191,DE
3239688192,3239688703,PL
3239688704,3239689215,GB
3239689216,3239690239,RU
3239690240,3239690495,ES
3239690496,3239690751,PL
3239690752,3239691007,IT
3239691008,3239691263,FR
3239691264,3239691519,IT
3239691520,3239691775,FR
3239691776,3239692031,BE
3239692032,3239692287,AT
3239692288,3239692543,FR
3239692544,3239692799,DE
3239692800,3239693055,BE
3239693056,3239693311,IT
3239693312,3239693567,BH
3239693568,3239693823,SA
3239693824,3239694079,ES
3239694080,3239694335,LT
3239694336,3239694847,DE
3239694848,3239695359,RU
3239695360,3239695871,DE
3239695872,3239696383,US
3239696384,3239696639,SE
3239696640,3239697407,BG
3239697408,3239697663,HR
3239697664,3239697919,RU
3239697920,3239698175,PL
3239698176,3239698431,IT
3239698432,3239704575,DE
3239704576,3239705599,PL
3239705600,3239706111,US
3239706112,3239706367,DE
3239706368,3239706879,IT
3239706880,3239707135,NL
3239707136,3239707391,IT
3239707392,3239707647,UA
3239707648,3239707903,CH
3239707904,3239708159,DE
3239708160,3239708415,SE
3239708416,3239708671,RO
3239708672,3239708927,AT
3239708928,3239709183,NL
3239709184,3239709439,RO
3239709440,3239709695,FR
3239709696,3239709951,IT
3239709952,3239710207,UA
3239710208,3239710463,FR
3239710464,3239710719,DE
3239710720,3239710975,RU
3239710976,3239711231,SE
3239711232,3239711743,RU
3239711744,3239711999,UA
3239712000,3239712511,FR
3239712512,3239712767,GB
3239712768,3239713023,DE
3239713024,3239713279,PL
3239713280,3239713535,SI
3239713536,3239713791,UA
3239713792,3239714047,FR
3239714048,3239714303,NL
3239714304,3239714559,SE
3239714560,3239714815,HU
3239714816,3239723007,DE
3239723008,3239731199,US
3239731200,3239735295,DE
3239735296,3239735807,US
3239735808,3239736063,MX
3239736064,3239736319,US
3239736320,3239737343,GB
3239737344,3239737599,DE
3239737600,3239737855,FR
3239737856,3239738111,RU
3239738112,3239739135,DE
3239739136,3239739391,RU
3239739392,3239739647,IT
3239739648,3239739903,RO
3239739904,3239740159,CH
3239740160,3239740415,PL
3239740416,3239740671,DK
3239740672,3239740927,RU
3239740928,3239741183,SK
3239741184,3239741439,RU
3239741440,3239743487,RO
3239743488,3239743999,DE
3239744000,3239744511,NO
3239744512,3239746559,ES
3239746560,3239759871,DE
3239759872,3239760127,RU
3239760128,3239760383,UA
3239760384,3239761407,GB
3239761408,3239761663,RU
3239761664,3239761919,DE
3239761920,3239762175,BG
3239762176,3239762431,RU
3239762432,3239762687,DK
3239762688,3239762943,DE
3239762944,3239763199,SI
3239763200,3239763455,CH
3239763456,3239763711,GB
3239763712,3239772159,DE
3239772160,3239772415,FR
3239772416,3239772671,IE
3239772672,3239773183,DK
3239773184,3239773439,FR
3239773440,3239773951,PL
3239773952,3239774207,SA
3239774208,3239774463,DE
3239774464,3239774719,TR
3239774720,3239774975,NL
3239774976,3239775231,PT
3239775232,3239775743,US
3239775744,3239775999,DE
3239776000,3239776255,RO
3239776256,3239776767,NL
3239776768,3239777535,DE
3239777536,3239777791,NL
3239777792,3239778047,DE
3239778048,3239778303,NL
3239778304,3239779327,RS
3239779328,3239780351,IT
3239780352,3239781375,GB
3239781376,3239781631,KG
3239781632,3239781887,FI
3239781888,3239782143,RU
3239782144,3239782399,LV
3239782400,3239782655,AT
3239782656,3239782911,RU
3239782912,3239783167,GB
3239783168,3239783423,CH
3239783424,3239783679,DK
3239783680,3239783935,NO
3239783936,3239784191,DE
3239784192,3239784447,ES
3239784448,3239788543,DE
3239788544,3239789055,RO
3239789056,3239789567,DE
3239789568,3239790079,FR
3239790080,3239790591,RO
3239790592,3239791103,LV
3239791104,3239792127,NL
3239792128,3239792639,FR
3239792640,3239793151,UA
3239793152,3239793663,PL
3239793664,3239794175,ES
3239794176,3239794687,NL
3239794688,3239795199,GB
3239795200,3239795711,NL
3239795712,3239796223,IL
3239796224,3239796735,NO
3239796736,3239821311,DE
3239821312,3239821823,SE
3239821824,3239822335,FR
3239822336,3239822847,UA
3239822848,3239823359,PL
3239823360,3239823871,SE
3239823872,3239824383,IT
3239824384,3239824895,PL
3239824896,3239825407,UZ
3239825408,3239825919,UA
3239825920,3239826431,PL
3239826432,3239826943,GB
3239826944,3239827455,RU
3239827456,3239827967,FI
3239827968,3239828479,CH
3239828480,3239828991,DE
3239828992,3239830015,RU
3239830016,3239830527,NL
3239830528,3239831551,RU
3239831552,3239832575,LB
3239832576,3239834623,RU
3239834624,3239835135,AT
3239835136,3239836159,ES
3239836160,3239836671,DK
3239836672,3239837183,DE
3239837184,3239837695,SE
3239837696,3239837951,PL
3239837952,3239838207,NO
3239838208,3239838719,MT
3239838720,3239838975,NO
3239838976,3239839231,DE
3239839232,3239839487,RU
3239839488,3239839743,NO
3239839744,3239839999,SK
3239840000,3239840511,SA
3239840512,3239840767,GB
3239840768,3239841023,AT
3239841024,3239841279,DE
3239841280,3239841535,SI
3239841536,3239846911,DE
3239846912,3239847935,GB
3239847936,3239848447,DE
3239848448,3239848703,NL
3239848704,3239848959,SI
3239848960,3239849215,RU
3239849216,3239849471,GB
3239849472,3239849727,RU
3239849728,3239849983,BE
3239849984,3239850751,DE
3239850752,3239851007,SI
3239851008,3239851519,DE
3239851520,3239851775,SI
3239851776,3239852287,DE
3239852288,3239852543,US
3239852544,3239853055,MT
3239853056,3239853311,US
3239853312,3239853567,DE
3239853568,3239854079,NL
3239854080,3239859199,DE
3239859200,3239859455,PL
3239859456,3239859711,DE
3239859712,3239859967,HU
3239859968,3239860223,UA
3239860224,3239860479,DE
3239860480,3239860735,FI
3239860736,3239860991,GB
3239860992,3239861247,AT
3239861248,3239861503,UA
3239861504,3239861759,US
3239861760,3239862015,SA
3239862016,3239862271,IT
3239862272,3239864831,DE
3239864832,3239865087,US
3239865088,3239874559,DE
3239874560,3239874815,US
3239874816,3239875071,DE
3239875072,3239875327,SI
3239875328,3239875583,DK
3239875584,3239875839,US
3239875840,3239876095,DK
3239876096,3239876351,DE
3239876352,3239876607,CZ
3239876608,3239876863,NL
3239876864,3239877119,DE
3239877120,3239877375,GB
3239877376,3239877631,IL
3239877632,3239877887,GR
3239877888,3239878143,US
3239878144,3239878399,PL
3239878400,3239878655,IM
3239878656,3239882751,DE
3239882752,3239883007,GB
3239883008,3239883263,UA
3239883264,3239883519,IN
3239883520,3239883775,US
3239883776,3239884031,DE
3239884032,3239884287,IR
3239884288,3239884543,IN
3239884544,3239884799,UZ
3239884800,3239885055,UA
3239885056,3239885311,CH
3239885312,3239885567,LV
3239885568,3239885823,PL
3239885824,3239886079,CH
3239886080,3239886335,PL
3239886336,3239886591,US
3239886592,3239886847,IN
3239886848,3239888895,DE
3239888896,3239889151,UA
3239889152,3239889407,GB
3239889408,3239889663,IN
3239889664,3239889919,FI
3239889920,3239890175,AT
3239890176,3239890431,FR
3239890432,3239890687,NL
3239890688,3239894015,DE
3239894016,3239895039,NL
3239895040,3239895295,DK
3239895296,3239895551,TR
3239895552,3239895807,PL
3239895808,3239896063,DK
3239896064,3239896319,DE
3239896320,3239896575,AT
3239896576,3239896831,PL
3239896832,3239897087,HU
3239897344,3239897599,FR
3239897600,3239897855,RU
3239897856,3239898111,FR
3239898112,3239898367,NO
3239898368,3239898623,IN
3239898624,3239898879,DE
3239898880,3239899135,CA
3239899136,3239901695,DE
3239901696,3239901951,BG
3239901952,3239902207,DE
3239902208,3239902719,GB
3239902720,3239902975,EE
3239902976,3239903231,UA
3239903232,3239903487,DE
3239903488,3239903743,UA
3239903744,3239904255,DE
3239904256,3239904511,UA
3239904512,3239904767,DE
3239904768,3239905279,GB
3239905280,3239905535,UA
3239905536,3239905791,DE
3239905792,3239906303,CH
3239906304,3239906815,RO
3239906816,3239907071,US
3239907072,3239907327,RO
3239907328,3239907583,UA
3239907584,3239908095,NL
3239908096,3239908351,RU
3239908352,3239908863,CH
3239908864,3239909375,DE
3239909376,3239909631,NL
3239909632,3239909887,DE
3239909888,3239910143,NL
3239910144,3239910399,DE
3239910400,3239911423,GB
3239911424,3239912447,RU
3239912448,3239912959,MT
3239912960,3239913215,DE
3239913216,3239913471,LT
3239913472,3239913983,MT
3239913984,3239914239,IT
3239914240,3239914495,DE
3239914496,3239915519,ES
3239915520,3239915775,PL
3239915776,3239916031,ES
3239916032,3239916287,IR
3239916288,3239916543,DE
3239916544,3239916799,FR
3239916800,3239917055,KZ
3239917056,3239917311,DE
3239917312,3239917567,BG
3239917568,3239918591,AU
3239918592,3239918847,OM
3239918848,3239927807,DE
3239927808,3239928063,US
3239928064,3239928319,DE
3239928320,3239928831,LT
3239928832,3239929855,DE
3239929856,3239930111,FR
3239930112,3239930367,SE
3239930368,3239930623,DE
3239930624,3239930879,DK
3239930880,3239931903,GB
3239931904,3239935999,DE
3239936000,3239936511,GB
3239936512,3239938047,DE
3239938048,3239938815,FR
3239938816,3239939071,NL
3239939072,3239940095,FR
3239940096,3239944191,DE
3239944192,3239948287,GB
3239948288,3239948543,FI
3239948544,3239948799,IT
3239948800,3239949311,GB
3239949312,3239950335,NL
3239950336,3239950847,GE
3239950848,3239951103,DE
3239951104,3239951359,RO
3239951360,3239951615,DE
3239951616,3239951871,US
3239951872,3239952383,GE
3239952384,3239954431,DE
3239954432,3239954687,UA
3239954688,3239954943,DK
3239954944,3239955199,ES
3239955200,3239955711,UA
3239955712,3239955967,PL
3239955968,3239956223,CZ
3239956224,3239956479,PL
3239956480,3239959551,DE
3239959552,3239959807,UA
3239959808,3239960063,BE
3239960064,3239960319,FR
3239960320,3239960575,GB
3239960576,3239961087,FI
3239961088,3239961343,AM
3239961344,3239961599,RO
3239961600,3239962111,DE
3239962112,3239962623,SI
3239962624,3239966719,DE
3239966720,3239967231,NL
3239967232,3239968255,DE
3239968256,3239968767,PL
3239968768,3239969023,NO
3239969024,3239969535,PL
3239969536,3239970047,DE
3239970048,3239970303,PL
3239970304,3239970815,NL
3239970816,3239971839,ES
3239971840,3239972863,EC
3239972864,3239974399,DE
3239974400,3239975935,GB
3239975936,3239976191,RO
3239976192,3239976447,DE
3239976448,3239976703,IR
3239976704,3239976959,ES
3239976960,3239977983,US
3239977984,3239978751,DE
3239978752,3239979007,RU
3239979008,3239979263,DE
3239979264,3239979519,GB
3239979520,3239991295,DE
3239991296,3239991551,US
3239991552,3239991807,DE
3239991808,3239992319,GB
3239992320,3239992575,FR
3239992576,3239992831,DE
3239992832,3239993343,IE
3239993344,3239994367,LB
3239994368,3239994623,ES
3239994624,3239994879,AU
3239994880,3239995135,ES
3239995136,3239995391,FR
3239995392,3239996415,DE
3239996416,3239996671,RU
3239996672,3239996927,DE
3239996928,3239997183,BE
3239997184,3239997439,GB
3239997440,3239997695,DE
3239997696,3239997951,TR
3239997952,3239998463,IE
3239998464,3239998719,IT
3239998720,3239998975,US
3239998976,3239999231,BG
3239999232,3239999487,NO
3239999488,3240000511,DE
3240000512,3240001023,ES
3240001024,3240001535,FR
3240001536,3240002047,ES
3240002048,3240003071,DE
3240003072,3240003327,NO
3240003328,3240004863,DE
3240005120,3240005375,SE
3240005376,3240005631,DK
3240005632,3240009727,FR
3240009728,3240009983,PL
3240009984,3240010239,US
3240010240,3240010495,NO
3240010496,3240010751,AT
3240010752,3240011007,HU
3240011008,3240011519,NO
3240011520,3240011775,BE
3240011776,3240026111,DE
3240026112,3240027135,FR
3240027136,3240028159,BG
3240028160,3240029183,GB
3240029184,3240030207,RU
3240030208,3240030463,UA
3240030464,3240030719,IQ
3240030720,3240032255,UA
3240032256,3240033279,RS
3240033280,3240033535,GB
3240033536,3240033791,UA
3240033792,3240034303,GB
3240034304,3240034559,RU
3240034560,3240035327,DE
3240035328,3240035583,BY
3240035584,3240035839,RU
3240035840,3240036095,LT
3240036096,3240036351,TR
3240036352,3240037375,DE
3240037376,3240037631,CA
3240037632,3240037887,SC
3240037888,3240038143,AT
3240038144,3240038399,LT
3240038400,3240038911,HU
3240038912,3240041471,DE
3240041472,3240043519,US
3240043520,3240044543,ES
3240044544,3240044799,AE
3240044800,3240045055,BR
3240045056,3240045567,AE
3240045568,3240046591,DE
3240046592,3240047615,ES
3240047616,3240048639,DE
3240048640,3240049663,IL
3240049664,3240049919,LT
3240049920,3240050175,DE
3240050176,3240050431,GB
3240050432,3240050687,DE
3240050688,3240051711,GB
3240051712,3240052735,ES
3240052736,3240052991,NO
3240052992,3240053247,PT
3240053248,3240053503,US
3240053504,3240053759,AE
3240053760,3240054783,PL
3240054784,3240058879,DE
3240058880,3240059903,ES
3240059904,3240060927,RU
3240060928,3240061951,US
3240061952,3240062975,EE
3240062976,3240063999,US
3240064000,3240065023,TR
3240065024,3240065279,AE
3240065280,3240065535,JP
3240065536,3240065791,PK
3240065792,3240065919,SA
3240065920,3240066047,KW
3240066048,3240066559,IL
3240066560,3240067071,US
3240067072,3240083455,DE
3240083456,3240085503,RU
3240085504,3240087551,KZ
3240087552,3240091647,IM
3240091648,3240097791,DE
3240097792,3240098815,IT
3240098816,3240099327,CH
3240099328,3240099839,HU
3240099840,3240100351,BG
3240100352,3240100607,NL
3240100608,3240100863,SE
3240100864,3240101375,BG
3240101376,3240101887,GB
3240101888,3240102143,FR
3240102144,3240102399,CA
3240102400,3240102655,RO
3240102656,3240102911,DE
3240102912,3240103935,UA
3240103936,3240104191,NL
3240104192,3240104703,GB
3240104704,3240104959,NL
3240104960,3240105215,RU
3240105216,3240105471,UA
3240105472,3240105727,GB
3240105728,3240105983,NL
3240105984,3240107007,GB
3240107008,3240107519,AT
3240107520,3240109055,US
3240109056,3240109567,PL
3240109568,3240110079,GB
3240110080,3240110335,NO
3240110336,3240111359,CH
3240111360,3240112639,GB
3240112640,3240112895,PL
3240112896,3240113151,AT
3240113152,3240113407,LV
3240113408,3240113663,TR
3240113664,3240113919,RU
3240113920,3240114175,TR
3240114176,3240114431,CZ
3240114432,3240114687,TR
3240114688,3240114943,RO
3240114944,3240115199,BE
3240115200,3240116223,RU
3240116224,3240116479,DE
3240116480,3240116735,DK
3240116736,3240117247,GB
3240117248,3240118271,UA
3240118272,3240120319,ES
3240120320,3240120831,IR
3240120832,3240121343,GB
3240121344,3240121599,LI
3240121600,3240121855,AE
3240121856,3240122111,DE
3240122112,3240122367,RO
3240122368,3240123391,GB
3240123392,3240123647,CZ
3240123648,3240123903,GB
3240123904,3240124159,IT
3240124160,3240124415,PL
3240124416,3240125439,IL
3240125440,3240125695,EE
3240125696,3240125951,FR
3240125952,3240126207,NO
3240126208,3240126463,GB
3240126464,3240126975,ES
3240126976,3240127999,GB
3240128000,3240128255,NO
3240128256,3240128511,GB
3240128512,3240129023,ME
3240129024,3240129535,AE
3240129536,3240130047,ES
3240130048,3240132095,US
3240132096,3240132351,FR
3240132352,3240132607,CH
3240132608,3240133631,DE
3240133632,3240134655,NO
3240134656,3240135679,NL
3240135680,3240136703,RO
3240136704,3240137727,CH
3240137728,3240138751,JP
3240138752,3240139775,UA
3240139776,3240140799,ES
3240140800,3240141567,RO
3240141568,3240141823,US
3240141824,3240142079,ID
3240142080,3240142335,AU
3240142336,3240142591,PT
3240142592,3240142847,SG
3240142848,3240143871,NL
3240143872,3240144895,AU
3240144896,3240145151,RU
3240145152,3240145407,US
3240145408,3240145663,NL
3240145664,3240145919,FI
3240145920,3240146943,PL
3240146944,3240147455,TR
3240147456,3240147967,BE
3240147968,3240148991,RU
3240148992,3240150015,PL
3240150016,3240152063,RU
3240152064,3240152575,TR
3240152576,3240152831,BE
3240152832,3240153087,TR
3240153088,3240154111,GB
3240154112,3240155135,ES
3240155136,3240156159,RU
3240156160,3240157183,DE
3240157184,3240157439,AU
3240157440,3240157695,DE
3240157696,3240157951,SG
3240157952,3240157967,JP
3240157968,3240157983,AU
3240157984,3240157999,IN
3240158000,3240158015,CN
3240158016,3240158207,SG
3240158208,3240159231,KW
3240159232,3240160255,HU
3240160256,3240162303,ES
3240162304,3240163327,DK
3240163328,3240163583,DE
3240163584,3240163839,NL
3240163840,3240165375,GB
3240165376,3240165887,PL
3240165888,3240166399,ES
3240166400,3240166911,PL
3240166912,3240167423,ES
3240167424,3240167935,PL
3240167936,3240168447,RU
3240168448,3240168959,FR
3240168960,3240169471,CZ
3240169472,3240169983,IL
3240169984,3240170495,IT
3240170496,3240171007,DE
3240171008,3240171519,CZ
3240171520,3240172031,RO
3240172032,3240172543,RU
3240172544,3240172799,AT
3240172800,3240173055,TR
3240173056,3240173567,CH
3240173568,3240174079,RO
3240174080,3240174591,NL
3240174592,3240175103,FR
3240175104,3240175615,UA
3240175616,3240176127,ES
3240176128,3240176639,PL
3240176640,3240177151,UA
3240177152,3240177663,GB
3240177664,3240177919,AE
3240177920,3240178175,GB
3240178176,3240179199,DE
3240179200,3240179711,UA
3240179712,3240180223,FR
3240180224,3240180735,DE
3240180736,3240181247,NL
3240181248,3240181759,RU
3240181760,3240182271,GB
3240182272,3240182527,KZ
3240182528,3240182783,SC
3240182784,3240183295,RU
3240183296,3240184319,GB
3240184320,3240184831,RU
3240184832,3240185343,GB
3240185344,3240185855,FR
3240185856,3240187391,RU
3240187392,3240187647,KZ
3240187648,3240187903,CY
3240187904,3240188415,RU
3240188416,3240188927,RO
3240188928,3240189439,MD
3240189440,3240189951,CH
3240189952,3240190207,TR
3240190208,3240190463,NL
3240190464,3240190975,IT
3240190976,3240191487,RU
3240191488,3240191999,AE
3240192000,3240192255,CH
3240192256,3240192511,RO
3240192512,3240193023,DK
3240193024,3240193535,GB
3240193536,3240194047,PL
3240194048,3240194559,ES
3240194560,3240195071,AT
3240195072,3240195583,GB
3240195584,3240196095,CH
3240196096,3240196351,DE
3240196352,3240196607,FR
3240196608,3240197375,RU
3240197376,3240197631,GB
3240197632,3240198143,CZ
3240198144,3240198655,CH
3240198656,3240199167,TJ
3240199168,3240199679,RU
3240199680,3240200191,NL
3240200192,3240200703,TJ
3240200704,3240201215,SE
3240201216,3240201727,CZ
3240201728,3240202239,CH
3240202240,3240202751,RU
3240202752,3240203263,GB
3240203264,3240203775,DK
3240203776,3240204287,AT
3240204288,3240204543,UA
3240204544,3240204799,NL
3240204800,3240205055,RO
3240205056,3240205311,DE
3240205312,3240205567,SE
3240205568,3240205823,TR
3240205824,3240206335,DE
3240206336,3240206847,RU
3240206848,3240207359,CZ
3240207360,3240207871,TR
3240207872,3240208127,RU
3240208128,3240208383,DE
3240208384,3240208895,FR
3240208896,3240209407,GB
3240209408,3240209919,AE
3240209920,3240210943,PL
3240210944,3240211455,GB
3240211456,3240211967,NL
3240211968,3240212479,BE
3240212480,3240212991,RU
3240212992,3240213503,GB
3240213504,3240213759,DE
3240213760,3240214015,UA
3240214016,3240214527,DK
3240214528,3240215039,RU
3240215040,3240215551,NL
3240215552,3240216063,UA
3240216064,3240216575,GB
3240216576,3240217087,RO
3240217088,3240217599,UA
3240217600,3240218111,TR
3240218112,3240218623,UA
3240218624,3240218879,RU
3240218880,3240219135,DE
3240219136,3240219647,AT
3240219648,3240220159,CA
3240220160,3240220671,DE
3240220672,3240221183,AT
3240221184,3240221695,SE
3240221696,3240221951,NL
3240221952,3240222207,DE
3240222208,3240222719,FR
3240222720,3240223231,KW
3240223232,3240223743,RU
3240223744,3240224255,IM
3240224256,3240225279,RU
3240225280,3240225791,IL
3240225792,3240226303,US
3240226304,3240226815,CH
3240226816,3240227327,RU
3240227328,3240227839,IT
3240227840,3240228095,FR
3240228096,3240228863,SE
3240228864,3240229375,GB
3240229376,3240229887,RO
3240229888,3240230399,IT
3240230400,3240230911,GB
3240230912,3240231935,PL
3240231936,3240232959,NL
3240232960,3240235007,RU
3240235008,3240236031,FR
3240236032,3240237055,UA
3240237056,3240239103,DE
3240239104,3240240127,FR
3240240128,3240241151,DE
3240241152,3240242175,SE
3240242176,3240243199,PL
3240243200,3240244223,DE
3240244224,3240245247,PL
3240245248,3240246271,IL
3240246272,3240247295,UA
3240247296,3240248319,RS
3240248320,3240249343,DE
3240249344,3240250367,UA
3240250368,3240251135,US
3240251136,3240251391,FR
3240251392,3240251647,CZ
3240251648,3240251903,NL
3240251904,3240252159,FI
3240252160,3240252415,TR
3240252416,3240253439,LT
3240253440,3240254463,BE
3240254464,3240256511,UA
3240256512,3240257535,DE
3240257536,3240258559,FO
3240258560,3240259583,RO
3240259584,3240260607,PL
3240260608,3240262655,DE
3240262656,3240264191,RU
3240264192,3240264703,FR
3240264704,3240265215,TR
3240265216,3240265727,GB
3240265728,3240266239,CH
3240266240,3240266751,PL
3240266752,3240267263,UA
3240267264,3240267775,RS
3240267776,3240268287,FR
3240268288,3240268799,GB
3240268800,3240269311,US
3240269312,3240269823,NL
3240269824,3240270335,SE
3240270336,3240270847,UA
3240270848,3240271359,RO
3240271360,3240271871,PL
3240271872,3240272383,RU
3240272384,3240272895,PL
3240272896,3240273407,RU
3240273408,3240273919,NL
3240273920,3240274431,UA
3240274432,3240274943,GB
3240274944,3240275455,UA
3240275456,3240275967,RO
3240275968,3240276479,LU
3240276480,3240277503,PL
3240277504,3240278015,RO
3240278016,3240278527,RU
3240278528,3240279039,GB
3240279040,3240279551,GI
3240279552,3240280063,RU
3240280064,3240280191,DE
3240280192,3240280319,MT
3240280320,3240280447,PL
3240280576,3240280831,NO
3240280832,3240280959,GB
3240280960,3240281215,PL
3240281216,3240281343,UA
3240281344,3240281471,PL
3240281472,3240281599,FR
3240281600,3240281663,CH
3240281664,3240281727,TR
3240281728,3240281855,PL
3240281856,3240281983,NL
3240281984,3240282047,DE
3240282048,3240282111,UA
3240282112,3240282239,DE
3240282240,3240282367,RU
3240282624,3240282879,SE
3240282880,3240283007,UA
3240283008,3240283071,AE
3240283072,3240283135,DE
3240283136,3240283391,PL
3240283392,3240283647,TR
3240283648,3240283903,AT
3240283904,3240284159,DE
3240284160,3240285183,RU
3240285184,3240286207,PL
3240286208,3240287231,UA
3240287232,3240288255,PL
3240288256,3240288511,SA
3240288512,3240288767,KG
3240288768,3240289023,CH
3240289024,3240289279,AT
3240289280,3240289791,MC
3240289792,3240290303,GB
3240290304,3240291327,VG
3240291328,3240292351,CZ
3240292352,3240293375,ES
3240293376,3240294399,IR
3240294400,3240296447,GB
3240296448,3240296703,RO
3240296704,3240296959,PL
3240296960,3240297471,MC
3240297472,3240298495,IT
3240298496,3240300031,GB
3240300032,3240300543,ES
3240300544,3240300799,BG
3240300800,3240301055,FI
3240301056,3240301567,BG
3240301568,3240302591,PS
3240302592,3240302847,PL
3240302848,3240303103,UA
3240303104,3240303615,ES
3240303616,3240304639,GB
3240304640,3240305663,RU
3240305664,3240305919,PL
3240305920,3240306175,IE
3240306176,3240306687,RU
3240306688,3240306943,BG
3240306944,3240307199,PL
3240307200,3240307711,RU
3240307712,3240307967,CZ
3240307968,3240308223,PL
3240308224,3240308479,BG
3240308480,3240308735,PL
3240308736,3240309759,RU
3240309760,3240310783,NO
3240310784,3240311807,GB
3240311808,3240312319,PL
3240312320,3240312575,IR
3240312576,3240312831,PL
3240312832,3240316927,CH
3240316928,3240317951,DE
3240317952,3240318975,BE
3240318976,3240319999,ES
3240320000,3240321023,CZ
3240321024,3240321535,RU
3240321536,3240321791,FR
3240321792,3240322047,PL
3240322048,3240322303,RU
3240322304,3240322559,FR
3240322560,3240324095,CZ
3240324096,3240324351,RO
3240324352,3240324607,RU
3240324608,3240324863,PL
3240324864,3240325119,SI
3240325120,3240333567,GB
3240333568,3240333823,FR
3240333824,3240334335,GB
3240334336,3240335359,NL
3240335360,3240336383,TR
3240336384,3240336639,FR
3240336640,3240347135,GB
3240347136,3240347647,DE
3240347648,3240349695,TR
3240349696,3240350207,FR
3240350208,3240350463,DE
3240350464,3240350719,BE
3240350720,3240351999,DE
3240352000,3240352255,GB
3240352256,3240352767,DE
3240352768,3240353791,GB
3240353792,3240354047,LT
3240354048,3240354303,LU
3240354304,3240354559,IT
3240354560,3240354815,BG
3240354816,3240355071,NL
3240355072,3240355327,NZ
3240355328,3240355583,IR
3240355584,3240355839,FR
3240355840,3240361983,GB
3240361984,3240362239,TR
3240362240,3240362495,DE
3240362496,3240362751,FR
3240362752,3240363007,DE
3240363008,3240370175,GB
3240370176,3240370431,CH
3240370432,3240370943,GB
3240370944,3240371199,RU
3240371200,3240371455,CH
3240371456,3240371711,RO
3240371712,3240371967,MD
3240371968,3240372223,TR
3240372224,3240372479,SI
3240372480,3240372735,RU
3240372736,3240372991,DE
3240372992,3240373247,IE
3240373248,3240373503,JE
3240373504,3240373759,FR
3240373760,3240374015,DE
3240374016,3240374271,IT
3240374272,3240375295,GB
3240375296,3240376319,FR
3240376320,3240377343,RU
3240377344,3240378367,TR
3240378368,3240380671,GB
3240380672,3240380927,AU
3240380928,3240381183,DE
3240381184,3240381439,NL
3240381440,3240381695,RS
3240381696,3240383487,GB
3240383488,3240383999,AU
3240384000,3240384255,CH
3240384256,3240384511,NL
3240384512,3240384767,ES
3240384768,3240385023,IN
3240385024,3240385279,MK
3240385536,3240386047,IR
3240386048,3240386303,BE
3240386304,3240386559,KG
3240386560,3240387583,ES
3240387584,3240388607,DE
3240388608,3240389631,CH
3240389632,3240390655,IT
3240390656,3240391679,TH
3240391680,3240392703,US
3240392704,3240393727,DE
3240393728,3240394751,JP
3240394752,3240395775,GB
3240395776,3240396031,NL
3240396032,3240396287,UA
3240396288,3240396799,ES
3240396800,3240398847,GB
3240398848,3240399871,ES
3240399872,3240400895,NO
3240400896,3240403455,NL
3240403456,3240403967,RO
3240403968,3240404991,NL
3240404992,3240406015,DE
3240406016,3240406271,CH
3240406272,3240406527,GB
3240406528,3240407039,ES
3240407040,3240407295,IL
3240407296,3240407551,NL
3240407552,3240407807,NO
3240407808,3240408063,CZ
3240408064,3240408319,BR
3240408320,3240408575,MD
3240408576,3240408831,FR
3240408832,3240409343,TR
3240409344,3240409599,CZ
3240409600,3240409855,NL
3240409856,3240410111,CZ
3240410112,3240410367,DE
3240410368,3240410623,AT
3240410624,3240410879,PT
3240410880,3240411135,NO
3240411136,3240413183,RO
3240413184,3240413695,NO
3240413696,3240418303,RO
3240418304,3240419839,US
3240419840,3240420095,ES
3240420096,3240420351,US
3240420352,3240420607,UA
3240420608,3240420863,NL
3240420864,3240421119,GB
3240421120,3240421375,US
3240421376,3240422399,IT
3240422400,3240423423,DE
3240423424,3240435711,GB
3240435712,3240435967,SG
3240435968,3240436223,US
3240436224,3240436479,SC
3240436480,3240436735,GB
3240436736,3240436991,RU
3240436992,3240437503,IR
3240437504,3240437759,PL
3240437760,3240438527,BG
3240438528,3240438783,IT
3240438784,3240439295,BG
3240439296,3240439551,IT
3240439552,3240439807,BG
3240439808,3240440831,UA
3240440832,3240441855,RO
3240441856,3240442879,GB
3240442880,3240444927,ES
3240444928,3240445183,NL
3240445184,3240445439,RU
3240445440,3240445695,DE
3240445696,3240445951,RU
3240445952,3240446975,LT
3240446976,3240447999,DE
3240448000,3240449023,GB
3240449024,3240450047,ES
3240450048,3240455167,US
3240455168,3240456191,NL
3240456192,3240460287,GB
3240460288,3240461055,IL
3240461056,3240461567,DE
3240461568,3240461823,SC
3240461824,3240462079,RU
3240462080,3240462335,TR
3240462336,3240462591,US
3240462592,3240462847,RU
3240462848,3240463103,RO
3240463104,3240463359,CH
3240463360,3240463615,PL
3240463616,3240463871,RU
3240463872,3240464127,GB
3240464128,3240464383,SA
3240464384,3240464639,AT
3240464640,3240464895,FR
3240464896,3240465151,GB
3240465152,3240465407,CH
3240465408,3240465919,DE
3240465920,3240466175,FR
3240466176,3240466431,DE
3240466432,3240466687,FR
3240466688,3240466943,PT
3240466944,3240467199,TR
3240467200,3240467455,RU
3240467456,3240467711,UA
3240467712,3240467967,RU
3240467968,3240468223,UA
3240468224,3240468479,CH
3240468480,3240476671,GB
3240476672,3240477695,UA
3240477696,3240477951,LT
3240477952,3240478207,FR
3240478208,3240478719,LT
3240478720,3240479743,US
3240479744,3240480767,NL
3240480768,3240481791,GB
3240481792,3240482815,CY
3240482816,3240483839,NL
3240483840,3240484863,US
3240484864,3240485119,RU
3240485120,3240485375,GB
3240485376,3240485887,CZ
3240485888,3240486143,GB
3240486144,3240486399,RU
3240486400,3240486911,CZ
3240486912,3240487935,VG
3240487936,3240488447,GB
3240488448,3240488703,BG
3240488704,3240488959,LT
3240488960,3240491007,GB
3240491008,3240491263,NL
3240491264,3240491519,US
3240491520,3240491775,FR
3240491776,3240492031,UA
3240492032,3240492799,US
3240492800,3240493055,SK
3240493056,3240501247,SE
3240501248,3240501503,DE
3240501504,3240501759,AL
3240501760,3240502015,TR
3240502016,3240502271,FR
3240502272,3240503295,GB
3240503296,3240504319,DE
3240504320,3240504575,RU
3240504576,3240504831,IE
3240504832,3240505343,TR
3240505344,3240505599,PL
3240505600,3240505855,GB
3240505856,3240506367,UA
3240506368,3240506623,GB
3240506624,3240506879,IL
3240506880,3240507135,NL
3240507136,3240507391,DE
3240507392,3240525823,GB
3240525824,3240526847,FR
3240526848,3240527871,IT
3240527872,3240528895,GB
3240528896,3240529407,NL
3240529408,3240529919,GB
3240529920,3240530943,ES
3240530944,3240531967,GB
3240531968,3240532223,GR
3240532224,3240532479,NL
3240532480,3240532735,US
3240532736,3240532991,BR
3240532992,3240534015,DE
3240534016,3240550399,GB
3240550400,3240551423,ES
3240551424,3240553215,RU
3240553216,3240553471,NL
3240553472,3240554495,IE
3240554496,3240555519,RO
3240555520,3240555775,NL
3240555776,3240556031,SE
3240556032,3240556287,ES
3240556288,3240556543,IR
3240556544,3240557311,DE
3240557312,3240557375,US
3240557376,3240557435,DE
3240557436,3240557436,AT
3240557437,3240557567,DE
3240557568,3240558335,CZ
3240558336,3240558591,UA
3240558592,3240559615,FR
3240559616,3240560127,GB
3240560128,3240560639,NL
3240560640,3240560895,GB
3240560896,3240561407,LT
3240561408,3240561663,GB
3240561664,3240562687,HU
3240562688,3240575487,GB
3240575488,3240575743,RO
3240575744,3240575999,DE
3240576000,3240576255,KZ
3240576256,3240576511,UA
3240576512,3240576767,IR
3240576768,3240577023,PL
3240577024,3240577279,UA
3240577280,3240577535,RO
3240577536,3240577791,DE
3240577792,3240578559,UA
3240578560,3240579071,TR
3240579072,3240581119,GB
3240581120,3240582143,RO
3240582144,3240583167,ES
3240583168,3240587263,GB
3240587264,3240587519,NL
3240587520,3240587775,MC
3240587776,3240588031,BE
3240588032,3240588287,DE
3240588288,3240588543,RU
3240588544,3240588799,RO
3240588800,3240589055,UA
3240589056,3240589311,FR
3240589312,3240593407,SE
3240593408,3240593663,GB
3240593664,3240594175,TR
3240594176,3240594431,DK
3240594432,3240594687,SE
3240594688,3240594943,GB
3240594944,3240595199,NL
3240595200,3240595455,DE
3240595456,3240599551,GB
3240599552,3240600575,RU
3240600576,3240601599,FR
3240601600,3240602623,RU
3240602624,3240605695,GB
3240605696,3240606719,CA
3240606720,3240607743,CZ
3240607744,3240607999,DE
3240608000,3240608255,GE
3240608256,3240608511,LU
3240608512,3240608767,PT
3240608768,3240609791,BG
3240609792,3240611839,DE
3240611840,3240612095,MX
3240612096,3240612351,IE
3240612352,3240612863,DE
3240612864,3240613119,GB
3240613120,3240613375,TR
3240613376,3240613631,DE
3240613632,3240613887,US
3240613888,3240614911,ES
3240614912,3240615935,RU
3240615936,3240616959,GB
3240616960,3240620031,US
3240620032,3240621055,GB
3240621056,3240621311,FR
3240621312,3240621567,DE
3240621568,3240621823,PL
3240621824,3240622079,GB
3240622080,3240622591,RU
3240622592,3240622847,NL
3240622848,3240623103,NO
3240623104,3240624127,GB
3240624128,3240689663,EE
3240689664,3240690175,GB
3240690176,3240690687,TR
3240690688,3240691199,DE
3240691200,3240691711,IT
3240691712,3240692735,DE
3240692736,3240693247,DK
3240693248,3240693759,SE
3240693760,3240695807,BE
3240695808,3240697855,SE
3240697856,3240698111,NL
3240698112,3240698367,LV
3240698368,3240698623,HU
3240698624,3240699135,SI
3240699136,3240699391,DE
3240699392,3240699647,JP
3240699648,3240699648,RU
3240699649,3240699903,AE
3240699904,3240700159,LT
3240700160,3240700415,AT
3240700416,3240700671,BE
3240700672,3240700927,ES
3240700928,3240701183,PL
3240701184,3240701439,LV
3240701440,3240701695,SE
3240701696,3240701951,HU
3240701952,3240702975,UA
3240702976,3240703999,CH
3240704000,3240704255,GB
3240704256,3240704511,IT
3240704512,3240704767,DK
3240704768,3240705023,GE
3240705024,3240706047,UA
3240706048,3240707071,BG
3240707072,3240707327,US
3240707328,3240707583,KG
3240707584,3240707839,HU
3240707840,3240709119,FR
3240709120,3240710143,RU
3240710144,3240710399,UA
3240710400,3240710655,LT
3240710656,3240710911,HU
3240710912,3240711167,FR
3240711168,3240711679,IT
3240711680,3240711935,FR
3240711936,3240712191,BE
3240712192,3240712447,UA
3240712448,3240712703,SI
3240712704,3240712959,CH
3240712960,3240713471,PL
3240713472,3240713727,RU
3240713728,3240713983,AT
3240713984,3240714239,FR
3240714240,3240716287,GB
3240716288,3240718335,NL
3240718336,3240718847,PL
3240718848,3240719103,IL
3240719104,3240719359,TR
3240719360,3240719871,DE
3240719872,3240720383,SE
3240720384,3240720895,DE
3240720896,3240721407,LT
3240721408,3240721919,DE
3240721920,3240722431,RO
3240722432,3240722687,AZ
3240722688,3240722943,UA
3240722944,3240723455,KZ
3240723456,3240724479,DE
3240724480,3240724991,CH
3240724992,3240725503,AT
3240725504,3240726527,RU
3240726528,3240727039,DE
3240727040,3240727551,DZ
3240727552,3240728063,CH
3240728064,3240728575,GR
3240728576,3240729087,GB
3240729088,3240729599,CZ
3240729600,3240730111,DK
3240730112,3240730623,BE
3240730624,3240731647,ES
3240731648,3240732671,US
3240732672,3240733695,SE
3240733696,3240734719,PL
3240734720,3240735743,NL
3240735744,3240736255,FR
3240736256,3240736767,BG
3240736768,3240737791,UA
3240737792,3240738815,BG
3240738816,3240739071,PL
3240739072,3240739327,CH
3240739328,3240739583,FR
3240739584,3240739839,LV
3240739840,3240740095,DE
3240740096,3240740351,LT
3240740352,3240740607,IT
3240740608,3240740863,PL
3240740864,3240741119,DE
3240741376,3240741631,IL
3240741632,3240741887,RU
3240742144,3240742399,IT
3240742400,3240742655,IR
3240742656,3240742911,AT
3240742912,3240743423,IL
3240743424,3240743935,PL
3240743936,3240744447,CZ
3240744448,3240744959,SE
3240744960,3240745471,RO
3240745472,3240745983,UA
3240745984,3240746495,GB
3240746496,3240747007,FR
3240747008,3240747263,SE
3240747264,3240747519,TR
3240747520,3240747775,DE
3240747776,3240748031,ES
3240748032,3240748287,AT
3240748288,3240748543,GR
3240748544,3240749055,PL
3240749056,3240749311,AT
3240749312,3240749567,BE
3240749568,3240749823,NL
3240749824,3240750335,IT
3240750336,3240750591,DE
3240750592,3240750847,NO
3240750848,3240751103,UA
3240751104,3240752127,ES
3240752128,3240753151,RO
3240753152,3240753407,US
3240753408,3240753663,DK
3240753664,3240753919,US
3240753920,3240754175,RO
3240754176,3240755711,DE
3240755712,3240756223,IT
3240756224,3240757247,ES
3240757248,3240758015,FR
3240758016,3240758527,DE
3240758528,3240759039,IT
3240759040,3240759295,HK
3240759296,3240760319,ES
3240760320,3240760575,RS
3240760576,3240760831,SE
3240760832,3240761087,DE
3240761088,3240761343,GB
3240761344,3240762367,HK
3240762368,3240763391,ES
3240763392,3240763903,SK
3240763904,3240764415,BG
3240764416,3240764671,PL
3240764672,3240764927,IE
3240764928,3240765183,US
3240765184,3240765439,SE
3240765440,3240766399,TW
3240766400,3240767487,GB
3240767488,3240768511,EE
3240768512,3240769535,GB
3240769536,3240770559,IL
3240770560,3240771583,FR
3240771584,3240779775,IT
3240779776,3240780031,DE
3240780032,3240780287,OM
3240780288,3240780799,DE
3240780800,3240781823,TR
3240781824,3240782847,UA
3240782848,3240783871,NL
3240783872,3240784127,EE
3240784128,3240785407,RU
3240785408,3240785663,CH
3240785664,3240785919,NG
3240785920,3240786175,RU
3240786176,3240786431,NL
3240786432,3240786687,DE
3240786688,3240787967,RU
3240787968,3240788991,CZ
3240788992,3240789247,HK
3240789248,3240789759,IT
3240789760,3240790015,HK
3240790016,3240790271,NL
3240790272,3240790527,US
3240790528,3240791551,IT
3240791552,3240791807,RU
3240791808,3240792063,ES
3240792064,3240792319,GB
3240792320,3240792575,RU
3240792576,3240792831,CH
3240792832,3240793087,PL
3240793088,3240793343,UA
3240793344,3240793599,HK
3240793600,3240794111,FR
3240794368,3240794879,PL
3240794880,3240795135,DE
3240795136,3240795391,AZ
3240795392,3240795647,IT
3240795648,3240795903,CH
3240795904,3240796159,SE
3240796160,3240809215,IT
3240809216,3240809471,PL
3240809472,3240809727,NL
3240809728,3240809983,FR
3240809984,3240810239,IT
3240810240,3240810495,SE
3240810496,3240810751,TR
3240810752,3240811007,ES
3240811008,3240811263,PL
3240811264,3240811519,SE
3240811520,3240811775,SA
3240811776,3240812031,DE
3240812032,3240812287,HU
3240812288,3240812543,KW
3240812544,3240813567,DE
3240813568,3240814591,PL
3240814592,3240816639,IT
3240816640,3240817663,PL
3240817664,3240818687,US
3240818688,3240820735,NL
3240820736,3240820799,FR
3240820800,3240820831,CY
3240820832,3240820863,GB
3240820864,3240820991,PL
3240820992,3240822783,IT
3240822784,3240823807,RU
3240823808,3240824319,PL
3240824320,3240824575,SE
3240824576,3240825855,IT
3240825856,3240826879,RO
3240826880,3240827135,IT
3240827136,3240827391,GB
3240827392,3240827647,BG
3240827648,3240827903,CH
3240827904,3240828159,SE
3240828160,3240828415,DE
3240828416,3240829439,CZ
3240829440,3240830207,IT
3240830208,3240830463,SE
3240830464,3240830975,CH
3240830976,3240831231,PT
3240831232,3240831487,RU
3240831488,3240831743,FR
3240831744,3240831999,DE
3240832000,3240833023,IT
3240833024,3240837119,FR
3240837120,3240838143,ES
3240838144,3240838399,OM
3240838400,3240839167,DE
3240839168,3240839423,LV
3240839424,3240839679,IT
3240839680,3240840191,ES
3240840192,3240840447,IT
3240840448,3240840703,PL
3240840704,3240841215,RU
3240841216,3240843263,IT
3240843264,3240843519,BE
3240843520,3240843775,NL
3240843776,3240844031,PL
3240844032,3240844287,RU
3240844288,3240844543,NL
3240844544,3240844799,CH
3240844800,3240845055,RU
3240845056,3240845311,UA
3240845312,3240845823,IT
3240845824,3240846335,ES
3240846336,3240846591,PL
3240846592,3240846847,IT
3240846848,3240847359,VA
3240847360,3240847615,DE
3240847616,3240847871,BG
3240847872,3240848895,IT
3240848896,3240849151,PL
3240849152,3240850431,CH
3240850432,3240850943,IT
3240850944,3240851455,DE
3240852736,3240852991,IE
3240852992,3240853247,PL
3240853248,3240853503,RU
3240853504,3240855039,IT
3240855040,3240855295,US
3240855296,3240855551,DE
3240855552,3240855807,PL
3240855808,3240856063,IT
3240856064,3240856575,AT
3240856576,3240856831,SY
3240856832,3240857087,IT
3240857088,3240857599,AT
3240857600,3240857855,PL
3240857856,3240858111,SY
3240858112,3240858367,LV
3240858368,3240858623,CZ
3240858624,3240858879,PL
3240858880,3240859135,SY
3240859136,3240859391,GB
3240859392,3240859647,SE
3240859648,3240861183,CH
3240861184,3240861439,AT
3240861440,3240861695,SY
3240861696,3240866815,IT
3240866816,3240867071,RU
3240867072,3240867327,PL
3240867328,3240867583,RU
3240867584,3240867839,CH
3240867840,3240874239,IT
3240874240,3240874495,CH
3240874496,3240875007,UA
3240875008,3240875519,AT
3240875520,3240876031,FR
3240876032,3240876543,DK
3240876544,3240877055,NL
3240877056,3240877567,DE
3240877568,3240879103,UA
3240879104,3240880127,PL
3240880128,3240881151,RU
3240881152,3240882175,BE
3240882176,3240883199,PL
3240883200,3240884223,IL
3240884224,3240884735,RU
3240884736,3240885247,KZ
3240885248,3240886271,RU
3240886272,3241017343,SE
3241017344,3241017599,US
3241017600,3241017855,AT
3241017856,3241018111,RU
3241018112,3241018367,DE
3241018368,3241022463,AT
3241022464,3241023487,GB
3241023488,3241024511,DE
3241024512,3241025535,IT
3241025536,3241026559,ES
3241026560,3241027583,DE
3241027584,3241029119,AT
3241029120,3241029375,UA
3241029376,3241029631,PL
3241029632,3241031679,AT
3241031680,3241032191,TR
3241032192,3241032703,AT
3241032704,3241032959,RU
3241032960,3241033215,GB
3241033216,3241033727,DE
3241033728,3241033983,IL
3241033984,3241034239,RU
3241034240,3241034495,UA
3241034496,3241034751,US
3241034752,3241035007,PL
3241035008,3241035263,DK
3241035264,3241035519,RO
3241035520,3241035775,SI
3241035776,3241036031,FR
3241036032,3241036287,CH
3241036288,3241036543,US
3241036544,3241036799,SI
3241036800,3241037055,GB
3241037056,3241037311,RU
3241037312,3241037823,AT
3241037824,3241038079,NL
3241038080,3241038591,DE
3241038592,3241038847,GB
3241038848,3241039103,LT
3241039104,3241039359,FR
3241039360,3241039615,UA
3241039616,3241039871,GB
3241039872,3241040127,RU
3241040128,3241040383,UA
3241040384,3241040639,US
3241040640,3241040895,RO
3241040896,3241042943,NL
3241042944,3241061375,AT
3241061376,3241062399,IT
3241062400,3241063423,ES
3241063424,3241063679,IT
3241063680,3241063935,PL
3241063936,3241064191,DE
3241064192,3241064447,IE
3241064448,3241064703,DE
3241064704,3241064959,UA
3241064960,3241065471,PL
3241065472,3241066495,AT
3241066496,3241067519,ES
3241067520,3241068799,US
3241068800,3241069311,UA
3241069312,3241069567,FR
3241069568,3241069823,US
3241069824,3241070079,PL
3241070080,3241070335,FR
3241070336,3241070847,RU
3241070848,3241071103,AT
3241071104,3241071359,UA
3241071360,3241071615,US
3241071616,3241071871,PL
3241071872,3241072127,RU
3241072128,3241072383,IR
3241072384,3241072639,DE
3241072640,3241072895,ES
3241072896,3241073407,US
3241073408,3241073663,ES
3241073664,3241073919,PL
3241073920,3241074175,PT
3241074176,3241076735,AT
3241076736,3241077247,DE
3241077248,3241077759,AT
3241077760,3241078015,LV
3241078016,3241078271,PL
3241078272,3241078527,ES
3241078528,3241079551,DE
3241079552,3241079807,FR
3241079808,3241080831,RU
3241080832,3241081087,AT
3241081088,3241081343,GB
3241081344,3241081855,DE
3241081856,3241082111,FR
3241082112,3241082367,AT
3241082368,3241082879,RO
3241082880,3241083135,TR
3241083136,3241091071,DK
3241091072,3241091327,US
3241091328,3241092095,RU
3241092096,3241093119,SA
3241093120,3241095167,RU
3241095168,3241096191,CA
3241096192,3241097215,IT
3241097216,3241098239,IL
3241098240,3241098751,FI
3241098752,3241099007,BG
3241099008,3241099263,HK
3241099264,3241100287,IT
3241100288,3241100799,RO
3241100800,3241101055,FR
3241101056,3241101311,DK
3241101312,3241101567,RO
3241101568,3241101823,DE
3241101824,3241102079,BG
3241102080,3241102335,FR
3241102336,3241102591,ES
3241102592,3241102847,DE
3241102848,3241103103,NL
3241103104,3241103359,AT
3241103360,3241103615,FR
3241103616,3241103871,DK
3241103872,3241104127,DE
3241104128,3241104383,GB
3241104384,3241104639,DE
3241104640,3241104895,UA
3241104896,3241105151,FR
3241105152,3241105407,RU
3241105408,3241108223,CH
3241108224,3241108735,DE
3241108736,3241108991,RO
3241108992,3241109247,SA
3241109248,3241117695,CH
3241117696,3241117951,SI
3241117952,3241118207,UA
3241118208,3241118463,AT
3241118464,3241118719,FR
3241118720,3241118975,CH
3241118976,3241119231,FR
3241119232,3241119487,DK
3241119488,3241119743,LT
3241119744,3241119999,RO
3241120000,3241120255,ES
3241120256,3241120511,RU
3241120512,3241120767,GB
3241120768,3241121023,RU
3241121024,3241121279,DE
3241121280,3241121535,NL
3241121536,3241121791,PL
3241121792,3241122047,DE
3241122048,3241122175,CH
3241122176,3241122191,US
3241122192,3241122303,CH
3241122304,3241122559,RU
3241122560,3241123327,AT
3241123328,3241124095,PL
3241124096,3241124351,DE
3241124352,3241124607,RO
3241124608,3241124863,PL
3241124864,3241125119,DE
3241125120,3241125375,IL
3241125376,3241125631,RU
3241125632,3241125887,SE
3241125888,3241129983,CH
3241129984,3241130239,FR
3241130240,3241130495,PT
3241130496,3241130751,DK
3241130752,3241131007,DE
3241131008,3241131263,NL
3241131264,3241131519,IQ
3241131520,3241131775,CH
3241131776,3241132031,DK
3241132032,3241132287,FR
3241132288,3241132543,NL
3241132544,3241142783,CH
3241142784,3241143295,EE
3241143296,3241144319,RO
3241144320,3241145343,RU
3241145344,3241145855,EE
3241145856,3241146111,HR
3241146112,3241146367,PL
3241146368,3241146623,IL
3241146624,3241146879,RO
3241146880,3241147903,CH
3241147904,3241148159,NL
3241148160,3241148415,CH
3241148416,3241476095,FR
3241476352,3241476607,NL
3241476608,3241476863,CA
3241476864,3241477375,BE
3241477376,3241477631,CA
3241477632,3241477887,GB
3241477888,3241478143,CA
3241478144,3241478655,BE
3241478656,3241479167,NL
3241479168,3241479423,CA
3241479424,3241481727,BE
3241481728,3241481983,PT
3241481984,3241482239,DE
3241482240,3241484799,SE
3241484800,3241485055,BE
3241485056,3241485311,SE
3241485312,3241485567,GB
3241485568,3241485823,BE
3241485824,3241486079,FR
3241486080,3241486335,BE
3241486336,3241487615,SE
3241487616,3241496575,BE
3241496576,3241496831,AT
3241496832,3241497343,SE
3241497344,3241497599,UA
3241497600,3241497855,SE
3241497856,3241498111,DK
3241498112,3241498367,SA
3241498368,3241498623,TR
3241498624,3241498879,NO
3241498880,3241499135,UA
3241499136,3241499647,NL
3241499648,3241500159,DE
3241500160,3241500671,GB
3241500672,3241501183,NL
3241501184,3241501439,TR
3241501440,3241501951,GB
3241501952,3241502463,BE
3241502464,3241502719,TR
3241502720,3241503231,NL
3241503232,3241503487,RS
3241503488,3241505023,DE
3241505024,3241508351,BE
3241508352,3241508863,RU
3241508864,3241517055,BE
3241517056,3241518079,ES
3241518080,3241519103,GB
3241519104,3241519359,RU
3241519360,3241519615,GB
3241519616,3241538815,BE
3241538816,3241539071,TR
3241539072,3241539583,DE
3241539584,3241539839,BE
3241539840,3241540095,NL
3241540096,3241540607,DE
3241540608,3241541119,CZ
3241541120,3241541375,NL
3241541376,3241541631,PL
3241541632,3241672703,FR
3241672704,3241672959,TR
3241672960,3241673215,GB
3241673216,3241673471,FR
3241673472,3241673727,NL
3241673728,3241674751,FR
3241674752,3241675007,NL
3241675008,3241675263,KW
3241675264,3241675519,IT
3241675520,3241676287,CZ
3241676288,3241676543,NL
3241676544,3241676799,FR
3241676800,3241677823,IT
3241677824,3241678079,US
3241678080,3241678335,SA
3241678336,3241679871,US
3241679872,3241680127,DE
3241680128,3241680383,SC
3241680384,3241680639,RU
3241680640,3241680895,BE
3241680896,3241681663,FR
3241681664,3241681919,IN
3241681920,3241682943,FR
3241682944,3241683199,AU
3241683200,3241683455,NL
3241683456,3241683967,FR
3241683968,3241684223,CA
3241684224,3241684479,DE
3241684480,3241686527,FR
3241686528,3241687551,PL
3241687552,3241687807,FR
3241687808,3241688063,IR
3241688064,3241688319,FR
3241688320,3241688575,IR
3241688576,3241689087,PL
3241689088,3241690111,RU
3241690112,3241691135,PL
3241691136,3241692159,RU
3241692160,3241693183,BE
3241693184,3241699327,FR
3241699328,3241699839,PL
3241699840,3241700095,SE
3241700096,3241700351,IR
3241700352,3241701375,FR
3241701376,3241701631,MX
3241701632,3241701887,FI
3241701888,3241702399,FR
3241702400,3241702911,US
3241702912,3241703167,IR
3241703168,3241703423,FR
3241703424,3241703679,KZ
3241703680,3241704191,EE
3241704192,3241704447,FI
3241704448,3241704959,FR
3241704960,3241705215,DE
3241705216,3241705727,FR
3241705728,3241705983,DE
3241705984,3241706495,FR
3241706496,3241706751,BE
3241706752,3241707007,DE
3241707008,3241707263,AE
3241707264,3241707519,IQ
3241707520,3241709567,FR
3241709568,3241709823,BR
3241709824,3241710079,AT
3241710080,3241710335,FR
3241710336,3241711615,UA
3241711616,3241712639,US
3241712640,3241712895,DE
3241712896,3241713151,FR
3241713152,3241713663,DE
3241713664,3241714175,FR
3241714176,3241714687,DE
3241714688,3241715711,ES
3241715712,3241716991,FR
3241716992,3241717759,DE
3241717760,3241718783,GB
3241718784,3241719039,JP
3241719040,3241719295,IR
3241719296,3241719551,UA
3241719552,3241719807,IT
3241719808,3241720063,FR
3241720064,3241720575,RU
3241720576,3241720831,FR
3241720832,3241721087,LV
3241721088,3241721343,FR
3241721344,3241721599,LV
3241721600,3241721855,FR
3241721856,3241722111,PL
3241722112,3241722367,FR
3241722368,3241722879,DE
3241722880,3241723903,FI
3241723904,3241724415,IT
3241724416,3241724671,RU
3241724672,3241724927,RE
3241724928,3241725951,AT
3241725952,3241726207,PL
3241726208,3241726975,FR
3241726976,3241727999,RO
3241728000,3241729023,DE
3241729024,3241730047,FR
3241730048,3241730303,PL
3241730304,3241730559,FR
3241730560,3241731071,IT
3241731072,3241733631,FR
3241733632,3241734143,NL
3241734144,3241734399,PL
3241734400,3241736191,FR
3241736192,3241737215,IT
3241737216,3241737471,IE
3241737472,3241737727,AU
3241737728,3241737983,PL
3241737984,3241738239,SG
3241738240,3241739263,DE
3241739264,3241739775,FR
3241739776,3241740031,FI
3241740032,3241740287,FR
3241740288,3241740799,NL
3241740800,3241741823,FR
3241741824,3241742335,NO
3241742336,3241743359,GB
3241743360,3241743615,DE
3241743616,3241743871,FR
3241743872,3241744383,NO
3241744384,3241745151,FR
3241745152,3241745407,DE
3241745408,3241746431,AM
3241746432,3241746687,FR
3241746688,3241746943,AU
3241746944,3241747199,FR
3241747200,3241747455,GR
3241747456,3241748479,ES
3241748480,3241750015,UA
3241750016,3241750527,PL
3241750528,3241751039,FR
3241751040,3241751551,DE
3241751552,3241752575,MD
3241752576,3241752831,FR
3241752832,3241753087,MY
3241753088,3241754623,DE
3241754624,3241754879,FR
3241754880,3241755135,IT
3241755136,3241756671,FR
3241756672,3241757951,IT
3241757952,3241758719,FR
3241758720,3241759743,GB
3241759744,3241760767,FR
3241760768,3241761023,LU
3241761024,3241761279,PT
3241761280,3241761535,IT
3241761536,3241762047,FR
3241762048,3241762303,IT
3241762304,3241762815,NL
3241762816,3241763071,FR
3241763072,3241763327,DE
3241763328,3241763839,NO
3241763840,3241764863,FR
3241764864,3241765119,CH
3241765120,3241765887,FR
3241765888,3241766143,HU
3241766144,3241770751,FR
3241770752,3241771007,HU
3241771008,3241773055,FR
3241773056,3241773311,TR
3241773312,3241773567,PL
3241773568,3241773823,IE
3241773824,3241774079,FI
3241774080,3241774335,CH
3241774336,3241774591,FR
3241774592,3241775103,NO
3241775104,3241775359,GB
3241775360,3241775615,FR
3241775616,3241776127,ES
3241776128,3241777151,GB
3241777152,3241778943,FR
3241778944,3241779199,GB
3241779200,3241780735,ES
3241780736,3241780991,FR
3241780992,3241781503,GB
3241781504,3241782271,US
3241782272,3241782527,AT
3241782528,3241782783,GB
3241782784,3241783295,NL
3241783296,3241784575,FR
3241784576,3241785343,US
3241785344,3241789439,FR
3241789440,3241789695,GB
3241789696,3241789951,FR
3241789952,3241790463,NL
3241790464,3241790975,FR
3241790976,3241791487,IE
3241791488,3241792511,TJ
3241792512,3241793535,SK
3241793536,3241794047,IE
3241794048,3241795327,FR
3241795328,3241795839,GB
3241795840,3241796607,FR
3241796608,3241796863,NL
3241796864,3241797119,GB
3241797120,3241797343,DE
3241797344,3241797351,CH
3241797352,3241797375,DE
3241797376,3241797631,US
3241797632,3241801727,FR
3241801728,3241801983,GB
3241801984,3241803263,FR
3241803264,3241803775,US
3241803776,3241803823,CY
3241803840,3241804031,CY
3241804032,3241812991,BE
3241812992,3241814015,IT
3241814016,3241814527,BE
3241814528,3241815039,FR
3241815040,3241820159,BE
3241820160,3241821695,GB
3241821696,3241822207,GR
3241822208,3241824255,CZ
3241824256,3241826303,FR
3241826304,3241827327,DE
3241827328,3241828351,BE
3241828352,3241829375,ES
3241829376,3241830399,US
3241830400,3241830655,AE
3241830656,3241830911,FR
3241830912,3241831167,JP
3241831168,3241831423,GB
3241831424,3241832447,FR
3241832448,3241833471,BE
3241833472,3241833727,TR
3241833728,3241833983,IQ
3241833984,3241834239,PT
3241834240,3241834495,AE
3241834496,3241834751,IT
3241834752,3241835263,DE
3241835264,3241835519,BG
3241835520,3241836543,DE
3241836544,3241837567,BE
3241837568,3241838591,DE
3241838592,3241840639,CH
3241840640,3241840895,ES
3241840896,3241841151,SG
3241841152,3241841663,ES
3241841664,3241842175,BE
3241842176,3241843199,PS
3241843200,3241843455,GB
3241843456,3241843711,CH
3241843712,3241845759,BE
3241845760,3241846783,AT
3241846784,3241847551,RU
3241847552,3241847807,AE
3241847808,3241848063,BE
3241848064,3241848831,FR
3241848832,3241849343,US
3241849344,3241849599,IT
3241849600,3241849855,RU
3241849856,3241850879,PL
3241850880,3241851903,IT
3241851904,3241852927,US
3241852928,3241854463,SK
3241854464,3241854975,GB
3241854976,3241857279,DE
3241857280,3241857535,CH
3241857536,3241859071,AT
3241859072,3241861119,DE
3241861120,3241863167,BE
3241863168,3241863423,PL
3241863424,3241863679,FR
3241863680,3241863935,GR
3241863936,3241864191,HK
3241864192,3241864447,TR
3241864448,3241864703,FR
3241864704,3241864959,SE
3241864960,3241865215,CH
3241865216,3241865471,NL
3241865472,3241865727,NO
3241865728,3241865983,CH
3241865984,3241866239,RO
3241866240,3241866751,DE
3241866752,3241867007,UA
3241867008,3241867775,FR
3241867776,3241868031,NO
3241868032,3241868287,RU
3241868288,3241868543,HR
3241868544,3241868799,DE
3241868800,3241869055,NL
3241869056,3241869311,BY
3241869312,3241934847,PL
3241934848,3242196991,GB
3242196992,3242393599,FI
3242393600,3242459135,NL
3242459136,3242467327,BG
3242467328,3242475519,HU
3242475520,3242481663,LV
3242481664,3242481919,FI
3242481920,3242483711,LV
3242483712,3242524671,BG
3242524672,3242590207,NO
3242590208,3242608671,FR
3242608672,3242608703,BE
3242608704,3242622975,FR
3242622976,3242655743,IT
3242655744,3242721279,NO
3242721280,3242741503,CH
3242741504,3242741759,NL
3242741760,3242850815,CH
3242850816,3242851071,NL
3242851072,3242852351,CH
3242852352,3242917887,BE
3242917888,3242950655,NO
3242950656,3242983423,BE
3242983424,3243048959,IT
3243048960,3243114495,SI
3243114496,3243245567,NL
3243245568,3243376639,AT
3243376640,3243382687,JP
3243382688,3243382751,GB
3243382752,3243384831,JP
3243384832,3243385867,SG
3243385868,3243385871,JP
3243385872,3243393023,SG
3243393024,3243401215,JP
3243401216,3243401995,DE
3243401996,3243401999,IT
3243402000,3243402239,DE
3243402240,3243403263,FR
3243403264,3243404287,DK
3243404288,3243404543,FR
3243404544,3243405311,HK
3243405312,3243405567,GB
3243405568,3243417599,HK
3243417600,3243425791,JP
3243425792,3243433983,HK
3243433984,3243442175,AU
3243442176,3243507711,AT
3243507712,3243507967,GB
3243507968,3243508223,PL
3243508224,3243508735,FI
3243508736,3243509247,DE
3243509248,3243509503,PL
3243509504,3243509759,CZ
3243509760,3243510015,RU
3243510016,3243510271,NL
3243510272,3243510527,NO
3243510528,3243510783,PL
3243510784,3243511807,CZ
3243511808,3243512063,PL
3243512064,3243512319,NO
3243512320,3243512575,FR
3243512576,3243512831,ES
3243512832,3243513087,DE
3243513088,3243513343,GR
3243513344,3243513855,UA
3243513856,3243514111,BE
3243514112,3243514367,CH
3243514368,3243514623,MD
3243514624,3243514879,DK
3243514880,3243515135,AT
3243515136,3243515391,PL
3243515392,3243515647,ES
3243515648,3243515903,RU
3243515904,3243519999,CZ
3243520000,3243520511,ES
3243520512,3243520767,UA
3243520768,3243521023,US
3243521024,3243521279,AT
3243521280,3243521535,CZ
3243521536,3243521791,DE
3243521792,3243524095,CZ
3243524096,3243524351,RO
3243524352,3243524607,AT
3243524608,3243524863,DE
3243525120,3243525375,CZ
3243525376,3243525631,RO
3243525632,3243525887,ES
3243525888,3243526143,RU
3243526144,3243526399,UA
3243526400,3243526655,FR
3243526656,3243526911,ES
3243526912,3243527167,SE
3243527168,3243527423,RU
3243527424,3243527679,UA
3243527680,3243527935,RU
3243527936,3243528191,PL
3243528192,3243529215,CZ
3243529216,3243529471,IT
3243529472,3243529727,RU
3243529728,3243529983,BG
3243529984,3243530239,IL
3243530240,3243530495,RU
3243530496,3243530751,FR
3243530752,3243531007,RU
3243531008,3243531263,DE
3243531264,3243531775,ES
3243531776,3243532031,AT
3243532032,3243532287,NL
3243532288,3243533311,CZ
3243533312,3243533567,FR
3243533568,3243533823,GB
3243533824,3243534079,TR
3243534080,3243534335,BG
3243534336,3243535359,CZ
3243535360,3243535615,IT
3243535616,3243535871,PH
3243535872,3243536127,BE
3243536128,3243536383,US
3243536384,3243536639,AT
3243536640,3243536895,RU
3243536896,3243537407,LB
3243537408,3243537919,CZ
3243537920,3243538431,LB
3243538432,3243539455,CH
3243539456,3243540479,PL
3243540480,3243540991,CZ
3243540992,3243541503,HU
3243541504,3243541759,SG
3243541760,3243542015,PL
3243542016,3243542271,NL
3243542272,3243542527,SE
3243542528,3243543551,DE
3243543552,3243544063,HU
3243544064,3243544319,GB
3243544320,3243544575,NL
3243544576,3243552767,CZ
3243552768,3243553023,NL
3243553024,3243553279,ES
3243553280,3243553535,DE
3243553792,3243554047,RU
3243554048,3243554303,DE
3243554304,3243554559,PL
3243554560,3243554575,DZ
3243554576,3243554591,BS
3243554592,3243554607,BH
3243554608,3243554623,BB
3243554624,3243554639,BM
3243554640,3243554655,GF
3243554656,3243554671,GI
3243554672,3243554687,JO
3243554688,3243554703,KW
3243554704,3243554719,LY
3243554720,3243554735,LI
3243554736,3243554751,MC
3243554752,3243554767,MA
3243554768,3243554783,OM
3243554784,3243554799,QA
3243554800,3243554815,SM
3243554816,3243555071,LV
3243555072,3243555327,RO
3243555328,3243555583,CZ
3243555584,3243555839,RU
3243555840,3243556863,NL
3243556864,3243565055,CZ
3243565056,3243569151,GB
3243569152,3243570175,DE
3243570176,3243570431,RU
3243570432,3243570687,CZ
3243570688,3243570943,PL
3243570944,3243571199,NL
3243571200,3243571711,HK
3243571712,3243571967,NL
3243571968,3243572223,GR
3243572224,3243572479,CZ
3243572480,3243572991,NL
3243572992,3243573247,IR
3243573248,3243704319,CZ
3243704320,3243769855,SK
3243769856,3243900927,DK
3243900928,3243966463,NO
3243966464,3243966719,ES
3243966720,3243966975,PL
3243966976,3243967487,LV
3243967488,3243968511,PL
3243968512,3243969023,US
3243969024,3243969279,ES
3243969280,3243969535,BG
3243969536,3243970047,PL
3243970048,3243970559,LV
3243970560,3243974655,PL
3243974656,3243978751,LU
3243978752,3243982847,NL
3243982848,3243991039,HU
3243991040,3243999231,BE
3243999232,3244031999,NO
3244032000,3244097535,GR
3244097536,3244098559,DE
3244098560,3244099583,SE
3244099584,3244100607,FR
3244100608,3244102655,UA
3244102656,3244103679,CH
3244103680,3244104703,BG
3244104704,3244105727,RU
3244105728,3244107775,GB
3244107776,3244108799,FR
3244108800,3244109823,GB
3244109824,3244110847,UA
3244110848,3244111103,BW
3244111104,3244111359,UA
3244111360,3244111615,TR
3244111616,3244111871,FR
3244111872,3244112895,KZ
3244112896,3244113407,RU
3244113408,3244113663,LV
3244113664,3244113919,UA
3244113920,3244114943,CH
3244114944,3244115967,PL
3244115968,3244116991,SK
3244116992,3244118015,UA
3244118016,3244120063,GB
3244120064,3244122111,PL
3244122112,3244123135,IL
3244123136,3244124159,UA
3244124160,3244125183,PL
3244125184,3244126207,IT
3244126208,3244127231,BE
3244127232,3244128255,UA
3244128256,3244129279,RU
3244129280,3244130303,FR
3244130304,3244131327,NO
3244131328,3244133375,FI
3244133376,3244133887,DE
3244133888,3244134399,RO
3244134400,3244135423,PL
3244135424,3244136447,GB
3244136448,3244137471,SC
3244137472,3244138495,PL
3244138496,3244139519,UA
3244139520,3244140543,GR
3244140544,3244140799,FR
3244140800,3244141055,IR
3244141056,3244141311,AE
3244141312,3244141567,IR
3244141568,3244142591,NL
3244142592,3244143615,DE
3244143616,3244143871,NL
3244143872,3244144127,FR
3244144128,3244144383,IR
3244144384,3244144639,ES
3244144640,3244146687,UA
3244146688,3244147711,RU
3244147712,3244149759,GB
3244149760,3244150783,PL
3244150784,3244151807,CH
3244151808,3244152831,KZ
3244152832,3244153855,UA
3244153856,3244154879,NO
3244154880,3244155903,GB
3244155904,3244156927,UA
3244156928,3244158975,RU
3244158976,3244159999,DE
3244160000,3244161023,RU
3244161024,3244162047,SE
3244162048,3244162303,EE
3244162304,3244162559,FR
3244162560,3244162815,DE
3244162816,3244163071,FR
3244163072,3244228607,FI
3244228608,3244261375,TN
3244261376,3244277759,IE
3244277760,3244294143,SI
3244294144,3244354559,DE
3244354816,3244529919,DE
3244530176,3244554495,DE
3244554752,3244614655,DE
3244614656,3244615679,SE
3244615680,3244664575,DE
3244664832,3244667903,DE
3244668416,3244706303,DE
3244706560,3244740607,DE
3244740864,3244794879,DE
3244795136,3244818431,DE
3244818432,3244818687,ES
3244818688,3244818943,AT
3244818944,3244819199,PL
3244819200,3244819455,DE
3244819456,3244819711,JP
3244819712,3244819967,PL
3244819968,3244820223,NL
3244820224,3244820479,CZ
3244820480,3244820735,BE
3244820736,3244820991,DE
3244820992,3244821247,SI
3244821248,3244821503,RU
3244821504,3244821759,CZ
3244821760,3244822015,TR
3244822016,3244822271,RU
3244822272,3244822527,DE
3244822528,3244822783,UA
3244822784,3244823039,CZ
3244823040,3244823295,DE
3244823296,3244823551,FR
3244823552,3244823807,GE
3244823808,3244824063,RO
3244824064,3244824319,IR
3244824320,3244824575,SI
3244824576,3244824831,RU
3244824832,3244825087,GB
3244825088,3244825343,DE
3244825344,3244825599,HK
3244825600,3244825855,RU
3244825856,3244826111,IR
3244826112,3244826367,RO
3244826368,3244826623,FR
3244826624,3244826879,SE
3244826880,3244827135,NL
3244827136,3244827391,AT
3244827392,3244827647,GB
3244827648,3244827903,FR
3244827904,3244828159,BE
3244828160,3244828415,FI
3244828416,3244828671,FR
3244828672,3244828927,GB
3244828928,3244829183,CZ
3244829184,3244829439,CH
3244829440,3244829695,DK
3244829696,3244829951,ES
3244829952,3244830463,PL
3244830464,3244830719,CH
3244830720,3244830975,FR
3244830976,3244831231,DE
3244831232,3244831487,PL
3244831488,3244831743,ES
3244831744,3244831999,PT
3244832000,3244832255,UA
3244832256,3244832511,FR
3244832512,3244832767,AT
3244832768,3244833023,AM
3244833024,3244833279,RU
3244833280,3244833535,UA
3244833536,3244833791,RU
3244833792,3244834047,FR
3244834048,3244834303,CH
3244834560,3244834815,GB
3244834816,3244835071,RU
3244835072,3244835327,AT
3244835328,3244835583,DE
3244835584,3244835839,CZ
3244835840,3244836095,RS
3244836096,3244836607,RU
3244836608,3244836863,PL
3244836864,3244837119,FR
3244837120,3244837375,RO
3244837376,3244837631,KZ
3244837632,3244837887,SG
3244837888,3244838143,IT
3244838144,3244838399,IL
3244838400,3244838655,GB
3244838656,3244838911,BG
3244838912,3244839167,IT
3244839168,3244839423,GB
3244839424,3244839679,AT
3244839680,3244839935,DK
3244839936,3244840191,DE
3244840192,3244840447,UA
3244840448,3244840703,IT
3244840704,3244840959,RU
3244840960,3244841215,PL
3244841216,3244841471,GB
3244841472,3244841727,DE
3244841728,3244842239,GB
3244842240,3244842751,IT
3244842752,3244843007,DE
3244843008,3244843263,JP
3244843264,3244843519,RU
3244843520,3244843775,SE
3244843776,3244844031,PL
3244844032,3244844287,SE
3244844288,3244844543,GB
3244844544,3244844799,RU
3244844800,3244845055,GB
3244845056,3244845311,NL
3244845312,3244845567,NO
3244845568,3244845823,RO
3244845824,3244846335,GB
3244846336,3244846591,TR
3244846592,3244846847,SE
3244846848,3244847103,NL
3244847104,3244847359,SE
3244847360,3244847615,GB
3244847616,3244847871,DK
3244847872,3244848127,IL
3244848128,3244848383,CH
3244848384,3244848639,IL
3244848640,3244848895,FR
3244848896,3244849151,IL
3244849152,3244849407,AE
3244849408,3244849663,RO
3244849664,3244849919,SE
3244849920,3244850175,RO
3244850176,3244850431,TR
3244850432,3244850687,AT
3244850688,3244850943,US
3244850944,3244851455,RU
3244851456,3244851711,NL
3244851712,3244851967,SE
3244851968,3244852223,GB
3244852224,3244852479,CH
3244852480,3244852735,UA
3244852736,3244852991,SI
3244852992,3244853247,DK
3244853248,3244853503,IE
3244853504,3244853759,IT
3244853760,3244854015,TR
3244854016,3244854271,RU
3244854272,3244854527,GG
3244854528,3244854783,SE
3244854784,3244855039,NL
3244855040,3244855295,AL
3244855296,3244855551,GB
3244855552,3244855807,RU
3244855808,3244856063,DE
3244856064,3244856319,IL
3244856320,3244856575,CH
3244856576,3244856831,RU
3244856832,3244857087,RO
3244857088,3244857343,AT
3244857344,3244857599,GB
3244857600,3244857855,NL
3244857856,3244858111,FR
3244858112,3244858367,DE
3244858368,3244858623,PL
3244858624,3244858879,UA
3244858880,3244859135,FR
3244859136,3244859391,BE
3244859392,3244859647,SE
3244859648,3244859903,PL
3244859904,3244860159,FR
3244860160,3244860415,PL
3244860416,3244860671,GB
3244860672,3244860927,BG
3244860928,3244861183,PL
3244861184,3244861439,CH
3244861440,3244861695,DE
3244861696,3244861951,GB
3244861952,3244862207,CY
3244862208,3244862463,DK
3244862464,3244862719,CZ
3244862720,3244862975,RO
3244862976,3244863231,DE
3244863232,3244863487,GB
3244863488,3244863743,NL
3244863744,3244863999,JP
3244864000,3244864255,UA
3244864256,3244864511,UZ
3244864512,3244864767,RO
3244864768,3244865023,GB
3244865024,3244865279,PL
3244865280,3244865535,UA
3244865536,3244865791,PL
3244865792,3244866047,CH
3244866048,3244866303,NL
3244866304,3244866559,DE
3244866560,3244866815,FI
3244866816,3244867071,UA
3244867072,3244867327,NL
3244867328,3244867583,RU
3244867584,3244867839,NL
3244867840,3244868095,BE
3244868096,3244868351,DE
3244868352,3244868607,RU
3244868608,3244868863,FI
3244868864,3244869119,DE
3244869120,3244869135,AM
3244869136,3244869151,CH
3244869152,3244869183,AM
3244869184,3244869199,ES
3244869200,3244869215,FR
3244869216,3244869247,AM
3244869248,3244869263,SE
3244869264,3244869279,GB
3244869280,3244869375,AM
3244869376,3244869631,FR
3244869632,3244869887,NL
3244869888,3244870143,TR
3244870144,3244870399,DK
3244870400,3244870655,UA
3244870656,3244870911,SA
3244870912,3244871167,FR
3244871168,3244871423,LT
3244871424,3244871679,RU
3244871680,3244872191,UA
3244872192,3244872447,GR
3244872448,3244872703,FR
3244872704,3244872959,IR
3244872960,3244873215,UA
3244873216,3244873471,SE
3244873472,3244873727,IE
3244873728,3244873983,DE
3244873984,3244874239,SE
3244874240,3244874495,ES
3244874496,3244874751,GB
3244874752,3244875007,DE
3244875008,3244875263,PL
3244875264,3244875519,SE
3244875520,3244875775,IT
3244875776,3244876799,RU
3244876800,3244877055,DK
3244877056,3244877311,PL
3244877312,3244877567,RU
3244877568,3244877823,FR
3244877824,3244878079,AT
3244878080,3244878335,PL
3244878336,3244878591,RU
3244878592,3244878847,PL
3244878848,3244879103,SI
3244879104,3244879359,RU
3244879360,3244879615,CH
3244879616,3244879871,PL
3244879872,3244880127,SI
3244880128,3244880383,RU
3244880384,3244880639,UA
3244880640,3244880895,RU
3244880896,3244881151,PL
3244881152,3244881407,DE
3244881408,3244881663,DK
3244881664,3244881919,RO
3244881920,3244882175,RU
3244882176,3244882431,UA
3244882432,3244882687,IT
3244882688,3244882943,DE
3244882944,3244883199,CZ
3244883200,3244883455,KZ
3244883456,3244883711,BG
3244883712,3244883967,NL
3244883968,3244884223,DE
3244884224,3244884479,FR
3244884480,3244884735,IR
3244884736,3244884991,NL
3244884992,3244885247,RU
3244885248,3244885503,CH
3244885504,3244885759,IR
3244885760,3244886015,UA
3244886016,3244886271,SA
3244886272,3244886527,CH
3244886528,3244886783,DK
3244886784,3244887039,RU
3244887040,3244887295,NL
3244887296,3244887551,GB
3244887552,3244887807,DE
3244887808,3244888063,MC
3244888064,3244888319,PL
3244888320,3244888575,DE
3244888576,3244888831,FR
3244888832,3244889087,DE
3244889088,3244889343,PL
3244889344,3244889599,US
3244889600,3244889855,SI
3244889856,3244890111,HR
3244890112,3244890367,PL
3244890368,3244890623,SA
3244890624,3244890879,FR
3244890880,3244891135,RU
3244891136,3244891391,CZ
3244891392,3244891647,DE
3244891648,3244892159,DK
3244892160,3244892415,PL
3244892416,3244892671,NL
3244892672,3244892927,ES
3244892928,3244893183,PL
3244893184,3244893439,BE
3244893440,3244893695,RU
3244893696,3244893951,DE
3244893952,3244894463,RU
3244894464,3244894719,UA
3244894720,3244894975,GR
3244894976,3244895231,FR
3244895232,3244895487,DK
3244895488,3244895743,PL
3244895744,3244895999,DE
3244896000,3244896511,GB
3244896512,3244896767,LT
3244896768,3244897023,NL
3244897024,3244897279,GB
3244897280,3244897535,DE
3244897536,3244897791,RU
3244897792,3244898047,GB
3244898048,3244898303,DE
3244898304,3244898559,KW
3244898560,3244898815,GI
3244898816,3244899071,CZ
3244899072,3244899327,RU
3244899328,3244899583,BG
3244899584,3244899839,GB
3244899840,3244900095,UA
3244900096,3244900351,PL
3244900352,3244900607,RO
3244900608,3244900863,RU
3244900864,3244901119,ES
3244901120,3244901375,SI
3244901376,3244901631,DE
3244901632,3244901887,GB
3244901888,3244902143,UA
3244902144,3244902399,RO
3244902400,3244902655,RU
3244902656,3244902911,BE
3244902912,3244903167,GB
3244903168,3244903423,PL
3244903424,3244903679,FI
3244903680,3244903935,NO
3244903936,3244904191,RO
3244904192,3244904447,FR
3244904448,3244904703,GR
3244904704,3244904959,CZ
3244904960,3244905215,AE
3244905216,3244905471,PL
3244905472,3244905727,TR
3244905728,3244905983,GR
3244905984,3244906239,AT
3244906240,3244906495,DE
3244906496,3244906751,PL
3244906752,3244907007,SA
3244907008,3244907263,FR
3244907264,3244907519,RO
3244907520,3244908287,RU
3244908288,3244908543,US
3244908544,3244909055,FI
3244909312,3244909567,IL
3244909568,3244909823,RU
3244909824,3244910079,NL
3244910080,3244910335,FI
3244910336,3244910591,DE
3244910592,3244910847,LV
3244910848,3244911103,DE
3244911104,3244911359,BE
3244911360,3244911615,RU
3244911616,3244911871,DE
3244911872,3244912127,GR
3244912128,3244912383,PL
3244912384,3244912639,NL
3244912640,3244912895,NO
3244912896,3244913151,SE
3244913152,3244913407,RU
3244913408,3244913663,SI
3244913664,3244913919,DK
3244913920,3244914175,FI
3244914176,3244914431,RU
3244914432,3244914687,SA
3244914688,3244914943,GB
3244914944,3244915199,FI
3244915200,3244915455,PL
3244915456,3244915711,AZ
3244915712,3244915967,UA
3244915968,3244916223,PL
3244916224,3244916479,RU
3244916480,3244916735,SI
3244916736,3244916991,FR
3244916992,3244917247,GB
3244917248,3244917503,SE
3244917504,3244917759,RU
3244917760,3244918015,GB
3244918016,3244918271,BE
3244918272,3244918527,GB
3244918528,3244918783,UA
3244918784,3244919039,CH
3244919040,3244919295,DE
3244919296,3244919551,SE
3244919552,3244919807,DE
3244919808,3244920063,RO
3244920064,3244920064,FR
3244920065,3244920065,BE
3244920066,3244920066,NL
3244920067,3244920067,DE
3244920068,3244920068,PL
3244920069,3244920069,CH
3244920070,3244920070,IT
3244920071,3244920071,ES
3244920072,3244920080,FR
3244920081,3244920081,BE
3244920082,3244920082,NL
3244920083,3244920083,DE
3244920084,3244920084,PL
3244920085,3244920085,CH
3244920086,3244920086,IT
3244920087,3244920087,ES
3244920088,3244920319,FR
3244920320,3244920575,SK
3244920576,3244920831,PL
3244920832,3244921087,US
3244921088,3244921343,IE
3244921344,3244921599,LT
3244921600,3244921855,DE
3244921856,3244922111,BG
3244922112,3244922367,DK
3244922368,3244922623,GB
3244922624,3244922624,FR
3244922625,3244922625,BE
3244922626,3244922626,NL
3244922627,3244922627,DE
3244922628,3244922628,PL
3244922629,3244922629,CH
3244922630,3244922630,IT
3244922631,3244922631,ES
3244922632,3244922640,FR
3244922641,3244922641,BE
3244922642,3244922642,NL
3244922643,3244922643,DE
3244922644,3244922644,PL
3244922645,3244922645,CH
3244922646,3244922646,IT
3244922647,3244922647,ES
3244922648,3244922879,FR
3244922880,3244923135,UA
3244923136,3244923391,IR
3244923392,3244923397,FR
3244923398,3244923398,IT
3244923399,3244923399,ES
3244923400,3244923413,FR
3244923414,3244923414,IT
3244923415,3244923415,ES
3244923416,3244923423,FR
3244923424,3244923429,ES
3244923430,3244923439,FR
3244923440,3244923449,ES
3244923450,3244923455,FR
3244923456,3244923456,ES
3244923457,3244923647,FR
3244923648,3244923903,LV
3244923904,3244924159,RU
3244924160,3244924927,CZ
3244924928,3244925183,FI
3244925184,3244925439,CH
3244925440,3244925440,FR
3244925441,3244925441,BE
3244925442,3244925442,NL
3244925443,3244925443,DE
3244925444,3244925444,PL
3244925445,3244925456,FR
3244925457,3244925457,BE
3244925458,3244925458,NL
3244925459,3244925459,DE
3244925460,3244925460,PL
3244925461,3244925471,FR
3244925472,3244925477,NL
3244925478,3244925487,FR
3244925488,3244925497,NL
3244925498,3244925503,FR
3244925504,3244925504,NL
3244925505,3244925695,FR
3244925696,3244925951,RS
3244925952,3244926207,UA
3244926208,3244926463,FR
3244926464,3244926719,LV
3244926720,3244926975,PL
3244926976,3244927231,AT
3244927232,3244927487,RU
3244927488,3244927743,GB
3244927744,3244927999,UA
3244928000,3244928255,NO
3244928256,3244928511,US
3244928512,3244928767,KZ
3244928768,3244929023,RU
3244929024,3244929279,US
3244929280,3244929283,GB
3244929284,3244929287,US
3244929288,3244929311,GB
3244929312,3244929535,US
3244929536,3244929791,PL
3244929792,3244930047,ES
3244930048,3244930303,PL
3244930304,3244930559,AT
3244930560,3244930815,GB
3244930816,3244931071,NL
3244931072,3244931327,DE
3244931328,3244931583,RO
3244931584,3244931839,FR
3244931840,3244932095,DE
3244932096,3244932607,GB
3244932608,3244932863,DK
3244932864,3244933375,PL
3244933376,3244933631,HR
3244933632,3244933887,RU
3244933888,3244934143,AT
3244934144,3244934399,BG
3244934400,3244934655,FR
3244934656,3244934911,RU
3244934912,3244935167,IL
3244935168,3244935423,MT
3244935424,3244935679,UA
3244935680,3244935935,PL
3244935936,3244936191,IL
3244936192,3244936959,AT
3244936960,3244937215,NL
3244937216,3244937471,NO
3244937472,3244937727,GB
3244937728,3244937983,UA
3244937984,3244938239,TR
3244938240,3244938495,GB
3244938496,3244938751,RU
3244938752,3244939007,AT
3244939008,3244939263,NL
3244939264,3244939519,UA
3244939520,3244939775,NO
3244939776,3244940031,RO
3244940032,3244940287,UA
3244940288,3244940543,DK
3244940544,3244940799,PL
3244940800,3244941055,RU
3244941056,3244941311,DE
3244941312,3244941567,CY
3244941568,3244941823,FR
3244941824,3244942079,SE
3244942080,3244942335,PL
3244942336,3244942591,IT
3244942592,3244942847,PL
3244942848,3244943103,DE
3244943104,3244943359,GB
3244943360,3244943615,FR
3244943616,3244943871,NL
3244943872,3244944127,IR
3244944128,3244944639,RU
3244944640,3244944895,GE
3244944896,3244945151,FR
3244945152,3244945407,RO
3244945408,3244945663,TR
3244945664,3244945919,HK
3244945920,3244946175,PL
3244946176,3244946431,TR
3244946432,3244946943,HK
3244946944,3244947455,DE
3244947456,3244947711,PL
3244947712,3244947967,UA
3244947968,3244948223,NO
3244948224,3244948479,PL
3244948480,3244948735,FR
3244948736,3244948991,IR
3244948992,3244949247,UA
3244949248,3244951551,RU
3244951552,3244952575,FI
3244953600,3244954623,DE
3244954624,3244956671,UA
3244956672,3244957695,LT
3244957696,3244958719,DE
3244958720,3244959743,FR
3244959744,3244960767,RU
3244960768,3244961791,RO
3244961792,3244962815,KG
3244962816,3244963839,IL
3244963840,3244966911,UA
3244966912,3244968959,RU
3244968960,3244969983,PL
3244969984,3244971007,LV
3244971008,3244972031,PL
3244972032,3244974591,RU
3244974592,3244975103,KZ
3244975104,3244977151,PL
3244977152,3244979199,RU
3244979200,3244980223,FR
3244980224,3244981247,DK
3244981248,3244982271,RO
3244982272,3244983295,PL
3244983296,3244984319,RU
3244984320,3244985343,UA
3244985344,3244986367,DE
3244986368,3244987391,UA
3244987392,3244987647,SE
3244987648,3244987903,RO
3244987904,3244988415,RU
3244988416,3244990463,PL
3244990464,3244991487,RU
3244991488,3244992511,DK
3244992512,3244994559,RU
3244994560,3244995583,ES
3244995584,3244996607,IT
3244996608,3244997631,RU
3244997632,3244997887,TR
3244997888,3244998143,GB
3244998144,3244998399,IR
3244998400,3244998655,RU
3244998656,3244999679,PL
3244999680,3245000703,GB
3245000704,3245001727,UA
3245001728,3245002751,IL
3245002752,3245003263,PL
3245003264,3245003519,SE
3245003520,3245003775,UA
3245003776,3245004799,RU
3245004800,3245005823,PL
3245005824,3245006847,UA
3245006848,3245007871,DE
3245007872,3245008895,PL
3245008896,3245010431,RU
3245010432,3245010687,PL
3245010688,3245010943,NO
3245010944,3245011967,RU
3245011968,3245012991,PL
3245012992,3245013247,US
3245013248,3245013503,DE
3245013504,3245014015,US
3245014016,3245015039,GR
3245015040,3245016063,RU
3245016064,3245017087,RS
3245017088,3245018111,PL
3245018112,3245018367,AL
3245018368,3245018623,PT
3245018624,3245018879,KW
3245018880,3245019135,IT
3245019136,3245020159,UZ
3245020160,3245020415,LI
3245020416,3245020671,UA
3245020672,3245020927,KZ
3245020928,3245021183,HK
3245021184,3245022207,UA
3245022208,3245023231,NO
3245023232,3245024255,PL
3245024256,3245025279,BG
3245025280,3245026303,NL
3245026304,3245026559,IR
3245026560,3245026815,AT
3245026816,3245027071,NO
3245027072,3245027327,IT
3245027328,3245027583,IR
3245027584,3245027839,AE
3245027840,3245028095,FR
3245028096,3245028351,DE
3245028352,3245029375,RU
3245029376,3245030399,IT
3245030400,3245031423,RU
3245031424,3245031679,FR
3245031680,3245031935,GB
3245031936,3245032191,ES
3245032192,3245032447,CZ
3245032448,3245033471,BG
3245033472,3245034495,UA
3245034496,3245035519,DE
3245035520,3245036543,UA
3245036544,3245037567,IS
3245037568,3245038591,PL
3245038592,3245039615,RU
3245039616,3245040639,MD
3245040640,3245041663,RU
3245041664,3245042943,UA
3245042944,3245043199,DE
3245043200,3245044735,UA
3245044736,3245045759,GB
3245045760,3245046783,DE
3245046784,3245047807,FR
3245047808,3245050879,UA
3245050880,3245051903,RU
3245051904,3245052927,DE
3245052928,3245054975,RU
3245054976,3245055999,AT
3245056000,3245057023,CZ
3245057024,3245058047,PL
3245058048,3245061119,UA
3245061120,3245062143,RU
3245062144,3245063167,DE
3245063168,3245065215,RU
3245065216,3245066239,PL
3245066240,3245067263,UA
3245067264,3245068287,IM
3245068288,3245069311,AE
3245069312,3245070335,PL
3245070336,3245071359,HK
3245071360,3245072383,NL
3245072384,3245073407,UA
3245073408,3245076479,RU
3245076480,3245077503,FR
3245077504,3245077759,UA
3245077760,3245078015,FR
3245078016,3245078271,GR
3245078272,3245078527,NL
3245078528,3245079551,PL
3245079552,3245080575,CZ
3245080576,3245082623,SE
3245082624,3245084927,DE
3245084928,3245085183,BE
3245085184,3245085439,GB
3245085440,3245085695,DE
3245085696,3245085951,CZ
3245085952,3245086207,FR
3245086208,3245086463,AT
3245086464,3245086719,GH
3245086720,3245086975,BG
3245086976,3245087487,CZ
3245087488,3245087743,NL
3245087744,3245087999,GH
3245088000,3245088255,LV
3245088256,3245088511,KW
3245088512,3245088767,FR
3245088768,3245089279,BG
3245089280,3245089791,PL
3245089792,3245090303,GB
3245090304,3245090815,UA
3245090816,3245091327,AT
3245091328,3245091391,SE
3245091392,3245091455,NO
3245091456,3245091519,DK
3245091520,3245091583,PL
3245091584,3245091839,SE
3245091840,3245092351,UA
3245092352,3245092863,HK
3245092864,3245093887,UA
3245093888,3245094911,CH
3245094912,3245095167,US
3245095168,3245095423,UA
3245095424,3245095679,CA
3245095680,3245095935,UA
3245095936,3245096959,IT
3245096960,3245099007,NL
3245099008,3245103103,GB
3245103104,3245105151,NL
3245105152,3245105663,HK
3245105664,3245106175,NL
3245106176,3245106687,US
3245106688,3245106943,CH
3245106944,3245107199,NL
3245107200,3245107455,BW
3245107456,3245107711,UA
3245107712,3245108735,CZ
3245108736,3245109247,FR
3245109248,3245109503,AL
3245109504,3245110271,RU
3245110272,3245111295,DE
3245111296,3245112319,UA
3245112320,3245113343,PL
3245113344,3245113855,UA
3245113856,3245114111,LU
3245114112,3245114367,MX
3245114368,3245114879,SK
3245114880,3245115391,JO
3245115392,3245115903,CH
3245115904,3245116415,DE
3245116416,3245116927,FR
3245116928,3245117439,KW
3245117440,3245118463,LV
3245118464,3245119487,BE
3245119488,3245120511,NL
3245120512,3245121535,DE
3245121536,3245122047,GR
3245122048,3245122559,UA
3245122560,3245123071,CH
3245123072,3245123583,FR
3245123584,3245123839,DE
3245123840,3245124095,GB
3245124096,3245124351,DE
3245124352,3245124607,UA
3245124608,3245125119,DE
3245125120,3245125631,ES
3245125632,3245125887,DE
3245125888,3245126143,PL
3245126144,3245126399,CZ
3245126400,3245126655,DE
3245126656,3245126911,FR
3245126912,3245127167,DE
3245127168,3245127679,RU
3245127680,3245127935,DE
3245127936,3245128191,LV
3245128192,3245128447,IT
3245128448,3245128703,CH
3245128704,3245129471,LU
3245129472,3245129727,BA
3245129728,3245130239,DE
3245130240,3245130495,PL
3245130496,3245130751,IL
3245130752,3245131007,SE
3245131008,3245131263,FR
3245131264,3245131519,RU
3245131520,3245131775,GB
3245131776,3245132031,NL
3245132032,3245132287,BE
3245132288,3245132543,PL
3245132544,3245132799,FR
3245132800,3245133311,IT
3245133312,3245133823,ES
3245133824,3245134079,RU
3245134080,3245134335,UA
3245134336,3245134591,NL
3245134592,3245134847,RU
3245134848,3245135103,AT
3245135104,3245135359,TR
3245135360,3245135615,UG
3245135616,3245135871,PL
3245135872,3245136127,FR
3245136128,3245136383,DE
3245136384,3245136639,GB
3245136640,3245137151,PL
3245137152,3245137407,GB
3245137408,3245137663,DE
3245137664,3245137919,SE
3245137920,3245138175,RS
3245138176,3245138431,NL
3245138432,3245138943,UA
3245138944,3245139455,PL
3245139456,3245139967,ES
3245139968,3245140479,CH
3245140480,3245140991,NL
3245140992,3245141503,SK
3245141504,3245141759,NL
3245141760,3245142015,SE
3245142016,3245142527,UA
3245142528,3245143039,IN
3245143040,3245144063,GB
3245144064,3245145087,UA
3245145088,3245146111,UG
3245146112,3245147135,FR
3245147136,3245148159,DE
3245148160,3245149183,UA
3245149184,3245150207,GB
3245150208,3245154303,IS
3245154304,3245158399,IT
3245158400,3245158911,CH
3245158912,3245159423,GB
3245159424,3245159935,CH
3245159936,3245160447,BG
3245160448,3245160703,IR
3245160704,3245160959,CH
3245160960,3245161471,PL
3245161472,3245161727,RU
3245161728,3245161983,BG
3245161984,3245162239,BE
3245162240,3245162495,FR
3245162496,3245163007,NL
3245163008,3245163519,KE
3245163520,3245164031,NL
3245164032,3245164543,RU
3245164544,3245165055,BE
3245165056,3245165567,AT
3245165568,3245166591,RU
3245166592,3245166847,UA
3245166848,3245167103,GB
3245167104,3245167359,US
3245167360,3245167615,FR
3245167616,3245167871,FI
3245167872,3245168127,VG
3245168128,3245168383,SE
3245168384,3245168639,FR
3245168640,3245168895,AT
3245168896,3245169151,RU
3245169152,3245169407,IT
3245169408,3245169919,PL
3245169920,3245170175,PT
3245170176,3245170431,PL
3245170432,3245170687,CH
3245170688,3245171711,DE
3245171712,3245172735,PL
3245172736,3245173759,IT
3245173760,3245174783,GB
3245174784,3245175039,IT
3245175040,3245175295,DE
3245175296,3245175551,RU
3245175552,3245175807,PL
3245175808,3245176063,ES
3245176064,3245176831,FR
3245176832,3245177087,EE
3245177088,3245177343,FR
3245177344,3245177599,NL
3245177600,3245177855,PL
3245177856,3245178111,SI
3245178112,3245178367,FR
3245178368,3245178623,BE
3245178624,3245178879,PL
3245178880,3245179391,UA
3245179392,3245179903,LU
3245179904,3245180415,DE
3245180416,3245180927,TR
3245180928,3245181439,NL
3245181440,3245181951,DE
3245181952,3245182463,AT
3245182464,3245182975,FR
3245182976,3245183999,UA
3245184000,3245185023,AT
3245185024,3245185279,AU
3245185280,3245185535,HK
3245185536,3245185791,IN
3245185792,3245187071,AT
3245187072,3245188095,RU
3245188096,3245190143,UA
3245190144,3245191167,ES
3245191168,3245193215,CZ
3245193216,3245195263,PT
3245195264,3245195519,GB
3245195520,3245195775,PL
3245195776,3245196287,GB
3245196288,3245196543,DE
3245196544,3245197311,GB
3245197312,3245199359,IT
3245199360,3245199615,LU
3245199616,3245199871,PL
3245199872,3245200127,NO
3245200128,3245200383,LV
3245200384,3245200639,PL
3245200640,3245200895,SC
3245200896,3245201151,DE
3245201152,3245201407,KW
3245201408,3245201663,UA
3245201664,3245201919,RU
3245201920,3245202175,SA
3245202432,3245202687,US
3245202688,3245202943,SC
3245202944,3245203455,DE
3245203456,3245203711,AT
3245203712,3245203967,PL
3245203968,3245204223,AT
3245204224,3245204479,SI
3245204480,3245204735,BE
3245204736,3245204991,ES
3245204992,3245205247,AT
3245205248,3245205503,DE
3245205504,3245205759,AT
3245205760,3245206015,IT
3245206016,3245206271,BE
3245206272,3245206527,LT
3245206528,3245207295,DE
3245207296,3245207551,PL
3245207552,3245208063,UA
3245208064,3245208575,DE
3245208576,3245209087,PL
3245209088,3245209599,CY
3245209600,3245210111,UA
3245210112,3245210623,FR
3245210624,3245210879,JP
3245210880,3245211135,DE
3245211136,3245211647,GB
3245211648,3245212671,RU
3245212672,3245213183,NL
3245213184,3245213695,DE
3245213696,3245214207,LV
3245214208,3245214719,AT
3245214720,3245215231,SE
3245215232,3245215743,SI
3245215744,3245216767,UA
3245216768,3245217791,CH
3245217792,3245218815,DE
3245218816,3245219839,AT
3245219840,3245221887,FI
3245221888,3245223935,DE
3245223936,3245225983,NL
3245225984,3245228031,HU
3245228032,3245229055,FI
3245229056,3245230079,DE
3245230080,3245231103,RU
3245231104,3245232127,UA
3245232128,3245232383,PL
3245232384,3245232639,US
3245232640,3245232895,AT
3245232896,3245233151,HU
3245233152,3245233407,DK
3245233408,3245233663,CH
3245233664,3245233919,GR
3245233920,3245234175,DK
3245234176,3245234431,GB
3245234432,3245234687,UA
3245234688,3245234943,DE
3245234944,3245235199,RU
3245235200,3245235455,BE
3245235456,3245235711,RU
3245235712,3245235967,AT
3245235968,3245236223,CH
3245236224,3245237247,PL
3245237248,3245237759,UA
3245237760,3245238271,DE
3245238272,3245238783,CD
3245238784,3245239295,UA
3245239296,3245240319,FI
3245240320,3245241343,UA
3245241344,3245242367,DE
3245242368,3245243391,PL
3245243392,3245244415,UA
3245244416,3245244671,ES
3245244672,3245244927,AT
3245244928,3245245183,BE
3245245184,3245245439,RU
3245245440,3245245695,BG
3245245696,3245245951,DE
3245245952,3245246463,GB
3245246464,3245246719,RU
3245246720,3245246975,PL
3245246976,3245247231,US
3245247232,3245247487,DE
3245247488,3245247743,FR
3245247744,3245247999,RU
3245248000,3245248255,PL
3245248256,3245248511,NL
3245248512,3245248767,UA
3245248768,3245249023,SI
3245249024,3245249279,FR
3245249536,3245249791,NL
3245250048,3245250303,DE
3245250304,3245250559,IT
3245250560,3245250815,FR
3245250816,3245251071,NL
3245251072,3245251327,ES
3245251328,3245251583,MT
3245251840,3245252351,NL
3245252352,3245252607,BG
3245252608,3245252863,GB
3245252864,3245253119,BR
3245253120,3245253631,UA
3245253632,3245254143,LV
3245254144,3245254655,DK
3245254656,3245255167,UA
3245255168,3245255679,TR
3245255680,3245256191,UA
3245256192,3245256703,RU
3245256704,3245257215,UA
3245257216,3245257727,DE
3245257728,3245258239,NL
3245258240,3245258751,AT
3245258752,3245259263,UA
3245259264,3245259775,SK
3245259776,3245260031,SA
3245260032,3245260287,NL
3245260288,3245260799,LU
3245260800,3245261823,DE
3245261824,3245262847,DK
3245262848,3245263103,US
3245263104,3245263359,FR
3245263360,3245264895,DE
3245264896,3245266943,TR
3245266944,3245268991,BG
3245268992,3245270015,FI
3245270016,3245271039,PL
3245271040,3245272063,NL
3245272064,3245273087,RU
3245273088,3245275135,GB
3245275136,3245277183,BE
3245277184,3245277695,UA
3245277696,3245278207,RU
3245278208,3245278719,RO
3245278720,3245279743,UA
3245279744,3245280255,TJ
3245280256,3245280767,NL
3245280768,3245281279,FR
3245281280,3245282303,RO
3245282304,3245282815,IT
3245282816,3245283327,PL
3245283328,3245283839,GB
3245283840,3245284351,PL
3245284352,3245284607,IE
3245284608,3245284863,JO
3245284864,3245285375,JP
3245285376,3245285631,NL
3245285632,3245285887,GB
3245285888,3245286143,DE
3245286144,3245286399,GB
3245286400,3245287423,PL
3245287424,3245287679,US
3245287680,3245287935,PL
3245287936,3245288191,PT
3245288192,3245288703,DE
3245288704,3245288959,RU
3245288960,3245289215,IT
3245289216,3245289471,KZ
3245289472,3245290495,UA
3245290496,3245291519,ES
3245291520,3245292543,DE
3245292544,3245292799,UA
3245292800,3245293567,NL
3245293568,3245294079,DK
3245294080,3245294591,ES
3245294592,3245295103,RO
3245295104,3245295615,IT
3245295616,3245295871,DE
3245295872,3245296127,TR
3245296128,3245296639,GB
3245296640,3245297663,TR
3245297664,3245297919,RU
3245297920,3245298175,NL
3245298176,3245298431,IE
3245298432,3245298687,UA
3245298688,3245298943,ES
3245298944,3245299199,UA
3245299200,3245299455,RU
3245299456,3245299711,AT
3245299968,3245300223,DE
3245300224,3245300735,GB
3245300736,3245300991,CH
3245300992,3245301247,FI
3245301504,3245301759,BE
3245301760,3245302783,SK
3245302784,3245303807,DE
3245303808,3245304831,SE
3245304832,3245306367,DE
3245306368,3245306879,UA
3245306880,3245307135,BR
3245307136,3245307391,PL
3245307392,3245307903,FI
3245307904,3245308415,RO
3245308416,3245308927,ES
3245308928,3245309183,GB
3245309184,3245309439,LT
3245309440,3245309951,UA
3245309952,3245311999,US
3245314048,3245315071,PL
3245315072,3245316095,SE
3245316096,3245317119,UA
3245317120,3245318399,RU
3245318400,3245318655,RO
3245318656,3245318911,DK
3245318912,3245319167,DE
3245319168,3245319423,HR
3245319424,3245319679,SE
3245319680,3245319935,PL
3245319936,3245320703,DE
3245320704,3245321215,ES
3245321472,3245321727,UA
3245321728,3245321983,DE
3245321984,3245322239,KZ
3245322240,3245323263,RU
3245323264,3245324287,GB
3245324288,3245325311,PE
3245325312,3245326335,UA
3245326336,3245326847,SI
3245326848,3245327359,BG
3245327360,3245327871,ES
3245327872,3245328383,DE
3245328384,3245328639,GB
3245328640,3245328895,IL
3245328896,3245329407,CH
3245329408,3245329919,UA
3245329920,3245330431,DE
3245330432,3245330687,US
3245330688,3245330943,ES
3245330944,3245331199,CH
3245331200,3245331455,ES
3245331456,3245333503,DE
3245333504,3245334527,SI
3245334528,3245334783,HU
3245334784,3245335039,BE
3245335040,3245335295,DE
3245335296,3245335551,GB
3245335552,3245335807,NL
3245335808,3245336063,DE
3245336064,3245336575,GB
3245336576,3245336831,RO
3245336832,3245337087,CH
3245337088,3245337855,IR
3245337856,3245338111,AT
3245338112,3245338367,DE
3245338368,3245339647,UA
3245339648,3245340671,LV
3245340672,3245341023,DE
3245341024,3245341055,NL
3245341056,3245341439,DE
3245341440,3245342719,RU
3245342720,3245408255,CN
3245408256,3245473791,GB
3245473792,3245498367,JP
3245498368,3245514751,AU
3245514752,3245522943,GB
3245522944,3245555711,JP
3245555712,3245572095,AU
3245572096,3245588479,JP
3245588480,3245604863,GB
3245604864,3245621247,JP
3245621248,3245637631,AU
3245637632,3245639679,ES
3245639680,3245641727,FR
3245641728,3245643775,GB
3245643776,3245644799,DE
3245644800,3245645823,IT
3245645824,3245647871,ES
3245647872,3245649919,FR
3245649920,3245651967,GB
3245651968,3245652991,DE
3245652992,3245654015,IT
3245654016,3245670399,AU
3245670400,3245678591,JP
3245678592,3245686783,HK
3245686784,3245703167,JP
3245703168,3245735935,GB
3245735936,3245744127,JP
3245744128,3245744639,GB
3245744640,3245745151,RU
3245745152,3245748223,DE
3245748224,3245750271,NL
3245750272,3245750783,AE
3245750784,3245751551,GB
3245751552,3245751807,RU
3245751808,3245752319,FR
3245752320,3245760511,JP
3245760512,3245768703,US
3245768704,3245776895,DE
3245776896,3245777663,JP
3245777664,3245778431,GB
3245778432,3245778687,US
3245778688,3245785087,GB
3245785088,3245793279,DE
3245793280,3245793283,PL
3245793284,3245793287,DE
3245793288,3245793291,PL
3245793292,3245793295,DE
3245793296,3245793299,PL
3245793300,3245793303,AT
3245793304,3245793323,PL
3245793324,3245793327,DE
3245793328,3245793331,PL
3245793332,3245793343,DE
3245793344,3245793383,PL
3245793384,3245793387,DE
3245793388,3245793403,PL
3245793404,3245793407,DE
3245793408,3245793435,PL
3245793436,3245793439,DE
3245793440,3245793443,PL
3245793444,3245793447,AT
3245793448,3245793459,PL
3245793460,3245793463,AT
3245793464,3245793499,PL
3245793500,3245793503,DK
3245793504,3245793583,PL
3245793584,3245793591,AT
3245793592,3245793647,PL
3245793648,3245793655,DE
3245793656,3245793663,PL
3245793664,3245793671,DE
3245793672,3245793695,PL
3245793696,3245793727,DE
3245793728,3245793887,PL
3245793888,3245793895,AT
3245793896,3245793927,PL
3245793928,3245793935,DE
3245793936,3245794007,PL
3245794008,3245794015,AT
3245794016,3245794111,PL
3245794112,3245794119,AT
3245794120,3245794159,PL
3245794160,3245794167,DK
3245794168,3245794231,PL
3245794232,3245794239,DE
3245794240,3245794295,PL
3245794296,3245794303,DE
3245794304,3245794315,AT
3245794316,3245794319,RO
3245794320,3245794323,AT
3245794324,3245794363,RO
3245794364,3245794367,AT
3245794368,3245794371,PL
3245794372,3245794375,RO
3245794376,3245794379,AT
3245794380,3245794383,RO
3245794384,3245794387,PL
3245794388,3245794415,RO
3245794416,3245794419,PL
3245794420,3245794527,RO
3245794528,3245794535,AT
3245794536,3245794543,PL
3245794544,3245794559,RO
3245794560,3245794567,AT
3245794568,3245794583,RO
3245794584,3245794607,AT
3245794608,3245794703,RO
3245794704,3245794711,AT
3245794712,3245794719,PL
3245794720,3245794727,RO
3245794728,3245794731,AT
3245794732,3245794807,RO
3245794808,3245794815,AT
3245794816,3245794823,RO
3245794824,3245794831,PL
3245794832,3245794863,RO
3245794864,3245794871,PL
3245794872,3245795023,RO
3245795024,3245795039,GR
3245795040,3245795071,RO
3245795072,3245795167,PL
3245795168,3245795175,CZ
3245795176,3245795183,DE
3245795184,3245795191,PL
3245795192,3245795199,CZ
3245795200,3245795211,PL
3245795212,3245795215,CZ
3245795216,3245795227,PL
3245795228,3245795231,CZ
3245795232,3245795239,PL
3245795240,3245795243,AT
3245795244,3245795263,PL
3245795264,3245795267,AT
3245795268,3245795271,PL
3245795272,3245795279,DE
3245795280,3245795283,CZ
3245795284,3245795327,PL
3245795328,3245795343,FI
3245795344,3245795347,DK
3245795348,3245795379,FI
3245795380,3245795387,SE
3245795388,3245795395,FI
3245795396,3245795399,SE
3245795400,3245795439,FI
3245795440,3245795447,DK
3245795448,3245795455,SE
3245795456,3245795459,FI
3245795460,3245795463,SE
3245795464,3245795487,FI
3245795488,3245795495,SE
3245795496,3245795503,FI
3245795504,3245795507,SE
3245795508,3245795511,FI
3245795512,3245795515,SE
3245795516,3245795527,FI
3245795528,3245795535,DK
3245795536,3245795555,FI
3245795556,3245795567,SE
3245795568,3245795599,FI
3245795600,3245795607,SE
3245795608,3245795631,FI
3245795632,3245795647,SE
3245795648,3245795759,FI
3245795760,3245795767,SE
3245795768,3245795783,FI
3245795784,3245795791,DK
3245795792,3245795799,FI
3245795800,3245795807,SE
3245795808,3245795823,FI
3245795824,3245795839,DK
3245795840,3245795951,PL
3245795952,3245795959,CZ
3245795960,3245795975,PL
3245795976,3245795983,CZ
3245795984,3245795999,PL
3245796000,3245796007,CZ
3245796008,3245796055,PL
3245796056,3245796079,AT
3245796080,3245796095,CZ
3245796096,3245796175,FI
3245796176,3245796187,SE
3245796188,3245796199,FI
3245796200,3245796207,DK
3245796208,3245796287,FI
3245796288,3245796295,SE
3245796296,3245796351,FI
3245796352,3245796355,AT
3245796356,3245796359,SK
3245796360,3245796367,AT
3245796368,3245796371,SK
3245796372,3245796375,CZ
3245796376,3245796379,SK
3245796380,3245796383,PL
3245796384,3245796391,AT
3245796392,3245796395,CZ
3245796396,3245796399,SK
3245796400,3245796403,PL
3245796404,3245796407,AT
3245796408,3245796607,SK
3245796608,3245796615,AT
3245796616,3245796671,SK
3245796672,3245796687,AT
3245796688,3245796735,SK
3245796736,3245796767,AT
3245796768,3245796783,SK
3245796784,3245796799,CZ
3245796800,3245796807,PL
3245796808,3245796815,SK
3245796816,3245796831,AT
3245796832,3245796863,SK
3245796864,3245796951,HU
3245796952,3245796959,AT
3245796960,3245797015,HU
3245797016,3245797023,AT
3245797024,3245797039,HU
3245797040,3245797047,AT
3245797048,3245797379,HU
3245797380,3245797383,AT
3245797384,3245797395,HU
3245797396,3245797399,AT
3245797400,3245797439,HU
3245797440,3245797447,AT
3245797448,3245797455,HU
3245797456,3245797463,RO
3245797464,3245797471,HU
3245797472,3245797479,AT
3245797480,3245797491,HU
3245797492,3245797495,RO
3245797496,3245797499,AT
3245797500,3245797535,HU
3245797536,3245797543,CZ
3245797544,3245797551,AT
3245797552,3245797559,PL
3245797560,3245797567,AT
3245797568,3245797711,HU
3245797712,3245797719,CZ
3245797720,3245797759,HU
3245797760,3245797767,AT
3245797768,3245797791,HU
3245797792,3245797799,AT
3245797800,3245797807,RO
3245797808,3245797935,HU
3245797936,3245797951,AT
3245797952,3245798143,HU
3245798144,3245798399,GB
3245798400,3245798419,BG
3245798420,3245798423,AT
3245798424,3245798427,RO
3245798428,3245798483,BG
3245798484,3245798487,RO
3245798488,3245798719,BG
3245798720,3245798735,AT
3245798736,3245798879,BG
3245798880,3245798887,RO
3245798888,3245798911,BG
3245798912,3245798923,RO
3245798924,3245798927,PL
3245798928,3245798951,RO
3245798952,3245798959,AT
3245798960,3245798967,PL
3245798968,3245798999,RO
3245799000,3245799007,AT
3245799008,3245799039,RO
3245799040,3245799055,PL
3245799056,3245799063,AT
3245799064,3245799103,RO
3245799104,3245799119,PL
3245799120,3245799127,RO
3245799128,3245799135,PL
3245799136,3245799167,RO
3245799168,3245799423,GB
3245799424,3245799439,CZ
3245799440,3245799443,DE
3245799444,3245799453,CZ
3245799454,3245799455,SK
3245799456,3245799467,AT
3245799468,3245799487,CZ
3245799488,3245799491,AT
3245799492,3245799495,SK
3245799496,3245799519,CZ
3245799520,3245799523,AT
3245799524,3245799555,CZ
3245799556,3245799557,SK
3245799558,3245799591,CZ
3245799592,3245799595,PL
3245799596,3245799599,SK
3245799600,3245799603,CZ
3245799604,3245799611,SK
3245799612,3245799619,CZ
3245799620,3245799623,SK
3245799624,3245799631,AT
3245799632,3245799671,CZ
3245799672,3245799675,SK
3245799676,3245799695,CZ
3245799696,3245799703,SK
3245799704,3245799719,CZ
3245799720,3245799727,DE
3245799728,3245799743,CZ
3245799744,3245799751,SK
3245799752,3245799775,CZ
3245799776,3245799783,SK
3245799784,3245799807,CZ
3245799808,3245799815,DE
3245799816,3245799823,CZ
3245799824,3245799839,AT
3245799840,3245799855,CZ
3245799856,3245799863,AT
3245799864,3245799871,SK
3245799872,3245799887,CZ
3245799888,3245799903,SK
3245799904,3245800015,CZ
3245800016,3245800023,SK
3245800024,3245800047,CZ
3245800048,3245800063,HU
3245800064,3245800071,PL
3245800072,3245800079,CZ
3245800080,3245800087,SK
3245800088,3245800095,CZ
3245800096,3245800103,SK
3245800104,3245800143,CZ
3245800144,3245800151,SK
3245800152,3245800175,CZ
3245800176,3245800183,SK
3245800184,3245800191,AT
3245800192,3245800279,CZ
3245800280,3245800287,SK
3245800288,3245800351,CZ
3245800352,3245800359,SK
3245800360,3245800415,CZ
3245800416,3245800431,SK
3245800432,3245800439,CZ
3245800440,3245800447,AT
3245800448,3245800479,PL
3245800480,3245800495,CZ
3245800496,3245800551,PL
3245800552,3245800559,CZ
3245800560,3245800711,PL
3245800712,3245800719,AT
3245800720,3245800831,PL
3245800832,3245800839,CZ
3245800840,3245800935,PL
3245800936,3245800943,AT
3245800944,3245800967,PL
3245800968,3245800971,CZ
3245800972,3245800975,AT
3245800976,3245801011,PL
3245801012,3245801015,DK
3245801016,3245801071,PL
3245801072,3245801075,AT
3245801076,3245801103,PL
3245801104,3245801107,CZ
3245801108,3245801111,DE
3245801112,3245801171,PL
3245801172,3245801175,DE
3245801176,3245801179,CZ
3245801180,3245801207,PL
3245801208,3245801211,CZ
3245801212,3245801279,PL
3245801280,3245801287,CZ
3245801288,3245801295,AT
3245801296,3245801391,PL
3245801392,3245801399,DE
3245801400,3245801423,PL
3245801424,3245801439,DE
3245801440,3245801463,PL
3245801464,3245801471,CZ
3245801472,3245809663,CN
3245809664,3245834239,AU
3245834240,3245867007,JP
3245867008,3245932543,IE
3245932544,3245998079,BE
3245998080,3246002175,DE
3246002176,3246006271,NL
3246006272,3246014463,DE
3246014464,3246022655,SA
3246022656,3246030847,KR
3246030848,3246071807,US
3246071808,3246079999,NL
3246080000,3246088191,AE
3246088192,3246096383,BR
3246096384,3246104575,US
3246104576,3246108671,JP
3246108672,3246112767,GB
3246112768,3246120959,US
3246120960,3246129151,KR
3246129152,3246129407,RU
3246129408,3246129663,ES
3246129664,3246129919,DK
3246129920,3246130175,EE
3246130176,3246130431,ID
3246130432,3246130687,CZ
3246130688,3246130943,EE
3246130944,3246131199,CZ
3246131200,3246131455,GR
3246131456,3246131711,RU
3246131712,3246132735,SY
3246132736,3246132991,DE
3246132992,3246133247,NL
3246133248,3246133503,CZ
3246133504,3246133759,PE
3246133760,3246134015,HU
3246134016,3246134271,CZ
3246134272,3246134783,DE
3246134784,3246135039,LV
3246135040,3246135295,CZ
3246135296,3246135551,US
3246135552,3246135807,ES
3246135808,3246136831,SY
3246136832,3246137087,CZ
3246137088,3246137599,ES
3246137600,3246137855,RU
3246137856,3246138111,CZ
3246138112,3246138367,NL
3246138368,3246138623,FI
3246138624,3246138879,ES
3246138880,3246139391,SY
3246139392,3246139647,CZ
3246139648,3246139903,PL
3246139904,3246140159,CZ
3246140160,3246140415,ES
3246140416,3246140671,NL
3246140672,3246141183,TR
3246141184,3246141695,RU
3246141696,3246141951,NL
3246141952,3246142207,CZ
3246142208,3246142463,ES
3246142464,3246142975,SY
3246142976,3246143231,RU
3246143232,3246144767,CZ
3246144768,3246145023,ES
3246145024,3246145535,SY
3246145536,3246146559,RU
3246146560,3246147071,SY
3246147072,3246147583,ES
3246147584,3246148607,SY
3246148608,3246149631,DE
3246149632,3246149887,AE
3246149888,3246150143,ES
3246150144,3246150655,SY
3246150656,3246150911,DE
3246150912,3246151167,ES
3246151168,3246151679,SY
3246151680,3246152447,CZ
3246152448,3246152959,DE
3246152960,3246153215,KZ
3246153216,3246153727,CZ
3246153728,3246157823,SY
3246157824,3246159615,RU
3246159616,3246159871,CZ
3246159872,3246160127,ES
3246160128,3246160383,RU
3246160384,3246160895,SY
3246160896,3246161151,CZ
3246161152,3246161407,RU
3246161408,3246161919,SY
3246161920,3246162943,RU
3246162944,3246163199,ES
3246163200,3246163455,NL
3246163456,3246163711,RU
3246163712,3246163967,ES
3246163968,3246168063,DE
3246168064,3246169599,SY
3246169600,3246170111,CZ
3246170112,3246174207,SY
3246174208,3246175231,RU
3246175232,3246176255,FI
3246176256,3246176511,RU
3246176512,3246176767,NL
3246176768,3246177279,VG
3246177280,3246177791,NL
3246177792,3246178047,FI
3246178048,3246178303,RU
3246178304,3246180351,SY
3246180352,3246180607,CZ
3246180608,3246180863,TR
3246180864,3246181119,CZ
3246181120,3246181375,NL
3246181376,3246181631,KZ
3246181632,3246181887,CZ
3246181888,3246182143,NL
3246182144,3246182399,CZ
3246182400,3246186495,SY
3246186496,3246187007,FI
3246187008,3246187263,PT
3246187264,3246187519,SK
3246187520,3246190591,SY
3246190592,3246191615,IT
3246191616,3246192639,DE
3246192640,3246193663,PS
3246193664,3246194175,SY
3246194176,3246194431,LA
3246194432,3246260223,ES
3246260224,3246325759,PT
3246325760,3246391295,ES
3246391296,3246393087,GB
3246393088,3246393343,CH
3246393344,3246784511,GB
3246784512,3246810111,CH
3246810112,3246810623,IR
3246810624,3246837759,CH
3246837760,3246838783,US
3246838784,3246839807,FR
3246839808,3246852095,CH
3246852096,3246853119,DE
3246853120,3246853631,RU
3246853632,3246853887,CH
3246853888,3246854143,IT
3246854144,3246855167,CH
3246855168,3246855423,FI
3246855424,3246855679,PL
3246855680,3246856191,CH
3246856192,3246856447,IT
3246856448,3246857215,CH
3246857216,3246857727,DE
3246857728,3246862335,CH
3246862336,3246864383,DK
3246864384,3246878719,CH
3246878720,3246879743,ES
3246879744,3246880767,US
3246880768,3246881791,DE
3246881792,3246882815,FR
3246882816,3246884351,CH
3246884352,3246884863,RU
3246884864,3246885119,CH
3246885120,3246885375,DE
3246885376,3246887423,CH
3246887424,3246887935,IT
3246887936,3246888703,CH
3246888704,3246888959,LT
3246888960,3246890239,CH
3246890240,3246890495,LT
3246890496,3246894591,CH
3246894592,3246894847,LT
3246894848,3246906367,CH
3246906368,3246907391,JP
3246907392,3246915583,CH
3246915584,3247046655,PT
3247046656,3247046911,AT
3247046912,3247047679,SI
3247047680,3247048191,IT
3247048192,3247048703,NO
3247048704,3247048959,EE
3247048960,3247049215,SI
3247049216,3247053567,DE
3247053568,3247053823,EE
3247053824,3247054079,PL
3247054080,3247054335,CH
3247054336,3247054591,LT
3247054592,3247054847,DE
3247054848,3247063039,SI
3247063040,3247063295,FR
3247063296,3247063551,PL
3247063552,3247063807,DE
3247063808,3247064063,BG
3247064064,3247064319,DE
3247064320,3247064575,CH
3247064576,3247064831,RU
3247064832,3247065087,SE
3247065088,3247065343,PL
3247065344,3247065599,CH
3247065600,3247065855,SE
3247065856,3247066111,PL
3247066112,3247066367,DK
3247066368,3247066623,IR
3247066624,3247066879,CZ
3247066880,3247067135,RU
3247067136,3247067647,DE
3247067648,3247067903,RU
3247067904,3247068159,DE
3247068160,3247068415,RU
3247068416,3247068671,PL
3247068672,3247068927,GB
3247068928,3247069183,UA
3247069184,3247069439,DE
3247069440,3247069695,RU
3247069696,3247069951,FR
3247069952,3247070207,DE
3247070208,3247070463,IL
3247070464,3247070719,UA
3247070720,3247070975,AT
3247070976,3247071231,GB
3247071232,3247071487,DE
3247071488,3247071743,GE
3247071744,3247072255,RO
3247072256,3247072511,NL
3247072512,3247072767,BE
3247072768,3247073023,SE
3247073024,3247073279,RO
3247073280,3247073535,DE
3247073536,3247073791,AT
3247073792,3247074047,CZ
3247074048,3247074303,GB
3247074304,3247074559,DE
3247074560,3247074815,NL
3247074816,3247075071,PL
3247075072,3247075327,LU
3247075328,3247076095,DE
3247076096,3247076351,DK
3247076352,3247076607,TR
3247076608,3247076863,DE
3247076864,3247077119,PL
3247077120,3247077375,DE
3247077376,3247077887,IT
3247077888,3247078143,RO
3247078144,3247078399,AT
3247078400,3247078655,DK
3247078656,3247078911,HU
3247078912,3247079167,FI
3247079168,3247079423,HU
3247079424,3247080447,RU
3247080448,3247081471,UA
3247081472,3247083519,PL
3247083520,3247084543,UA
3247084544,3247085567,RU
3247085568,3247086591,CZ
3247086592,3247087615,DE
3247087616,3247088639,IT
3247088640,3247089663,DE
3247089664,3247090687,FR
3247090688,3247091711,TR
3247091712,3247092735,RU
3247092736,3247093759,DE
3247093760,3247094783,UA
3247094784,3247095807,LV
3247095808,3247096575,RO
3247096576,3247096831,GB
3247096832,3247097855,RO
3247097856,3247098879,FI
3247098880,3247099903,NL
3247099904,3247100927,PL
3247100928,3247101951,CH
3247101952,3247102975,SE
3247102976,3247106047,NL
3247106048,3247107071,RU
3247107072,3247108095,UA
3247108096,3247109119,FR
3247109120,3247110143,UA
3247110144,3247111167,NL
3247111168,3247112191,CH
3247112192,3247177727,FR
3247177728,3247243263,TR
3247243264,3247244031,US
3247244032,3247244287,DE
3247244288,3247248383,NL
3247248384,3247248639,DE
3247248640,3247249151,NL
3247249152,3247249663,DE
3247249664,3247250175,NL
3247250176,3247250431,DE
3247250432,3247253503,NL
3247253504,3247255039,US
3247255040,3247256831,NL
3247256832,3247257087,RU
3247257088,3247257343,NL
3247257344,3247257599,DE
3247257600,3247257855,NL
3247257856,3247258367,DE
3247258368,3247258623,NL
3247258624,3247259135,DE
3247259136,3247259647,NL
3247259648,3247260159,IR
3247260160,3247260415,NL
3247260416,3247260671,DE
3247260672,3247266559,NL
3247266560,3247266815,DE
3247266816,3247267071,PL
3247267072,3247267839,NL
3247267840,3247268863,DE
3247268864,3247269119,NL
3247269120,3247269375,DE
3247269376,3247269887,NL
3247269888,3247270143,DE
3247270144,3247270655,NL
3247270656,3247270911,DE
3247270912,3247271167,NL
3247271168,3247271423,PL
3247271424,3247271679,DE
3247271680,3247274239,NL
3247274240,3247274495,PL
3247274496,3247275519,NL
3247275520,3247276031,IR
3247276032,3247278847,NL
3247278848,3247279103,DE
3247279104,3247279615,US
3247279616,3247279871,NL
3247279872,3247280127,DE
3247280128,3247288319,NL
3247288320,3247288575,DE
3247288576,3247288831,PL
3247288832,3247289343,NL
3247289344,3247290367,DE
3247290368,3247291391,NL
3247291392,3247291647,DE
3247291648,3247292415,NL
3247292416,3247301119,DE
3247301120,3247302143,NL
3247302144,3247302655,RU
3247302656,3247308799,NL
3247308800,3247309055,BG
3247309056,3247309567,FI
3247309568,3247309823,PL
3247309824,3247310079,SE
3247310080,3247310335,FI
3247310336,3247310591,KR
3247310592,3247313407,FI
3247313408,3247313663,HK
3247313664,3247313919,AM
3247313920,3247314431,RU
3247314432,3247314687,HK
3247314688,3247315711,FI
3247315712,3247315967,PL
3247315968,3247316479,FR
3247316480,3247316991,RU
3247316992,3247317247,IT
3247317248,3247317503,TR
3247317760,3247318015,TR
3247318016,3247319039,US
3247319040,3247320063,DE
3247320064,3247321087,BE
3247321088,3247321599,FR
3247321600,3247322111,FI
3247322112,3247322367,PL
3247322368,3247322623,CH
3247322624,3247322879,PL
3247322880,3247323135,FI
3247323136,3247323647,RU
3247323648,3247323903,RO
3247323904,3247324159,NL
3247324160,3247324415,PL
3247324416,3247324671,SE
3247324672,3247324927,CH
3247324928,3247333631,FI
3247333632,3247333887,DE
3247333888,3247335167,FI
3247335168,3247335423,US
3247335424,3247336447,DE
3247336448,3247337215,NO
3247337216,3247337471,CH
3247337472,3247337983,PL
3247337984,3247338239,RU
3247338240,3247338495,PL
3247338496,3247338751,SI
3247338752,3247339007,FI
3247339008,3247339519,GB
3247339520,3247340543,FI
3247340544,3247340799,US
3247340800,3247341055,IE
3247341056,3247341311,FI
3247341312,3247341567,DE
3247341568,3247342591,FR
3247342592,3247343615,IN
3247343616,3247345663,FI
3247345664,3247345919,RU
3247345920,3247346175,HU
3247346176,3247346687,DE
3247346688,3247346943,RU
3247346944,3247347199,SI
3247347200,3247347455,FI
3247347456,3247347711,IL
3247347712,3247347967,RU
3247347968,3247348223,HU
3247348224,3247348735,NL
3247348736,3247348991,RU
3247348992,3247349247,DE
3247349248,3247349503,FR
3247349504,3247349759,UA
3247349760,3247353855,SE
3247353856,3247356927,FI
3247356928,3247357951,DE
3247357952,3247358975,GB
3247358976,3247359999,IT
3247360000,3247361023,DE
3247361024,3247361279,FI
3247361280,3247361535,RO
3247361536,3247362047,NL
3247362048,3247362303,RO
3247362304,3247362559,HU
3247362560,3247362815,PL
3247362816,3247363071,DK
3247363072,3247363327,NL
3247363328,3247363583,UA
3247363584,3247363839,LU
3247363840,3247364095,NL
3247364096,3247364351,GB
3247364352,3247364607,ES
3247364608,3247364863,RU
3247364864,3247365119,UA
3247365120,3247365375,GB
3247365376,3247365631,NO
3247365632,3247365887,SA
3247365888,3247366143,RO
3247366144,3247368191,FI
3247368192,3247368703,IR
3247368704,3247368959,RO
3247368960,3247370239,FI
3247370240,3247370495,SE
3247370496,3247370751,RO
3247370752,3247371007,SC
3247371008,3247371263,PL
3247371264,3247371519,GB
3247371520,3247371775,MT
3247371776,3247372031,RU
3247372032,3247372287,FI
3247372288,3247372543,RO
3247372544,3247372799,SC
3247372800,3247373055,RO
3247373056,3247373567,FI
3247373568,3247373823,UA
3247373824,3247374335,IR
3247374336,3247374847,RU
3247374848,3247375359,DE
3247375360,3247375871,FI
3247375872,3247376383,DE
3247376384,3247378431,EE
3247378432,3247378943,GB
3247378944,3247379199,PL
3247379200,3247379455,FI
3247379456,3247380479,NL
3247380480,3247382527,DE
3247382528,3247390719,FI
3247390720,3247391743,RU
3247391744,3247391999,IL
3247392000,3247392255,NL
3247392256,3247392767,FI
3247392768,3247393023,PL
3247393024,3247393535,FI
3247393536,3247394303,PL
3247394304,3247394559,NO
3247394560,3247397375,FI
3247397376,3247397631,GB
3247397632,3247397887,FI
3247397888,3247398143,RU
3247398144,3247398911,FI
3247398912,3247399423,RU
3247399424,3247399679,GB
3247399680,3247403775,FI
3247403776,3247404031,NO
3247404032,3247404799,FI
3247404800,3247405055,RU
3247405056,3247405311,RO
3247405312,3247405567,PL
3247405568,3247405823,DE
3247405824,3247406079,NO
3247406080,3247415295,FI
3247415296,3247415311,DK
3247415312,3247431679,FI
3247431680,3247431935,DE
3247431936,3247432191,FI
3247432192,3247432703,GB
3247432704,3247432959,FI
3247432960,3247433215,GB
3247433216,3247433471,FI
3247433472,3247433727,AZ
3247433728,3247435775,FI
3247435776,3247437823,EE
3247437824,3247438079,IM
3247438080,3247438335,IT
3247438336,3247438847,RU
3247438848,3247439103,CZ
3247439104,3247439615,FI
3247439616,3247439871,CZ
3247439872,3247702015,ES
3247702016,3247702271,RO
3247702272,3247702527,CZ
3247702528,3247703295,ES
3247703296,3247703551,CZ
3247703552,3247704063,FR
3247704064,3247705087,BE
3247705088,3247705599,NL
3247705600,3247705855,GB
3247705856,3247706111,RU
3247706112,3247706367,JP
3247706368,3247706623,GB
3247706624,3247706879,US
3247706880,3247707135,ES
3247707136,3247708159,NL
3247708160,3247711743,ES
3247711744,3247712255,IT
3247712256,3247713279,TR
3247713280,3247713535,RU
3247713536,3247713791,FR
3247713792,3247714047,SK
3247714048,3247714303,DE
3247714304,3247715327,BG
3247715328,3247716351,RU
3247716352,3247716863,FI
3247716864,3247717375,SE
3247717376,3247717631,KZ
3247717632,3247717887,US
3247717888,3247718143,RU
3247718144,3247718399,US
3247718400,3247719423,IR
3247719424,3247721471,DE
3247721472,3247722495,EE
3247722496,3247723519,FR
3247723520,3247724543,ES
3247724544,3247725567,UA
3247725568,3247726079,CR
3247726080,3247726591,US
3247726592,3247742975,ES
3247742976,3247749119,DE
3247749120,3247749631,AT
3247749632,3247751167,DE
3247751168,3247759359,CH
3247759360,3247764479,ES
3247764480,3247764991,NL
3247764992,3247765247,ES
3247765248,3247765503,US
3247765504,3247766527,CH
3247766528,3247766783,BG
3247766784,3247767039,DE
3247767040,3247767295,ES
3247767296,3247767551,US
3247767552,3247768063,ES
3247768064,3247768575,IT
3247768576,3247769599,ES
3247769600,3247771647,DE
3247771648,3247772671,UZ
3247772672,3247773695,NL
3247773696,3247774719,DE
3247774720,3247775743,BG
3247775744,3247783935,DE
3247783936,3247792127,GB
3247792128,3247800319,FR
3247800320,3247800575,DK
3247800576,3247800831,NL
3247800832,3247801087,DE
3247801088,3247801855,NL
3247801856,3247802111,US
3247802112,3247802367,FR
3247802368,3247802623,US
3247802624,3247803135,DK
3247803136,3247803391,GB
3247803392,3247803903,DK
3247803904,3247804159,MX
3247804160,3247804671,NL
3247804672,3247804927,US
3247804928,3247805439,DK
3247805440,3247805951,US
3247805952,3247806207,DK
3247806208,3247806463,IN
3247806464,3247806719,DK
3247806720,3247806975,AU
3247806976,3247807231,DK
3247807232,3247807743,US
3247807744,3247807999,NL
3247808000,3247808511,TW
3247808512,3247809535,AT
3247809536,3247809791,US
3247809792,3247810047,DK
3247810048,3247810559,TW
3247810560,3247810815,US
3247810816,3247811071,CA
3247811072,3247811327,US
3247811328,3247811839,DK
3247811840,3247812095,CA
3247812096,3247812863,US
3247812864,3247813119,DK
3247813120,3247813631,SE
3247813632,3247813887,GB
3247813888,3247814143,NL
3247814144,3247814655,US
3247814656,3247814911,DK
3247814912,3247815167,GB
3247815168,3247815423,DK
3247815424,3247815679,GB
3247815680,3247815935,DK
3247815936,3247816447,GB
3247816448,3247816703,DK
3247816704,3247823103,NL
3247823104,3247823359,AT
3247823360,3247825151,NL
3247825152,3247825407,US
3247825408,3247828991,NL
3247828992,3247833087,BE
3247833088,3247833599,RU
3247833600,3247834111,PL
3247834112,3247834623,DE
3247834624,3247835135,UA
3247835136,3247836159,HK
3247836160,3247837183,CZ
3247837184,3247838207,ES
3247838208,3247838463,RU
3247838464,3247838719,PL
3247838720,3247839231,NO
3247839232,3247839743,CZ
3247839744,3247840255,GB
3247840256,3247841279,UA
3247841280,3247841791,RU
3247841792,3247842047,GB
3247842048,3247842303,CZ
3247842304,3247842815,PL
3247842816,3247843327,CZ
3247843328,3247843583,US
3247843584,3247845375,PL
3247845376,3247845631,CH
3247845632,3247845887,UA
3247845888,3247846399,PL
3247846400,3247847423,RU
3247847424,3247848447,UA
3247848448,3247849471,IT
3247849472,3247849727,DE
3247849728,3247849983,RU
3247849984,3247850239,IR
3247850240,3247850495,BG
3247850496,3247850751,IT
3247850752,3247851007,PL
3247851008,3247851519,RU
3247851520,3247852543,SK
3247852544,3247853567,PL
3247853568,3247854591,RU
3247854592,3247855615,DK
3247855616,3247856127,UA
3247856128,3247856639,ES
3247856640,3247857663,RU
3247857664,3247858175,UA
3247858176,3247858431,VN
3247858432,3247859711,RU
3247859712,3247859967,SE
3247859968,3247860223,RU
3247860224,3247860479,BE
3247860480,3247861759,RU
3247861760,3247862015,IT
3247862016,3247862271,UA
3247862272,3247863807,RU
3247863808,3247864063,GB
3247864064,3247864319,NO
3247864320,3247864575,UA
3247864576,3247864831,PL
3247864832,3247865343,RU
3247865344,3247865599,MT
3247865600,3247865855,IL
3247865856,3247871999,CZ
3247872000,3247875327,NL
3247875328,3247875583,PL
3247875584,3247876095,DE
3247876096,3247876351,GB
3247876352,3247876607,FR
3247876608,3247876863,NO
3247876864,3247877119,AM
3247877120,3247877631,GR
3247877632,3247879167,AT
3247879168,3247882239,GB
3247882240,3247898623,SE
3247898624,3247899647,RU
3247899648,3247900671,DE
3247900672,3247901695,PL
3247901696,3247902719,UA
3247902720,3247903743,GB
3247903744,3247904767,BG
3247904768,3247905791,RU
3247905792,3247906815,RO
3247906816,3247907839,DE
3247907840,3247908863,PL
3247908864,3247909887,BY
3247909888,3247910911,DE
3247910912,3247911935,PL
3247911936,3247912959,US
3247912960,3247913983,UA
3247913984,3247915007,AT
3247915008,3247917055,PL
3247917056,3247918079,IE
3247918080,3247919103,PL
3247919104,3247920127,BG
3247920128,3247921151,FR
3247921152,3247922175,DE
3247922176,3247922431,FR
3247922432,3247922687,SE
3247922688,3247922943,CH
3247922944,3247923199,GB
3247923200,3247925247,PL
3247925248,3247926271,UA
3247926272,3247926527,CH
3247926528,3247927295,RU
3247927296,3247928319,PL
3247928320,3247929343,HU
3247929344,3247931391,GB
3247931392,3247939583,IR
3247939584,3247940607,US
3247940608,3247941631,UA
3247941632,3247942655,RU
3247942656,3247943167,US
3247943168,3247943679,DE
3247943680,3247944703,AE
3247944704,3247945215,LT
3247945216,3247945471,US
3247945472,3247945727,DE
3247945728,3247946751,NL
3247946752,3247947007,JP
3247947008,3247947263,DE
3247947264,3247947775,US
3247947776,3247955967,RU
3247955968,3247956223,KZ
3247956224,3247956479,RU
3247956480,3247956735,KG
3247956736,3247960063,RU
3247960064,3247961087,UA
3247961088,3247961343,GB
3247961344,3247961599,RU
3247961600,3247961855,ES
3247961856,3247962111,KZ
3247962112,3247963135,DE
3247963136,3247964159,UA
3247964160,3248095231,ES
3248095232,3248160767,AT
3248160768,3248226303,DE
3248226304,3248357375,NO
3248357376,3248366679,DE
3248366680,3248366681,US
3248366682,3248465583,DE
3248465584,3248465585,GB
3248465586,3248480591,DE
3248480592,3248480595,US
3248480596,3248488447,DE
3248488448,3248488703,FR
3248488704,3248490495,NO
3248490496,3248490751,US
3248490752,3248491007,NO
3248491008,3248491519,PL
3248491520,3248492031,RU
3248492032,3248492543,PL
3248492544,3248493567,DE
3248493568,3248493823,NO
3248493824,3248494079,NL
3248494080,3248494591,GB
3248494592,3248496127,NO
3248496128,3248496639,GB
3248496640,3248496895,DE
3248496896,3248497151,PL
3248497152,3248498431,NO
3248498432,3248498687,DE
3248498688,3248504831,NO
3248504832,3248505343,US
3248505344,3248505855,NL
3248505856,3248507135,US
3248507136,3248507391,RO
3248507392,3248507903,US
3248507904,3248508927,GB
3248508928,3248509951,US
3248509952,3248510975,ES
3248510976,3248511999,FR
3248512000,3248513023,NL
3248513024,3248513279,US
3248513280,3248513535,UA
3248513536,3248514047,AT
3248514048,3248514559,DE
3248514560,3248515071,FR
3248515072,3248517375,NO
3248517376,3248517631,FR
3248517632,3248518655,NO
3248518656,3248518911,DE
3248518912,3248519167,LT
3248519168,3248520191,NO
3248520192,3248520703,CH
3248520704,3248521215,NO
3248521216,3248521727,NL
3248521728,3248522239,FR
3248522240,3248522751,NO
3248522752,3248523007,GB
3248523008,3248523263,NL
3248523264,3248523519,FR
3248523520,3248524031,NO
3248524032,3248524287,DE
3248524288,3248526335,TR
3248526336,3248527359,NO
3248527360,3248527615,NL
3248527616,3248527871,BE
3248527872,3248528383,NL
3248528384,3248528895,NO
3248528896,3248529151,RU
3248529152,3248529407,DE
3248529408,3248536575,NO
3248536576,3248537599,GB
3248537600,3248540671,NO
3248540672,3248541183,RU
3248541184,3248541695,SE
3248541696,3248542719,RU
3248542720,3248543743,AT
3248543744,3248544511,US
3248544512,3248544767,UA
3248544768,3248545023,EC
3248545024,3248545279,DE
3248545280,3248545535,TR
3248545536,3248545791,DE
3248545792,3248546815,UA
3248546816,3248547839,RU
3248547840,3248548863,GB
3248548864,3248549631,DE
3248549632,3248549887,SE
3248549888,3248550911,IT
3248550912,3248551935,DE
3248551936,3248552959,GB
3248552960,3248553215,NO
3248553216,3248553471,DE
3248553472,3248553727,VG
3248553728,3248553983,RU
3248553984,3248554239,RO
3248554240,3248554495,VG
3248554496,3248555007,DE
3248555008,3248557055,GB
3248557056,3248558079,UA
3248558080,3248560127,NO
3248560128,3248560639,CY
3248560640,3248560895,VG
3248560896,3248561151,NO
3248561152,3248561663,CY
3248561664,3248562175,DK
3248562176,3248575487,NO
3248575488,3248576511,CZ
3248576512,3248582655,NO
3248582656,3248583679,SK
3248583680,3248584703,IT
3248584704,3248586751,NO
3248586752,3248587775,IN
3248587776,3248588799,BG
3248588800,3248589311,PL
3248589312,3248589823,NO
3248589824,3248590847,FI
3248590848,3248591615,NO
3248591616,3248591871,VG
3248591872,3248592895,DE
3248592896,3248593919,NO
3248593920,3248594431,PL
3248594432,3248599039,NO
3248599040,3248603135,SE
3248603136,3248603391,BG
3248603392,3248603647,RU
3248603648,3248604159,NO
3248604160,3248605183,DE
3248605184,3248605439,IQ
3248605440,3248605695,HU
3248605696,3248605951,NL
3248605952,3248606207,BE
3248606208,3248606719,RU
3248606720,3248606975,LT
3248606976,3248608255,NO
3248608256,3248609279,RU
3248609280,3248610303,NO
3248610304,3248611327,ES
3248611328,3248614399,NO
3248614400,3248615423,SE
3248615424,3248616703,CH
3248616704,3248616959,EE
3248616960,3248617471,RU
3248617472,3248619007,NO
3248619008,3248619519,FR
3248619520,3248621311,DK
3248621312,3248621567,GR
3248621568,3248622847,DK
3248622848,3248623103,GB
3248623104,3248623615,ES
3248623616,3248626687,DK
3248626688,3248626943,KZ
3248626944,3248627199,FR
3248627200,3248627455,RU
3248627456,3248627711,IT
3248627712,3248628479,DK
3248628480,3248628735,HK
3248628736,3248629759,DK
3248629760,3248630015,TR
3248630016,3248630271,DE
3248630272,3248630527,DK
3248630528,3248630783,TR
3248630784,3248631039,GB
3248631040,3248631295,AT
3248631296,3248631551,GB
3248631552,3248631807,CZ
3248631808,3248639487,DK
3248639488,3248639743,UA
3248639744,3248639999,CH
3248640000,3248645119,DK
3248645120,3248645375,DE
3248645376,3248645631,PL
3248645632,3248645887,DK
3248645888,3248646143,BE
3248646144,3248646399,PL
3248646400,3248646655,TR
3248646656,3248646911,DE
3248646912,3248647167,PL
3248647168,3248652287,DK
3248652288,3248652543,IT
3248652544,3248652799,IR
3248652800,3248653055,RU
3248653056,3248653311,BR
3248653312,3248653823,GE
3248653824,3248654079,FI
3248654080,3248654335,TR
3248654336,3248654591,RO
3248654592,3248654847,DE
3248654848,3248655103,GB
3248655104,3248655359,RU
3248655360,3248655615,DE
3248655616,3248655871,DK
3248655872,3248656127,DE
3248656128,3248656383,RU
3248656384,3248685567,DK
3248685568,3248685823,IL
3248685824,3248686079,RU
3248686080,3248686591,FI
3248686592,3248686847,UA
3248686848,3248687103,NL
3248687104,3248688127,DK
3248688128,3248688383,GR
3248688384,3248688639,DE
3248688640,3248688895,AT
3248689152,3248689919,ID
3248689920,3248690175,US
3248690176,3248690431,ID
3248690432,3248690687,KZ
3248690688,3248690943,UA
3248690944,3248691199,US
3248691200,3248693759,DK
3248693760,3248694015,FR
3248694016,3248694271,US
3248694272,3248695815,DK
3248695816,3248695823,DE
3248695824,3248695827,NO
3248695828,3248695831,SE
3248695832,3248695835,FI
3248695836,3248695839,BE
3248695840,3248695843,IE
3248695844,3248695847,GB
3248695848,3248695851,NL
3248695852,3248695855,AT
3248695856,3248695859,CH
3248695860,3248695863,HU
3248695864,3248695867,SK
3248695868,3248695871,SI
3248695872,3248695875,HR
3248695876,3248695879,BA
3248695880,3248695883,RS
3248695884,3248695887,PL
3248695888,3248695891,UA
3248695892,3248695895,CZ
3248695896,3248695899,RO
3248695900,3248695903,BG
3248695904,3248695907,GR
3248695908,3248695911,FR
3248695912,3248695915,IT
3248695916,3248695919,PT
3248695920,3248695923,ES
3248695924,3248695927,TR
3248695928,3248695931,MA
3248695932,3248696575,DK
3248696576,3248696831,NL
3248696832,3248697087,DK
3248697088,3248697343,HU
3248697344,3248697599,GB
3248697600,3248697855,IE
3248697856,3248698367,DK
3248698368,3248698623,PL
3248698624,3248698879,IT
3248698880,3248699135,AT
3248699136,3248699391,RU
3248699392,3248702975,DK
3248702976,3248703231,IT
3248703232,3248703487,CY
3248703488,3248703743,TR
3248703744,3248703999,IR
3248704000,3248704255,US
3248704256,3248704511,IL
3248704512,3248704767,LB
3248704768,3248705023,SK
3248705024,3248706559,DK
3248706560,3248706815,IL
3248706816,3248707327,CH
3248707328,3248707583,BR
3248707584,3248707839,TR
3248707840,3248708095,US
3248708096,3248708351,FR
3248708352,3248708607,AL
3248708608,3248708863,US
3248708864,3248709119,ES
3248709120,3248709375,RU
3248709376,3248709631,US
3248709632,3248710143,DK
3248710144,3248710399,NL
3248710400,3248710655,FR
3248710656,3248710911,DK
3248710912,3248711167,US
3248711168,3248711935,DK
3248711936,3248712191,GB
3248712192,3248712703,DK
3248712704,3248712959,NL
3248712960,3248713215,BE
3248713216,3248713727,DK
3248713728,3248713983,GB
3248713984,3248714239,NL
3248714240,3248714751,DK
3248714752,3248715007,AL
3248715008,3248715263,ES
3248715264,3248716287,DK
3248716288,3248716799,GB
3248716800,3248717055,UA
3248717056,3248717311,GB
3248717312,3248717567,ES
3248717568,3248717823,ID
3248717824,3248718079,IL
3248718080,3248721919,DK
3248721920,3248722175,IT
3248722176,3248722431,GB
3248722432,3248722943,DK
3248722944,3248723199,NO
3248723200,3248723455,PL
3248723456,3248723711,GB
3248723712,3248723967,PT
3248723968,3248728063,DK
3248728064,3248728319,IT
3248728320,3248728575,DE
3248728576,3248728831,FI
3248728832,3248729855,DK
3248729856,3248730111,RU
3248730112,3248730623,DK
3248730624,3248730879,PL
3248730880,3248731135,ES
3248731136,3248731391,DK
3248731392,3248731903,DE
3248731904,3248732159,FR
3248732416,3248732671,FI
3248732672,3248732927,CH
3248732928,3248733183,AL
3248733184,3248733695,DK
3248733696,3248733951,GB
3248733952,3248734207,DE
3248734208,3248735231,US
3248735232,3248735487,UA
3248735488,3248735743,RU
3248735744,3248735999,DE
3248736000,3248736255,RU
3248736256,3248736511,IT
3248736512,3248736767,GB
3248736768,3248737023,PL
3248737024,3248737279,RU
3248737280,3248737535,US
3248737536,3248737791,RU
3248737792,3248738047,DE
3248738048,3248738303,US
3248738304,3248750591,DK
3248750592,3248750847,PT
3248750848,3248751103,JP
3248751104,3248751615,FR
3248751616,3248752639,TR
3248752640,3248752895,DE
3248752896,3248753151,TR
3248753152,3248753407,JP
3248753408,3248753663,GB
3248753664,3248753919,EE
3248753920,3248754431,GB
3248754432,3248754687,AT
3248754688,3248755711,RU
3248755712,3248756735,GB
3248756736,3248757759,CH
3248757760,3248758783,GB
3248758784,3248771071,CZ
3248771072,3248774143,SE
3248774144,3248775167,UA
3248775168,3248783359,GB
3248783360,3248783615,FI
3248783616,3248783871,PL
3248783872,3248784127,RU
3248784128,3248784895,FR
3248784896,3248785407,PL
3248785408,3248785663,RO
3248785664,3248786943,SI
3248786944,3248787199,PL
3248787200,3248787455,IT
3248787456,3248787711,NL
3248787712,3248787967,CH
3248787968,3248788223,RU
3248788224,3248788479,DE
3248788480,3248788735,FR
3248788736,3248789247,RU
3248789248,3248789503,FR
3248789504,3248789759,RU
3248789760,3248790015,FR
3248790016,3248790271,DE
3248790272,3248790527,LV
3248790528,3248790783,FR
3248790784,3248791039,PL
3248791040,3248791295,BE
3248791296,3248791551,DE
3248791552,3248799743,GB
3248799744,3248800255,NL
3248800256,3248800767,RU
3248800768,3248801279,FR
3248801280,3248801535,NL
3248801536,3248801791,US
3248801792,3248802303,RU
3248802304,3248802815,GB
3248802816,3248803327,RU
3248803328,3248803839,GB
3248803840,3248804351,PL
3248804352,3248804863,LV
3248804864,3248805375,DE
3248805376,3248805887,RU
3248805888,3248806399,NL
3248806400,3248806911,CZ
3248806912,3248807423,IE
3248807424,3248807935,CY
3248807936,3248808447,AT
3248808448,3248808959,ES
3248808960,3248810079,FR
3248810144,3248810175,CY
3248810176,3248810207,FR
3248810240,3248810495,GB
3248810496,3248812543,AT
3248812544,3248813055,GB
3248813056,3248813567,CH
3248813568,3248814079,DE
3248814080,3248815103,BG
3248815104,3248815615,GB
3248815616,3248816127,PL
3248816128,3248881663,CZ
3248881664,3249012735,FI
3249012736,3249012991,DE
3249012992,3249013503,LU
3249013504,3249013759,RU
3249013760,3249014271,HK
3249014272,3249014783,DE
3249014784,3249024511,LU
3249024512,3249025535,RU
3249025536,3249025791,FR
3249025792,3249026047,UA
3249026048,3249026559,IT
3249026560,3249026815,PL
3249026816,3249027071,UA
3249027072,3249027583,IT
3249027584,3249045503,LU
3249045504,3249046527,RU
3249046528,3249047551,IT
3249047552,3249048575,RU
3249048576,3249049599,RO
3249049600,3249050623,FR
3249050624,3249051647,BE
3249051648,3249052671,TR
3249052672,3249053695,NO
3249053696,3249054975,IT
3249054976,3249055231,CH
3249055232,3249055487,QA
3249055488,3249055743,GB
3249055744,3249056767,LI
3249056768,3249057023,SE
3249057024,3249057535,NL
3249057536,3249057791,IT
3249057792,3249058815,RU
3249058816,3249059839,BZ
3249059840,3249060351,RO
3249060352,3249060863,KR
3249060864,3249061887,RU
3249061888,3249062911,SG
3249062912,3249063167,DE
3249063168,3249063423,SE
3249063424,3249063679,FI
3249063680,3249063935,NL
3249063936,3249064959,DE
3249064960,3249065983,FR
3249065984,3249066751,CY
3249066752,3249067007,NL
3249067008,3249068031,CH
3249068032,3249068287,IT
3249068288,3249068543,RU
3249068544,3249068799,PL
3249068800,3249070079,FR
3249070080,3249070335,RU
3249070336,3249070847,VG
3249070848,3249071103,RU
3249071104,3249074175,DE
3249074176,3249075199,PL
3249075200,3249076223,CZ
3249076224,3249078271,DE
3249078272,3249078783,RU
3249078784,3249079295,CH
3249079296,3249079807,RU
3249079808,3249080319,RO
3249080320,3249080831,US
3249080832,3249081343,DE
3249081344,3249081855,LV
3249081856,3249082367,GB
3249082368,3249082879,HU
3249082880,3249083391,PL
3249083392,3249083647,IT
3249083648,3249083903,RO
3249083904,3249084927,RU
3249084928,3249085439,NL
3249085440,3249085951,RU
3249085952,3249086207,GI
3249086208,3249086463,BG
3249086464,3249088511,RU
3249088512,3249089023,NL
3249089024,3249089535,NO
3249089536,3249090047,RU
3249090048,3249090559,FR
3249090560,3249091071,SI
3249091072,3249091327,TR
3249091328,3249091583,NL
3249091584,3249092095,RU
3249092096,3249092607,DE
3249092608,3249093375,IT
3249093376,3249093631,FR
3249093632,3249094655,RU
3249094656,3249095679,FR
3249095680,3249096191,NL
3249096192,3249096703,IL
3249096704,3249097215,DE
3249097216,3249097727,DK
3249097728,3249098239,DE
3249098240,3249098751,PL
3249098752,3249099263,UA
3249099264,3249099775,CH
3249099776,3249100287,FI
3249100288,3249100799,UA
3249100800,3249101311,IL
3249101312,3249101823,GB
3249101824,3249102335,NL
3249102336,3249102847,DE
3249102848,3249103359,RU
3249103360,3249103871,DE
3249103872,3249104383,FI
3249104384,3249104895,RU
3249104896,3249105151,FR
3249105152,3249106431,NL
3249106432,3249106943,RU
3249106944,3249108479,PL
3249108480,3249108991,RU
3249108992,3249109503,GB
3249109504,3249110015,RU
3249110016,3249111039,UA
3249111040,3249111551,RU
3249111552,3249112063,KW
3249112064,3249112319,UA
3249112320,3249112575,GB
3249112576,3249113087,UA
3249113088,3249113599,RO
3249113600,3249114111,NL
3249114112,3249114623,GB
3249114624,3249114879,RO
3249114880,3249115135,CH
3249115136,3249115647,RO
3249115648,3249116159,UA
3249116160,3249116671,PL
3249116672,3249117183,IT
3249117184,3249117695,CH
3249117696,3249118207,DK
3249118208,3249118719,RO
3249118720,3249119231,LU
3249119232,3249119743,DM
3249119744,3249120255,IT
3249120256,3249120767,SE
3249120768,3249121279,LV
3249121280,3249121791,DE
3249121792,3249122303,NL
3249122304,3249122815,RU
3249122816,3249123071,DE
3249123072,3249123327,US
3249123328,3249124351,RU
3249124352,3249124863,DE
3249124864,3249125375,CZ
3249125376,3249125887,DE
3249125888,3249126399,CH
3249126400,3249126911,UA
3249126912,3249127423,SA
3249127424,3249127935,GB
3249127936,3249128447,LV
3249128448,3249128959,DE
3249128960,3249129471,BG
3249129472,3249129983,SC
3249129984,3249130495,RU
3249130496,3249131007,DE
3249131008,3249131519,GG
3249131520,3249132031,PL
3249132544,3249132799,CZ
3249132800,3249133055,RU
3249133056,3249133567,UA
3249133568,3249134079,GB
3249134080,3249134591,UA
3249134592,3249135615,RU
3249135616,3249136127,GB
3249136128,3249136639,RU
3249136640,3249137151,IL
3249137152,3249137663,FR
3249137664,3249138175,PL
3249138176,3249138687,NL
3249138688,3249139199,GB
3249139200,3249139711,NL
3249139712,3249140223,UA
3249140224,3249140735,IT
3249140736,3249141247,UA
3249141248,3249141759,IL
3249141760,3249142271,RU
3249142272,3249142527,KZ
3249142528,3249143807,PL
3249143808,3249274879,AT
3249274880,3249405951,NL
3249405952,3249537023,DE
3249537024,3249537279,PT
3249537280,3249537791,UA
3249537792,3249538047,SE
3249538048,3249538303,GB
3249538304,3249541119,NL
3249541120,3249541375,DE
3249541376,3249541631,NL
3249541632,3249542143,GB
3249542144,3249542399,HK
3249542400,3249542655,US
3249542656,3249542911,HK
3249542912,3249543167,US
3249543168,3249544191,DE
3249544192,3249544959,GB
3249544960,3249545215,NL
3249545216,3249545471,CZ
3249545472,3249545727,GB
3249545728,3249545983,NL
3249545984,3249546239,RO
3249546240,3249546495,IL
3249546496,3249546751,PL
3249546752,3249547007,UA
3249547008,3249548287,PL
3249548288,3249548543,GB
3249548544,3249548799,IT
3249548800,3249549055,NL
3249549056,3249549311,FI
3249549312,3249550847,NL
3249550848,3249551103,KR
3249551104,3249551359,LT
3249551360,3249552639,GB
3249552640,3249552895,FI
3249552896,3249553151,GB
3249553152,3249553407,NL
3249553408,3249555455,FR
3249555456,3249556479,DE
3249556480,3249558527,RU
3249558528,3249559039,RO
3249559040,3249559551,DE
3249559552,3249560575,FR
3249560576,3249561599,RU
3249561600,3249561855,AU
3249561856,3249562111,IR
3249562112,3249562367,US
3249562368,3249562623,RO
3249562624,3249562879,ES
3249562880,3249563135,CA
3249563136,3249563647,HU
3249563648,3249565695,NL
3249565696,3249566719,DE
3249566720,3249567743,US
3249567744,3249569791,DE
3249569792,3249570047,GB
3249570048,3249570303,US
3249570304,3249574143,NL
3249574144,3249574399,RU
3249574400,3249574655,DE
3249574656,3249574911,GB
3249574912,3249576191,NL
3249576192,3249577727,RU
3249577728,3249582847,NL
3249582848,3249583103,RU
3249583104,3249584127,BY
3249584128,3249585151,NL
3249585152,3249585663,DE
3249585664,3249585919,RU
3249585920,3249590527,NL
3249590528,3249590783,FR
3249590784,3249591039,CA
3249591040,3249591295,NL
3249591296,3249592319,GE
3249592320,3249593343,NL
3249593344,3249593599,SC
3249593600,3249595135,NL
3249595136,3249595391,UA
3249595392,3249596415,ES
3249596416,3249596671,GB
3249596672,3249596927,RU
3249596928,3249597695,NL
3249597696,3249597951,SC
3249597952,3249598207,IT
3249598208,3249598463,KG
3249598464,3249599487,IR
3249599488,3249599999,NL
3249600000,3249600255,IT
3249600256,3249600511,DE
3249600512,3249601535,UA
3249601536,3249601791,IT
3249601792,3249602047,NL
3249602048,3249602303,IT
3249602304,3249602559,NL
3249602560,3249602815,FR
3249602816,3249635327,NL
3249635328,3249637375,US
3249637376,3249638399,GB
3249638400,3249640447,NL
3249640448,3249641471,DE
3249641472,3249644031,NL
3249644032,3249644287,FR
3249644288,3249644543,NL
3249644544,3249645055,PL
3249645056,3249649151,NL
3249649152,3249649407,FR
3249649408,3249650687,NL
3249650688,3249651711,FI
3249651712,3249655807,NL
3249655808,3249657855,ES
3249657856,3249658879,AT
3249658880,3249659391,AU
3249659392,3249659903,DE
3249659904,3249663999,NL
3249664000,3249664255,AM
3249664512,3249664767,IR
3249664768,3249665023,BE
3249665024,3249665279,TR
3249665280,3249665535,IR
3249665536,3249665791,IT
3249666048,3249668095,NL
3249668096,3249668351,FR
3249668352,3249676031,IE
3249676032,3249676287,ES
3249676288,3249676543,GB
3249676544,3249676799,ES
3249676800,3249677055,UA
3249677056,3249677311,SE
3249677312,3249678335,DE
3249678336,3249678847,IE
3249678848,3249679359,PL
3249679360,3249680383,ES
3249680384,3249681407,UA
3249681408,3249681663,ES
3249681664,3249681919,IE
3249681920,3249682431,GB
3249682432,3249683455,DE
3249683456,3249684479,SE
3249684480,3249696767,IE
3249696768,3249697279,GB
3249697280,3249697535,NL
3249697536,3249697791,ES
3249697792,3249698047,GB
3249698048,3249698303,PL
3249698304,3249698559,RU
3249698560,3249698815,HU
3249698816,3249699839,RU
3249699840,3249701119,IT
3249701120,3249701631,SE
3249701632,3249701887,RU
3249701888,3249702143,PL
3249702144,3249702399,FI
3249702400,3249702655,AE
3249702656,3249702911,RU
3249702912,3249703167,FR
3249703168,3249703423,IT
3249703424,3249703679,FR
3249703680,3249703935,IT
3249703936,3249704191,FR
3249704192,3249704447,RO
3249704448,3249704703,IT
3249704704,3249704959,SA
3249704960,3249705983,UA
3249705984,3249706495,AT
3249706496,3249707007,LV
3249707008,3249707519,BG
3249707520,3249708031,FR
3249708032,3249708543,CH
3249708544,3249708799,RU
3249708800,3249709055,FR
3249709056,3249709311,AT
3249709312,3249709567,PL
3249709568,3249709823,UA
3249709824,3249710079,DE
3249710080,3249710335,PL
3249710336,3249710591,RO
3249710592,3249710847,BG
3249710848,3249711103,PL
3249711104,3249711359,HU
3249711360,3249711615,NL
3249711616,3249711871,RU
3249711872,3249712127,AT
3249712128,3249712383,NL
3249712384,3249712639,GB
3249712640,3249712895,AE
3249712896,3249713151,DK
3249713152,3249715199,LV
3249715200,3249715455,AT
3249715456,3249715711,DE
3249715712,3249715967,GB
3249715968,3249716223,UA
3249716224,3249716479,SI
3249716480,3249716735,NL
3249716736,3249716991,UA
3249716992,3249717247,FR
3249717248,3249718271,LV
3249718272,3249719295,NL
3249719296,3249720319,IR
3249720320,3249721343,IT
3249721344,3249721599,AT
3249721600,3249721855,BE
3249721856,3249722111,US
3249722112,3249722367,FR
3249722368,3249722623,ES
3249722624,3249723135,PL
3249723136,3249723391,RU
3249723392,3249723647,IT
3249723648,3249723903,GB
3249723904,3249724159,ES
3249724160,3249724415,LU
3249724416,3249724927,NO
3249724928,3249725183,BG
3249725184,3249725439,GB
3249725440,3249725951,IT
3249725952,3249726463,NL
3249726464,3249726975,UA
3249726976,3249727487,NO
3249727488,3249727999,LV
3249728000,3249728511,IT
3249728512,3249729023,UA
3249729024,3249729535,GB
3249729536,3249730559,PL
3249730560,3249731583,IT
3249731584,3249732607,UA
3249732608,3249733631,IT
3249733632,3249799167,CZ
3249799168,3249850367,SE
3249850368,3249850623,NO
3249850624,3249875199,SE
3249875200,3249875455,GB
3249875456,3249876479,SE
3249876480,3249876735,GB
3249876736,3249914111,SE
3249914112,3249914367,NL
3249914368,3249914623,IS
3249914624,3249967103,SE
3249967104,3249967359,IL
3249967360,3249967615,NL
3249967616,3249970175,SE
3249970176,3249970687,NO
3249970688,3249970943,DK
3249970944,3249971199,FI
3249971200,3249972735,SE
3249972736,3249972991,DK
3249972992,3250032895,SE
3250032896,3250033407,US
3250033408,3250051327,SE
3250051328,3250051583,ES
3250051584,3250061311,SE
3250061312,3250192383,FI
3250192384,3250192639,AT
3250192640,3250192895,ES
3250192896,3250193151,IL
3250193152,3250193407,DE
3250193408,3250193408,IE
3250193409,3250193409,BE
3250193410,3250193410,FI
3250193411,3250193411,AE
3250193412,3250193412,CH
3250193413,3250193413,IL
3250193414,3250193414,HU
3250193415,3250193415,RO
3250193416,3250193423,DE
3250193424,3250193431,IT
3250193432,3250193439,RU
3250193440,3250193447,TR
3250193448,3250193451,IR
3250193452,3250193455,PL
3250193456,3250193459,UA
3250193460,3250193461,EG
3250193462,3250193463,FR
3250193464,3250193465,GR
3250193466,3250193467,NL
3250193468,3250193469,PK
3250193470,3250193471,ES
3250193472,3250193473,GB
3250193474,3250193474,DZ
3250193475,3250193475,AM
3250193476,3250193476,AT
3250193477,3250193477,AZ
3250193478,3250193478,BY
3250193479,3250193479,BE
3250193480,3250193480,BA
3250193481,3250193481,BG
3250193482,3250193482,HR
3250193483,3250193483,CZ
3250193484,3250193484,DK
3250193485,3250193485,ET
3250193486,3250193486,FI
3250193487,3250193487,HU
3250193488,3250193488,IS
3250193489,3250193489,IQ
3250193490,3250193490,IE
3250193491,3250193491,IL
3250193492,3250193492,KZ
3250193493,3250193493,KE
3250193494,3250193494,LT
3250193495,3250193495,LU
3250193496,3250193496,MD
3250193497,3250193497,MA
3250193498,3250193498,NG
3250193499,3250193499,NO
3250193500,3250193500,PS
3250193501,3250193501,PT
3250193502,3250193502,RO
3250193503,3250193503,SA
3250193504,3250193504,RS
3250193505,3250193505,SK
3250193506,3250193506,SI
3250193507,3250193507,ZA
3250193508,3250193508,SE
3250193509,3250193509,CH
3250193510,3250193510,TN
3250193511,3250193511,AE
3250193512,3250193512,UZ
3250193513,3250193513,FR
3250193514,3250193514,GB
3250193515,3250193515,ES
3250193516,3250193516,MA
3250193517,3250193517,CZ
3250193518,3250193518,SE
3250193519,3250193519,PT
3250193520,3250193520,DZ
3250193521,3250193521,BE
3250193522,3250193522,ZA
3250193523,3250193523,EG
3250193524,3250193524,PK
3250193525,3250193525,NL
3250193526,3250193526,PL
3250193527,3250193527,FR
3250193528,3250193528,GB
3250193529,3250193529,IE
3250193530,3250193531,ES
3250193532,3250193533,FR
3250193534,3250193535,GB
3250193536,3250193536,IE
3250193537,3250193537,TW
3250193538,3250193538,BD
3250193539,3250193539,MY
3250193540,3250193540,KR
3250193541,3250193541,TW
3250193542,3250193542,TH
3250193543,3250193543,VN
3250193544,3250193551,IN
3250193552,3250193555,ID
3250193556,3250193559,PH
3250193560,3250193561,JP
3250193562,3250193563,TH
3250193564,3250193565,VN
3250193566,3250193566,AU
3250193567,3250193567,BD
3250193568,3250193568,GE
3250193569,3250193569,HK
3250193570,3250193570,MY
3250193571,3250193571,MM
3250193572,3250193572,NP
3250193573,3250193573,NZ
3250193574,3250193574,SG
3250193575,3250193575,KR
3250193576,3250193576,LK
3250193577,3250193577,TW
3250193578,3250193578,AU
3250193579,3250193579,JP
3250193580,3250193580,TW
3250193581,3250193581,MY
3250193582,3250193582,KR
3250193583,3250193583,AU
3250193584,3250193584,ID
3250193585,3250193585,JP
3250193586,3250193587,IE
3250193588,3250193589,JP
3250193590,3250193591,ID
3250193592,3250193599,IN
3250193600,3250193600,US
3250193601,3250193601,BR
3250193602,3250193602,CA
3250193603,3250193607,US
3250193608,3250193611,BR
3250193612,3250193615,US
3250193616,3250193617,AR
3250193618,3250193619,CO
3250193620,3250193621,MX
3250193622,3250193622,BO
3250193623,3250193623,CA
3250193624,3250193624,CL
3250193625,3250193625,DO
3250193626,3250193626,EC
3250193627,3250193627,GT
3250193628,3250193628,PE
3250193629,3250193629,PR
3250193630,3250193630,UY
3250193631,3250193631,VE
3250193632,3250193643,US
3250193644,3250193649,BR
3250193650,3250193651,MX
3250193652,3250193653,CA
3250193654,3250193655,CO
3250193656,3250193657,PE
3250193658,3250193658,AR
3250193659,3250193659,CL
3250193660,3250193660,EC
3250193661,3250193661,VE
3250193662,3250193662,MX
3250193663,3250193663,IE
3250193664,3250194175,AT
3250194176,3250194431,DE
3250194432,3250194687,FR
3250194688,3250194943,UA
3250194944,3250195199,RO
3250195200,3250195455,ES
3250195456,3250195711,DE
3250195712,3250195967,GB
3250195968,3250196223,RU
3250196224,3250196479,UA
3250196480,3250200319,AT
3250200320,3250200575,DE
3250200576,3250200831,IR
3250200832,3250201087,RO
3250201088,3250201343,RU
3250201344,3250201599,DK
3250201600,3250202111,NL
3250202112,3250202367,BG
3250202368,3250202623,PL
3250202624,3250233343,AT
3250233344,3250233599,DE
3250233600,3250233855,AT
3250233856,3250234111,GB
3250234112,3250234367,CY
3250234368,3250241535,AT
3250241536,3250242559,FR
3250242560,3250243583,GB
3250243584,3250244607,GR
3250244608,3250245631,PL
3250245632,3250245887,TR
3250245888,3250246143,AT
3250246144,3250246399,US
3250246400,3250246655,DK
3250246656,3250247423,AT
3250247424,3250247679,IR
3250247680,3250257151,AT
3250257152,3250257407,IN
3250257408,3250257663,DE
3250257664,3250257919,PL
3250257920,3250258175,GB
3250258176,3250258431,US
3250258432,3250260991,AT
3250260992,3250269183,DE
3250269184,3250271231,AT
3250271232,3250271743,PL
3250271744,3250271999,LB
3250272256,3250274303,SK
3250274304,3250276351,PL
3250276352,3250276607,GB
3250276608,3250276863,RU
3250276864,3250277375,IT
3250277376,3250278399,UA
3250278400,3250279423,RU
3250279424,3250280447,DE
3250280448,3250281471,SE
3250281472,3250282751,RU
3250282752,3250283007,KZ
3250283008,3250283263,PL
3250283264,3250283519,GB
3250283520,3250284543,AL
3250284544,3250284799,RU
3250284800,3250285055,IT
3250285056,3250285567,RU
3250285568,3250286591,TR
3250286592,3250287615,LT
3250287616,3250288639,AU
3250288640,3250290687,NL
3250290688,3250290943,DE
3250290944,3250291199,FR
3250291200,3250291711,DE
3250291712,3250292479,TR
3250292480,3250292735,BE
3250292736,3250293759,MX
3250293760,3250294783,TR
3250294784,3250295807,RU
3250295808,3250296063,DE
3250296064,3250296319,RO
3250296320,3250296575,US
3250296576,3250296831,FI
3250296832,3250297855,AT
3250297856,3250298879,RU
3250298880,3250300927,DK
3250300928,3250301951,CZ
3250301952,3250302975,RU
3250302976,3250303999,PL
3250304000,3250305023,US
3250305024,3250306047,ES
3250306048,3250307071,NL
3250307072,3250308095,RU
3250308096,3250323199,AT
3250323200,3250323455,DE
3250323456,3250323711,PL
3250323712,3250323967,NL
3250323968,3250324479,CA
3250324480,3250325247,SE
3250325504,3250326527,CH
3250326528,3250327039,BH
3250327040,3250327551,CA
3250327552,3250328575,AT
3250328576,3250329087,SE
3250329088,3250329343,FI
3250329344,3250329599,RU
3250329600,3250330623,GB
3250330624,3250331647,IT
3250331648,3250335743,MT
3250335744,3250339839,KW
3250339840,3250348031,JO
3250348032,3250356223,BH
3250356224,3250357247,LB
3250357248,3250357759,GB
3250357760,3250357823,NL
3250357904,3250357919,FR
3250357920,3250357927,PL
3250357928,3250357959,CY
3250358016,3250358527,LB
3250358528,3250358783,HU
3250358784,3250359295,DE
3250359296,3250359807,HU
3250359808,3250362879,KW
3250362880,3250363391,DE
3250363392,3250363903,SE
3250363904,3250364415,DE
3250364416,3250372607,KW
3250372608,3250373375,HU
3250373376,3250373631,GB
3250373632,3250373887,DE
3250373888,3250374655,PL
3250374656,3250374911,RU
3250374912,3250375679,SE
3250375680,3250376703,GB
3250376704,3250380799,AT
3250380800,3250386943,CH
3250386944,3250387199,SE
3250387200,3250387455,FR
3250387456,3250387711,DE
3250387712,3250388223,RU
3250388224,3250388479,PL
3250388480,3250388735,RU
3250388736,3250388991,FR
3250388992,3250405375,NG
3250405888,3250406399,IE
3250406400,3250406911,RU
3250406912,3250407423,RO
3250407424,3250407935,PL
3250407936,3250408447,RO
3250408448,3250408959,PL
3250408960,3250409471,DE
3250409472,3250409983,IT
3250409984,3250411007,DE
3250411008,3250411519,LT
3250411520,3250411775,IT
3250411776,3250412031,NL
3250412032,3250413055,DK
3250413056,3250413567,DE
3250413568,3250414079,UA
3250414080,3250414591,RO
3250414592,3250415103,GB
3250415104,3250415359,KZ
3250415360,3250415615,PL
3250415616,3250416127,FR
3250416128,3250417663,DE
3250417664,3250418175,IT
3250418176,3250418687,DE
3250418688,3250419199,PL
3250419200,3250419711,DK
3250419712,3250420223,RU
3250420224,3250420735,IR
3250420736,3250421247,FR
3250421248,3250421759,UA
3250422016,3250423295,GB
3250423296,3250423551,NL
3250423552,3250423807,BE
3250423808,3250424063,AT
3250424064,3250424319,FR
3250424320,3250424575,RU
3250424576,3250424831,NL
3250424832,3250425343,GB
3250425344,3250425599,TR
3250425600,3250425855,FR
3250425856,3250426111,LT
3250426112,3250426367,RU
3250426368,3250426623,AT
3250426624,3250426879,FR
3250426880,3250427135,JO
3250427136,3250427391,NL
3250427392,3250429951,DE
3250429952,3250438143,SI
3250438144,3250441663,US
3250441664,3250441671,FR
3250441672,3250442199,US
3250442200,3250442207,FR
3250442208,3250446239,US
3250446240,3250446247,GB
3250446248,3250446335,US
3250446336,3250454527,DE
3250454528,3250585599,BE
3250585600,3250585855,DE
3250585856,3250586111,SC
3250586112,3250586623,GB
3250586624,3250588671,PT
3250588672,3250588735,NL
3250588736,3250588799,DE
3250588800,3250588927,CY
3250588928,3250589183,GB
3250589184,3250589439,DE
3250589440,3250589695,US
3250589696,3250594815,GB
3250594816,3250595327,RU
3250595328,3250595839,LU
3250595840,3250596351,DE
3250596352,3250596863,RO
3250596864,3250597375,IL
3250597376,3250597887,RO
3250597888,3250598399,BG
3250598400,3250598911,GB
3250598912,3250599423,US
3250599424,3250599935,SE
3250599936,3250600447,BG
3250600448,3250601471,DE
3250601472,3250601983,PL
3250601984,3250610175,GB
3250610176,3250618367,TR
3250618368,3250626559,RU
3250626560,3250634751,PL
3250634752,3250642943,GB
3250642944,3250651135,CH
3250651136,3250659327,FR
3250659328,3250667519,GB
3250667520,3250675711,PL
3250675712,3250683903,GB
3250683904,3250692095,CH
3250692096,3250692351,UA
3250692352,3250692607,DK
3250692608,3250693119,GB
3250693120,3250693375,SC
3250693376,3250693631,LT
3250693632,3250694143,DE
3250694144,3250694399,PL
3250694400,3250694655,GB
3250694656,3250694911,SK
3250694912,3250695167,BG
3250695168,3250695679,IT
3250695680,3250697471,DE
3250697472,3250697727,PL
3250697728,3250697983,BG
3250697984,3250698239,IT
3250698240,3250698751,GR
3250698752,3250699263,RU
3250699264,3250699775,GB
3250699776,3250700287,DE
3250700288,3250701567,UA
3250701568,3250701823,DE
3250701824,3250703103,UA
3250703104,3250703359,US
3250703360,3250704383,UA
3250704384,3250704639,PL
3250704640,3250708479,UA
3250708480,3250716671,KZ
3250716672,3250716927,RO
3250718208,3250720767,DE
3250720768,3250722047,IT
3250722048,3250722303,RO
3250722304,3250724863,GB
3250724864,3250733055,MA
3250733056,3250741247,DZ
3250741248,3250742783,RU
3250742784,3250743551,AT
3250743552,3250743807,RU
3250743808,3250746367,UA
3250746368,3250747391,NZ
3250747392,3250747903,SI
3250747904,3250748159,SA
3250748160,3250748415,PL
3250748416,3250749439,UA
3250749440,3250749695,GH
3250749696,3250749951,DE
3250749952,3250750463,IQ
3250750464,3250751487,FR
3250751488,3250751743,DE
3250752000,3250752511,CH
3250752512,3250753023,BG
3250753024,3250753535,IQ
3250753536,3250754047,DE
3250754048,3250754303,AT
3250754304,3250754559,BG
3250754560,3250755071,DE
3250755072,3250755583,FR
3250755584,3250755839,GB
3250755840,3250756351,RU
3250756352,3250756863,BG
3250756864,3250757119,AT
3250757120,3250757375,US
3250757376,3250757631,HU
3250757632,3250765823,GH
3250765824,3250782207,SE
3250782208,3250847743,GB
3250847744,3250978815,DE
3250978816,3251044351,HR
3251044352,3251109887,FI
3251109888,3251110399,FR
3251110400,3251110655,AT
3251110656,3251110911,IT
3251110912,3251111167,FR
3251111168,3251111423,CH
3251111424,3251111679,AT
3251111680,3251111935,ES
3251111936,3251112191,AT
3251112192,3251112447,SK
3251112448,3251112703,RU
3251112704,3251112959,SE
3251112960,3251113471,RU
3251113472,3251113983,BG
3251113984,3251114495,PL
3251114496,3251114751,RU
3251114752,3251115007,RO
3251115008,3251115263,PL
3251115264,3251115775,RU
3251115776,3251116031,BE
3251116032,3251116287,AT
3251116288,3251116543,GB
3251116544,3251117055,IT
3251117056,3251117311,BG
3251117312,3251117567,BE
3251117568,3251117823,US
3251117824,3251118079,SE
3251118080,3251118591,UA
3251118592,3251119103,RU
3251119104,3251120127,UA
3251120128,3251120639,KW
3251120640,3251121151,FR
3251121152,3251121663,DK
3251121664,3251122175,PL
3251122176,3251122687,IT
3251122688,3251123199,PL
3251123200,3251123711,FI
3251123712,3251124223,RU
3251124224,3251124735,FI
3251124736,3251125503,FR
3251125504,3251125759,AR
3251125760,3251126271,RO
3251126272,3251127295,PL
3251127296,3251127807,UA
3251127808,3251128319,NL
3251128320,3251129343,RU
3251129344,3251129855,UA
3251129856,3251130111,NL
3251130112,3251130367,CH
3251130368,3251130879,GB
3251130880,3251131391,PL
3251131392,3251131903,UA
3251131904,3251132415,SE
3251132416,3251132927,RU
3251132928,3251133439,DK
3251133440,3251133951,NO
3251133952,3251134463,RU
3251134464,3251134975,LT
3251134976,3251135999,GB
3251136000,3251136511,HK
3251136512,3251137023,US
3251137024,3251137535,DE
3251137536,3251138047,PL
3251138048,3251138559,FR
3251138560,3251139071,AT
3251139072,3251139327,HR
3251139328,3251139583,CH
3251139584,3251140095,FR
3251140096,3251141631,PL
3251141632,3251142143,LT
3251142144,3251142655,RO
3251142656,3251142911,DE
3251142912,3251143167,RU
3251143168,3251143423,HK
3251143424,3251143679,LV
3251143680,3251143935,NL
3251143936,3251144191,PL
3251144192,3251144447,HK
3251144448,3251144703,BE
3251144704,3251144959,HU
3251144960,3251145471,DE
3251145472,3251145727,FR
3251145728,3251145983,BE
3251145984,3251146239,RO
3251146240,3251146495,AT
3251146496,3251146751,SK
3251146752,3251147007,CH
3251147008,3251147263,GB
3251147264,3251147519,PL
3251147520,3251147775,NL
3251147776,3251148031,IR
3251148032,3251148287,HK
3251148288,3251148543,DE
3251148544,3251148799,UA
3251148800,3251149055,HK
3251149056,3251149311,NL
3251149312,3251149567,RS
3251149568,3251149823,IE
3251149824,3251150079,DE
3251150080,3251150335,CH
3251150336,3251150847,GB
3251150848,3251151103,MD
3251151104,3251151359,RU
3251151360,3251151615,DE
3251151616,3251151871,GB
3251151872,3251152127,NL
3251152128,3251152383,RO
3251152384,3251152895,GB
3251152896,3251153151,RU
3251153152,3251153407,GB
3251153408,3251153663,TR
3251153664,3251153919,FR
3251153920,3251154175,DE
3251154176,3251154431,UA
3251154432,3251154687,NL
3251154688,3251154943,FR
3251154944,3251155199,GB
3251155200,3251155455,US
3251155456,3251155711,NL
3251155712,3251155967,UA
3251155968,3251156223,TR
3251156224,3251156479,GB
3251156480,3251156735,FR
3251156736,3251156991,RU
3251156992,3251157247,US
3251157248,3251157503,BE
3251157504,3251157759,CH
3251157760,3251158015,PL
3251158016,3251158271,TR
3251158272,3251158527,RU
3251158528,3251158783,PL
3251158784,3251159295,GB
3251159296,3251160063,DE
3251160064,3251160299,CH
3251160300,3251160301,DE
3251160302,3251160319,CH
3251160320,3251160575,PL
3251160576,3251160831,NL
3251160832,3251161087,TH
3251161088,3251161343,RO
3251161344,3251161599,LV
3251161600,3251161855,SE
3251161856,3251162111,HR
3251162112,3251162367,DK
3251162368,3251162879,UA
3251162880,3251163135,SI
3251163136,3251163391,SE
3251163392,3251163647,UA
3251163648,3251163903,DE
3251163904,3251164159,RU
3251164160,3251164415,UA
3251164416,3251164671,IT
3251164672,3251164927,NL
3251164928,3251165183,PL
3251165184,3251165439,PT
3251165440,3251165695,NO
3251165696,3251165951,DE
3251165952,3251166207,UA
3251166208,3251166463,CH
3251166464,3251166719,NO
3251166720,3251166895,IE
3251166896,3251166911,US
3251166912,3251166975,IE
3251166976,3251167231,CH
3251167232,3251167487,LV
3251167488,3251167743,DK
3251167744,3251168255,PL
3251168256,3251168511,AT
3251168512,3251168767,NO
3251168768,3251169023,DE
3251169024,3251169279,FR
3251169280,3251169535,PL
3251169536,3251169791,FR
3251169792,3251170047,PL
3251170048,3251170303,NO
3251170304,3251170559,LI
3251170560,3251170815,BG
3251170816,3251171071,NO
3251171072,3251171327,RU
3251171328,3251171583,DE
3251171584,3251171839,FR
3251171840,3251172095,MT
3251172096,3251172351,GB
3251172352,3251172607,CZ
3251172608,3251172863,GB
3251172864,3251173119,CZ
3251173120,3251173375,SA
3251173376,3251173631,UA
3251173632,3251173887,DE
3251173888,3251174143,RU
3251174144,3251174655,CZ
3251174656,3251174911,DE
3251174912,3251175167,RO
3251175168,3251175423,UA
3251175424,3251175679,FR
3251175680,3251175935,US
3251175936,3251176191,SG
3251176192,3251176959,FR
3251176960,3251177471,US
3251177472,3251177727,RU
3251177728,3251177983,HK
3251177984,3251178239,MC
3251178240,3251178495,KZ
3251178496,3251179263,US
3251179264,3251179519,CY
3251179520,3251180031,SE
3251180032,3251180543,PL
3251180544,3251181055,RO
3251181056,3251181311,CH
3251181312,3251181567,GB
3251181568,3251182079,DE
3251182080,3251182591,FR
3251182592,3251183103,IT
3251183104,3251183615,RU
3251183616,3251183871,LT
3251183872,3251184127,CH
3251184128,3251184383,PL
3251184384,3251184639,FR
3251184640,3251184895,PL
3251184896,3251185407,FR
3251185408,3251185663,DK
3251185664,3251185919,IT
3251185920,3251186175,AT
3251186176,3251186431,JE
3251186432,3251186687,FR
3251186688,3251186943,RO
3251186944,3251187199,SI
3251187200,3251187455,IT
3251187456,3251188735,NL
3251188736,3251189759,DE
3251189760,3251190783,US
3251190784,3251191807,UA
3251191808,3251192319,GB
3251192320,3251192575,IR
3251192576,3251192831,SC
3251192832,3251193343,BE
3251193344,3251193855,GB
3251193856,3251194367,HK
3251194368,3251194879,NO
3251194880,3251195391,FR
3251195392,3251195903,CZ
3251195904,3251196415,GB
3251196416,3251196671,RO
3251196672,3251196927,UA
3251196928,3251197951,US
3251197952,3251198975,RU
3251198976,3251199999,GB
3251200000,3251200511,SE
3251200512,3251200767,RU
3251200768,3251201023,IT
3251201024,3251201279,UA
3251201280,3251201535,SI
3251201536,3251201791,AT
3251201792,3251202047,FR
3251202048,3251202303,NL
3251202304,3251202559,UA
3251202560,3251202815,AT
3251202816,3251203327,ES
3251203328,3251203583,SI
3251203584,3251203839,CZ
3251203840,3251204095,RU
3251204608,3251204863,SC
3251204864,3251205119,RU
3251205120,3251205631,UA
3251205632,3251206143,RU
3251206144,3251206655,GB
3251206656,3251207167,CH
3251207168,3251207679,GB
3251207680,3251207935,RU
3251207936,3251208191,NL
3251208192,3251209215,TR
3251209216,3251210239,GB
3251210240,3251211263,PL
3251211264,3251212287,GB
3251212288,3251212415,PL
3251212416,3251212671,FI
3251212672,3251212799,DE
3251212800,3251212927,FR
3251212928,3251213055,RO
3251213056,3251213119,IL
3251213120,3251213151,NL
3251213216,3251213247,CY
3251213280,3251213311,US
3251213312,3251213375,CY
3251213376,3251213439,DE
3251213440,3251213503,SE
3251213504,3251213567,NL
3251213568,3251213631,DE
3251213632,3251213695,PL
3251213696,3251213759,GB
3251213760,3251213823,CY
3251213824,3251213887,US
3251213888,3251214015,CY
3251214016,3251214079,ES
3251214080,3251214143,CY
3251214144,3251214207,DE
3251214208,3251214271,GB
3251214272,3251214335,DE
3251214336,3251214463,RU
3251214464,3251214591,UA
3251214592,3251214975,GB
3251214976,3251215103,RO
3251215104,3251215167,LB
3251215168,3251215231,SA
3251215232,3251215359,IL
3251215360,3251215487,RU
3251215488,3251215615,SE
3251215616,3251215743,CY
3251215744,3251215807,NL
3251215808,3251215871,FR
3251215872,3251216127,RO
3251216384,3251216639,GB
3251216640,3251216895,RO
3251216896,3251217151,BE
3251217152,3251217407,GB
3251217408,3251217663,PL
3251217664,3251217919,SI
3251217920,3251218175,GR
3251218176,3251218431,PL
3251218432,3251219199,DE
3251219200,3251219455,IT
3251219456,3251219711,BG
3251219712,3251219967,AT
3251219968,3251220223,GB
3251220224,3251220479,UA
3251220480,3251222527,DE
3251222528,3251224575,HU
3251224576,3251225599,IR
3251225600,3251225855,FR
3251225856,3251226111,GB
3251226112,3251226623,UA
3251226624,3251227135,GB
3251227136,3251227391,NL
3251227392,3251227647,US
3251227648,3251228159,GB
3251228160,3251228415,DE
3251228416,3251228671,RS
3251228672,3251229695,AT
3251229696,3251230719,SI
3251230720,3251231743,UA
3251231744,3251232767,NO
3251232768,3251233791,UA
3251233792,3251234815,RU
3251234816,3251235839,RO
3251235840,3251236863,DE
3251236864,3251237887,BG
3251237888,3251238911,FI
3251238912,3251239935,IN
3251239936,3251240959,US
3251240960,3251241215,FR
3251241216,3251243007,GB
3251243008,3251245055,IL
3251245056,3251245311,US
3251245312,3251245567,BE
3251245568,3251245823,TR
3251245824,3251246079,DK
3251246080,3251246335,DE
3251246336,3251246591,UA
3251246592,3251246847,RO
3251246848,3251247103,NL
3251247104,3251248895,DE
3251248896,3251249151,IT
3251249152,3251251199,NL
3251251200,3251252223,EE
3251252224,3251252735,IN
3251252736,3251256831,CH
3251256832,3251257343,GB
3251257344,3251259903,BE
3251259904,3251260415,NL
3251260416,3251260671,IT
3251260672,3251261439,FR
3251261440,3251262463,IL
3251262464,3251262719,FI
3251262720,3251263487,IL
3251263488,3251263999,NL
3251264000,3251264255,IE
3251264256,3251265535,FR
3251265536,3251267839,NL
3251267840,3251268095,GB
3251268096,3251268351,US
3251268352,3251268607,DE
3251268608,3251268863,BG
3251268864,3251269119,NL
3251269120,3251269375,DK
3251269376,3251269631,FR
3251269632,3251269887,IE
3251269888,3251270143,UZ
3251270144,3251270399,IE
3251270400,3251270655,NO
3251270656,3251270911,DE
3251270912,3251271167,PL
3251271168,3251271423,UA
3251271424,3251271679,DE
3251271680,3251271935,TR
3251271936,3251272191,FR
3251272192,3251272447,ES
3251272448,3251272703,AT
3251272704,3251272959,FR
3251273216,3251273471,RO
3251273472,3251298303,DE
3251298304,3251302399,GB
3251302400,3251306495,LI
3251306496,3251307007,AT
3251307008,3251307519,DE
3251307520,3251307775,IE
3251307776,3251308031,GB
3251308032,3251308543,RS
3251308544,3251309567,IL
3251309568,3251310335,DE
3251310336,3251310591,FR
3251310592,3251311103,DE
3251311104,3251311615,RS
3251311616,3251312127,GB
3251312128,3251312383,PL
3251312384,3251312639,RS
3251312640,3251313151,JO
3251313152,3251313663,RS
3251313664,3251314687,US
3251314688,3251315711,FR
3251315712,3251315967,US
3251315968,3251316479,BZ
3251316480,3251316735,US
3251316736,3251317759,RU
3251317760,3251318783,PL
3251318784,3251319295,US
3251319296,3251319807,NL
3251319808,3251320831,FR
3251320832,3251321855,PL
3251321856,3251322879,RU
3251322880,3251331071,GB
3251331072,3251331583,FR
3251331584,3251332095,PL
3251332096,3251333119,RU
3251333120,3251333375,CZ
3251333376,3251333631,RU
3251333632,3251334143,PT
3251334144,3251334655,FR
3251334656,3251335167,JO
3251335168,3251335679,RU
3251335680,3251336191,RO
3251336192,3251336703,GB
3251336704,3251337215,ES
3251337216,3251337727,CH
3251337728,3251338239,DE
3251338240,3251338751,RU
3251338752,3251339007,IE
3251339008,3251339263,US
3251339264,3251347455,IE
3251347456,3251348479,IN
3251348480,3251349503,US
3251349504,3251350527,FR
3251350528,3251351039,ID
3251351040,3251351551,BR
3251351552,3251352575,US
3251352576,3251353599,BR
3251353600,3251354623,IN
3251354624,3251355647,FR
3251355648,3251356159,GB
3251356160,3251356671,AT
3251356672,3251357183,EE
3251357184,3251357695,BG
3251357696,3251358207,ES
3251358208,3251358463,UA
3251358464,3251358719,CA
3251358720,3251359231,RO
3251359232,3251360255,PL
3251360256,3251360767,DK
3251360768,3251361279,FR
3251361280,3251361791,HK
3251361792,3251362303,AT
3251362304,3251362815,UA
3251362816,3251363327,NL
3251363328,3251364095,PL
3251364096,3251364607,NL
3251364608,3251364863,DE
3251364864,3251366911,IT
3251366912,3251367423,UA
3251367424,3251367679,DE
3251367680,3251367935,FR
3251367936,3251371007,GB
3251371008,3251371263,AT
3251371264,3251371519,CH
3251371520,3251371775,OM
3251371776,3251372031,GB
3251372032,3251634175,IT
3251634176,3251896319,FI
3251896320,3252158463,NO
3252158464,3252174847,LT
3252174848,3252187135,LV
3252187136,3252189183,SE
3252189184,3252189695,LV
3252189696,3252196351,SE
3252196352,3252197375,LT
3252197376,3252215807,SE
3252215808,3252232191,LT
3252232192,3252286463,SE
3252286464,3252287487,LT
3252287488,3252289535,SE
3252289792,3252291327,GR
3252291328,3252291583,PL
3252291584,3252292607,DE
3252292608,3252293631,FR
3252293632,3252297727,DE
3252297728,3252297983,IT
3252297984,3252298239,PL
3252298240,3252298751,GB
3252298752,3252299007,GR
3252299008,3252299263,PL
3252299264,3252299775,HK
3252299776,3252300031,TR
3252300032,3252300543,GR
3252300544,3252300799,TR
3252300800,3252308223,GR
3252308224,3252308479,DE
3252308480,3252310527,GR
3252310528,3252311039,FR
3252311040,3252313599,GR
3252313600,3252313855,SI
3252313856,3252314111,DE
3252314112,3252314623,GR
3252314624,3252314879,HU
3252314880,3252315135,GB
3252315136,3252316415,CH
3252316416,3252316671,TR
3252316672,3252318463,GR
3252318464,3252318719,TR
3252318720,3252318975,GP
3252318976,3252319231,PL
3252319232,3252319743,AT
3252319744,3252320511,FR
3252320512,3252320767,TR
3252320768,3252321023,US
3252321024,3252321279,MC
3252321280,3252321791,GR
3252321792,3252322303,PL
3252322304,3252323327,NO
3252323328,3252324351,PL
3252324352,3252326399,RU
3252326400,3252327423,DE
3252327424,3252329471,PL
3252329472,3252330495,PT
3252330496,3252334591,GB
3252334592,3252335615,IT
3252335616,3252336639,RU
3252336640,3252337151,DE
3252337152,3252337407,GB
3252337408,3252337663,GR
3252337664,3252337919,US
3252337920,3252338687,RU
3252338688,3252340735,BE
3252340736,3252341247,US
3252341248,3252341503,DE
3252341504,3252341759,PL
3252341760,3252342015,DE
3252342016,3252342079,CH
3252342080,3252342239,CY
3252342272,3252342527,SE
3252342528,3252342543,NO
3252342544,3252342591,CH
3252342608,3252342655,CY
3252342656,3252342783,IL
3252342784,3252346623,DE
3252346624,3252355071,GR
3252355072,3252355327,DE
3252355328,3252356863,LT
3252356864,3252357119,GB
3252357120,3252358911,LT
3252358912,3252359167,DE
3252359168,3252362239,DK
3252362240,3252362495,PL
3252362496,3252363007,IT
3252363008,3252363263,DK
3252363264,3252379647,LT
3252379648,3252379903,ES
3252379904,3252380159,AT
3252380160,3252380671,GB
3252380672,3252380927,SI
3252380928,3252381183,GB
3252381184,3252381439,IT
3252381440,3252381695,ES
3252381696,3252381951,RU
3252381952,3252382207,DE
3252382208,3252382463,SI
3252382464,3252382719,PL
3252382720,3252382975,GB
3252382976,3252383231,IT
3252383232,3252383487,GB
3252383488,3252383743,IM
3252383744,3252383999,IQ
3252384000,3252384255,DE
3252384256,3252384511,PL
3252384512,3252385023,NL
3252385024,3252385279,RU
3252385280,3252385535,GB
3252385536,3252385791,RO
3252385792,3252386303,GB
3252386304,3252386559,IT
3252386560,3252386815,BE
3252386816,3252387071,UA
3252387072,3252387327,RU
3252387328,3252387583,PL
3252387584,3252387839,RU
3252387840,3252404223,LT
3252404224,3252461823,NO
3252461824,3252462079,GB
3252462080,3252462591,ES
3252462592,3252486143,NO
3252486144,3252490239,BE
3252490240,3252507135,SE
3252507136,3252507647,RO
3252507648,3252508159,GB
3252508160,3252509951,BE
3252509952,3252510207,SE
3252510208,3252510719,US
3252510720,3252514815,FR
3252514816,3252515071,SI
3252515072,3252515327,GB
3252515328,3252515583,NL
3252515584,3252515839,SI
3252515840,3252516095,CH
3252516096,3252516351,FR
3252516352,3252516607,GB
3252516608,3252517119,SE
3252517120,3252517375,GB
3252517376,3252517631,PL
3252517632,3252517887,SE
3252517888,3252518143,DK
3252518144,3252518399,AT
3252518400,3252518655,PL
3252518656,3252518911,DE
3252518912,3252527103,GB
3252527104,3252535295,BE
3252535296,3252535343,GB
3252535344,3252535359,RU
3252535360,3252535423,US
3252535424,3252535455,DE
3252535456,3252535471,US
3252535472,3252535487,DE
3252535488,3252535519,US
3252535520,3252535524,AU
3252535525,3252535529,BR
3252535530,3252535533,TR
3252535534,3252535535,RU
3252535536,3252535551,SG
3252535552,3252536319,US
3252536320,3252537343,RS
3252537344,3252537855,RU
3252537856,3252538111,PL
3252538112,3252538367,FI
3252538368,3252539391,EE
3252539392,3252539647,NL
3252539648,3252539903,AT
3252539904,3252540415,US
3252540416,3252541439,RU
3252541440,3252541951,IT
3252541952,3252542207,CI
3252542208,3252542463,SE
3252542464,3252543487,DE
3252543488,3252551679,BE
3252551680,3252563967,CH
3252563968,3252564479,RU
3252564480,3252564735,FR
3252564736,3252564991,IR
3252564992,3252566015,UA
3252566016,3252566271,DE
3252566272,3252566527,RO
3252566528,3252566783,RU
3252566784,3252567039,CH
3252567040,3252567295,FR
3252567296,3252567551,GB
3252567552,3252567807,RU
3252567808,3252568063,RO
3252568064,3252576255,CH
3252576256,3252576511,NL
3252576512,3252576767,FI
3252576768,3252577023,GB
3252577024,3252577279,DE
3252577280,3252578303,AT
3252578304,3252579327,CH
3252579328,3252579583,GB
3252579584,3252579839,RU
3252579840,3252580095,UZ
3252580096,3252580351,CA
3252580352,3252584447,LI
3252584448,3252584703,FR
3252584704,3252584959,IL
3252584960,3252585215,CZ
3252585216,3252585471,PL
3252585472,3252585727,NL
3252585728,3252585983,FI
3252585984,3252586239,FR
3252586240,3252586495,PL
3252586496,3252586751,IT
3252586752,3252587007,NL
3252587008,3252587263,CH
3252587264,3252587519,PL
3252587520,3252587775,UA
3252587776,3252588031,SE
3252588032,3252588543,FR
3252588544,3252589567,BA
3252589568,3252599807,CH
3252599808,3252600319,FR
3252600320,3252600575,TR
3252600576,3252600831,RU
3252600832,3252615935,CH
3252615936,3252616191,BE
3252616192,3252616703,GB
3252616704,3252616959,LT
3252616960,3252617215,CH
3252617216,3252617471,PL
3252617472,3252633599,CH
3252633600,3252634623,RO
3252634624,3252634879,RU
3252634880,3252635135,IE
3252635136,3252635647,GB
3252635648,3252636671,BR
3252636672,3252636927,TR
3252636928,3252637183,DE
3252637184,3252637695,GB
3252637696,3252641791,CH
3252641792,3252642303,IT
3252642304,3252642559,PL
3252642560,3252642815,DK
3252642816,3252643071,NL
3252643072,3252643327,RO
3252643328,3252643583,CH
3252643584,3252643839,RU
3252643840,3252644863,TR
3252644864,3252645119,RU
3252645120,3252645375,CH
3252645376,3252645887,IT
3252645888,3252662271,CH
3252662272,3252666367,FR
3252666368,3252680703,CH
3252680704,3252681727,DK
3252681728,3252682239,PS
3252682240,3252682751,CH
3252682752,3252813823,HU
3252813824,3252833279,RO
3252833280,3252833535,GB
3252833536,3252833791,DE
3252833792,3252834047,HK
3252834048,3252834303,SG
3252834304,3252862975,RO
3252862976,3252879359,HU
3252879360,3252895743,EG
3252895744,3252903935,IT
3252903936,3252904447,UA
3252904448,3252904703,RU
3252904704,3252904959,MT
3252904960,3252905215,PL
3252905216,3252905471,CH
3252905472,3252905727,LT
3252905728,3252905983,HK
3252905984,3252906239,IT
3252906240,3252906495,PL
3252906496,3252906751,GB
3252906752,3252907007,FR
3252907008,3252907263,AT
3252907264,3252907519,HK
3252907520,3252907775,RO
3252907776,3252908031,GB
3252908032,3252908287,PL
3252908544,3252908799,HK
3252908800,3252909055,UA
3252909056,3252909311,PL
3252909312,3252909567,DE
3252909568,3252909823,GB
3252909824,3252910335,UA
3252910336,3252910591,HK
3252910592,3252910847,GB
3252910848,3252911103,PL
3252911104,3252911359,DE
3252911360,3252911615,CA
3252911616,3252911871,SE
3252911872,3252912127,SA
3252912128,3252912383,EG
3252912384,3252912639,US
3252912640,3252912895,FR
3252912896,3252913151,PL
3252913152,3252913407,ES
3252913408,3252913663,FR
3252913664,3252913919,RU
3252913920,3252914175,DE
3252914176,3252916223,FR
3252916224,3252920319,DE
3252920320,3252928511,LB
3252928512,3252929535,DE
3252929536,3252930559,HU
3252930560,3252931071,GB
3252931072,3252931583,DE
3252931584,3252932095,NO
3252932096,3252933631,UA
3252933632,3252934655,IT
3252934656,3252936703,PL
3252936704,3252937471,CH
3252937472,3252937727,US
3252937728,3252938239,FR
3252938240,3252938751,UA
3252938752,3252939263,RU
3252939264,3252939775,DE
3252939776,3252940287,PS
3252940288,3252940799,PT
3252940800,3252941311,RU
3252941312,3252942847,GB
3252942848,3252943359,FR
3252943360,3252943871,UA
3252943872,3252944383,RU
3252944384,3252944895,DE
3252944896,3252945151,AT
3252945152,3252945407,GE
3252945408,3252945663,UA
3252945664,3252945919,PL
3252945920,3252947455,AT
3252947456,3252947967,GB
3252947968,3252948991,RO
3252948992,3252957183,AT
3252957184,3252958207,US
3252958208,3252959231,UA
3252959232,3252960255,IN
3252960256,3252960511,PL
3252960512,3252963327,AT
3252963328,3252964351,IN
3252964352,3252965375,DK
3252965376,3252967935,AT
3252967936,3252968447,IR
3252968448,3252970751,AT
3252970752,3252971007,PL
3252971008,3252971263,AT
3252971264,3252971519,CH
3252971520,3252972543,AT
3252972544,3252973567,RU
3252973568,3252976383,AT
3252976384,3252976639,PL
3252976640,3252976895,GB
3252976896,3252977151,UA
3252977152,3252977407,GE
3252977408,3252977663,UA
3252977664,3252977919,RU
3252977920,3252978175,CA
3252978176,3252978431,RU
3252978432,3252978687,US
3252978688,3252979711,RU
3252979712,3252979967,IR
3252979968,3252980223,AM
3252980224,3252980479,FR
3252980480,3252980735,DE
3252980736,3252980991,AT
3252980992,3252981247,GB
3252981248,3252981503,AT
3252981504,3252981759,SE
3252981760,3252982015,FR
3252982016,3252982271,AT
3252982272,3252982527,RU
3252982528,3252982783,FR
3252982784,3252983039,AT
3252983040,3252983551,DE
3252983552,3252983807,SI
3252983808,3252984063,BG
3252984064,3252984319,RO
3252984320,3252984575,AT
3252984576,3252984831,GB
3252984832,3252985087,FR
3252985088,3252985343,SE
3252985344,3252987903,RU
3252987904,3252988415,IR
3252988416,3252988927,AT
3252988928,3252989439,BG
3252989440,3252989695,PL
3252989696,3252989951,FR
3252989952,3252991231,DE
3252991232,3252991487,FR
3252991488,3252991999,BG
3252992000,3252992255,AT
3252992256,3252992767,FR
3252992768,3252994047,DE
3252994048,3252994303,AT
3252994304,3252994559,NL
3252994560,3252995071,ES
3252995072,3252995327,NL
3252995328,3252995839,CH
3252995840,3252996095,NL
3252996864,3252997119,AT
3252997120,3252997631,ES
3252997632,3252997887,US
3252997888,3253002239,AT
3253002240,3253002495,DE
3253002496,3253002751,GB
3253002752,3253003007,RU
3253003008,3253003263,AT
3253003264,3253003519,UA
3253003776,3253004031,HR
3253004032,3253004287,RU
3253004288,3253004799,AT
3253004800,3253005055,CZ
3253005056,3253005311,RU
3253005312,3253006335,CH
3253006336,3253010431,DE
3253010432,3253075967,FI
3253075968,3253207039,RO
3253207040,3253252607,RU
3253252608,3253252863,SE
3253252864,3253269503,RU
3253269504,3253269759,LV
3253269760,3253278207,RU
3253278208,3253278463,US
3253278464,3253278719,FI
3253278720,3253291007,RU
3253291008,3253291263,US
3253291264,3253294335,RU
3253294336,3253294847,DE
3253294848,3253295103,US
3253295104,3253304831,RU
3253304832,3253305087,NL
3253305088,3253305343,RU
3253305344,3253305855,AT
3253305856,3253306367,US
3253306368,3253306623,RU
3253306624,3253306879,FR
3253306880,3253307135,DE
3253307136,3253307391,RU
3253307392,3253308415,FI
3253308416,3253313791,RU
3253313792,3253314047,AT
3253314048,3253314559,RU
3253314560,3253314815,DE
3253314816,3253316351,RU
3253316352,3253316607,DE
3253316608,3253317119,RU
3253317120,3253317375,NL
3253317376,3253317631,DE
3253317632,3253321983,RU
3253321984,3253322239,HK
3253322240,3253324031,RU
3253324032,3253324287,AT
3253324288,3253324799,US
3253324800,3253325823,RU
3253325824,3253326847,NL
3253326848,3253331967,RU
3253331968,3253332479,AT
3253332480,3253337599,RU
3253337600,3253337855,DE
3253337856,3253338111,RU
3253338112,3253360639,SE
3253360640,3253360895,DK
3253360896,3253411839,SE
3253411840,3253412095,NL
3253412096,3253415935,SE
3253415936,3253416191,US
3253416192,3253441023,SE
3253441024,3253441279,CL
3253441280,3253441535,NL
3253441536,3253456639,SE
3253456640,3253456895,CZ
3253456896,3253469183,SE
3253469184,3253534719,PT
3253534720,3253600255,GB
3253600256,3253601279,ES
3253601280,3253602303,FI
3253602304,3253603327,DE
3253603328,3253605375,PL
3253605376,3253606399,UA
3253606400,3253606655,PL
3253606656,3253606911,TR
3253606912,3253607423,DE
3253607424,3253608447,NG
3253608448,3253610495,UA
3253610496,3253611519,PL
3253611520,3253611775,VG
3253611776,3253613567,RU
3253613568,3253614591,ES
3253614592,3253615615,RO
3253615616,3253616639,DE
3253616640,3253617663,PL
3253617664,3253618687,GB
3253618688,3253619711,RU
3253619712,3253620735,IT
3253620736,3253621759,GB
3253621760,3253622015,IT
3253622016,3253622271,DE
3253622272,3253622527,IT
3253622528,3253622783,UA
3253622784,3253623807,DE
3253623808,3253624831,PL
3253624832,3253625855,UA
3253625856,3253626879,IT
3253626880,3253627903,DE
3253627904,3253628927,RU
3253628928,3253629951,GR
3253629952,3253630975,RU
3253630976,3253631999,ES
3253632000,3253633023,DE
3253633024,3253634047,RU
3253634048,3253634559,CH
3253634560,3253634815,RU
3253634816,3253635071,MD
3253635072,3253636095,IT
3253636096,3253637119,CH
3253637120,3253638143,US
3253638144,3253639167,FR
3253639168,3253639679,UA
3253639680,3253639935,ES
3253639936,3253640191,US
3253640192,3253641215,AT
3253641216,3253641471,CH
3253641472,3253641727,NL
3253641728,3253642239,DE
3253642240,3253643263,GB
3253643264,3253644287,PL
3253644288,3253644543,IT
3253644544,3253644799,DE
3253644800,3253645055,BG
3253645056,3253645311,ES
3253645312,3253646335,RU
3253646336,3253647359,PL
3253647360,3253648383,DK
3253648384,3253649151,IL
3253649152,3253649407,PL
3253649408,3253649663,RU
3253649664,3253649919,AE
3253649920,3253650431,RU
3253650432,3253651455,DE
3253651456,3253652479,PL
3253652480,3253653503,DK
3253653504,3253654527,IL
3253654528,3253657599,LV
3253657600,3253658623,UA
3253658624,3253659647,DE
3253659648,3253660671,GB
3253660672,3253661695,AT
3253661696,3253662719,NL
3253662720,3253663743,OM
3253663744,3253664767,US
3253664768,3253665791,DE
3253665792,3253666815,CZ
3253666816,3253667839,ES
3253667840,3253668863,GB
3253668864,3253669887,FR
3253669888,3253670911,DE
3253670912,3253671935,CH
3253671936,3253672959,RU
3253672960,3253673983,DE
3253673984,3253675007,GB
3253675008,3253676031,PL
3253676032,3253677055,AT
3253677056,3253678079,PL
3253678080,3253679103,DK
3253679104,3253680127,IT
3253680128,3253682175,PL
3253682176,3253683199,RO
3253683200,3253685247,UA
3253685248,3253686271,FR
3253686272,3253687295,PL
3253687296,3253687551,GB
3253687552,3253687807,RO
3253687808,3253688063,HK
3253688064,3253688319,US
3253688320,3253690367,NL
3253690368,3253691391,DK
3253691392,3253692415,PL
3253692416,3253693439,DE
3253693440,3253694463,IL
3253694464,3253695487,GB
3253695488,3253696511,NL
3253696512,3253697535,FR
3253697536,3253698559,PL
3253698560,3253699071,UA
3253699072,3253699583,RO
3253699584,3253699839,NL
3253699840,3253700095,RU
3253700096,3253700607,RO
3253700608,3253701119,PL
3253701120,3253701631,RO
3253701632,3253702143,IT
3253702144,3253702655,UA
3253702656,3253703167,PL
3253703168,3253703679,GB
3253703680,3253704191,HU
3253704192,3253704703,HK
3253704704,3253705215,UA
3253705216,3253705727,HK
3253705728,3253706239,DE
3253706240,3253706751,RO
3253706752,3253707263,BG
3253707264,3253707775,DE
3253707776,3253708287,NL
3253708288,3253708799,SG
3253708800,3253709311,DK
3253709312,3253709823,UA
3253709824,3253710335,US
3253710336,3253710847,GB
3253710848,3253711103,RO
3253711104,3253711359,CZ
3253711360,3253711615,GB
3253711616,3253711871,LU
3253711872,3253712383,UA
3253712384,3253712895,MD
3253712896,3253713151,PL
3253713152,3253713407,DE
3253713408,3253713919,NL
3253713920,3253714431,AT
3253714432,3253715455,FR
3253715456,3253715967,RO
3253715968,3253716223,ES
3253716224,3253716287,SG
3253716288,3253716351,MX
3253716352,3253716415,BR
3253716416,3253716447,BG
3253716448,3253716479,NZ
3253716480,3253716991,FR
3253716992,3253717503,CH
3253717504,3253717759,GB
3253717760,3253718015,IT
3253718016,3253719039,PL
3253719040,3253719295,SA
3253719296,3253719551,SC
3253719552,3253720063,BE
3253720064,3253720575,RO
3253720576,3253721087,GR
3253721088,3253721599,UA
3253721600,3253722111,RO
3253722112,3253722623,IT
3253722624,3253723135,NL
3253723136,3253723647,PL
3253723648,3253724159,AT
3253724160,3253724415,RS
3253724416,3253724671,RU
3253724672,3253725183,RO
3253725184,3253725439,SE
3253725440,3253725695,RU
3253725696,3253726207,UA
3253726208,3253726719,US
3253726720,3253727231,UA
3253727232,3253727743,FR
3253727744,3253728255,RU
3253728256,3253728767,DE
3253728768,3253729279,US
3253729280,3253729791,AT
3253729792,3253730303,UA
3253730304,3253730815,RO
3253730816,3253731327,UA
3253731328,3253793791,GB
3253793792,3253794047,NL
3253794048,3253796863,GB
3253796864,3253862399,SE
3253862400,3253862655,GB
3253862656,3253882879,FR
3253882880,3253887231,US
3253887232,3253887487,NL
3253887488,3253887743,ES
3253887744,3253887999,RU
3253888000,3253888255,PL
3253888256,3253888511,BE
3253888512,3253888767,IL
3253888768,3253889023,SE
3253889024,3253889279,CZ
3253889280,3253889535,RU
3253889536,3253889791,LV
3253889792,3253890047,DK
3253890048,3253890303,NL
3253890304,3253890559,LV
3253890560,3253890815,GB
3253890816,3253891071,IE
3253891072,3253891327,DE
3253891328,3253891583,GB
3253891584,3253891839,UA
3253891840,3253892351,GB
3253892352,3253892863,AT
3253892864,3253893119,NL
3253893120,3253893375,RO
3253893376,3253893631,DE
3253893632,3253893887,SE
3253893888,3253894143,DE
3253894144,3253894399,PT
3253894400,3253894655,IR
3253894656,3253894911,FI
3253894912,3253895167,SA
3253895168,3253896703,RU
3253896704,3253896959,AT
3253896960,3253897215,RU
3253897216,3253898239,PL
3253898240,3253898495,GB
3253898496,3253898751,HR
3253898752,3253899263,PL
3253899264,3253899519,MD
3253899520,3253899775,RU
3253899776,3253900287,PL
3253900288,3253901311,RU
3253901312,3253901567,PL
3253901568,3253901823,RU
3253901824,3253902079,SI
3253902080,3253902335,DK
3253902336,3253904383,UA
3253904384,3253904895,ES
3253904896,3253905151,UA
3253905152,3253905407,DK
3253905408,3253905919,PL
3253905920,3253906431,RU
3253906432,3253906687,PL
3253906688,3253906943,RU
3253906944,3253907455,FR
3253907456,3253908479,RU
3253908480,3253908735,AE
3253908736,3253908991,DE
3253908992,3253909247,SE
3253909248,3253909503,NL
3253909504,3253909759,IN
3253909760,3253910015,DE
3253910016,3253910271,PL
3253910272,3253910527,CH
3253910528,3253911039,ES
3253911040,3253911551,RU
3253911552,3253911807,FR
3253911808,3253912063,RU
3253912064,3253912575,IR
3253912576,3253913599,FR
3253913600,3253915647,RU
3253915648,3253916159,GB
3253916160,3253916671,NL
3253916672,3253917183,PL
3253917184,3253917439,CY
3253917440,3253917695,PL
3253917696,3253917951,UA
3253917952,3253918207,FR
3253918208,3253918975,CH
3253918976,3253919231,DK
3253919232,3253919487,GB
3253919488,3253919743,DE
3253919744,3253923839,GB
3253923840,3253927935,GR
3253927936,3253960703,GB
3253960704,3253960959,SE
3253960960,3253961215,DK
3253961728,3253962239,MD
3253962240,3253962751,DE
3253962752,3253963263,BE
3253963264,3253963775,RU
3253963776,3253964287,SI
3253964288,3253964799,PL
3253964800,3253965311,SE
3253965312,3253965567,NL
3253965568,3253965823,FR
3253965824,3253966079,BE
3253966080,3253966847,FR
3253966848,3253967359,UA
3253967360,3253967871,PL
3253967872,3253968895,UA
3253968896,3253969151,DE
3253969152,3253969407,RU
3253969408,3253969919,AT
3253969920,3253970431,DE
3253970432,3253970687,RU
3253970688,3253970943,GB
3253970944,3253971967,RS
3253971968,3253972991,RU
3253972992,3253974527,GB
3253974528,3253974783,RU
3253974784,3253974847,GE
3253974848,3253975039,SE
3253975040,3253975295,IT
3253975296,3253975551,FR
3253975552,3253975807,US
3253975808,3253976063,SE
3253976064,3253976319,IS
3253976320,3253976575,NO
3253976576,3253976831,US
3253976832,3253977087,SC
3253977088,3253985279,TR
3253985280,3253993471,GB
3253993472,3254124543,BE
3254124544,3254125567,CH
3254125568,3254126079,AT
3254126080,3254137599,CH
3254137600,3254137855,RU
3254137856,3254138879,GB
3254138880,3254150655,CH
3254150656,3254151167,AT
3254151168,3254156799,CH
3254156800,3254157055,AT
3254157056,3254161407,CH
3254161408,3254161663,RU
3254161664,3254161919,CH
3254161920,3254162943,UA
3254162944,3254163199,RU
3254163200,3254163711,CH
3254163712,3254163967,RU
3254163968,3254164991,ES
3254164992,3254165247,CH
3254165248,3254165503,RU
3254165504,3254166015,GB
3254166016,3254166271,RU
3254166272,3254166527,CH
3254166528,3254167039,CA
3254167040,3254167295,CH
3254167296,3254167551,RU
3254167552,3254169087,CH
3254169088,3254169599,IR
3254169600,3254173695,CH
3254173696,3254175743,GB
3254175744,3254176255,IR
3254176256,3254177279,CH
3254177280,3254177535,RU
3254177536,3254187263,CH
3254187264,3254187519,RU
3254187520,3254207231,CH
3254207232,3254207487,RS
3254207488,3254208767,CH
3254208768,3254209023,RU
3254209024,3254209535,SE
3254209536,3254209791,CH
3254209792,3254210047,DE
3254210048,3254210815,CH
3254210816,3254211327,PL
3254211328,3254214143,CH
3254214144,3254214399,GB
3254214400,3254215935,CH
3254215936,3254216191,GB
3254216192,3254216447,CH
3254216448,3254216703,GB
3254216704,3254222335,CH
3254222336,3254222847,SE
3254222848,3254224895,CH
3254224896,3254226943,IT
3254226944,3254227199,GB
3254227200,3254232319,CH
3254232320,3254232575,GB
3254232576,3254236415,CH
3254236416,3254236671,NO
3254236672,3254236927,CH
3254236928,3254237183,NO
3254237184,3254239231,CH
3254239232,3254239487,NO
3254239488,3254239743,CH
3254239744,3254240255,ES
3254240256,3254241279,NL
3254241280,3254241535,FR
3254241536,3254241791,CH
3254241792,3254242047,NO
3254242048,3254244607,CH
3254244608,3254244863,RU
3254244864,3254245375,ES
3254245376,3254245631,RU
3254245632,3254250495,CH
3254250496,3254251007,RU
3254251008,3254255615,CH
3254255616,3254648831,FR
3254648832,3254649087,RU
3254649088,3254649599,AL
3254649600,3254649855,RU
3254649856,3254650879,SE
3254650880,3254651903,ES
3254651904,3254652927,IT
3254652928,3254653439,RU
3254653440,3254654847,DE
3254654848,3254654975,FI
3254654976,3254655743,IT
3254655744,3254656255,IN
3254656256,3254656511,BG
3254656512,3254657023,DE
3254657024,3254661119,ES
3254661120,3254665215,GB
3254665216,3254697983,DE
3254697984,3254698495,SE
3254698496,3254699007,GB
3254699008,3254699519,UA
3254699520,3254700031,US
3254700032,3254700543,GR
3254700544,3254701055,DE
3254701056,3254701567,AT
3254701568,3254702079,IL
3254702080,3254702591,RU
3254702592,3254703103,GB
3254703104,3254703615,DE
3254703616,3254704127,NL
3254704128,3254704639,UA
3254704640,3254705151,AT
3254705152,3254705663,UA
3254705664,3254706175,GR
3254706176,3254707199,RU
3254707200,3254707711,TR
3254707712,3254708223,RO
3254708224,3254708735,UA
3254708736,3254709759,DE
3254709760,3254710271,PL
3254710272,3254710783,IT
3254710784,3254711295,RO
3254711296,3254711807,UA
3254711808,3254712319,PL
3254712320,3254712831,RU
3254712832,3254713343,KZ
3254713344,3254713855,TR
3254713856,3254714367,NL
3254714368,3254779903,TR
