3254779904,3254780159,DE
3254780160,3254780671,GB
3254780672,3254780927,LT
3254780928,3254781183,GR
3254781184,3254781439,NL
3254781440,3254781951,BE
3254781952,3254782207,LV
3254782208,3254782463,FR
3254782464,3254782719,AT
3254782720,3254782975,DE
3254782976,3254783743,CZ
3254783744,3254783999,SA
3254784000,3254784255,IT
3254784256,3254784511,CH
3254784512,3254785279,LT
3254785280,3254785535,DE
3254785536,3254785791,DK
3254785792,3254786047,LU
3254786048,3254786815,AT
3254786816,3254787071,SM
3254787072,3254788095,NL
3254788096,3254788351,BG
3254788352,3254789119,ES
3254789120,3254789375,FR
3254789376,3254789631,BE
3254789632,3254790655,TK
3254790656,3254790911,LU
3254790912,3254791423,BE
3254791424,3254791679,SK
3254791680,3254792191,DK
3254792192,3254792959,LV
3254792960,3254793215,EE
3254793216,3254794751,UA
3254794752,3254795007,GB
3254795008,3254795263,FR
3254795264,3254795519,KZ
3254795520,3254795775,SE
3254795776,3254796031,PL
3254796032,3254796287,AT
3254796288,3254797311,SE
3254797312,3254798335,RU
3254798336,3254799359,AT
3254799360,3254800383,GB
3254800384,3254801407,FI
3254801408,3254802431,HR
3254802432,3254803455,GB
3254803456,3254804479,DE
3254804480,3254806527,PL
3254806528,3254807551,GB
3254807552,3254808575,KZ
3254808576,3254809599,RU
3254809600,3254810623,GB
3254810624,3254811647,RU
3254811648,3254812671,KZ
3254812672,3254812927,PL
3254812928,3254813183,RO
3254813184,3254813439,TR
3254813440,3254813695,UA
3254813696,3254813951,AT
3254813952,3254814207,IN
3254814208,3254814463,SE
3254814464,3254814719,DE
3254814720,3254814975,IN
3254814976,3254815231,CH
3254815232,3254815487,UA
3254815488,3254816255,IT
3254816256,3254816511,TR
3254816512,3254816767,GR
3254816768,3254817279,RU
3254817536,3254817791,CH
3254817792,3254818047,UA
3254818048,3254818303,DE
3254818304,3254818559,UA
3254818560,3254818815,DE
3254818816,3254819327,FR
3254819328,3254819583,PL
3254819584,3254819839,DK
3254819840,3254820095,IE
3254820096,3254820351,UA
3254820352,3254820607,GB
3254820608,3254820863,IT
3254820864,3254821119,LT
3254821120,3254821375,DK
3254821376,3254821631,RU
3254821632,3254821887,DE
3254821888,3254822143,HU
3254822144,3254822399,DE
3254822400,3254822655,FR
3254822656,3254822911,PL
3254822912,3254823167,IT
3254823168,3254823423,NO
3254823424,3254823679,DE
3254823680,3254823935,PL
3254823936,3254824191,CH
3254824192,3254824447,RO
3254824448,3254824959,SI
3254824960,3254825215,FR
3254825216,3254825471,EE
3254825472,3254826239,DE
3254826240,3254826495,PL
3254826496,3254827263,DE
3254827264,3254827519,GR
3254827520,3254827775,DE
3254827776,3254828031,UA
3254828032,3254828543,KZ
3254828544,3254828799,RO
3254828800,3254829055,SI
3254829056,3254829311,NO
3254829312,3254829567,TR
3254829568,3254829823,AE
3254829824,3254830079,FR
3254830080,3254830335,IE
3254830336,3254830591,NL
3254830592,3254830847,CH
3254830848,3254831103,PL
3254831104,3254831359,UA
3254831360,3254831615,DE
3254831872,3254832127,EE
3254832128,3254832383,RO
3254832384,3254832639,BE
3254832640,3254832895,FR
3254832896,3254833151,TR
3254833152,3254833407,DE
3254833408,3254833663,RU
3254833664,3254833919,GB
3254833920,3254834175,PL
3254834176,3254834431,CH
3254834432,3254834687,US
3254834688,3254834943,GB
3254834944,3254835199,NL
3254835200,3254835455,DE
3254835456,3254835711,SE
3254835712,3254835967,UA
3254835968,3254836223,RU
3254836224,3254836479,DE
3254836480,3254836735,TR
3254836736,3254836991,AT
3254836992,3254837247,TR
3254837248,3254837503,HR
3254837504,3254837759,SE
3254837760,3254838015,IE
3254838016,3254838527,SE
3254838528,3254838783,GB
3254838784,3254839039,AT
3254839040,3254839295,SE
3254839296,3254839551,DE
3254839552,3254839807,PL
3254839808,3254840063,IR
3254840064,3254840319,BG
3254840320,3254840575,DK
3254840576,3254840831,UA
3254840832,3254841087,CH
3254841088,3254841343,GB
3254841344,3254841599,PL
3254841600,3254841855,FR
3254841856,3254842111,LV
3254842112,3254842367,IT
3254842368,3254842879,KZ
3254842880,3254843135,SE
3254843136,3254843391,DE
3254843392,3254843647,IT
3254843648,3254843903,FR
3254843904,3254844159,NL
3254844160,3254844415,PL
3254844416,3254844671,GB
3254844672,3254844927,RO
3254844928,3254845183,DE
3254845184,3254845439,FR
3254845440,3254879231,SK
3254879232,3254879487,NL
3254879488,3254879743,FI
3254879744,3254879999,LV
3254880000,3254880255,DE
3254880256,3254882303,CY
3254882304,3254882559,PL
3254882560,3254882815,RU
3254882816,3254883071,PL
3254883072,3254883583,GB
3254883584,3254883839,AL
3254883840,3254884351,GB
3254884352,3254884607,AM
3254884608,3254884863,PL
3254884864,3254885119,SE
3254885120,3254885375,IR
3254885376,3254885631,RU
3254885632,3254885887,SK
3254885888,3254886143,AT
3254886144,3254886399,UA
3254886400,3254886655,IT
3254886656,3254886911,RU
3254886912,3254887167,FR
3254887168,3254887295,CH
3254887296,3254887303,US
3254887304,3254887311,FR
3254887312,3254887423,CH
3254887424,3254888191,GB
3254888192,3254888447,RO
3254888448,3254888703,RU
3254888704,3254888959,RO
3254888960,3254889471,RU
3254889472,3254890495,SK
3254890496,3254890751,DE
3254890752,3254891007,IT
3254891008,3254891263,RO
3254891264,3254891519,IT
3254891520,3254891775,GB
3254891776,3254892031,DE
3254892032,3254892287,UA
3254892288,3254892543,BE
3254892544,3254892799,TR
3254892800,3254893055,SK
3254893056,3254893567,SE
3254893568,3254894079,CZ
3254894080,3254894335,CH
3254894336,3254894591,SK
3254894592,3254894847,TR
3254895104,3254895359,GB
3254895360,3254895615,UA
3254895616,3254895871,PL
3254895872,3254896127,SE
3254896128,3254896383,RU
3254896384,3254896639,PL
3254896640,3254896895,TR
3254896896,3254897151,PL
3254897152,3254897407,RU
3254897408,3254897663,FR
3254897664,3254897919,NL
3254897920,3254898175,BE
3254898176,3254898431,AT
3254898432,3254898687,DE
3254898688,3254898943,TR
3254898944,3254899199,EE
3254899200,3254899455,GB
3254899456,3254899967,SE
3254899968,3254900479,RU
3254900480,3254900991,SK
3254900992,3254901247,PL
3254901248,3254901503,TR
3254901504,3254901759,SE
3254901760,3254902271,LV
3254902272,3254904831,SK
3254904832,3254907903,RU
3254907904,3254908159,TR
3254908160,3254908415,CH
3254908416,3254908671,PL
3254908672,3254908927,SE
3254908928,3254909951,RU
3254909952,3254910719,PL
3254910720,3254910975,HR
3254910976,3255044095,FR
3255044096,3255044607,SE
3255044608,3255045631,FR
3255045632,3255046143,NL
3255046144,3255052287,CH
3255052288,3255053311,IT
3255053312,3255054335,SE
3255054336,3255054591,ES
3255054592,3255054847,FR
3255054848,3255055103,CA
3255055104,3255055359,IE
3255055360,3255055615,ES
3255055616,3255055871,MA
3255055872,3255056383,ES
3255056384,3255057407,KZ
3255057408,3255058431,PL
3255058432,3255059455,GB
3255059456,3255060223,UA
3255060224,3255060479,DE
3255060480,3255067647,FR
3255067648,3255068671,ES
3255068672,3255073791,FR
3255073792,3255077887,GB
3255077888,3255078911,FR
3255078912,3255079935,IT
3255079936,3255080959,RU
3255080960,3255081215,GB
3255081216,3255081471,TR
3255081472,3255081983,NL
3255081984,3255083007,GB
3255083008,3255084031,DE
3255084032,3255085055,RU
3255085056,3255086079,EE
3255086080,3255087103,GB
3255087104,3255107583,FR
3255107584,3255108607,NL
3255108608,3255109631,GB
3255109632,3255110655,RU
3255110656,3255111679,PL
3255111680,3255111935,IR
3255111936,3255113727,FR
3255113728,3255113983,GB
3255113984,3255114751,US
3255114752,3255115263,ES
3255115264,3255115775,CY
3255115776,3255116287,ES
3255116288,3255116799,FR
3255116800,3255117823,CY
3255117824,3255118847,IR
3255118848,3255119871,GB
3255119872,3255120127,JP
3255120128,3255120383,DE
3255120384,3255120639,IR
3255120640,3255120895,DE
3255120896,3255121151,US
3255121152,3255121407,FR
3255121408,3255121663,IR
3255121664,3255121919,FR
3255121920,3255122943,ES
3255122944,3255123455,RU
3255123456,3255123967,DE
3255123968,3255124223,ES
3255124224,3255124479,DE
3255124480,3255124991,ES
3255124992,3255126015,HR
3255126016,3255126271,FR
3255126272,3255126527,NL
3255126528,3255127551,FR
3255127552,3255128063,RU
3255128064,3255128575,FR
3255128576,3255128831,SG
3255128832,3255129087,HK
3255129088,3255129343,MX
3255129344,3255129599,NL
3255129600,3255129855,US
3255129856,3255130111,HR
3255130112,3255130623,FR
3255130624,3255131135,HU
3255131136,3255132159,RU
3255132160,3255132415,JP
3255132416,3255132671,NL
3255132672,3255132927,NO
3255132928,3255134207,DE
3255134208,3255135231,GB
3255135232,3255139839,FR
3255139840,3255140351,HU
3255140352,3255141375,CH
3255141376,3255141631,NL
3255141632,3255142143,FR
3255142144,3255142399,US
3255142400,3255144703,CH
3255144704,3255144959,NL
3255144960,3255145215,IT
3255145216,3255145471,NZ
3255145472,3255145727,LT
3255145728,3255145983,AR
3255145984,3255146751,FR
3255146752,3255147007,SG
3255147008,3255147519,DE
3255147520,3255147775,NL
3255147776,3255148031,LT
3255148032,3255148543,NL
3255148544,3255149567,SY
3255149568,3255150079,DE
3255150080,3255150591,FR
3255150592,3255151103,DE
3255151104,3255152383,FR
3255152384,3255153663,IR
3255153664,3255153919,PL
3255153920,3255154175,NL
3255154176,3255154431,ES
3255154432,3255154687,FR
3255154688,3255155711,AT
3255155712,3255155967,IR
3255155968,3255156735,FR
3255156736,3255157247,AE
3255157248,3255157503,FR
3255157504,3255157759,IR
3255157760,3255160063,FR
3255160064,3255160319,IR
3255160320,3255160831,AE
3255160832,3255161855,RO
3255161856,3255162111,DE
3255162112,3255162879,US
3255162880,3255163071,GB
3255163072,3255163135,NL
3255163136,3255163775,GB
3255163776,3255163839,FI
3255163840,3255163903,NL
3255163904,3255164927,CH
3255164928,3255165951,IT
3255165952,3255166975,CH
3255166976,3255167487,TR
3255167488,3255167743,BE
3255167744,3255167999,PS
3255168000,3255168511,TR
3255168512,3255169023,FR
3255169024,3255170047,DE
3255170048,3255171071,PL
3255171072,3255172095,RO
3255172096,3255172351,GB
3255172352,3255172607,DE
3255172608,3255173119,NL
3255173120,3255197951,GB
3255197952,3255198207,HK
3255198208,3255199743,GB
3255199744,3255200767,CA
3255200768,3255205887,GB
3255205888,3255214079,FR
3255214080,3255222271,CH
3255222272,3255223295,DE
3255223296,3255224319,RU
3255224320,3255225343,RO
3255225344,3255226367,PL
3255226368,3255227391,DE
3255227392,3255228415,RO
3255228416,3255230463,RU
3255230720,3255230975,PS
3255230976,3255231231,DE
3255231232,3255231487,BE
3255231488,3255231743,DE
3255231744,3255231999,PT
3255232000,3255232255,RO
3255232256,3255233023,UA
3255233024,3255233535,GB
3255233536,3255233791,SE
3255233792,3255234047,SI
3255234048,3255234303,NO
3255234304,3255234559,DE
3255234560,3255234815,FR
3255234816,3255235071,PL
3255235072,3255235327,SI
3255235328,3255235583,SE
3255235584,3255235839,GB
3255235840,3255236351,PL
3255236352,3255236607,CH
3255236608,3255236863,GB
3255236864,3255237119,DE
3255237120,3255237375,AT
3255237376,3255237887,GB
3255237888,3255238143,FR
3255238144,3255238399,GB
3255238400,3255238655,QA
3255238656,3255304191,BE
3255304192,3255304447,DE
3255304448,3255305215,LV
3255305216,3255305471,BG
3255305472,3255307263,LV
3255307264,3255307775,NL
3255308032,3255308287,CH
3255308288,3255311359,LV
3255311360,3255311615,GB
3255311616,3255311871,SE
3255311872,3255312127,PT
3255312128,3255312383,SE
3255312384,3255315711,LV
3255315712,3255316223,PL
3255316224,3255316479,RU
3255316480,3255316735,IE
3255316736,3255316991,US
3255316992,3255317247,FR
3255317248,3255317503,UA
3255317504,3255317759,BE
3255317760,3255318015,BG
3255318016,3255318271,GB
3255318272,3255318527,RU
3255318528,3255318783,UA
3255318784,3255319295,DE
3255319296,3255319551,IE
3255319552,3255319807,BG
3255319808,3255320063,AT
3255320064,3255320319,BE
3255320320,3255320575,AT
3255320576,3255321087,UA
3255321088,3255321599,DE
3255321600,3255322111,PL
3255322112,3255323135,RU
3255323136,3255323391,ES
3255323392,3255323647,FR
3255323648,3255324159,IL
3255324160,3255324671,CH
3255324672,3255324927,RO
3255324928,3255325183,SE
3255325184,3255325695,RO
3255325696,3255326207,RU
3255326208,3255326719,DE
3255326720,3255327231,IL
3255327232,3255327743,DE
3255327744,3255328255,NL
3255328256,3255328767,SI
3255328768,3255336959,DE
3255336960,3255337983,RU
3255337984,3255338239,BE
3255338240,3255338495,DE
3255338496,3255338751,US
3255338752,3255339007,NL
3255339008,3255340031,RU
3255340032,3255341055,ES
3255341056,3255342079,UA
3255342080,3255343103,FR
3255343104,3255344127,RU
3255344128,3255345151,UA
3255345152,3255353343,RU
3255353344,3255361535,DE
3255361536,3255362047,RU
3255362048,3255362559,FI
3255362560,3255364607,RU
3255364608,3255365119,NL
3255365120,3255365631,ES
3255365632,3255366143,UA
3255366144,3255367167,DK
3255367168,3255367679,RU
3255367680,3255368191,UA
3255368192,3255368703,FR
3255368704,3255369215,CZ
3255369216,3255369727,GB
3255369728,3255370239,DE
3255370240,3255370751,GG
3255370752,3255371519,DE
3255371520,3255371775,NL
3255371776,3255372287,IT
3255372288,3255372799,DE
3255372800,3255373311,CH
3255373312,3255373823,UA
3255373824,3255374335,PL
3255374336,3255374847,IT
3255375360,3255375871,RO
3255375872,3255376383,PL
3255376384,3255376895,RU
3255376896,3255377151,GB
3255377152,3255377407,SI
3255377408,3255377919,KZ
3255377920,3255378431,GB
3255378432,3255378943,CH
3255378944,3255379455,UA
3255379456,3255379967,RU
3255379968,3255380479,GB
3255380480,3255380991,NL
3255380992,3255381503,CH
3255381504,3255382015,PL
3255382016,3255382527,NL
3255382528,3255383039,UA
3255383040,3255383551,PL
3255383552,3255384063,CH
3255384064,3255384575,IR
3255384576,3255385087,AT
3255385088,3255385599,RO
3255385600,3255385855,PT
3255385856,3255386111,FR
3255386112,3255386623,KE
3255386624,3255387135,BG
3255387136,3255387391,PL
3255387392,3255387647,RU
3255387648,3255388159,UA
3255388160,3255388671,DE
3255388672,3255389183,SE
3255389184,3255389695,GB
3255389696,3255390207,PL
3255390208,3255390719,IR
3255390720,3255391231,KE
3255391232,3255391743,NL
3255391744,3255392255,DK
3255392256,3255392767,DE
3255392768,3255393023,BE
3255393024,3255393279,UA
3255393280,3255393791,RO
3255393792,3255394303,SE
3255394304,3255396863,FR
3255396864,3255399423,GB
3255399424,3255399679,CH
3255399680,3255399935,DE
3255399936,3255400191,LV
3255400192,3255400447,US
3255400448,3255401471,CH
3255401472,3255412479,DE
3255412480,3255412735,RO
3255412736,3255413247,DE
3255413248,3255413503,LV
3255413504,3255413759,RU
3255413760,3255414271,FR
3255414272,3255414527,IE
3255414528,3255414783,LV
3255414784,3255415807,UA
3255415808,3255416063,TR
3255416064,3255416319,BR
3255416320,3255417855,DE
3255418112,3255418623,DE
3255418624,3255418879,TR
3255418880,3255422975,DE
3255422976,3255423999,RU
3255424000,3255425023,LV
3255425024,3255426047,DE
3255426048,3255426559,NL
3255426560,3255426815,IE
3255426816,3255427071,PL
3255427072,3255431167,RU
3255431168,3255435263,US
3255435264,3255500799,NL
3255500800,3255504895,CH
3255504896,3255505151,ES
3255505152,3255505663,GB
3255505664,3255505919,ES
3255505920,3255506431,FR
3255506432,3255506687,PL
3255506688,3255506943,PT
3255506944,3255507199,PL
3255507200,3255507455,ES
3255507456,3255507711,DK
3255507712,3255507967,AT
3255507968,3255508479,RU
3255508480,3255508991,CH
3255508992,3255522047,DK
3255522048,3255523327,ES
3255523328,3255533567,CH
3255533568,3255534591,DE
3255534592,3255534847,GB
3255534848,3255540223,CH
3255540224,3255540735,GB
3255540736,3255544319,CH
3255544320,3255544575,DE
3255544576,3255544831,AT
3255544832,3255548927,CH
3255548928,3255549951,DE
3255549952,3255550975,PL
3255550976,3255551999,BG
3255552000,3255552511,DE
3255552512,3255552767,CH
3255552768,3255553023,LI
3255553024,3255555583,CH
3255555584,3255556095,US
3255556096,3255556351,GB
3255556352,3255557119,CH
3255557120,3255557375,GB
3255557376,3255558143,CH
3255558144,3255558399,GB
3255558400,3255558655,UA
3255558656,3255558911,IN
3255558912,3255559167,GB
3255559680,3255560191,NL
3255560192,3255560703,CH
3255560704,3255561215,NL
3255561216,3255561983,CH
3255561984,3255562239,AM
3255562240,3255562751,CH
3255562752,3255563263,DE
3255563264,3255563775,GB
3255563776,3255564031,DE
3255564032,3255564287,SA
3255564288,3255566079,DE
3255566080,3255566335,FR
3255566336,3255570431,GB
3255570432,3255574527,CH
3255574528,3255578623,CZ
3255578624,3255582719,RU
3255582720,3255590911,UA
3255590912,3255599103,RU
3255599104,3255615487,CH
3255615488,3255623679,DE
3255623680,3255631871,BG
3255631872,3255632127,BE
3255632128,3255632383,FR
3255632384,3255632895,GB
3255632896,3255635711,NL
3255635712,3255635967,FR
3255635968,3255648255,NL
3255648256,3255648511,FR
3255648512,3255648767,DE
3255648768,3255649023,NL
3255649024,3255649279,FR
3255649280,3255650303,DE
3255650304,3255652351,NL
3255652352,3255653375,DE
3255653376,3255654399,ES
3255654400,3255659519,NL
3255659520,3255660031,GB
3255660032,3255660287,ES
3255660288,3255660543,GR
3255660544,3255663615,NL
3255663616,3255664639,DE
3255664640,3255666175,NL
3255666176,3255666431,ES
3255666432,3255667711,DE
3255667712,3255668223,GB
3255668224,3255668479,BE
3255668480,3255668735,RU
3255668736,3255691263,NL
3255691264,3255692287,DE
3255692288,3255692799,GB
3255692800,3255697407,NL
3255697408,3255706367,SE
3255706368,3255706623,US
3255706624,3255707391,SE
3255707392,3255707647,US
3255707648,3255742719,SE
3255742720,3255742975,FI
3255742976,3255750655,SE
3255750656,3255750911,AU
3255750912,3255752959,SE
3255752960,3255753215,RO
3255753216,3255761151,SE
3255761152,3255761407,US
3255761408,3255762943,SE
3255762944,3255771135,DE
3255771136,3255771391,HK
3255771392,3255772159,GB
3255772160,3255772415,DE
3255772416,3255772671,GB
3255772672,3255772703,FR
3255772704,3255772735,GB
3255772736,3255772895,DE
3255772896,3255772919,FR
3255772920,3255773183,DE
3255773184,3255773439,GB
3255773440,3255773695,HU
3255773696,3255774207,GB
3255774208,3255774463,IT
3255774464,3255774719,TR
3255774720,3255774975,NL
3255774976,3255775231,MD
3255775232,3255776255,GB
3255776256,3255776511,UA
3255776512,3255776767,FR
3255776768,3255777279,UA
3255777280,3255778303,RU
3255778304,3255787519,DE
3255787520,3255788287,GE
3255788288,3255788543,SG
3255788544,3255789567,TR
3255789568,3255790591,RO
3255790592,3255791103,DE
3255791104,3255791359,FR
3255791360,3255791615,DE
3255791616,3255792639,GB
3255792640,3255793663,RU
3255793664,3255794943,PL
3255794944,3255795199,ES
3255795200,3255795711,RU
3255795712,3255797759,DE
3255797760,3255798015,ES
3255798016,3255798783,DE
3255798784,3255799039,ES
3255799040,3255799295,GB
3255799296,3255800063,DE
3255800064,3255800319,FR
3255800320,3255800575,ES
3255800576,3255800831,UA
3255800832,3255801343,DE
3255801344,3255801599,GB
3255801600,3255801855,PT
3255801856,3255809535,DE
3255809536,3255809791,ES
3255809792,3255811071,DE
3255811072,3255811583,PL
3255811584,3255812095,DE
3255812096,3255812607,PL
3255812608,3255812863,DE
3255812864,3255813119,ES
3255813120,3255813631,PL
3255813632,3255816191,DE
3255816192,3255817215,IT
3255817216,3255817471,SE
3255817472,3255817727,ES
3255817728,3255818239,DE
3255818240,3255818751,PL
3255818752,3255819007,DE
3255819008,3255819263,ES
3255819264,3255820287,DE
3255820288,3255821311,RS
3255821312,3255822335,CH
3255822336,3255822591,ES
3255822592,3255822847,DE
3255822848,3255823359,GB
3255823360,3255823615,ES
3255823616,3255823871,DE
3255823872,3255824383,GB
3255824384,3255826431,DE
3255826432,3255827455,EE
3255827456,3255828479,DE
3255828480,3256025087,SE
3256025088,3256057855,NO
3256057856,3256082431,DK
3256082432,3256090623,LV
3256090624,3256172543,IT
3256172544,3256221695,US
3256221696,3256352767,SE
3256352768,3256385535,CH
3256385536,3256393727,AT
3256393728,3256394239,DE
3256394240,3256394751,GB
3256394752,3256395263,PL
3256395264,3256395775,GB
3256395776,3256396287,TR
3256396288,3256396799,GR
3256396800,3256397311,RU
3256397312,3256397823,PL
3256397824,3256398335,GB
3256398336,3256398847,RO
3256398848,3256399359,PL
3256399360,3256400895,UA
3256400896,3256401151,TR
3256401152,3256401407,BG
3256401408,3256401919,RU
3256401920,3256410111,DE
3256410112,3256410623,TR
3256410624,3256411135,GR
3256411136,3256411647,FR
3256411648,3256411903,DE
3256411904,3256412159,HR
3256412160,3256412671,IN
3256412672,3256413183,US
3256413184,3256413695,UA
3256413696,3256414207,PL
3256414208,3256414719,RU
3256414720,3256415231,DE
3256415232,3256415743,PL
3256415744,3256416255,UA
3256416256,3256416767,RS
3256416768,3256417279,IN
3256417280,3256417791,NO
3256417792,3256418303,GB
3256418304,3256483839,DE
3256483840,3256484095,UA
3256484096,3256484351,ES
3256484352,3256484607,US
3256484608,3256484863,CA
3256484864,3256485887,NG
3256485888,3256487935,NL
3256487936,3256488191,DE
3256488192,3256488447,RU
3256488448,3256488959,GB
3256488960,3256489215,FR
3256489216,3256489471,US
3256489472,3256489983,GR
3256489984,3256490239,BE
3256490240,3256490495,RU
3256490496,3256490751,CH
3256490752,3256491007,LA
3256491008,3256491263,DE
3256491264,3256491519,RU
3256491520,3256492031,DE
3256492032,3256500223,NL
3256500224,3256500479,IR
3256500480,3256500735,HK
3256500736,3256500991,IR
3256500992,3256501247,RU
3256501248,3256501503,FR
3256501504,3256501759,RU
3256501760,3256502271,DE
3256502272,3256503295,HK
3256503296,3256508415,NL
3256508416,3256508671,SE
3256508672,3256508927,MK
3256508928,3256509183,KZ
3256509184,3256509439,IR
3256509440,3256509695,ES
3256509696,3256509951,PL
3256509952,3256510207,OM
3256510208,3256510463,NL
3256511488,3256511999,TR
3256513024,3256513535,TR
3256513536,3256513791,RU
3256513792,3256514047,IR
3256514048,3256514303,BE
3256514304,3256514559,GB
3256514560,3256516607,NL
3256516608,3256516863,DE
3256516864,3256517119,SC
3256517120,3256517375,US
3256517376,3256517631,PY
3256517632,3256517887,NL
3256517888,3256518143,FR
3256518144,3256518399,UA
3256518400,3256518655,RU
3256518656,3256518911,GB
3256518912,3256519167,SC
3256519168,3256519423,RU
3256519424,3256519679,BG
3256519680,3256519935,FR
3256519936,3256520191,EE
3256520192,3256520447,GB
3256520448,3256520703,ES
3256520704,3256521983,NL
3256521984,3256522239,BE
3256522240,3256522751,FR
3256522752,3256524287,NL
3256524288,3256524799,DE
3256524800,3256525823,NL
3256525824,3256526847,UA
3256526848,3256527871,NL
3256527872,3256528895,ES
3256528896,3256529919,RO
3256529920,3256530943,DE
3256530944,3256531967,NL
3256531968,3256532991,DE
3256532992,3256533247,NL
3256533248,3256533503,SC
3256533504,3256533759,US
3256533760,3256534015,IR
3256534016,3256534271,CZ
3256534272,3256534527,SA
3256534528,3256534783,GB
3256534784,3256535039,LV
3256535040,3256535295,US
3256535296,3256535551,PL
3256535552,3256535807,US
3256535808,3256536063,ZA
3256536064,3256536319,SE
3256536320,3256536575,KZ
3256536576,3256536831,GB
3256536832,3256537087,RU
3256537088,3256537343,SE
3256537344,3256537855,RU
3256537856,3256538111,DE
3256538112,3256538367,US
3256538368,3256538623,IE
3256538624,3256538879,GB
3256538880,3256539135,NL
3256539136,3256539391,SC
3256539392,3256539647,SE
3256539648,3256539903,US
3256539904,3256540159,DE
3256540160,3256540415,KZ
3256540416,3256540671,KG
3256540672,3256540927,GB
3256540928,3256541183,CY
3256541184,3256541439,UA
3256541440,3256541695,IT
3256541696,3256541951,RU
3256541952,3256542207,SC
3256542208,3256542719,RU
3256542720,3256543231,GE
3256543232,3256543487,NL
3256543488,3256543743,VN
3256543744,3256543999,LT
3256544000,3256544255,GB
3256544256,3256544511,US
3256544512,3256544767,DE
3256544768,3256545023,GB
3256545024,3256545279,KZ
3256545280,3256547327,NL
3256547328,3256549375,CH
3256549376,3256614911,TR
3256614912,3256615935,FI
3256615936,3256616959,UA
3256616960,3256617983,GB
3256617984,3256619007,PL
3256619008,3256620031,UA
3256620032,3256621055,RU
3256621056,3256622079,DK
3256622080,3256623103,RU
3256623104,3256624127,PL
3256624128,3256625151,RU
3256625152,3256626175,PL
3256626176,3256626687,NL
3256626688,3256627199,IL
3256627200,3256628223,PL
3256628224,3256629247,UA
3256629248,3256631295,RU
3256631296,3256633343,UA
3256633344,3256634367,RU
3256634368,3256635391,MD
3256635392,3256636415,PL
3256636416,3256637439,UA
3256637440,3256639487,RU
3256639488,3256640383,BE
3256640384,3256640391,FR
3256640392,3256640511,BE
3256640512,3256641535,UA
3256641536,3256642559,PL
3256642560,3256643583,SI
3256643584,3256644607,AE
3256644608,3256645631,IT
3256645632,3256646655,SE
3256646656,3256647679,GB
3256647680,3256648703,RS
3256648704,3256649727,UA
3256649728,3256650751,GB
3256650752,3256651775,RU
3256651776,3256652799,UA
3256652800,3256653823,DE
3256653824,3256654847,RU
3256654848,3256655103,TR
3256655104,3256655359,PL
3256655360,3256655871,TR
3256655872,3256656895,RU
3256656896,3256657919,GB
3256657920,3256658943,PL
3256658944,3256662015,UA
3256662016,3256663039,RU
3256663040,3256664063,PL
3256664064,3256665087,RU
3256665088,3256666111,UA
3256666112,3256667135,PL
3256667136,3256667647,GB
3256667648,3256671231,RU
3256671232,3256672255,PL
3256672256,3256673023,DE
3256673024,3256673279,RU
3256673280,3256674303,PL
3256674304,3256675327,LT
3256675328,3256677375,RU
3256677376,3256678399,GB
3256678400,3256680447,DK
3256680448,3256688639,CH
3256688640,3256692735,IL
3256692736,3256693759,GR
3256693760,3256694271,NL
3256694272,3256694527,EE
3256694528,3256694783,TR
3256694784,3256695807,DE
3256695808,3256696831,UA
3256696832,3256697343,BE
3256697344,3256697599,NL
3256697600,3256697855,PL
3256697856,3256698367,IT
3256698368,3256698623,BE
3256698624,3256698879,GB
3256698880,3256699391,NL
3256699392,3256699903,FR
3256699904,3256700927,NL
3256700928,3256701183,BE
3256701184,3256705279,NL
3256705280,3256705791,FR
3256705792,3256706047,AT
3256706048,3256706303,AU
3256706304,3256706559,GB
3256706560,3256709631,NL
3256709632,3256709887,US
3256709888,3256710655,NL
3256710656,3256711167,SE
3256711168,3256711423,DE
3256711424,3256713215,NL
3256713216,3256727551,PL
3256727552,3256727807,DE
3256727808,3256728063,HU
3256728064,3256728575,HK
3256728576,3256729599,DE
3256729600,3256731647,PL
3256731648,3256732671,NO
3256732672,3256732927,IT
3256732928,3256733183,UA
3256733184,3256733439,FR
3256733440,3256733695,DK
3256733696,3256735743,TR
3256735744,3256737791,GB
3256737792,3256745983,DE
3256745984,3256778751,ES
3256778752,3256786943,CY
3256786944,3256787199,NL
3256787200,3256787455,VE
3256787456,3256787711,DE
3256787712,3256787967,UA
3256787968,3256788223,PL
3256788224,3256788479,VE
3256788480,3256788735,GB
3256788736,3256788991,DE
3256788992,3256789247,EE
3256789248,3256789503,SE
3256789504,3256789759,UA
3256789760,3256790015,DK
3256790016,3256790271,UA
3256790272,3256790527,FR
3256790528,3256790783,DE
3256790784,3256791039,NL
3256791040,3256791551,AM
3256791552,3256791807,GR
3256791808,3256792063,PL
3256792064,3256792319,DE
3256792320,3256792575,CH
3256792576,3256792831,NL
3256792832,3256793087,CO
3256793088,3256793343,GB
3256793344,3256793855,DE
3256793856,3256794111,SK
3256794112,3256794367,NL
3256794368,3256794623,GB
3256794624,3256794879,RU
3256794880,3256795135,AT
3256795136,3256811519,GR
3256811520,3256811775,DE
3256811776,3256812031,CO
3256812032,3256812543,DE
3256812544,3256813055,AM
3256813056,3256813567,DE
3256813568,3256813823,GE
3256813824,3256814079,RU
3256814080,3256814335,CY
3256814336,3256814591,TR
3256814592,3256815103,RU
3256815104,3256819711,DE
3256819712,3256821503,PL
3256821504,3256821759,NO
3256821760,3256822271,PL
3256822272,3256822527,MD
3256822528,3256822783,PL
3256822784,3256823807,UA
3256823808,3256824319,PL
3256824320,3256824575,GB
3256824576,3256824831,FR
3256824832,3256825087,LT
3256825088,3256825343,SG
3256825344,3256825599,DE
3256825600,3256825855,LT
3256825856,3256826111,EE
3256826112,3256826367,KW
3256826368,3256826623,IL
3256826624,3256826879,TR
3256826880,3256827135,PL
3256827136,3256827391,IS
3256827392,3256827647,GB
3256827648,3256827903,HR
3256827904,3256828159,TR
3256828160,3256828415,DE
3256828416,3256828927,RU
3256828928,3256829439,UA
3256829440,3256829951,DE
3256829952,3256830207,AE
3256830208,3256830463,DE
3256830464,3256830975,AE
3256830976,3256831743,DE
3256831744,3256831999,TR
3256832000,3256832511,DE
3256832512,3256833023,GB
3256833024,3256833535,UA
3256833536,3256833791,DE
3256833792,3256834047,TR
3256834048,3256835071,GB
3256835072,3256835327,DE
3256835328,3256835583,IQ
3256835584,3256836095,DE
3256836096,3256836351,NL
3256836352,3256836863,MX
3256836864,3256837119,GB
3256837120,3256838143,US
3256838144,3256838655,PA
3256838656,3256839167,EC
3256839168,3256839423,IR
3256839424,3256839679,MD
3256839680,3256839935,NL
3256839936,3256840191,UZ
3256840192,3256844287,DE
3256844288,3256844799,CH
3256844800,3256845051,DE
3256845052,3256845055,PL
3256845056,3256845311,NL
3256845312,3256846335,KZ
3256846336,3256847359,FR
3256847360,3256847615,NL
3256847616,3256849407,US
3256849408,3256849919,DE
3256849920,3256850175,NL
3256850176,3256850431,DE
3256850432,3256851455,RU
3256851456,3256852479,KZ
3256852480,3256853503,US
3256853504,3256853759,DK
3256853760,3256854015,HK
3256854016,3256854527,DK
3256854528,3256855551,UA
3256855552,3256855807,RU
3256855808,3256856575,DE
3256856576,3256857599,IL
3256857600,3256857855,US
3256857856,3256858111,RS
3256858112,3256858367,SI
3256858368,3256858623,CL
3256858624,3256859647,GB
3256859648,3256860671,CZ
3256860672,3256860927,DE
3256860928,3256861183,IQ
3256861184,3256861695,LT
3256861696,3256861951,MY
3256861952,3256862207,LT
3256862208,3256862463,DE
3256862464,3256862719,IQ
3256862720,3256863743,DE
3256863744,3256863999,NL
3256864000,3256864255,DE
3256864256,3256864511,FR
3256864512,3256864767,CH
3256864768,3256865791,DE
3256865792,3256866815,UA
3256866816,3256867839,CZ
3256867840,3256868095,IQ
3256868096,3256868351,DE
3256868352,3256868607,NO
3256868608,3256868863,DE
3256868864,3256869119,CH
3256869120,3256869375,DE
3256869376,3256869631,CH
3256869632,3256870911,DE
3256870912,3256871167,PL
3256871168,3256871935,DE
3256871936,3256872447,UA
3256872448,3256872703,DE
3256872704,3256872959,CH
3256872960,3256873983,DE
3256873984,3256874495,UA
3256874496,3256874751,DE
3256874752,3256875007,CH
3256875008,3256875519,UA
3256875520,3256875775,DK
3256875776,3256876031,FR
3256876032,3256876287,PL
3256876288,3256876543,IT
3256876544,3256876799,CH
3256876800,3256896511,GB
3256896512,3256896767,FR
3256896768,3256897023,DE
3256897024,3256897279,FR
3256897280,3256897535,DE
3256897536,3256898047,HK
3256898048,3256898303,RO
3256898304,3256898559,GB
3256898560,3256899071,TR
3256899072,3256899583,RU
3256899584,3256900607,US
3256900608,3256901631,DE
3256901632,3256902143,RU
3256902144,3256902399,NL
3256902400,3256902655,UZ
3256902656,3256903679,IT
3256903680,3256903935,US
3256903936,3256904191,UA
3256904192,3256904447,IN
3256904448,3256904703,NO
3256904704,3256905727,UA
3256905728,3256905983,CO
3256905984,3256906239,MX
3256906240,3256906751,ES
3256906752,3256907775,JP
3256907776,3256908031,GB
3256908032,3256908287,NL
3256908288,3256908543,LT
3256908544,3256908799,ES
3256908800,3256909055,RU
3256909056,3256909311,SC
3256909312,3256909567,RU
3256909568,3256909823,US
3256909824,3256910847,KZ
3256910848,3256911871,ES
3256911872,3256912895,UA
3256912896,3256913919,KZ
3256913920,3256914943,SE
3256914944,3256915455,HK
3256915456,3256915711,RS
3256915712,3256915967,SE
3256915968,3256916991,BE
3256916992,3256918015,RU
3256918016,3256918271,IE
3256918272,3256918527,SA
3256918528,3256918783,RO
3256918784,3256919039,SA
3256919040,3256919295,GB
3256919296,3256919551,SA
3256919552,3256920063,ES
3256920064,3256921087,FR
3256921088,3256922111,IT
3256922112,3256929023,GB
3256929024,3256929279,SA
3256929280,3256929791,ES
3256929792,3256930047,NL
3256930048,3256930303,GB
3256930304,3256930559,AT
3256930560,3256930815,IR
3256930816,3256931071,BG
3256931072,3256931327,IT
3256931328,3256931583,KZ
3256931584,3256932351,IR
3256932352,3256933375,GB
3256933376,3256933631,NL
3256933632,3256933887,GB
3256933888,3256934399,RU
3256934400,3256934655,FR
3256934656,3256934911,US
3256934912,3256935423,NL
3256935424,3256935679,UA
3256935680,3256936447,RU
3256936448,3256937471,DE
3256937472,3256937983,RU
3256937984,3256938239,ES
3256938240,3256938495,LV
3256938496,3256939007,SC
3256939008,3256939519,RU
3256939520,3256940543,US
3256940544,3256940799,RU
3256940800,3256941055,BE
3256941056,3256941311,BY
3256941312,3256941567,KZ
3256941568,3256942591,RU
3256942592,3256944639,GB
3256944640,3256944895,RO
3256944896,3256945151,CA
3256945152,3256945407,NL
3256945408,3256945663,GB
3256945664,3256945919,SI
3256945920,3256946175,GB
3256946176,3256946431,RO
3256946432,3256946687,RU
3256946688,3256946943,NL
3256946944,3256947711,DE
3256947712,3256948735,RU
3256948736,3256949759,GB
3256949760,3256950015,BH
3256950016,3256950271,DE
3256950272,3256950527,NO
3256950528,3256950783,GB
3256950784,3256951039,NL
3256951040,3256951295,GB
3256951296,3256951551,FR
3256951552,3256951807,NL
3256951808,3256952831,CY
3256952832,3256953343,MD
3256953344,3256953599,RO
3256953600,3256953855,MD
3256953856,3256954111,IM
3256954112,3256954367,US
3256954368,3256954623,MT
3256954624,3256954879,MC
3256954880,3256955391,SI
3256955392,3256955647,DE
3256955648,3256955903,FR
3256955904,3256958207,GB
3256958208,3256958463,NL
3256958464,3256958719,HK
3256958720,3256958975,GB
3256958976,3256959487,FR
3256959488,3256959999,DE
3256960000,3256960255,SA
3256960256,3256960511,HU
3256960512,3256961023,SA
3256961024,3256962559,PL
3256962560,3256962815,FR
3256962816,3256963071,RU
3256963072,3256963327,SE
3256963328,3256963583,RU
3256963584,3256963839,AM
3256963840,3256964095,PL
3256964096,3256965119,RU
3256965120,3256966143,RO
3256966144,3256967167,RU
3256967168,3256967423,LT
3256967424,3256967679,RU
3256967680,3256968191,CH
3256968192,3256969215,RO
3256969216,3256970239,IR
3256970240,3256970495,AT
3256970496,3256970751,SK
3256970752,3256971007,RU
3256971008,3256971263,PL
3256971264,3256971775,NL
3256971776,3256972031,GR
3256972032,3256972287,DE
3256972288,3256973311,PL
3256973312,3256973823,DE
3256973824,3256975359,IR
3256975360,3256979455,GB
3256979456,3256980735,NL
3256980736,3256980991,US
3256980992,3256981503,GB
3256981504,3256982527,CH
3256982528,3256983551,IN
3256983552,3256988671,GB
3256988672,3256989183,UA
3256989184,3256989439,US
3256989440,3256989695,GB
3256989696,3256989951,DE
3256989952,3256990207,PL
3256990208,3256990463,CH
3256990464,3256990719,PL
3256990720,3256991231,UA
3256991232,3256991487,SE
3256991488,3256991743,FR
3256991744,3257010943,GB
3257010944,3257011199,IQ
3257011200,3257011455,BG
3257011456,3257011711,FR
3257011712,3257012223,GB
3257012224,3257022463,NL
3257022464,3257023999,FI
3257024000,3257024511,ES
3257024512,3257032703,GB
3257032704,3257033727,RU
3257033728,3257034751,FR
3257034752,3257035007,DE
3257035008,3257035263,US
3257035264,3257035775,JE
3257035776,3257036799,NL
3257036800,3257040895,GB
3257040896,3257041919,IN
3257041920,3257042943,FI
3257042944,3257043455,ES
3257043456,3257043967,GB
3257043968,3257044991,CH
3257044992,3257047039,GB
3257047040,3257048063,US
3257048064,3257049087,DE
3257049088,3257050111,IR
3257050112,3257050367,DE
3257050368,3257050623,NL
3257050880,3257051135,ES
3257051136,3257052159,GB
3257052160,3257052415,SE
3257052416,3257052671,FR
3257052672,3257052927,GB
3257052928,3257053183,US
3257053184,3257057279,GB
3257057280,3257058303,DE
3257058304,3257058815,IT
3257058816,3257059071,PL
3257059072,3257059327,NL
3257059328,3257060351,DE
3257060352,3257065471,GB
3257065472,3257067519,AT
3257067520,3257067775,FR
3257067776,3257068543,DE
3257068544,3257068799,FI
3257068800,3257069055,RU
3257069056,3257069311,DE
3257069312,3257069567,RU
3257069568,3257070591,DE
3257070592,3257070847,RU
3257070848,3257071103,GB
3257071104,3257071359,UZ
3257071360,3257071615,GB
3257071616,3257071871,RU
3257071872,3257072127,ES
3257072128,3257072383,RU
3257072384,3257072639,IL
3257072640,3257072895,DK
3257072896,3257073151,VN
3257073152,3257073407,DK
3257073408,3257073663,ID
3257073664,3257076479,GB
3257076480,3257076735,NL
3257076736,3257077759,DE
3257077760,3257082879,GB
3257082880,3257083903,NL
3257083904,3257084927,ES
3257084928,3257086975,RU
3257086976,3257089023,DE
3257089024,3257090047,UA
3257090048,3257092351,NO
3257092352,3257092607,NL
3257092608,3257092863,RO
3257092864,3257093119,NL
3257093120,3257093631,IT
3257093632,3257093887,SE
3257093888,3257094655,GB
3257094656,3257095167,SE
3257095168,3257096191,SI
3257096192,3257097215,ES
3257097216,3257097471,SE
3257097472,3257097983,GB
3257097984,3257098239,SE
3257098240,3257099263,GB
3257099264,3257102335,DE
3257102336,3257104383,RU
3257104384,3257104639,FR
3257104640,3257105407,DE
3257105408,3257105663,KZ
3257105664,3257106175,RU
3257106176,3257106431,US
3257106432,3257118719,GB
3257118720,3257119743,IT
3257119744,3257120255,GB
3257120256,3257120511,SE
3257120512,3257120767,GB
3257120768,3257121279,DE
3257121280,3257121535,GB
3257121536,3257121791,PL
3257121792,3257122303,DE
3257122304,3257122559,GB
3257122560,3257122815,US
3257122816,3257131007,GB
3257131008,3257131519,ES
3257131520,3257131775,LT
3257131776,3257132031,ES
3257132032,3257133055,NO
3257133056,3257134079,GB
3257134080,3257135103,PL
3257135104,3257135615,GB
3257135616,3257136127,DE
3257136128,3257137151,GB
3257137152,3257138175,AL
3257138176,3257139199,GB
3257139200,3257139455,IR
3257139456,3257143295,GB
3257143296,3257143807,RU
3257143808,3257144063,DE
3257144064,3257144319,PL
3257144320,3257144575,AT
3257144576,3257144831,GB
3257144832,3257145087,FR
3257145088,3257145343,GB
3257145344,3257145599,US
3257145600,3257146111,DE
3257146112,3257146367,NL
3257146368,3257147391,ES
3257147392,3257147647,DE
3257147648,3257147903,US
3257147904,3257148159,HK
3257148160,3257148415,PH
3257148416,3257148927,CY
3257148928,3257149183,US
3257149184,3257149439,LV
3257149440,3257150463,DE
3257150464,3257151487,HR
3257151488,3257154047,GB
3257154048,3257154559,IE
3257154560,3257155583,DE
3257155584,3257156095,IE
3257156096,3257157631,GB
3257157632,3257158655,IT
3257158656,3257159679,GB
3257159680,3257160191,ES
3257160192,3257160447,FR
3257160448,3257160703,PL
3257160704,3257161727,TR
3257161728,3257161983,DE
3257161984,3257162751,IL
3257162752,3257163007,FR
3257163008,3257163263,GB
3257163264,3257163775,ES
3257163776,3257164799,IN
3257164800,3257165823,AT
3257165824,3257166847,ES
3257166848,3257167103,DE
3257167104,3257167359,RO
3257167360,3257167615,GB
3257167616,3257167871,US
3257167872,3257168895,GB
3257168896,3257169919,FR
3257169920,3257170175,PL
3257170176,3257170431,GB
3257170432,3257170943,ES
3257170944,3257171967,HU
3257171968,3257174271,GB
3257174272,3257174527,FR
3257174528,3257175039,ES
3257175040,3257176063,RO
3257176064,3257177087,DE
3257177088,3257178111,RU
3257178112,3257180159,GB
3257180160,3257180415,TR
3257180416,3257180671,RU
3257180672,3257180927,EE
3257180928,3257181183,GB
3257181184,3257181439,SA
3257181440,3257181695,PL
3257181696,3257182207,FR
3257182208,3257182463,PL
3257182464,3257182719,FR
3257182720,3257183231,RU
3257183232,3257184255,IR
3257184256,3257184767,VG
3257184768,3257185279,SG
3257185280,3257186303,HU
3257186304,3257187327,GB
3257187328,3257187583,AE
3257187584,3257187839,NL
3257187840,3257188351,AE
3257188352,3257189375,FR
3257189376,3257190399,RU
3257190400,3257191423,ES
3257191424,3257192447,PL
3257192448,3257192703,LV
3257192704,3257192959,RU
3257192960,3257193471,FI
3257193472,3257195775,GB
3257195776,3257196031,FR
3257196032,3257196287,NL
3257196288,3257196543,DE
3257196544,3257200639,LU
3257200640,3257201151,GB
3257201152,3257201407,US
3257201408,3257201663,HK
3257201664,3257202687,ES
3257202688,3257204735,GB
3257204736,3257204991,AT
3257204992,3257205247,RU
3257205248,3257222143,AT
3257222144,3257223167,NL
3257223168,3257225215,AT
3257225216,3257225471,DE
3257225472,3257225727,NL
3257225728,3257225983,GB
3257225984,3257226239,IL
3257226240,3257227263,DE
3257227264,3257228287,HU
3257228288,3257229311,TR
3257229312,3257229567,GB
3257229568,3257230335,RO
3257230336,3257231359,UA
3257231360,3257268223,AT
3257268224,3257268479,UA
3257268480,3257268735,SE
3257268736,3257269247,FR
3257269248,3257269503,IT
3257269504,3257269759,AT
3257269760,3257270015,RU
3257270016,3257270271,DE
3257270272,3257271295,RU
3257271296,3257272319,US
3257272320,3257273343,RU
3257273344,3257274367,IE
3257274368,3257275391,FR
3257275392,3257276415,NL
3257276416,3257277439,FR
3257277440,3257278463,BZ
3257278464,3257279487,FR
3257279488,3257280511,BG
3257280512,3257281535,DE
3257281536,3257282559,ES
3257282560,3257282815,US
3257282816,3257283071,DE
3257283072,3257283327,US
3257283328,3257283583,DE
3257283584,3257284351,US
3257284352,3257284607,GB
3257284608,3257285631,ES
3257285632,3257286655,IT
3257286656,3257294847,CH
3257294848,3257303039,HU
3257303040,3257311231,PT
3257311232,3257335807,CH
3257335808,3257342975,DE
3257342976,3257343999,FR
3257344000,3257345023,DE
3257345024,3257346047,IR
3257346048,3257347071,NL
3257347072,3257348095,HU
3257348096,3257352191,DE
3257352192,3257353215,KZ
3257353216,3257354239,CZ
3257354240,3257355775,DE
3257355776,3257356287,FR
3257356288,3257356799,DE
3257356800,3257357311,AM
3257357312,3257357567,PT
3257357568,3257357823,SI
3257357824,3257361151,DE
3257361152,3257361407,RU
3257361408,3257361663,DE
3257361664,3257361919,RU
3257361920,3257362431,AM
3257362432,3257363455,DE
3257363456,3257363711,KZ
3257363712,3257363967,IT
3257363968,3257364223,FI
3257364480,3257367039,DE
3257367040,3257367295,AU
3257367296,3257367551,US
3257367552,3257368575,PT
3257368576,3257371903,DE
3257371904,3257372159,BE
3257372160,3257372415,DE
3257372416,3257372671,GB
3257372672,3257373695,IT
3257373696,3257374207,US
3257374208,3257376767,DE
3257376768,3257377791,HU
3257377792,3257378815,GB
3257378816,3257379839,HU
3257379840,3257382911,DE
3257382912,3257383167,AZ
3257383168,3257385983,DE
3257385984,3257387007,PL
3257387008,3257388031,NL
3257388032,3257389055,DE
3257389056,3257390079,FR
3257390080,3257391103,DE
3257391104,3257391615,NL
3257391616,3257393151,DE
3257393152,3257394175,UA
3257394176,3257395199,IQ
3257395200,3257396223,FR
3257396224,3257397247,DE
3257397248,3257397503,RO
3257397504,3257397759,AZ
3257397760,3257398015,DK
3257398016,3257398271,AZ
3257398272,3257398527,DE
3257398528,3257398783,US
3257398784,3257399039,NL
3257399040,3257399295,CH
3257399296,3257399551,IR
3257399552,3257399807,RU
3257399808,3257400063,NL
3257400064,3257400319,DE
3257400320,3257400831,ES
3257400832,3257401087,IR
3257401088,3257401343,FR
3257401344,3257453567,CH
3257453568,3257454591,DE
3257454592,3257455103,IT
3257455104,3257455359,RO
3257455360,3257455615,SI
3257455616,3257461759,CH
3257461760,3257462783,NL
3257462784,3257463807,VG
3257463808,3257464063,DE
3257464064,3257464319,CH
3257464320,3257464831,NL
3257464832,3257465087,SG
3257465088,3257465343,CH
3257465344,3257465855,BG
3257465856,3257466879,SG
3257466880,3257467391,DE
3257467392,3257467903,SE
3257467904,3257468927,FR
3257468928,3257469183,IL
3257469184,3257469439,GB
3257469440,3257469951,BG
3257469952,3257470975,PL
3257470976,3257475071,GB
3257475072,3257476095,DK
3257476096,3257476863,HK
3257476864,3257477119,DE
3257477120,3257478143,BA
3257478144,3257478911,HU
3257478912,3257479167,US
3257479168,3257480191,IR
3257480192,3257481215,RU
3257481216,3257481471,US
3257481472,3257481727,DE
3257481728,3257482239,HK
3257482240,3257482751,GB
3257482752,3257483263,US
3257483264,3257491455,CH
3257491456,3257495551,BE
3257495552,3257495807,LT
3257495808,3257496063,NL
3257496064,3257496575,LT
3257496576,3257497599,ES
3257497600,3257498623,IL
3257498624,3257499647,ES
3257499648,3257532415,CH
3257532416,3257542655,CY
3257542656,3257542911,PL
3257542912,3257543423,IT
3257543424,3257543679,SI
3257543680,3257544191,RO
3257544192,3257544447,DE
3257544448,3257544511,BG
3257544512,3257544575,QA
3257544576,3257544703,DE
3257544704,3257544959,CH
3257544960,3257545215,NL
3257545216,3257546495,GR
3257546496,3257546527,DE
3257546528,3257546655,CY
3257546656,3257546687,SE
3257546688,3257546719,DE
3257546720,3257546751,DK
3257546752,3257548799,FI
3257548800,3257556991,US
3257556992,3257557503,DE
3257557504,3257558015,LU
3257558016,3257558527,FR
3257558528,3257559039,RO
3257559040,3257559551,DE
3257559552,3257560063,UA
3257560064,3257560575,DE
3257560576,3257561087,PL
3257561088,3257561599,UA
3257561600,3257562111,DE
3257562112,3257563647,PL
3257563648,3257564159,NL
3257564160,3257564671,GB
3257564672,3257565183,NL
3257565184,3257573375,CY
3257573376,3257574143,CH
3257574144,3257577471,NL
3257577472,3257581567,DE
3257581568,3257582591,UA
3257582592,3257583359,CA
3257583360,3257583615,NL
3257583616,3257585151,UA
3257585152,3257585663,CA
3257585664,3257589759,BE
3257589760,3257597951,GB
3257597952,3257663487,NO
3257663488,3257729023,UA
3257729024,3257730047,DE
3257730048,3257730559,US
3257730560,3257731071,DE
3257731072,3257732095,NL
3257732096,3257732607,US
3257732608,3257734143,NL
3257734144,3257734399,DE
3257734400,3257734655,NL
3257734656,3257734911,DE
3257734912,3257735679,NL
3257735680,3257736191,DE
3257736192,3257737471,NL
3257737472,3257737727,DE
3257737728,3257737983,UZ
3257737984,3257738239,NL
3257738240,3257738751,DE
3257738752,3257740543,NL
3257740544,3257740799,GB
3257740800,3257741055,FR
3257741056,3257741311,US
3257741312,3257741567,DE
3257741568,3257742335,NL
3257742336,3257743615,DE
3257743616,3257747199,NL
3257747200,3257747455,DE
3257747456,3257748479,NL
3257748480,3257749503,DK
3257749504,3257753087,NL
3257753088,3257753343,DE
3257753344,3257753855,NL
3257753856,3257754111,DE
3257754112,3257754623,US
3257754624,3257754879,MY
3257754880,3257755135,US
3257755136,3257755391,NL
3257755392,3257756159,DE
3257756160,3257756415,GB
3257756416,3257761279,NL
3257761280,3257761791,DE
3257761792,3257763583,NL
3257763584,3257763839,DE
3257763840,3257765375,NL
3257765376,3257768703,DE
3257768704,3257771263,NL
3257771264,3257771519,DE
3257771520,3257771775,NL
3257771776,3257772031,DE
3257772032,3257772287,NL
3257772288,3257772543,GB
3257772544,3257775359,NL
3257775360,3257775615,GB
3257775616,3257776127,US
3257776128,3257776383,DE
3257776384,3257779199,NL
3257779200,3257779711,DE
3257779712,3257780223,NL
3257780224,3257780479,DE
3257780480,3257782271,NL
3257782272,3257784319,DE
3257784320,3257784575,NL
3257784576,3257784831,IE
3257784832,3257787135,NL
3257787136,3257787391,DE
3257787392,3257788415,NL
3257788416,3257788671,DE
3257788672,3257788927,IE
3257788928,3257789439,NL
3257789440,3257789951,DE
3257789952,3257794559,NL
3257794560,3257802751,GB
3257802752,3257803775,CH
3257803776,3257804287,GB
3257804288,3257804543,FR
3257804544,3257805311,GB
3257805312,3257805375,IE
3257805376,3257805439,DK
3257805440,3257805503,AT
3257805504,3257805567,CZ
3257805568,3257806591,GB
3257806592,3257806655,JP
3257806656,3257806719,NL
3257806720,3257806783,AU
3257806784,3257806847,PT
3257806848,3257809151,GB
3257809152,3257809407,US
3257809408,3257809919,GB
3257809920,3257810175,DE
3257810176,3257810431,GB
3257810432,3257810943,GR
3257810944,3257843711,GB
3257843712,3257860095,IE
3257860096,3257925631,SE
3257925632,3257925887,FR
3257925888,3257926143,PL
3257926144,3257926399,AT
3257926400,3257926655,IE
3257926656,3257949183,AT
3257949184,3257949439,CH
3257949440,3257949695,GB
3257949696,3257949951,RU
3257949952,3257950207,TR
3257950208,3257951231,RU
3257951232,3257951487,CH
3257951488,3257951743,DE
3257951744,3257951999,US
3257952000,3257952255,SG
3257952256,3257953279,CH
3257953280,3257961471,AT
3257961472,3257961727,FI
3257961728,3257961983,NL
3257961984,3257962239,DE
3257962240,3257962495,FI
3257962496,3257963519,DE
3257963520,3257964543,ES
3257964544,3257964799,GR
3257964800,3257965055,NL
3257965056,3257965311,US
3257965312,3257965567,GB
3257965568,3257967615,AT
3257967616,3257968639,IN
3257968640,3257969663,DE
3257969664,3257970175,AT
3257970176,3257970687,HU
3257970688,3257971711,ES
3257971712,3257972735,IT
3257972736,3257973759,AT
3257973760,3257974271,HU
3257974272,3257974527,AT
3257974528,3257974783,IE
3257974784,3257975295,LU
3257975296,3257975807,DE
3257975808,3257976063,AE
3257976064,3257976575,IR
3257976576,3257976831,LV
3257976832,3257977087,GE
3257977088,3257977343,CH
3257977344,3257977599,BG
3257977600,3257977855,IE
3257977856,3257978111,DE
3257978112,3257978367,SE
3257978368,3257978623,BG
3257978624,3257978879,ES
3257978880,3257979135,CZ
3257979136,3257979391,UA
3257979392,3257979647,GB
3257979648,3257979903,EE
3257979904,3257980159,UA
3257980160,3257980415,SE
3257980416,3257980671,NL
3257980672,3257980927,CH
3257980928,3257981183,PL
3257981184,3257981439,DE
3257981440,3257981695,RU
3257981696,3257981951,PL
3257981952,3257982975,FI
3257982976,3257985023,DE
3257985024,3257986047,GB
3257986048,3257987327,AT
3257987328,3257987583,CZ
3257987584,3257987839,DE
3257987840,3257988095,FR
3257988096,3257989119,CH
3257989120,3257989375,BG
3257989376,3257989631,IT
3257989632,3257989887,DE
3257989888,3257990143,BG
3257990144,3257990655,LU
3257990656,3257990911,IT
3257990912,3257991167,TR
3257991168,3257992191,ES
3257992192,3257992703,US
3257992704,3257992959,SI
3257992960,3257993215,DE
3257993216,3257994239,ES
3257994240,3257995263,GB
3257995264,3257995775,US
3257995776,3257996031,SI
3257996032,3257996287,DE
3257996288,3257996543,SI
3257996544,3257999359,DE
3257999360,3258001407,NL
3258001408,3258003711,DE
3258003712,3258003967,US
3258003968,3258004479,RU
3258004480,3258004735,KG
3258004736,3258004991,NL
3258004992,3258005247,DE
3258005248,3258005503,SI
3258005504,3258006527,ES
3258006528,3258008063,DE
3258008064,3258008575,NL
3258008576,3258009087,US
3258009088,3258009343,DE
3258009344,3258009599,IT
3258009600,3258010623,DE
3258010624,3258010879,IT
3258010880,3258011135,DE
3258011136,3258011391,GB
3258011392,3258011647,US
3258011648,3258012671,NL
3258012672,3258012927,IT
3258012928,3258013183,DE
3258013184,3258013439,IT
3258013440,3258013695,IQ
3258013696,3258014719,NL
3258014720,3258014729,DE
3258014730,3258014731,NL
3258014732,3258014732,DE
3258014733,3258014734,FR
3258014735,3258014735,DE
3258014736,3258014737,GB
3258014738,3258014975,DE
3258014976,3258015231,IT
3258015232,3258015743,BG
3258015744,3258016767,GR
3258016768,3258018815,PL
3258018816,3258019327,AT
3258019328,3258019583,DE
3258019584,3258019839,NL
3258019840,3258020351,AT
3258020352,3258020607,DE
3258020608,3258021119,NL
3258021120,3258021887,DE
3258021888,3258022911,RU
3258022912,3258023167,PL
3258023168,3258023423,DE
3258023424,3258023679,TR
3258023680,3258023935,RU
3258023936,3258056703,DE
3258056704,3258056959,AE
3258056960,3258057215,MX
3258057216,3258057471,CZ
3258057472,3258057727,NL
3258057728,3258058239,AE
3258058240,3258058495,RU
3258058496,3258059007,DE
3258059008,3258059519,RU
3258059520,3258059775,RO
3258059776,3258060799,RU
3258060800,3258061311,US
3258061312,3258061567,HK
3258061568,3258061823,US
3258061824,3258062847,NL
3258062848,3258063103,RU
3258063104,3258063359,DE
3258063360,3258063871,CZ
3258063872,3258064127,AT
3258064128,3258064383,FR
3258064384,3258065151,GB
3258065152,3258065407,DE
3258065408,3258065663,CH
3258065664,3258065919,SA
3258065920,3258066175,DE
3258066176,3258066431,PL
3258066432,3258066943,FR
3258066944,3258067199,DK
3258067200,3258067455,GB
3258067456,3258067711,IR
3258067712,3258067967,GR
3258067968,3258068223,RO
3258068224,3258068479,CH
3258068480,3258068991,DE
3258069248,3258069503,PL
3258069504,3258069759,RO
3258069760,3258070015,UA
3258070016,3258070271,IT
3258070272,3258070527,PL
3258070528,3258070783,IT
3258070784,3258071295,GB
3258071296,3258071551,DK
3258071552,3258071807,DE
3258071808,3258072063,ES
3258072064,3258072319,FR
3258072320,3258072575,PL
3258072576,3258072831,BE
3258072832,3258073087,RO
3258073088,3258074111,CZ
3258074112,3258074879,DE
3258074880,3258075135,IL
3258075136,3258075647,RU
3258075648,3258075903,IT
3258075904,3258076159,PL
3258076160,3258076415,BG
3258076416,3258076671,QA
3258076672,3258076927,FR
3258076928,3258077183,UA
3258077184,3258077439,GB
3258077440,3258077695,UA
3258077696,3258077951,ES
3258077952,3258078207,PL
3258078208,3258078463,TR
3258078464,3258078719,UA
3258078720,3258078975,GB
3258078976,3258079231,RU
3258079232,3258079487,GB
3258079488,3258079743,IL
3258079744,3258079999,GB
3258080000,3258080255,BE
3258080256,3258080511,CH
3258080512,3258080767,DE
3258080768,3258081023,NL
3258081024,3258081279,LU
3258081280,3258081535,NL
3258081536,3258081791,BE
3258081792,3258082047,UA
3258082048,3258082048,CH
3258082049,3258082049,AD
3258082050,3258082050,AE
3258082051,3258082051,AF
3258082052,3258082052,AG
3258082053,3258082053,AI
3258082054,3258082054,AL
3258082055,3258082055,AM
3258082056,3258082056,AO
3258082057,3258082057,AQ
3258082058,3258082058,AR
3258082059,3258082059,AS
3258082060,3258082060,AT
3258082061,3258082061,AU
3258082062,3258082062,AW
3258082063,3258082063,AX
3258082064,3258082064,AZ
3258082065,3258082065,BA
3258082066,3258082066,BB
3258082067,3258082067,BD
3258082068,3258082068,BE
3258082069,3258082069,BF
3258082070,3258082070,BG
3258082071,3258082071,BH
3258082072,3258082072,BI
3258082073,3258082073,BJ
3258082074,3258082074,BL
3258082075,3258082075,BM
3258082076,3258082076,BN
3258082077,3258082077,BO
3258082078,3258082078,BQ
3258082079,3258082079,BR
3258082080,3258082080,BS
3258082081,3258082081,BT
3258082082,3258082082,BV
3258082083,3258082083,BW
3258082084,3258082084,BY
3258082085,3258082085,BZ
3258082086,3258082086,CA
3258082087,3258082087,CC
3258082088,3258082088,CD
3258082089,3258082089,CF
3258082090,3258082090,CG
3258082091,3258082091,CH
3258082092,3258082092,CI
3258082093,3258082093,CK
3258082094,3258082094,CL
3258082095,3258082095,CM
3258082096,3258082096,CN
3258082097,3258082097,CO
3258082098,3258082098,CR
3258082099,3258082099,CU
3258082100,3258082100,CV
3258082101,3258082101,CW
3258082102,3258082102,CX
3258082103,3258082103,CY
3258082104,3258082104,CZ
3258082105,3258082105,DE
3258082106,3258082106,DJ
3258082107,3258082107,DK
3258082108,3258082108,DM
3258082109,3258082109,DO
3258082110,3258082110,DZ
3258082111,3258082111,EC
3258082112,3258082112,EE
3258082113,3258082113,EG
3258082114,3258082114,EH
3258082115,3258082115,ER
3258082116,3258082116,ES
3258082117,3258082117,CH
3258082118,3258082118,ET
3258082119,3258082119,FI
3258082120,3258082303,CH
3258082304,3258082559,CZ
3258082560,3258082815,HU
3258082816,3258083071,DK
3258083072,3258083583,RU
3258083584,3258083839,LV
3258083840,3258084351,SE
3258084352,3258084607,GB
3258084608,3258084863,AT
3258084864,3258085119,PL
3258085120,3258085375,CH
3258085376,3258085631,NL
3258085632,3258085887,DE
3258085888,3258086143,CY
3258086144,3258086399,AT
3258086400,3258086655,RU
3258086656,3258086911,PL
3258086912,3258087167,GB
3258087168,3258087423,UA
3258087424,3258087679,RU
3258087680,3258087935,GB
3258087936,3258088191,BG
3258088192,3258088447,PL
3258088448,3258088703,FR
3258088704,3258088959,UA
3258088960,3258089215,RO
3258089216,3258090495,RU
3258090496,3258091519,PL
3258091520,3258092287,SI
3258092288,3258092543,RU
3258092544,3258092799,SE
3258092800,3258093567,RU
3258093568,3258094591,US
3258094592,3258095359,RU
3258095360,3258095615,AT
3258095616,3258095871,RU
3258095872,3258096127,FI
3258096128,3258096383,JP
3258096384,3258097663,PL
3258097664,3258097919,DE
3258097920,3258098175,UA
3258098176,3258098431,DE
3258098432,3258098687,NL
3258098688,3258098943,DE
3258098944,3258099199,GB
3258099200,3258099455,SI
3258099456,3258099711,RU
3258099712,3258099967,FI
3258099968,3258100735,RU
3258100736,3258100991,CH
3258100992,3258101247,AT
3258101248,3258101503,RO
3258101504,3258101759,IL
3258101760,3258102015,DE
3258102016,3258102271,BE
3258102272,3258102527,CH
3258102528,3258102783,TR
3258102784,3258103039,RU
3258103040,3258103295,SE
3258103296,3258103551,DE
3258103552,3258103807,IE
3258103808,3258104319,CH
3258104320,3258104575,PL
3258104576,3258104831,DE
3258104832,3258105343,IT
3258105344,3258105599,RU
3258105600,3258105855,DE
3258105856,3258106879,US
3258106880,3258107903,PA
3258107904,3258108415,US
3258108416,3258108927,CZ
3258108928,3258109183,IR
3258109184,3258109439,CZ
3258109440,3258109951,US
3258109952,3258110207,DK
3258110208,3258110463,IR
3258110464,3258110975,GB
3258110976,3258111487,NO
3258111488,3258111743,PL
3258111744,3258111999,CZ
3258112000,3258112255,IR
3258112256,3258112511,DE
3258112512,3258112767,IR
3258112768,3258113023,CZ
3258113024,3258113535,NO
3258113536,3258113791,CZ
3258113792,3258114303,MY
3258114304,3258114559,DE
3258114560,3258116351,CZ
3258116352,3258116607,AE
3258116608,3258117119,GB
3258117120,3258118143,US
3258118144,3258118399,CZ
3258118400,3258118655,UA
3258118656,3258118911,CZ
3258118912,3258119167,AE
3258119168,3258120191,DE
3258120192,3258120703,CZ
3258120704,3258121215,GB
3258121216,3258121727,PL
3258121728,3258121983,UA
3258121984,3258122239,RU
3258122240,3258187775,FR
3258187776,3258253311,US
3258253312,3258253567,NL
3258253568,3258254079,PL
3258254080,3258254335,NL
3258254336,3258255359,FR
3258255360,3258265599,NL
3258265600,3258266623,US
3258266624,3258267135,VG
3258267136,3258267391,FI
3258267392,3258267647,VG
3258267648,3258268671,NL
3258268672,3258268927,IT
3258268928,3258269183,PL
3258269184,3258269695,NL
3258269696,3258270719,DE
3258270720,3258271743,IN
3258271744,3258272767,NL
3258272768,3258273791,FR
3258273792,3258275071,NL
3258275328,3258275839,PL
3258275840,3258279935,NL
3258279936,3258281983,DE
3258282240,3258282495,NL
3258282496,3258283007,PL
3258283008,3258283519,NL
3258283520,3258284031,IR
3258284288,3258284543,GB
3258284544,3258285055,IR
3258285056,3258286079,RS
3258286080,3258286591,CZ
3258286592,3258287871,NL
3258288128,3258288383,US
3258288384,3258288639,ES
3258288640,3258288895,TR
3258288896,3258289151,NL
3258289152,3258289407,DE
3258289408,3258289663,AE
3258289664,3258289919,IN
3258289920,3258290175,GB
3258290176,3258291199,NL
3258291200,3258292223,ES
3258292224,3258293247,IT
3258293248,3258294271,BA
3258294272,3258297343,NL
3258297344,3258297599,BE
3258297600,3258297855,NL
3258297856,3258298111,SA
3258298112,3258298367,RU
3258298368,3258300415,IT
3258300416,3258301439,RU
3258301440,3258302463,US
3258302464,3258303487,PL
3258303488,3258304511,UA
3258304512,3258305535,CA
3258305536,3258308095,NL
3258308096,3258308607,CZ
3258308608,3258318847,NL
3258318848,3258320895,DE
3258320896,3258321919,GB
3258321920,3258322943,RU
3258322944,3258326015,PL
3258326016,3258327039,SE
3258327040,3258335231,TR
3258335232,3258336255,RU
3258336256,3258336511,SC
3258336512,3258336767,DE
3258336768,3258337023,FR
3258337024,3258337279,TR
3258337280,3258339327,DE
3258339328,3258340351,UA
3258340352,3258341887,DE
3258341888,3258342399,US
3258342400,3258343423,DE
3258343424,3258351615,NO
3258351616,3258352639,RO
3258352640,3258353663,RU
3258353664,3258354687,KW
3258354688,3258355711,BG
3258355712,3258355967,US
3258355968,3258356223,UA
3258356224,3258356479,NL
3258356480,3258356735,ES
3258356736,3258358783,RU
3258358784,3258359807,NL
3258359808,3258360831,UA
3258360832,3258361855,SE
3258361856,3258362879,IL
3258362880,3258363903,GB
3258363904,3258364927,RU
3258364928,3258365439,GB
3258365440,3258365695,DE
3258365696,3258365951,GB
3258365952,3258366975,UA
3258366976,3258367999,PL
3258368000,3258384383,KW
3258384384,3258384639,GB
3258384640,3258385407,DE
3258385408,3258386431,PL
3258386432,3258387455,EE
3258387456,3258394623,DE
3258394624,3258394879,GB
3258394880,3258395391,DE
3258395392,3258395647,GB
3258395648,3258396671,IT
3258396672,3258404863,DE
3258404864,3258405887,RO
3258405888,3258407935,DE
3258407936,3258408959,UZ
3258408960,3258410495,DE
3258410496,3258410751,BY
3258410752,3258411007,MD
3258411008,3258411263,IN
3258411264,3258411519,RU
3258411520,3258417151,DE
3258417152,3258417407,NL
3258417408,3258417663,US
3258417664,3258418175,DE
3258418176,3258418687,FR
3258418688,3258419199,DE
3258419200,3258419711,CY
3258419712,3258420223,DE
3258420224,3258421247,RU
3258421248,3258422271,DE
3258422272,3258423295,IT
3258423296,3258424319,RO
3258424320,3258424575,DE
3258424576,3258424831,GB
3258424832,3258425599,DE
3258425600,3258425855,RU
3258425856,3258426111,DE
3258426112,3258426367,RU
3258426368,3258427391,CY
3258427392,3258427647,RU
3258427648,3258427903,RO
3258427904,3258428159,MD
3258428160,3258428415,RU
3258428416,3258430719,DE
3258430720,3258431231,CZ
3258431232,3258431487,DE
3258431488,3258432255,BG
3258432256,3258432511,LB
3258432512,3258432767,PL
3258432768,3258433023,CY
3258433024,3258441727,DE
3258441728,3258441983,MH
3258441984,3258442239,BG
3258442240,3258442495,IQ
3258442496,3258442751,BG
3258442752,3258444287,DE
3258444288,3258445823,RU
3258445824,3258446847,DE
3258446848,3258447359,RU
3258447360,3258447871,DE
3258447872,3258448895,SE
3258448896,3258449663,DE
3258449664,3258449919,CZ
3258449920,3258468351,CH
3258468352,3258469375,HR
3258469376,3258470399,AT
3258470400,3258471423,UA
3258471424,3258472447,NL
3258472448,3258473471,IT
3258473472,3258474495,FR
3258474496,3258482687,CH
3258486784,3258487807,LI
3258487808,3258488063,IR
3258488064,3258488319,UA
3258488320,3258488575,DE
3258488576,3258488831,FI
3258488832,3258492927,CH
3258492928,3258494463,DE
3258494464,3258495999,CH
3258496000,3258496255,VN
3258496256,3258496511,DE
3258496512,3258496767,AL
3258496768,3258497023,FR
3258497024,3258498047,TR
3258498048,3258499071,CH
3258499072,3258500095,ES
3258500096,3258501119,GB
3258501120,3258503935,CH
3258503936,3258504191,PL
3258504192,3258504447,EE
3258504448,3258504703,DE
3258504704,3258504959,KG
3258504960,3258505215,IL
3258505216,3258505727,BE
3258505728,3258506495,CH
3258506496,3258506751,DE
3258506752,3258507263,BE
3258507264,3258507519,US
3258507520,3258507775,SG
3258507776,3258508287,US
3258508288,3258508799,CH
3258508800,3258509055,CZ
3258509056,3258509311,FR
3258509312,3258509567,US
3258509568,3258509823,DE
3258509824,3258510079,CH
3258510080,3258510335,US
3258510336,3258511359,ES
3258511360,3258511615,US
3258511616,3258511871,FR
3258511872,3258512383,DK
3258512384,3258512639,CH
3258512640,3258512895,US
3258512896,3258513407,DK
3258513408,3258514431,CH
3258514432,3258514943,GB
3258514944,3258515199,CH
3258515200,3258515455,SC
3258515456,3258575615,FR
3258575616,3258575871,GF
3258575872,3258580351,FR
3258580352,3258580383,RE
3258580384,3258580991,FR
3258580992,3258587135,SY
3258587136,3258588159,IT
3258588160,3258588927,ES
3258588928,3258589439,CZ
3258589440,3258589695,DE
3258589696,3258589951,LV
3258589952,3258590207,ES
3258590208,3258590463,US
3258590464,3258591487,NL
3258591488,3258591743,BD
3258591744,3258591999,KZ
3258592000,3258592255,CZ
3258592256,3258592511,NL
3258592512,3258592767,BG
3258592768,3258593279,NL
3258593280,3258595327,SY
3258595328,3258595583,DE
3258595584,3258595839,NL
3258595840,3258596095,PT
3258596096,3258596351,FI
3258596352,3258596607,EE
3258596608,3258596863,CZ
3258596864,3258597375,RU
3258597376,3258597631,GB
3258597632,3258597887,US
3258597888,3258598143,AT
3258598144,3258598399,EE
3258598400,3258598655,NL
3258598656,3258598911,RU
3258598912,3258599423,CZ
3258599424,3258600959,PS
3258600960,3258601471,RU
3258601472,3258601983,ES
3258601984,3258602495,CZ
3258602496,3258603519,ES
3258603520,3258613759,RU
3258613760,3258619903,SY
3258619904,3258620415,PS
3258620416,3258620927,MX
3258620928,3258621951,SY
3258621952,3258630143,RU
3258630144,3258634239,SE
3258634240,3258636287,SY
3258636288,3258637311,IT
3258637312,3258637823,PS
3258637824,3258638079,SE
3258638080,3258638335,IN
3258638336,3258642431,SY
3258642432,3258642687,PS
3258642688,3258642943,CZ
3258642944,3258643967,PS
3258643968,3258644223,CZ
3258644224,3258644479,PS
3258644480,3258646527,SY
3258646528,3258647039,GB
3258647040,3258647807,DE
3258647808,3258648063,KZ
3258648064,3258649599,DE
3258649600,3258649855,US
3258649856,3258652671,DE
3258652672,3258653695,HU
3258653696,3258654207,IQ
3258654208,3258654719,BG
3258654720,3258656767,DE
3258656768,3258657023,GB
3258657024,3258658303,DE
3258658304,3258658559,LT
3258658560,3258659839,DE
3258659840,3258660863,SE
3258660864,3258661375,GB
3258661376,3258661631,DE
3258661632,3258661887,LT
3258661888,3258681343,DE
3258681344,3258682367,NL
3258682368,3258682879,PL
3258682880,3258683135,LT
3258683136,3258686207,DE
3258686208,3258686463,LT
3258686464,3258686719,DE
3258686720,3258686975,ES
3258686976,3258687487,PL
3258687488,3258688511,DE
3258688512,3258689023,SG
3258689024,3258689535,LT
3258689536,3258689791,ES
3258689792,3258690047,DE
3258690048,3258690559,IR
3258690560,3258691583,DE
3258691584,3258691839,ES
3258691840,3258692351,AT
3258692352,3258692607,DE
3258692608,3258692863,FR
3258692864,3258693119,ES
3258693120,3258693375,SI
3258693376,3258693631,DE
3258693632,3258693887,RU
3258693888,3258694143,SI
3258694144,3258694399,PL
3258694400,3258694655,GE
3258694656,3258694911,GB
3258694912,3258695423,DE
3258695424,3258695551,IE
3258695552,3258695615,IT
3258695616,3258695679,ES
3258695680,3258696703,DE
3258696704,3258697727,ES
3258697728,3258698751,RO
3258698752,3258699775,DE
3258699776,3258700799,IT
3258700800,3258701311,DE
3258701312,3258701823,IR
3258701824,3258702847,NL
3258702848,3258703359,CY
3258703360,3258703615,VN
3258703616,3258703871,ES
3258703872,3258707967,DE
3258707968,3258708991,CZ
3258708992,3258709247,HU
3258709248,3258709503,CY
3258709504,3258709759,UA
3258709760,3258710015,NL
3258710016,3258711039,RO
3258711040,3258712063,DE
3258712064,3258728447,GB
3258728448,3258729471,FR
3258729472,3258729727,DE
3258729728,3258729983,UA
3258729984,3258730239,CH
3258730240,3258730495,NL
3258730496,3258730751,RO
3258730752,3258731007,TR
3258731008,3258731263,SI
3258731264,3258731519,NO
3258731520,3258731775,GB
3258731776,3258732031,UA
3258732032,3258732287,DE
3258732288,3258732543,PL
3258732544,3258732799,SE
3258732800,3258733055,IE
3258733056,3258733311,RO
3258733312,3258734079,GB
3258734080,3258734335,NL
3258734336,3258735103,FR
3258735104,3258735359,PL
3258735360,3258736639,FR
3258736640,3258745855,GB
3258745856,3258746879,NL
3258746880,3258763263,GB
3258763264,3258763519,OM
3258763520,3258763775,FR
3258763776,3258764031,PL
3258764032,3258764287,GB
3258764288,3258764543,DE
3258764544,3258764799,PL
3258764800,3258765055,BE
3258765056,3258765311,NL
3258765312,3258766335,IR
3258766336,3258767359,IT
3258767360,3258767615,GB
3258767616,3258767871,CH
3258767872,3258769919,GB
3258769920,3258770431,PL
3258770432,3258771455,IR
3258771456,3258772479,KZ
3258772480,3258773503,RU
3258773504,3258774015,FR
3258774016,3258774271,RU
3258774272,3258774527,DK
3258774528,3258775039,AE
3258775040,3258776063,RU
3258776064,3258776319,GE
3258776320,3258776575,PL
3258776576,3258777599,UA
3258777600,3258777855,LU
3258777856,3258778111,AE
3258778112,3258778367,CH
3258778368,3258778623,IR
3258778624,3258779647,NL
3258779648,3258780159,SC
3258780160,3258780671,CZ
3258780672,3258781695,IE
3258781696,3258782719,ES
3258782720,3258783743,MT
3258783744,3258784255,RU
3258784256,3258784511,DE
3258784512,3258784767,AT
3258784768,3258785023,FR
3258785024,3258785535,DE
3258785536,3258785791,IN
3258785792,3258786815,BG
3258786816,3258787839,AT
3258787840,3258788095,IN
3258788096,3258788351,PH
3258788352,3258788863,MX
3258788864,3258789887,US
3258789888,3258790911,CZ
3258790912,3258791935,UA
3258791936,3258792447,PL
3258792448,3258792703,MK
3258792704,3258792959,NL
3258792960,3258793983,RU
3258793984,3258794495,NL
3258794496,3258794751,PL
3258794752,3258795007,RU
3258795008,3258796031,PL
3258796032,3258796287,HK
3258796288,3258797055,UA
3258797056,3258797311,AZ
3258797312,3258797567,RU
3258797568,3258798079,GB
3258798080,3258798335,RO
3258798336,3258798591,FR
3258798592,3258799103,RO
3258799104,3258799359,DE
3258799360,3258799615,US
3258799616,3258800127,NL
3258800128,3258801151,AM
3258801152,3258801919,GB
3258801920,3258802175,NO
3258802176,3258806271,LU
3258806272,3258807295,IN
3258807296,3258808319,CY
3258808320,3258808575,NL
3258808576,3258808831,PL
3258808832,3258809343,GB
3258809344,3258810367,SY
3258810368,3258811391,NL
3258811392,3258812415,DE
3258812416,3258813439,MK
3258813440,3258814463,TR
3258814464,3258816511,GB
3258816512,3258817535,DE
3258817536,3258818047,CA
3258818048,3258818303,SE
3258818304,3258818559,PL
3258818560,3258834943,GB
3258834944,3258835967,TR
3258835968,3258836991,PL
3258836992,3258837247,RU
3258837248,3258837503,TJ
3258837504,3258838015,RU
3258838016,3258838527,CA
3258838528,3258838783,BR
3258838784,3258839039,CA
3258839040,3258840831,NL
3258840832,3258842111,GB
3258842112,3258843135,NL
3258843136,3258843391,RU
3258843392,3258843647,NL
3258843648,3258844159,RO
3258844160,3258844671,GB
3258844672,3258844927,NL
3258844928,3258845183,FR
3258845184,3258846207,GB
3258847232,3258847487,US
3258847488,3258847743,IR
3258847744,3258847999,CH
3258848000,3258848255,BY
3258848256,3258848511,DE
3258848512,3258848767,GB
3258848768,3258849023,RO
3258849024,3258849279,DE
3258849280,3258850559,GB
3258850560,3258850815,NL
3258850816,3258851071,DE
3258851072,3258851327,UA
3258851328,3258853375,GB
3258853376,3258853631,BG
3258853632,3258853887,PT
3258853888,3258854143,IL
3258854144,3258854399,IR
3258854400,3258854655,GB
3258854656,3258854911,SE
3258854912,3258855167,IL
3258855168,3258855423,DE
3258855424,3258856447,CH
3258856448,3258857471,TR
3258857472,3258858495,ES
3258858496,3258859519,IT
3258859520,3258859775,BY
3258859776,3258860031,GB
3258860032,3258860287,UA
3258860288,3258860543,DE
3258860544,3258861567,GB
3258861568,3258863615,NL
3258863616,3258867711,GB
3258867712,3258868735,FI
3258868736,3258869247,NO
3258869248,3258869503,GB
3258869504,3258869759,DE
3258869760,3258870015,US
3258870016,3258870271,NL
3258870272,3258870527,DE
3258870528,3258870783,US
3258870784,3258871807,UZ
3258871808,3258872063,IT
3258872064,3258872319,AT
3258872320,3258872575,BV
3258872576,3258872831,ES
3258872832,3258873087,CZ
3258873088,3258873343,CY
3258873344,3258873599,TR
3258873600,3258873855,JP
3258873856,3258874367,FI
3258874368,3258874879,RO
3258874880,3258875391,GB
3258875392,3258875903,RO
3258875904,3258876927,NL
3258876928,3258877951,GB
3258877952,3258878975,UA
3258878976,3258879999,AE
3258880000,3258881023,GB
3258881024,3258882047,SA
3258882048,3258883071,SE
3258883072,3258883327,IE
3258883328,3258883583,NL
3258883584,3258884095,ES
3258884096,3258884351,BR
3258884352,3258884607,CH
3258884608,3258884863,NL
3258884864,3258885119,NO
3258885120,3258886143,US
3258886144,3258887167,DK
3258887168,3258887679,GB
3258887680,3258887935,FR
3258887936,3258888191,GB
3258888192,3258890239,US
3258890240,3258891263,GB
3258891264,3258891519,FR
3258891520,3258891775,GB
3258891776,3258892287,ES
3258892288,3258894335,GB
3258894336,3258895359,IT
3258895360,3258897919,NO
3258897920,3258898431,HK
3258898432,3258899455,DK
3258899456,3258900479,DE
3258900480,3258901503,GR
3258901504,3258902527,US
3258902528,3258902783,GB
3258902784,3258903295,FR
3258903296,3258903551,GB
3258903552,3258903807,DE
3258903808,3258904063,AT
3258904064,3258904575,GB
3258904576,3258905599,PT
3258905600,3258905855,JP
3258905856,3258906111,HK
3258906112,3258906367,SG
3258906368,3258906623,US
3258906624,3258907647,DE
3258907648,3258908671,ES
3258908672,3258941439,GB
3258941440,3258943487,PL
3258943488,3258944511,BG
3258944512,3258945535,VG
3258945536,3258945791,ES
3258945792,3258946047,GB
3258946048,3258946303,IT
3258946304,3258946559,ES
3258946560,3258947583,CH
3258947584,3258948607,CZ
3258948608,3258949631,RU
3258949632,3258972159,GR
3258972160,3258974207,NO
3258974208,3259011071,DE
3259011072,3259012095,CY
3259012096,3259039743,DE
3259039744,3259105279,PT
3259105280,3259170815,GB
3259170816,3259191295,RU
3259191296,3259192319,KZ
3259192320,3259219967,RU
3259219968,3259220991,VG
3259220992,3259222015,RU
3259222016,3259222271,FI
3259222272,3259236351,RU
3259236352,3259243007,SE
3259243008,3259243263,SG
3259243264,3259243519,JP
3259243520,3259244543,SE
3259244544,3259244799,NO
3259244800,3259245823,SE
3259245824,3259246335,JP
3259246336,3259247615,SE
3259247616,3259247871,RO
3259247872,3259269375,SE
3259269376,3259269631,FR
3259269632,3259285567,SE
3259285568,3259285583,DK
3259285584,3259285599,FI
3259285600,3259285615,FR
3259285616,3259285631,SE
3259285632,3259285647,NO
3259285648,3259285663,PT
3259285664,3259285679,CZ
3259285680,3259285695,ES
3259285696,3259285711,SE
3259285712,3259285727,CH
3259285728,3259285743,GB
3259285744,3259293951,SE
3259293952,3259294207,BG
3259294208,3259301887,SE
3259301888,3259302143,DE
3259302144,3259302399,AE
3259302400,3259303423,CH
3259303424,3259305983,SE
3259305984,3259311103,NL
3259311104,3259311615,DE
3259311616,3259312639,NL
3259312640,3259313151,GB
3259313152,3259317247,NL
3259317248,3259318271,IT
3259318272,3259334655,GB
3259334656,3259338751,DE
3259338752,3259342847,NL
3259342848,3259343103,GB
3259343104,3259343359,US
3259343360,3259343615,TR
3259343616,3259343871,LV
3259343872,3259344127,KR
3259344128,3259344639,GB
3259344640,3259347199,NL
3259347200,3259347455,DE
3259347456,3259348223,NL
3259348224,3259348479,CH
3259348480,3259348735,NL
3259348736,3259348991,CH
3259348992,3259351039,NL
3259351040,3259351551,IT
3259351552,3259352063,FR
3259352064,3259352575,CH
3259352576,3259353087,IE
3259353088,3259354111,BG
3259354112,3259354367,NL
3259354368,3259354623,DE
3259354624,3259354879,FR
3259355136,3259359231,NO
3259359232,3259366655,ES
3259366656,3259366911,JM
3259366912,3259367423,ES
3259367424,3259427327,GB
3259427328,3259427583,US
3259427584,3259432959,GB
3259432960,3259433727,SE
3259433728,3259434239,US
3259434240,3259460351,SE
3259460352,3259460607,BG
3259460608,3259461375,SE
3259461376,3259461631,DE
3259461632,3259465215,SE
3259465216,3259465471,RS
3259465472,3259466239,SE
3259466240,3259466495,HU
3259466496,3259491071,SE
3259491072,3259491327,BE
3259491328,3259498495,SE
3259498496,3259760639,GB
3259760640,3259760895,ES
3259760896,3259761151,HK
3259761152,3259763199,DE
3259763200,3259764223,FR
3259764224,3259764479,DE
3259764480,3259764735,UZ
3259764736,3259765247,GB
3259765248,3259765503,KZ
3259765504,3259767295,DE
3259767296,3259767807,GB
3259767808,3259768063,RU
3259768064,3259768831,DE
3259768832,3259769855,RO
3259769856,3259770367,RU
3259770368,3259771135,DE
3259771136,3259771391,PL
3259771392,3259771903,DE
3259771904,3259772159,PL
3259772160,3259772415,DE
3259772416,3259772927,RU
3259772928,3259774207,DE
3259774208,3259774463,PL
3259774464,3259775487,DE
3259775488,3259775999,GB
3259776000,3259787263,DE
3259787264,3259787775,GB
3259787776,3259788287,DE
3259788288,3259788799,IN
3259788800,3259790079,DE
3259790080,3259790335,IL
3259790336,3259791359,IT
3259791360,3259791871,IN
3259791872,3259792383,DE
3259792384,3259793407,KZ
3259793408,3259794431,NL
3259794432,3259794943,US
3259794944,3259795199,SA
3259795200,3259795455,IT
3259795456,3259795711,CH
3259795712,3259795967,DE
3259795968,3259796223,GR
3259796224,3259796479,BE
3259796480,3259797247,DE
3259797248,3259797503,PL
3259797504,3259797759,DE
3259797760,3259798015,NL
3259798016,3259798527,CY
3259798528,3259798783,DE
3259798784,3259799295,NL
3259799296,3259800063,DE
3259800064,3259800575,CY
3259800576,3259803647,DE
3259803648,3259803903,NL
3259803904,3259804159,ES
3259804160,3259804671,DE
3259804672,3259804927,FI
3259804928,3259807743,DE
3259807744,3259807999,GE
3259808000,3259808255,NO
3259808256,3259808511,IT
3259808512,3259808767,TR
3259808768,3259809791,UA
3259809792,3259810047,KG
3259810048,3259811327,DE
3259811328,3259811583,EE
3259811584,3259811839,IT
3259811840,3259812863,SE
3259812864,3259813887,IT
3259813888,3259814399,DE
3259814400,3259814655,AT
3259814912,3259816191,DE
3259816192,3259816447,FI
3259816448,3259816703,KG
3259816704,3259816959,DE
3259816960,3259817471,RU
3259817472,3259817983,DE
3259817984,3259818239,SE
3259818240,3259818495,NL
3259818496,3259818751,DE
3259818752,3259819007,EE
3259819008,3259819775,DE
3259819776,3259820031,CH
3259820032,3259821055,DE
3259821056,3259821567,RU
3259821568,3259821823,KG
3259821824,3259822079,AT
3259822080,3259822591,PL
3259822592,3259822847,DE
3259822848,3259823103,US
3259823104,3259823615,RO
3259823616,3259823871,NO
3259823872,3259824127,CZ
3259824128,3259825151,ES
3259825152,3259825407,FI
3259825408,3259825663,DE
3259825664,3259826175,PL
3259826176,3259826191,DE
3259826192,3259826943,US
3259826944,3259827199,HK
3259827200,3259835903,US
3259835904,3259836159,PL
3259836160,3259836671,US
3259836672,3259837183,DE
3259837184,3259837439,US
3259837440,3259837695,TH
3259837696,3259837951,HK
3259837952,3259840511,DE
3259840512,3259841535,NL
3259841536,3259842447,US
3259842448,3259842463,DE
3259842464,3259842815,US
3259842816,3259843071,DE
3259843072,3259843327,MX
3259843328,3259843583,MY
3259843584,3259844351,DE
3259844352,3259844607,FI
3259844608,3259846655,US
3259846656,3259846911,DE
3259846912,3259848191,US
3259848192,3259848703,DE
3259848704,3259848959,US
3259848960,3259849215,IN
3259849216,3259850239,US
3259850240,3259850495,SI
3259850496,3259850751,GB
3259850752,3259850759,CZ
3259850760,3259850767,GB
3259850768,3259850783,ES
3259850784,3259850787,GB
3259850788,3259850791,PL
3259850792,3259850815,GB
3259850816,3259850847,DE
3259850848,3259850855,PT
3259850856,3259850863,DE
3259850864,3259850867,PL
3259850868,3259850871,DE
3259850872,3259850879,PL
3259850880,3259850887,BE
3259850888,3259850895,ES
3259850896,3259850903,GB
3259850904,3259850911,ES
3259850912,3259850943,GB
3259850944,3259850951,DE
3259850952,3259850959,GB
3259850960,3259850967,DE
3259850968,3259850983,GB
3259850984,3259850991,SE
3259850992,3259851007,US
3259851008,3259851011,DK
3259851012,3259851015,FR
3259851016,3259851023,IT
3259851024,3259851031,GB
3259851032,3259851039,ES
3259851040,3259851047,CH
3259851048,3259851055,IE
3259851056,3259851063,IT
3259851064,3259851071,NL
3259851072,3259851079,IT
3259851080,3259851087,GB
3259851088,3259851095,ES
3259851096,3259851103,GB
3259851104,3259851119,DE
3259851120,3259851135,GB
3259851136,3259851151,SE
3259851152,3259851155,CZ
3259851156,3259851167,PL
3259851168,3259851175,ES
3259851176,3259851187,PL
3259851188,3259851191,US
3259851192,3259851207,ES
3259851208,3259851215,PL
3259851216,3259851223,US
3259851224,3259851239,CH
3259851240,3259851255,GB
3259851256,3259851263,US
3259851264,3259851267,PL
3259851268,3259851271,BE
3259851272,3259851287,CZ
3259851288,3259851299,BE
3259851300,3259851303,US
3259851304,3259851311,CH
3259851312,3259851319,US
3259851320,3259851327,CH
3259851328,3259851343,IT
3259851344,3259851351,DE
3259851352,3259851359,HU
3259851360,3259851367,GB
3259851368,3259851375,IT
3259851376,3259851407,GB
3259851408,3259851423,IT
3259851424,3259851431,CZ
3259851432,3259851435,FR
3259851436,3259851447,GB
3259851448,3259851455,SE
3259851456,3259851463,LT
3259851464,3259851471,GB
3259851472,3259851479,DE
3259851480,3259851487,FR
3259851488,3259851491,GB
3259851492,3259851495,PT
3259851496,3259851519,CH
3259851520,3259851535,CZ
3259851536,3259851543,IE
3259851544,3259851551,CH
3259851552,3259851559,IT
3259851560,3259851575,PL
3259851576,3259851583,DE
3259851584,3259851587,GB
3259851588,3259851591,NL
3259851592,3259851599,BE
3259851600,3259851607,PL
3259851608,3259851615,CH
3259851616,3259851623,PL
3259851624,3259851631,CH
3259851632,3259851639,PL
3259851640,3259851655,GB
3259851656,3259851663,DE
3259851664,3259851671,RS
3259851672,3259851679,GB
3259851680,3259851687,IE
3259851688,3259851695,GB
3259851696,3259851703,NL
3259851704,3259851711,AT
3259851712,3259851719,SE
3259851720,3259851727,US
3259851728,3259851731,SK
3259851732,3259851739,PL
3259851740,3259851743,CZ
3259851744,3259851759,CH
3259851760,3259851767,GB
3259851768,3259851775,CH
3259851776,3259852039,DE
3259852040,3259852047,CZ
3259852048,3259852255,DE
3259852256,3259852263,CZ
3259852264,3259852375,DE
3259852376,3259852383,CZ
3259852384,3259852391,DE
3259852392,3259852399,AT
3259852400,3259852415,DE
3259852416,3259852423,CZ
3259852424,3259852527,DE
3259852528,3259852535,DK
3259852536,3259852559,DE
3259852560,3259852567,CZ
3259852568,3259852575,DE
3259852576,3259852583,LU
3259852584,3259852591,NL
3259852592,3259852599,AT
3259852600,3259852663,DE
3259852664,3259852671,DK
3259852672,3259852735,DE
3259852736,3259852743,LT
3259852744,3259852799,DE
3259852800,3259853311,GB
3259853312,3259853823,FR
3259853824,3259854591,GB
3259854592,3259854623,DE
3259854624,3259854631,DK
3259854632,3259854659,DE
3259854660,3259854671,DK
3259854672,3259854679,DE
3259854680,3259854683,DK
3259854684,3259854847,DE
3259854848,3259855103,NL
3259855104,3259855359,US
3259855360,3259855615,DE
3259855616,3259855871,US
3259855872,3259855879,CH
3259855880,3259855887,IT
3259855888,3259855895,ES
3259855896,3259855911,CH
3259855912,3259855919,NL
3259855920,3259855927,BG
3259855928,3259855943,ES
3259855944,3259855951,IT
3259855952,3259855959,US
3259855960,3259855967,PL
3259855968,3259855975,HU
3259855976,3259855991,IT
3259855992,3259855999,GB
3259856000,3259856007,IT
3259856008,3259856015,ES
3259856016,3259856023,RO
3259856024,3259856027,CZ
3259856028,3259856031,SK
3259856032,3259856039,PL
3259856040,3259856047,IT
3259856048,3259856055,CH
3259856056,3259856059,SK
3259856060,3259856063,RO
3259856064,3259856071,ES
3259856072,3259856079,SE
3259856080,3259856087,GB
3259856088,3259856095,DE
3259856096,3259856099,RO
3259856100,3259856103,PL
3259856104,3259856111,ES
3259856112,3259856119,CZ
3259856120,3259856127,ES
3259856128,3259856159,FR
3259856160,3259856167,NL
3259856168,3259856183,FR
3259856184,3259856191,NL
3259856192,3259856383,FR
3259856384,3259856895,GB
3259856896,3259857151,US
3259857152,3259857919,GB
3259857920,3259857927,NL
3259857928,3259857935,HU
3259857936,3259857943,CH
3259857944,3259857959,ES
3259857960,3259857967,BE
3259857968,3259857975,IT
3259857976,3259857983,ES
3259857984,3259857991,IE
3259857992,3259857999,GB
3259858000,3259858007,ES
3259858008,3259858015,AT
3259858016,3259858023,ES
3259858024,3259858027,RO
3259858028,3259858031,PT
3259858032,3259858047,GR
3259858048,3259858055,AT
3259858056,3259858059,SK
3259858060,3259858063,PT
3259858064,3259858175,ES
3259858176,3259858183,BE
3259858184,3259858215,GB
3259858216,3259858223,AT
3259858224,3259858239,ES
3259858240,3259858243,RO
3259858244,3259858247,BE
3259858248,3259858255,ES
3259858256,3259858263,RS
3259858264,3259858279,RO
3259858280,3259858287,ES
3259858288,3259858295,SE
3259858296,3259858303,BE
3259858304,3259858311,SK
3259858312,3259858315,ES
3259858316,3259858327,SK
3259858328,3259858335,CH
3259858336,3259858343,CZ
3259858344,3259858351,SK
3259858352,3259858375,ES
3259858376,3259858387,US
3259858388,3259858391,HR
3259858392,3259858399,BE
3259858400,3259858407,US
3259858408,3259858415,ES
3259858416,3259858423,IE
3259858424,3259858431,SE
3259858432,3259858435,HR
3259858436,3259858439,CH
3259858440,3259858447,IE
3259858448,3259858535,DK
3259858536,3259858583,FI
3259858584,3259858591,IE
3259858592,3259858599,DE
3259858600,3259858603,CH
3259858604,3259858607,IT
3259858608,3259858611,FR
3259858612,3259858623,IT
3259858624,3259858631,FR
3259858632,3259858639,NL
3259858640,3259858647,GR
3259858648,3259858655,FR
3259858656,3259858663,BE
3259858664,3259858671,DE
3259858672,3259858675,PT
3259858676,3259858683,SK
3259858684,3259858687,BE
3259858688,3259858695,NL
3259858696,3259858703,US
3259858704,3259858719,BE
3259858720,3259858735,IT
3259858736,3259858751,US
3259858752,3259858783,GB
3259858784,3259858799,ES
3259858800,3259858815,GB
3259858816,3259858819,PT
3259858820,3259858823,GB
3259858824,3259858831,CH
3259858832,3259858847,ES
3259858848,3259858855,FR
3259858856,3259858871,DK
3259858872,3259858879,FR
3259858880,3259858943,DK
3259858944,3259859455,US
3259859456,3259859711,DE
3259859712,3259859967,US
3259859968,3259860479,DE
3259860480,3259860735,US
3259860736,3259860991,TH
3259860992,3259862271,US
3259862272,3259862527,DE
3259862528,3259863295,US
3259863296,3259863551,DE
3259863552,3259864319,US
3259864320,3259864575,DE
3259864576,3259864831,US
3259864832,3259865087,JP
3259865088,3259865599,US
3259865600,3259865855,FI
3259865856,3259866111,US
3259866112,3259866623,DE
3259866624,3259866879,HU
3259866880,3259867135,DE
3259867136,3259868927,US
3259868928,3259869183,DE
3259869184,3259871231,US
3259871232,3259873279,DE
3259873280,3259873535,US
3259873536,3259873791,DE
3259873792,3259881471,US
3259881472,3259881727,SG
3259881728,3259881983,VN
3259881984,3259882239,DE
3259882240,3259882495,US
3259882496,3259882751,DE
3259882752,3259886591,US
3259886592,3259891711,DE
3259891712,3259957247,BE
3259957248,3259958271,DE
3259958272,3259959295,RU
3259959296,3259960319,UA
3259960320,3259961343,BG
3259961344,3259962367,FI
3259962368,3259963391,UA
3259963392,3259964415,PL
3259964416,3259964927,GB
3259964928,3259965183,US
3259965184,3259965439,RO
3259965440,3259966463,RU
3259966464,3259967487,LU
3259967488,3259968511,RS
3259968512,3259969535,RU
3259969536,3259970559,GB
3259970560,3259971583,CZ
3259971584,3259972607,IT
3259972608,3259973631,AE
3259973632,3259981823,PT
3259981824,3259990015,EG
3259990016,3260006399,FR
3260006400,3260014591,IT
3260014592,3260018687,NL
3260018688,3260019711,GB
3260019712,3260021247,DE
3260021248,3260021759,RU
3260021760,3260022271,LU
3260022272,3260022527,DE
3260022528,3260022783,RU
3260022784,3260284927,GB
3260284928,3260413951,RU
3260413952,3260414207,AE
3260414208,3260414975,NL
3260414976,3260415999,RU
3260416000,3260481535,FI
3260481536,3260481791,NL
3260481792,3260482047,CZ
3260482048,3260482303,ES
3260482304,3260482559,FR
3260482560,3260483071,CZ
3260483072,3260483327,MD
3260483328,3260483583,EE
3260483584,3260483839,CZ
3260483840,3260484095,RU
3260484096,3260484351,SG
3260484352,3260485631,CZ
3260485632,3260485887,EE
3260485888,3260486143,NL
3260486144,3260486399,CH
3260486400,3260487167,CZ
3260487168,3260487423,TR
3260487424,3260487679,ES
3260487680,3260487935,DE
3260487936,3260488191,CZ
3260488192,3260488703,NL
3260488704,3260488959,CZ
3260488960,3260489215,DE
3260489216,3260489471,SE
3260489472,3260489727,CZ
3260489728,3260490239,NL
3260490240,3260490495,FI
3260490496,3260490751,NL
3260490752,3260491007,FR
3260491008,3260491263,RU
3260491264,3260491519,CZ
3260491520,3260491775,TR
3260491776,3260492031,AT
3260492032,3260492287,TR
3260492288,3260492543,PL
3260492544,3260492799,RU
3260492800,3260493055,NL
3260493056,3260493311,CZ
3260493312,3260493567,RU
3260493568,3260493823,IT
3260493824,3260494079,CH
3260494080,3260494335,NL
3260494336,3260494591,CZ
3260494592,3260494847,IN
3260494848,3260495103,CZ
3260495104,3260495359,SK
3260495360,3260495871,DE
3260495872,3260496383,RU
3260496384,3260496639,DE
3260496640,3260496895,CZ
3260496896,3260497151,PL
3260497152,3260497663,NL
3260497664,3260497919,BE
3260497920,3260500223,CZ
3260500224,3260500479,BE
3260500480,3260500735,RU
3260500736,3260500991,CZ
3260500992,3260501247,RU
3260501248,3260501503,DE
3260501504,3260501759,PT
3260501760,3260502015,NL
3260502016,3260502271,RU
3260502272,3260502527,CZ
3260502528,3260503039,NL
3260503040,3260503295,RU
3260503296,3260503551,RS
3260503552,3260503807,RU
3260503808,3260504063,CZ
3260504064,3260504319,TH
3260504320,3260504575,LV
3260504576,3260504831,ID
3260504832,3260505087,CZ
3260505088,3260506111,RU
3260506112,3260506623,CH
3260506624,3260507135,RU
3260507136,3260507391,CZ
3260507392,3260508415,RU
3260508416,3260508671,DE
3260508672,3260508927,LT
3260508928,3260509183,RU
3260509184,3260509439,PL
3260509440,3260509695,CH
3260509696,3260510719,RU
3260510720,3260510975,CZ
3260510976,3260511743,NL
3260511744,3260511999,RU
3260512000,3260512255,GR
3260512256,3260512511,BE
3260512512,3260512767,GB
3260512768,3260513023,CZ
3260513024,3260513279,GB
3260513280,3260513535,CZ
3260513536,3260513791,DE
3260513792,3260514303,CZ
3260514304,3260514559,PL
3260514560,3260514815,CZ
3260514816,3260515071,NL
3260515072,3260515327,RU
3260515328,3260515583,NL
3260515584,3260515839,RU
3260515840,3260516095,NL
3260516096,3260516351,CZ
3260516352,3260516607,IT
3260516608,3260516863,NL
3260516864,3260517119,KZ
3260517120,3260517375,CZ
3260517376,3260517631,RU
3260517632,3260517887,DE
3260517888,3260518143,GE
3260518144,3260519423,RU
3260519424,3260519679,DE
3260519680,3260519935,CZ
3260519936,3260520191,AU
3260520192,3260520447,RU
3260520448,3260520959,CZ
3260520960,3260521471,NL
3260521472,3260521983,DE
3260521984,3260522495,CZ
3260522496,3260522751,MD
3260522752,3260523007,RU
3260523008,3260523263,RO
3260523264,3260523519,MD
3260523520,3260523775,CZ
3260523776,3260524287,FR
3260524288,3260524543,CZ
3260524544,3260524799,RU
3260524800,3260525055,DE
3260525056,3260526591,CZ
3260526592,3260527103,NL
3260527104,3260527359,CH
3260527360,3260527615,CZ
3260527616,3260528127,NL
3260528128,3260528383,MD
3260528384,3260529151,CZ
3260529152,3260529407,NL
3260529408,3260529663,RU
3260529664,3260529919,CZ
3260529920,3260530175,DE
3260530176,3260530431,RU
3260530432,3260530687,NL
3260530688,3260531711,CZ
3260531712,3260532223,RU
3260532224,3260532479,AL
3260532480,3260532735,DE
3260532736,3260532991,NL
3260532992,3260533247,RU
3260533248,3260533503,NL
3260533504,3260534015,CZ
3260534016,3260534271,FR
3260534272,3260534783,RU
3260534784,3260535039,NL
3260535040,3260535295,CZ
3260535296,3260535551,RU
3260535552,3260536063,CZ
3260536064,3260536831,RU
3260536832,3260537087,CZ
3260537088,3260537343,FR
3260537344,3260537599,CZ
3260537600,3260538623,NL
3260538624,3260538879,CZ
3260538880,3260539135,SG
3260539136,3260539391,CZ
3260539392,3260539647,RU
3260539648,3260539903,DE
3260539904,3260540159,NL
3260540160,3260540415,TW
3260540416,3260540671,BG
3260540672,3260540927,TW
3260540928,3260541183,RU
3260541184,3260541439,BD
3260541440,3260542975,RU
3260542976,3260543231,BE
3260543232,3260543743,CZ
3260543744,3260543999,NL
3260544000,3260544255,RU
3260544256,3260544511,IE
3260544512,3260545023,CZ
3260545024,3260545279,RU
3260545280,3260545535,CZ
3260545536,3260545791,NL
3260545792,3260546047,CZ
3260546048,3260546815,RU
3260546816,3260547327,DE
3260547328,3260547583,UA
3260547584,3260547839,NL
3260547840,3260548095,PL
3260548096,3260548351,IE
3260548352,3260548607,DK
3260548608,3260549119,GB
3260549120,3260549375,AT
3260549376,3260549631,CH
3260549632,3260549887,DE
3260550144,3260550655,GB
3260550656,3260551167,RU
3260551168,3260554751,DE
3260554752,3260555263,CH
3260555264,3260563455,HU
3260563456,3260572159,GB
3260572160,3260572671,DE
3260572672,3260573695,GB
3260573696,3260574719,NL
3260574720,3260575743,IL
3260575744,3260577791,FR
3260577792,3260579839,IN
3260579840,3260580351,PL
3260580352,3260580863,HU
3260580864,3260581375,GB
3260581376,3260581887,US
3260581888,3260582399,IL
3260582400,3260583423,RU
3260583424,3260583935,IN
3260583936,3260584447,NO
3260584448,3260585471,RO
3260585472,3260585983,PL
3260585984,3260586495,UA
3260586496,3260587007,PL
3260587008,3260587519,FR
3260587520,3260588031,PL
3260588032,3260596223,DE
3260596224,3260596735,CH
3260596736,3260597247,SK
3260597248,3260597759,CH
3260597760,3260598783,RU
3260598784,3260599039,KZ
3260599040,3260599295,PL
3260599296,3260599807,RU
3260599808,3260600319,UA
3260600320,3260601343,RU
3260601344,3260601855,CH
3260601856,3260602367,PL
3260602368,3260602879,DK
3260602880,3260603391,SK
3260603392,3260603903,UA
3260603904,3260604415,FR
3260604416,3260604927,PL
3260604928,3260605439,DE
3260605440,3260605951,BG
3260605952,3260606463,NL
3260606464,3260606719,IR
3260606720,3260607487,SE
3260607488,3260607999,NL
3260608000,3260608511,RO
3260608512,3260609023,IE
3260609024,3260609535,GB
3260609536,3260610047,PL
3260610048,3260610559,FR
3260610560,3260611071,RO
3260611072,3260611583,BG
3260611584,3260612095,DE
3260612096,3260612607,SE
3260612608,3260678143,FI
3260678144,3260743679,IL
3260743680,3260809215,JP
3260809216,3260874751,PL
3260874752,3260875007,RU
3260875008,3260875263,ES
3260875264,3260875519,RU
3260875520,3260875775,AE
3260875776,3260876799,US
3260876800,3260877823,DE
3260877824,3260878847,CZ
3260878848,3260879871,GB
3260879872,3260880127,NL
3260880128,3260880895,SG
3260880896,3260881919,UZ
3260881920,3260882943,RU
3260882944,3260883455,PL
3260883456,3260883967,NL
3260883968,3260884991,RO
3260884992,3260886015,IT
3260886016,3260887039,ES
3260887040,3260887551,PL
3260887552,3260888063,TR
3260888064,3260889087,US
3260889088,3260889343,RU
3260889344,3260889599,GB
3260889600,3260889855,US
3260889856,3260890111,RU
3260890112,3260890367,PY
3260890368,3260890623,NL
3260890624,3260890879,TR
3260890880,3260891135,PL
3260891136,3260892159,EE
3260892160,3260893183,DE
3260893184,3260893439,FI
3260893440,3260894207,SE
3260894208,3260894719,AT
3260894720,3260894975,DE
3260894976,3260895231,AT
3260895232,3260898303,SE
3260898304,3260899327,GB
3260899328,3260900095,CH
3260900096,3260900351,PL
3260900352,3260900607,RO
3260900608,3260901119,NL
3260901120,3260903423,DE
3260903424,3260906239,CH
3260906240,3260906303,QA
3260906304,3260906367,GR
3260906368,3260906495,DE
3260906496,3260907519,PL
3260907520,3260915711,GB
3260915712,3260923903,AT
3260923904,3260940287,US
3260940288,3261071359,DE
3261071360,3261136895,AT
3261136896,3261145087,DE
3261145088,3261153279,US
3261153280,3261177855,DE
3261177856,3261180927,US
3261180928,3261181951,DE
3261181952,3261186047,US
3261186048,3261194239,DE
3261194240,3261202431,US
3261202432,3261267967,FR
3261267968,3261270015,DE
3261270016,3261271039,FR
3261271040,3261272063,DE
3261272064,3261273087,BA
3261273088,3261273855,DE
3261273856,3261274111,FR
3261274112,3261274623,US
3261274624,3261274879,DE
3261274880,3261275135,US
3261275136,3261276159,SK
3261276160,3261276415,DE
3261276416,3261276671,FI
3261276672,3261276927,DE
3261276928,3261277183,IT
3261277184,3261277695,DE
3261277696,3261278207,FR
3261278208,3261279231,NO
3261279232,3261280255,DK
3261280256,3261280767,DE
3261280768,3261281279,FR
3261281280,3261281535,NL
3261281536,3261282559,DE
3261282560,3261282815,TR
3261282816,3261283327,AT
3261283328,3261284351,IL
3261284352,3261284607,NL
3261284608,3261284863,GB
3261284864,3261285375,AT
3261285376,3261286399,DE
3261286400,3261286655,TR
3261286656,3261286911,DE
3261286912,3261287167,TR
3261287168,3261287935,DE
3261287936,3261288191,BR
3261288192,3261288447,HK
3261288448,3261288703,BR
3261288704,3261288959,US
3261288960,3261289983,DE
3261289984,3261290495,PL
3261290496,3261292543,DE
3261292544,3261293055,PL
3261293056,3261293567,DE
3261293568,3261294591,FR
3261294592,3261294847,ES
3261294848,3261295103,PL
3261295104,3261295359,FR
3261295360,3261295615,GB
3261295616,3261296639,DE
3261296640,3261296895,SG
3261296896,3261297151,DE
3261297152,3261297663,DK
3261297664,3261297919,RU
3261297920,3261298175,PL
3261298176,3261307903,DE
3261307904,3261308159,FR
3261308160,3261308415,LU
3261308416,3261308671,GE
3261308672,3261308927,LU
3261308928,3261333503,DE
3261333504,3261399039,FI
3261399040,3261472767,GB
3261472768,3261473791,RO
3261473792,3261474047,JP
3261474048,3261474303,DE
3261474304,3261474559,GB
3261474560,3261474815,NL
3261474816,3261491455,RO
3261491456,3261491711,MD
3261491712,3261495295,RO
3261495296,3261495807,CA
3261495808,3261496319,FR
3261496320,3261502207,RO
3261502208,3261502463,LU
3261502464,3261502719,HK
3261502720,3261502975,DE
3261502976,3261505535,RO
3261505536,3261506047,FR
3261506048,3261509119,RO
3261509120,3261509375,FR
3261509376,3261509631,DK
3261509632,3261510655,RO
3261510656,3261510911,FR
3261510912,3261511167,SG
3261511168,3261511679,US
3261511680,3261519615,RO
3261519616,3261519871,DE
3261519872,3261520127,IT
3261520128,3261520383,FR
3261520384,3261521919,RO
3261521920,3261522431,US
3261522432,3261522687,SG
3261522688,3261522943,DE
3261522944,3261525759,RO
3261525760,3261526015,NL
3261526016,3261530111,RO
3261530112,3261534975,SE
3261534976,3261535231,DK
3261535232,3261546495,SE
3261546496,3261550591,AT
3261550592,3261566975,SE
3261566976,3261567231,DE
3261567232,3261591039,SE
3261591040,3261591295,US
3261591296,3261593599,SE
3261593600,3261593855,FI
3261593856,3261595647,SE
3261595648,3261595903,NL
3261595904,3261596159,BR
3261596160,3261596671,CH
3261596672,3261596927,PH
3261596928,3261597439,TR
3261597440,3261597695,US
3261597696,3261597951,CA
3261597952,3261598463,NL
3261598464,3261598719,RU
3261598720,3261599743,LU
3261599744,3261600767,FR
3261600768,3261601791,UA
3261601792,3261617407,NL
3261617408,3261617663,BR
3261617664,3261618175,CH
3261618176,3261618687,NL
3261618688,3261619711,FR
3261619712,3261619967,SE
3261619968,3261620223,JO
3261620224,3261620479,NL
3261620480,3261620991,NO
3261620992,3261622271,NL
3261622272,3261623295,IN
3261623296,3261624319,DE
3261624320,3261624575,NO
3261624576,3261624831,NL
3261624832,3261625343,DE
3261625344,3261626367,NL
3261626368,3261626623,AE
3261626624,3261626879,DE
3261626880,3261627135,CY
3261627136,3261627391,GB
3261627392,3261627903,NL
3261627904,3261628159,NO
3261628160,3261628415,DK
3261628416,3261628671,SC
3261628672,3261628927,NL
3261628928,3261629183,DE
3261629184,3261629439,LT
3261629440,3261629695,BG
3261629696,3261629951,NZ
3261629952,3261630207,DE
3261630208,3261630463,US
3261630464,3261630719,NL
3261630720,3261630975,TR
3261630976,3261631231,UA
3261631232,3261631743,RU
3261631744,3261631999,ES
3261632000,3261632255,VN
3261632256,3261632511,US
3261632512,3261632767,JP
3261632768,3261633479,DE
3261633480,3261633487,HK
3261633488,3261633533,DE
3261633534,3261633535,HK
3261633536,3261634047,DE
3261634048,3261634559,NL
3261634560,3261635583,DE
3261635584,3261635839,LT
3261635840,3261636095,NL
3261636096,3261636351,LT
3261636352,3261643775,NL
3261643776,3261644799,FR
3261644800,3261652991,NL
3261652992,3261653503,RU
3261653504,3261653759,SA
3261653760,3261654015,ES
3261654016,3261654271,KZ
3261654272,3261654527,MD
3261654528,3261654783,SC
3261654784,3261655039,NO
3261655040,3261655295,KZ
3261655296,3261655551,RU
3261655552,3261655807,GB
3261655808,3261656063,RO
3261656064,3261656319,GB
3261656320,3261656575,NL
3261656576,3261656831,MD
3261656832,3261657087,FR
3261657088,3261661183,NL
3261661184,3261662463,RO
3261662464,3261662719,TR
3261662720,3261664255,RO
3261664256,3261664511,US
3261664512,3261664767,FR
3261664768,3261665023,SG
3261665024,3261665279,NL
3261665280,3261666559,RO
3261666560,3261666815,LT
3261666816,3261669375,RO
3261669376,3261670399,MT
3261670400,3261671423,IT
3261671424,3261673471,DE
3261673472,3261675519,IT
3261675520,3261675775,LV
3261675776,3261676031,IT
3261676032,3261676543,FR
3261676544,3261676799,UA
3261676800,3261677055,IT
3261677056,3261677567,FR
3261677568,3261684735,GB
3261684736,3261685759,IT
3261685760,3261687807,DE
3261687808,3261689855,KZ
3261689856,3261691903,GB
3261691904,3261694463,NL
3261694464,3261694975,RU
3261694976,3261695487,PL
3261695488,3261695999,GB
3261696000,3261696511,UA
3261696512,3261697023,NL
3261697024,3261698047,RO
3261698048,3261698559,UA
3261698560,3261699071,DE
3261699072,3261699327,RU
3261699328,3261699583,GB
3261699584,3261700095,NL
3261700096,3261700607,FR
3261700608,3261701119,GB
3261701120,3261701631,RU
3261701632,3261702143,PL
3261702144,3261710335,GB
3261710336,3261718527,RU
3261718528,3261726719,IS
3261726720,3261734911,ES
3261734912,3261743103,GB
3261743104,3261751295,MT
3261751296,3261759487,EE
3261759488,3261767679,IE
3261767680,3261775871,RS
3261775872,3261776383,PL
3261776384,3261777407,RU
3261777408,3261777663,PL
3261777664,3261777919,GB
3261777920,3261778431,PL
3261778432,3261778943,IE
3261778944,3261779455,IL
3261779456,3261779711,RO
3261779712,3261779967,GB
3261779968,3261780479,FR
3261780480,3261780991,PL
3261780992,3261781503,FR
3261781504,3261782015,PL
3261782016,3261783039,UA
3261783040,3261784063,GB
3261784064,3261796351,AT
3261796352,3261796607,GB
3261796608,3261796863,RU
3261796864,3261797119,PL
3261797120,3261797375,US
3261797376,3261797631,AT
3261797632,3261797887,RU
3261797888,3261798143,TR
3261798144,3261798399,RU
3261798400,3261805567,AT
3261805568,3261806591,DE
3261806592,3261810175,AT
3261810176,3261810687,US
3261810688,3261811711,CZ
3261811712,3261812735,NL
3261812736,3261812991,RU
3261812992,3261813247,DE
3261813248,3261815807,AT
3261815808,3261816063,UA
3261816064,3261820927,AT
3261820928,3261821183,RO
3261821184,3261821439,FI
3261821440,3261821695,FR
3261821696,3261821951,UZ
3261821952,3261822207,IR
3261822464,3261822719,GB
3261822720,3261822975,SE
3261822976,3261823231,PL
3261823232,3261823487,FR
3261823488,3261823743,RO
3261823744,3261823999,BE
3261824000,3261824255,RU
3261824256,3261824511,KG
3261824512,3261824767,DE
3261824768,3261825023,PT
3261825024,3261825535,DE
3261825536,3261827071,AT
3261827072,3261828095,ES
3261828096,3261833215,AT
3261833216,3261834751,DE
3261834752,3261837311,AT
3261837312,3261838335,UA
3261838336,3261839359,NL
3261839360,3261843455,AT
3261843456,3261843711,RU
3261843712,3261844479,AT
3261844480,3261845503,DE
3261845504,3261850879,AT
3261850880,3261851135,TR
3261851136,3261851647,UA
3261851648,3261855743,AT
3261855744,3261856767,GB
3261856768,3261857791,DE
3261857792,3261923327,CZ
3261923328,3261988863,NL
3261988864,3261989119,GB
3261989120,3261989375,TR
3261989376,3261989887,UA
3261989888,3261990399,PL
3261990400,3261990655,UA
3261990656,3261990911,TR
3261990912,3261991935,RU
3261991936,3261992191,AE
3261992192,3261992447,GB
3261992448,3261992703,AE
3261992704,3261992959,US
3261992960,3261993471,IT
3261993472,3261993727,RU
3261993728,3261993983,TR
3261993984,3261994495,IT
3261994496,3261994751,NL
3261994752,3261995007,FI
3261995008,3261995263,IR
3261995264,3261995519,DE
3261995520,3261995775,PL
3261995776,3261996031,NL
3261996032,3261996543,IT
3261996544,3261996799,NL
3261996800,3262001151,FI
3262001152,3262002175,IN
3262002176,3262002687,RU
3262002688,3262003199,KZ
3262003200,3262004223,IT
3262004224,3262004479,US
3262004480,3262004735,AT
3262004736,3262005247,FI
3262005248,3262005759,PL
3262005760,3262006015,RU
3262006016,3262006271,NL
3262006272,3262006527,RO
3262006528,3262006783,FR
3262006784,3262007039,SE
3262007040,3262007295,RU
3262007296,3262007551,NL
3262007552,3262007807,GR
3262007808,3262008063,GB
3262008064,3262008319,US
3262008320,3262008575,PT
3262008576,3262008831,PL
3262008832,3262009087,AT
3262009088,3262009343,UA
3262009344,3262010367,RU
3262010368,3262010623,OM
3262010624,3262011135,DE
3262011136,3262011391,BG
3262011392,3262012415,ES
3262012416,3262013439,US
3262013440,3262017535,SE
3262017536,3262017791,US
3262017792,3262018047,FR
3262018048,3262018303,PL
3262018304,3262018559,BE
3262018560,3262018815,PL
3262018816,3262019071,GB
3262019072,3262019327,IR
3262019328,3262019583,SK
3262019584,3262020607,CH
3262020608,3262021119,GB
3262021120,3262021375,UA
3262021376,3262021631,PL
3262021632,3262021887,CH
3262021888,3262022143,UA
3262022144,3262022911,GB
3262022912,3262023167,DE
3262023168,3262023679,HK
3262023680,3262023935,DK
3262023936,3262024191,GB
3262024192,3262024703,HK
3262024704,3262025215,HU
3262025216,3262025471,FI
3262025472,3262025727,US
3262025728,3262026751,IE
3262026752,3262027263,HU
3262027264,3262027519,US
3262027520,3262027775,BE
3262027776,3262028287,RU
3262028288,3262028543,FR
3262028544,3262028799,AE
3262028800,3262030847,DE
3262030848,3262031871,FR
3262031872,3262032895,TR
3262032896,3262033919,DE
3262033920,3262038015,FI
3262038016,3262038271,FR
3262038272,3262038527,OM
3262038528,3262038783,IE
3262038784,3262039039,NO
3262039040,3262039295,DE
3262039296,3262039551,GB
3262039552,3262039807,GR
3262039808,3262040063,SI
3262040064,3262040319,US
3262040320,3262040575,ES
3262040576,3262041087,RU
3262041088,3262041343,US
3262041344,3262041599,BG
3262041600,3262041855,DK
3262041856,3262042111,NO
3262042112,3262042367,FR
3262042624,3262042879,US
3262042880,3262043135,NL
3262043136,3262043391,RO
3262043392,3262043647,TR
3262043648,3262043903,NL
3262043904,3262044159,GB
3262044160,3262044415,RS
3262044416,3262044671,LU
3262044672,3262044927,AT
3262044928,3262045183,UA
3262045184,3262045439,LT
3262045440,3262045695,NL
3262045696,3262045951,SI
3262045952,3262046207,RU
3262046208,3262049279,FI
3262049280,3262049535,JO
3262049536,3262049791,GB
3262049792,3262050047,PL
3262050048,3262050303,GB
3262050304,3262050559,PL
3262050560,3262050815,GB
3262050816,3262051071,AE
3262051072,3262051583,GB
3262051584,3262051839,FR
3262051840,3262052095,GB
3262052096,3262052351,MD
3262052352,3262052607,UA
3262052608,3262052863,IL
3262052864,3262053119,GB
3262053120,3262053375,AM
3262053376,3262053631,UA
3262053632,3262053887,RU
3262053888,3262054143,UA
3262054144,3262054399,ES
3262054400,3262119935,FI
3262119936,3262124031,AX
3262124032,3262128127,DE
3262128128,3262152703,GB
3262152704,3262185471,AT
3262185472,3262191615,DE
3262191616,3262192639,AT
3262192640,3262193663,ES
3262193664,3262193919,UA
3262193920,3262194175,DE
3262194176,3262194687,RU
3262194688,3262195199,BG
3262195200,3262195455,FI
3262195456,3262195711,BG
3262195712,3262196735,DE
3262196736,3262197759,GB
3262197760,3262200319,DE
3262200320,3262200575,UA
3262200576,3262200831,FI
3262200832,3262201087,DE
3262201088,3262201343,TR
3262201344,3262201855,ES
3262201856,3262202111,US
3262202112,3262202623,DE
3262202624,3262202879,US
3262202880,3262203391,ES
3262203392,3262203647,TR
3262203648,3262203903,DE
3262203904,3262204927,FI
3262204928,3262205951,DE
3262205952,3262206463,RO
3262206464,3262207999,DE
3262208000,3262209023,IT
3262209024,3262209279,TR
3262209280,3262209575,DE
3262209576,3262209791,AL
3262209792,3262212095,DE
3262212096,3262213119,RU
3262213120,3262214143,GB
3262214144,3262214655,DE
3262214656,3262214911,TR
3262214912,3262215167,DE
3262215168,3262215423,IR
3262215424,3262221055,DE
3262221056,3262221567,RU
3262221568,3262221823,DE
3262221824,3262222079,RU
3262222080,3262223871,DE
3262223872,3262224639,RU
3262224640,3262224895,NL
3262224896,3262225151,AT
3262225152,3262225407,RU
3262225408,3262226431,ES
3262226432,3262227455,DE
3262227456,3262227711,AT
3262227712,3262227967,RO
3262227968,3262228735,DE
3262228736,3262229247,AT
3262229248,3262229503,NL
3262229504,3262229759,AT
3262229760,3262235135,DE
3262235136,3262235647,US
3262235648,3262236671,IQ
3262236672,3262238975,DE
3262238976,3262239231,LV
3262239232,3262239743,US
3262239744,3262240767,GB
3262240768,3262241535,DE
3262241536,3262241791,RU
3262241792,3262242047,US
3262242048,3262242303,DE
3262242304,3262242559,IE
3262242560,3262242815,LT
3262242816,3262243327,DE
3262243328,3262243583,TR
3262243584,3262243839,US
3262243840,3262244863,CH
3262244864,3262245119,RU
3262245120,3262245375,DE
3262245376,3262246911,RU
3262246912,3262248191,DE
3262248192,3262248447,RU
3262248448,3262248959,DE
3262248960,3262249471,PL
3262249472,3262283775,DE
3262283776,3262284799,RU
3262284800,3262285823,UA
3262285824,3262286079,JP
3262286080,3262286847,DE
3262286848,3262287871,SE
3262287872,3262288127,MD
3262288128,3262288383,FR
3262288384,3262288895,IL
3262288896,3262289919,PL
3262289920,3262316543,SE
3262316544,3262382079,DE
3262382080,3262414847,IT
3262414848,3262415359,DE
3262415360,3262416895,PL
3262416896,3262417407,RO
3262417408,3262417919,PL
3262417920,3262418175,KZ
3262418176,3262418431,UA
3262418432,3262419455,FR
3262419456,3262419711,GR
3262419712,3262419967,ES
3262419968,3262420479,US
3262420480,3262420991,CH
3262420992,3262421503,ES
3262421504,3262422015,PL
3262422016,3262422527,SE
3262422528,3262423039,AT
3262423040,3262423551,GB
3262423552,3262424063,RU
3262424064,3262424575,IT
3262424576,3262424831,PL
3262424832,3262425087,GB
3262425088,3262425343,IL
3262425344,3262425599,RU
3262425600,3262426111,UA
3262426112,3262426367,FI
3262426368,3262426623,US
3262426624,3262427135,GB
3262427136,3262427647,FR
3262427648,3262428159,DK
3262428160,3262428671,CH
3262428672,3262429183,PL
3262429184,3262429695,ES
3262429696,3262430207,DE
3262430208,3262430719,EE
3262430720,3262431231,TR
3262431232,3262431743,PL
3262431744,3262432255,RU
3262432256,3262432767,CH
3262432768,3262433279,GB
3262433280,3262433791,RO
3262433792,3262434303,FR
3262434304,3262434815,SI
3262434816,3262435327,DE
3262435328,3262435583,IN
3262435584,3262435839,IT
3262435840,3262436351,CH
3262436352,3262436863,SE
3262436864,3262437887,RU
3262437888,3262438399,FR
3262438400,3262438655,ES
3262438656,3262438911,GB
3262438912,3262439423,DK
3262439424,3262439935,AT
3262439936,3262440191,IL
3262440192,3262440447,GB
3262440448,3262440959,TR
3262440960,3262441215,DK
3262441216,3262441471,FI
3262441472,3262441983,SK
3262441984,3262442239,DE
3262442240,3262442495,HK
3262442496,3262443007,TR
3262443008,3262443263,GB
3262443264,3262443519,DE
3262443520,3262444031,ES
3262444032,3262444543,AT
3262444544,3262445055,GG
3262445056,3262445567,RO
3262445568,3262446591,DE
3262446592,3262447103,PL
3262447104,3262447615,CH
3262447616,3262460415,PT
3262460416,3262460479,TJ
3262460480,3262460543,CH
3262460544,3262460671,RU
3262460672,3262460927,AE
3262460928,3262461055,CY
3262461056,3262461119,JP
3262461120,3262461183,TM
3262461184,3262461247,ES
3262461248,3262461311,TR
3262461312,3262461439,NO
3262461440,3262461567,DE
3262461568,3262461695,GB
3262461760,3262461823,XK
3262461824,3262461951,RO
3262461952,3262463999,IQ
3262464000,3262464255,IR
3262464256,3262464511,RU
3262464512,3262464767,FR
3262464768,3262465023,DE
3262465024,3262465279,BE
3262465280,3262465535,AE
3262465536,3262465791,RU
3262465792,3262466047,DE
3262466304,3262466559,GB
3262466560,3262466815,DE
3262466816,3262467071,PT
3262467072,3262467327,TR
3262467328,3262467583,CY
3262467584,3262467839,CH
3262467840,3262468095,RO
3262468096,3262468351,RU
3262468352,3262468607,PL
3262468608,3262468863,IR
3262468864,3262469119,BY
3262469120,3262469375,DE
3262469376,3262469631,US
3262469632,3262469887,PL
3262469888,3262470143,TR
3262470144,3262470399,NL
3262470400,3262470655,RU
3262470656,3262470911,CH
3262470912,3262471423,DE
3262471424,3262471679,PT
3262471680,3262471935,EE
3262471936,3262480383,DE
3262480384,3262488575,GB
3262488576,3262496767,SE
3262496768,3262504959,FR
3262504960,3262505471,DE
3262505472,3262505983,GB
3262505984,3262506495,PL
3262506496,3262507007,RO
3262507008,3262507519,DK
3262507520,3262508543,RO
3262508544,3262509055,GB
3262509056,3262509567,PL
3262509568,3262510079,RO
3262510080,3262511103,FR
3262511104,3262511615,GB
3262511616,3262512127,RU
3262512128,3262512639,UA
3262512640,3262513151,DE
3262513152,3262578687,AT
3262578688,3262611455,FR
3262611456,3262627839,GB
3262627840,3262636031,IT
3262636032,3262644223,BE
3262644224,3262644479,US
3262644480,3262648319,NL
3262648320,3262648831,DE
3262648832,3262649855,NL
3262649856,3262650367,DE
3262650368,3262650623,RU
3262650624,3262654463,NL
3262654464,3262654719,DE
3262654720,3262655231,NL
3262655232,3262655487,US
3262655488,3262658303,NL
3262658304,3262658559,DE
3262658560,3262664703,NL
3262664704,3262670847,DE
3262670848,3262671359,RU
3262671360,3262672127,NL
3262672128,3262672895,DE
3262672896,3262673919,US
3262673920,3262674175,RU
3262674176,3262674687,NL
3262674688,3262674943,DE
3262674944,3262675199,US
3262675200,3262675455,DE
3262675456,3262675967,US
3262675968,3262676479,NL
3262676480,3262676735,DE
3262676736,3262678271,NL
3262678272,3262678527,GB
3262678528,3262681087,NL
3262681088,3262681343,NO
3262681344,3262682623,NL
3262682624,3262682879,DE
3262682880,3262686207,NL
3262686208,3262686463,HK
3262686464,3262686719,NL
3262686720,3262686751,GB
3262686752,3262686783,DE
3262686784,3262686815,FR
3262686816,3262686847,NO
3262686848,3262686879,SE
3262686880,3262686911,DK
3262686912,3262686943,AT
3262686944,3262686975,IT
3262686976,3262687007,ES
3262687008,3262687039,PT
3262687040,3262687071,IE
3262687072,3262687103,PL
3262687104,3262687135,RO
3262687136,3262687167,SI
3262687168,3262687199,CH
3262687200,3262687231,NL
3262687232,3262687263,GB
3262687264,3262687295,DE
3262687296,3262687327,FR
3262687328,3262687359,NO
3262687360,3262687391,SE
3262687392,3262687423,DK
3262687424,3262687455,AT
3262687456,3262687487,IT
3262687488,3262687519,ES
3262687520,3262687551,PT
3262687552,3262687583,IE
3262687584,3262687615,PL
3262687616,3262687647,RO
3262687648,3262687679,SI
3262687680,3262687711,CH
3262687712,3262687743,NL
3262687744,3262687999,DE
3262688000,3262688255,HK
3262688256,3262688511,NL
3262688512,3262688767,DE
3262688768,3262690815,NL
3262690816,3262691583,DE
3262691584,3262692607,NL
3262692608,3262692863,DE
3262692864,3262693375,NL
3262693376,3262701567,DE
3262701568,3262703103,NL
3262703104,3262703359,HK
3262703360,3262703615,SE
3262703616,3262704127,NL
3262704128,3262704383,DE
3262704384,3262707967,NL
3262707968,3262708223,DE
3262708224,3262709759,NL
3262709760,3262710015,DE
3262710016,3262710271,NL
3262710272,3262710527,DE
3262710528,3262712575,NL
3262712576,3262712831,DE
3262712832,3262716415,NL
3262716416,3262716671,ES
3262716672,3262721535,NL
3262721536,3262721791,DE
3262721792,3262722047,NL
3262722048,3262722303,DE
3262722304,3262722559,US
3262722560,3262723071,DE
3262723072,3262724095,US
3262724096,3262724351,DE
3262724352,3262724863,NL
3262724864,3262725119,GB
3262725120,3262725631,NL
3262725632,3262726143,DE
3262726144,3262726655,NL
3262726656,3262726911,DE
3262726912,3262732799,NL
3262732800,3262733055,DE
3262733056,3262736383,NL
3262736384,3262736895,US
3262736896,3262741247,NL
3262741248,3262741503,US
3262741504,3262753791,NL
3262753792,3262754815,DE
3262754816,3262761727,NL
3262761728,3262761983,US
3262761984,3262766079,NL
3262766080,3262767103,US
3262767104,3262774783,NL
3262774784,3262775039,DE
3262775040,3262794751,NL
3262794752,3262795263,US
3262795264,3262795519,HK
3262795520,3262797823,US
3262797824,3262806015,NL
3262806016,3262808063,US
3262808064,3262832639,NL
3262832640,3262833407,US
3262833408,3262833535,BG
3262833536,3262836735,US
3262836736,3262838783,NL
3262838784,3262839807,US
3262839808,3262872063,NL
3262872064,3262872319,US
3262872320,3262882815,NL
3262882816,3262883071,US
3262883072,3262906367,NL
3262906368,3262914559,CH
3262914560,3262915583,GB
3262915584,3262916607,RU
3262916608,3262917631,US
3262917632,3262918655,DE
3262918656,3262919679,RU
3262919680,3262920703,NL
3262920704,3262921727,ES
3262921728,3262922751,DE
3262922752,3262923775,AT
3262923776,3262924799,ES
3262924800,3262925823,IT
3262925824,3262926335,US
3262926336,3262943231,CH
3262943232,3262943487,GB
3262943488,3262946815,CH
3262946816,3262947327,DE
3262947328,3262949375,FR
3262949376,3262951423,NL
3262951424,3262954495,CH
3262954496,3262955519,LI
3262955520,3262956543,FR
3262956544,3262957567,NL
3262957568,3262957823,DE
3262957824,3262958591,CH
3262958592,3262959615,DE
3262959616,3262960127,CH
3262960128,3262960383,FI
3262960384,3262960639,NL
3262960640,3262960895,CH
3262960896,3262961151,NL
3262961152,3262961663,ES
3262961664,3262961919,NL
3262961920,3262962175,CH
3262962176,3262962687,US
3262962688,3262963711,PL
3262963712,3262964223,US
3262964224,3262964479,DE
3262964480,3262964991,NL
3262964992,3262965247,US
3262965248,3262966271,CH
3262966272,3262966527,NL
3262966528,3262967295,GB
3262967296,3262967551,CH
3262967552,3262968063,IN
3262968064,3262968831,CH
3262968832,3262969343,CY
3262969344,3262969599,CH
3262969600,3262970111,IN
3262970112,3262970367,CH
3262970368,3262970879,CY
3262970880,3262971135,IN
3262971136,3262971647,CH
3262971648,3262971903,IN
3262971904,3263021055,IE
3263021056,3263022079,GB
3263022080,3263022335,IE
3263022336,3263024127,GB
3263024128,3263025151,IE
3263025152,3263026175,GB
3263026176,3263027199,IE
3263027200,3263028223,GB
3263028224,3263029247,IE
3263029248,3263030271,RU
3263030272,3263031295,CH
3263031296,3263032319,TR
3263032320,3263033343,RU
3263033344,3263033855,LV
3263033856,3263034367,PT
3263034368,3263034879,UA
3263034880,3263035391,GB
3263035392,3263036415,DE
3263036416,3263036927,GR
3263036928,3263037439,RU
3263037440,3263045631,LB
3263045632,3263053823,KW
3263053824,3263062015,GB
3263062016,3263070207,EE
3263070208,3263070463,FR
3263070464,3263070719,DE
3263070720,3263070975,NL
3263070976,3263071231,IN
3263071232,3263072255,LU
3263072256,3263074303,LB
3263074304,3263074815,CH
3263074816,3263075327,RO
3263075328,3263075839,IT
3263075840,3263076351,IE
3263076352,3263077375,GB
3263077376,3263077887,FR
3263077888,3263078399,DE
3263078400,3263079423,RU
3263079424,3263080447,PL
3263080448,3263081471,RU
3263081472,3263081965,US
3263081966,3263081966,NL
3263081967,3263082495,US
3263082496,3263082751,UA
3263082752,3263083007,DE
3263083008,3263083263,FR
3263083264,3263083519,JP
3263083520,3263084543,UA
3263084544,3263085567,RO
3263085568,3263086591,GB
3263086592,3263086847,DK
3263086848,3263087103,FR
3263087104,3263087359,IN
3263087360,3263087871,DE
3263087872,3263088127,SI
3263088128,3263088383,DE
3263088384,3263088639,LV
3263088640,3263089151,CH
3263089152,3263089407,HK
3263089408,3263089663,RU
3263089664,3263089919,UA
3263089920,3263090175,RO
3263090176,3263090431,DE
3263090432,3263090687,PL
3263090688,3263090943,DE
3263090944,3263091199,GB
3263091200,3263091455,PL
3263091456,3263091711,NO
3263091712,3263091967,FI
3263091968,3263092479,HR
3263092480,3263092735,HK
3263092736,3263092991,PL
3263092992,3263093247,FR
3263093248,3263093503,CH
3263093504,3263093759,HK
3263093760,3263094015,RO
3263094016,3263094527,PL
3263094528,3263094783,DK
3263094784,3263095039,UA
3263095040,3263095295,ES
3263095296,3263095551,FR
3263095552,3263095807,HK
3263095808,3263096063,DE
3263096064,3263096319,PL
3263096320,3263096575,TR
3263096576,3263096831,SA
3263096832,3263097343,PL
3263097344,3263097599,DK
3263097600,3263097855,CH
3263097856,3263098111,FR
3263098112,3263098367,IT
3263098368,3263098623,PL
3263098624,3263098879,DE
3263098880,3263099135,IE
3263099136,3263099391,NL
3263099392,3263099903,DE
3263099904,3263100159,RO
3263100160,3263100415,PL
3263100416,3263100671,DE
3263100672,3263100927,GB
3263100928,3263101183,AT
3263101184,3263101439,US
3263101440,3263101695,DK
3263101696,3263101951,PL
3263101952,3263102207,LT
3263102208,3263102463,GB
3263102464,3263102719,PL
3263102720,3263102975,GR
3263102976,3263127807,DE
3263127808,3263128063,PL
3263128064,3263128575,FR
3263128576,3263128831,SK
3263129088,3263129599,DE
3263129600,3263130111,AU
3263130112,3263130367,SK
3263130368,3263130623,DE
3263130624,3263131647,IQ
3263131648,3263132671,RU
3263132672,3263133695,TR
3263133696,3263135999,DE
3263136000,3263136255,SK
3263136256,3263136767,SE
3263136768,3263137535,DE
3263137536,3263137791,SK
3263137792,3263138047,PL
3263138048,3263138303,IQ
3263138304,3263138559,DE
3263138560,3263138815,MT
3263138816,3263141887,DE
3263141888,3263142399,SE
3263142400,3263142911,GB
3263142912,3263143423,DE
3263143424,3263143935,ES
3263143936,3263144447,DE
3263144448,3263144959,ES
3263144960,3263145215,EE
3263145216,3263145471,GB
3263145472,3263145727,JP
3263145728,3263145983,EE
3263145984,3263147007,DE
3263147008,3263147519,NL
3263147520,3263148287,DE
3263148288,3263148543,RO
3263148544,3263149055,NL
3263149056,3263149311,DE
3263149312,3263149567,RO
3263149568,3263149823,DE
3263149824,3263150079,RO
3263150080,3263152127,DE
3263152128,3263152639,VN
3263152640,3263152895,RO
3263152896,3263153151,DE
3263153152,3263153407,AT
3263153408,3263153663,IN
3263153664,3263154175,NO
3263154176,3263154687,SE
3263154688,3263154943,AT
3263154944,3263155711,DE
3263155712,3263155967,AT
3263155968,3263157247,DE
3263157248,3263157759,SE
3263157760,3263158015,AT
3263158016,3263161087,DE
3263161088,3263161343,GB
3263161344,3263161599,DE
3263161600,3263161855,CN
3263161856,3263162111,GB
3263162112,3263162367,FR
3263162368,3263162623,GB
3263162624,3263162879,DE
3263162880,3263163903,FR
3263163904,3263164415,DE
3263164416,3263164671,GB
3263164928,3263165439,DE
3263165440,3263167999,FR
3263168000,3263168255,DE
3263168256,3263430655,GB
3263430656,3263438079,SE
3263438080,3263438335,US
3263438336,3263443391,SE
3263443392,3263443423,EE
3263443424,3263443455,SE
3263443456,3263443967,NL
3263443968,3263446271,SE
3263446272,3263446527,CH
3263446528,3263447039,DE
3263447040,3263458815,SE
3263458816,3263459327,FR
3263459328,3263485695,SE
3263485696,3263485951,DK
3263485952,3263496191,SE
3263496192,3263627263,US
3263627264,3263627519,ES
3263627520,3263628031,CZ
3263628032,3263628287,ES
3263628288,3263631359,RU
3263631360,3263631871,CZ
3263631872,3263632127,AE
3263632128,3263632383,ES
3263632384,3263632639,NL
3263632640,3263632895,RU
3263632896,3263633151,CH
3263633152,3263633407,EE
3263633408,3263633663,RO
3263633664,3263633919,KZ
3263633920,3263634431,US
3263634432,3263634943,ES
3263634944,3263635199,PL
3263635200,3263635455,ES
3263635456,3263635711,CZ
3263635712,3263635967,DE
3263635968,3263636223,TR
3263636224,3263636479,CZ
3263636480,3263636735,RU
3263636736,3263636991,CZ
3263636992,3263637247,NL
3263637248,3263637503,CZ
3263637504,3263638527,RU
3263638528,3263639039,CZ
3263639040,3263639295,NL
3263639296,3263639551,DE
3263639552,3263640575,NL
3263640576,3263641599,RU
3263641600,3263642623,ES
3263642624,3263646719,RU
3263646720,3263647743,ES
3263647744,3263651839,LT
3263651840,3263653119,RU
3263653120,3263653631,ES
3263653632,3263653887,RU
3263653888,3263654143,US
3263654144,3263654399,NL
3263654400,3263654911,SY
3263654912,3263656959,RU
3263656960,3263657471,SY
3263657472,3263657727,DE
3263657728,3263657983,AE
3263657984,3263659007,RU
3263659008,3263659263,AE
3263659264,3263660031,ES
3263660032,3263661055,DE
3263661056,3263661567,US
3263661568,3263661823,ES
3263661824,3263666175,RU
3263666176,3263676415,AZ
3263676416,3263677439,RU
3263677440,3263678463,ES
3263678464,3263680511,DE
3263680512,3263690751,RU
3263690752,3263692799,SY
3263692800,3263823871,FI
3263823872,3263897087,DE
3263897344,3263954943,DE
3263954944,3263979519,ES
3263979520,3263987711,DE
3263987712,3264004095,ES
3264004096,3264004351,HU
3264004352,3264004607,GB
3264004608,3264004863,CH
3264004864,3264005119,PT
3264005120,3264006143,US
3264006144,3264008191,LK
3264008192,3264012543,GB
3264012544,3264012799,FR
3264012800,3264013055,GB
3264013056,3264013311,TR
3264013312,3264013567,RU
3264013568,3264013823,GB
3264013824,3264014079,NL
3264014080,3264014335,DE
3264014336,3264014591,PT
3264014592,3264014847,PL
3264014848,3264015103,TR
3264015104,3264015359,BE
3264015360,3264015615,DK
3264015616,3264015871,GB
3264015872,3264016127,PT
3264016128,3264016383,UA
3264016384,3264016639,SE
3264016640,3264016895,PL
3264016896,3264017151,DE
3264017152,3264017663,SE
3264017664,3264017919,RO
3264017920,3264018175,NL
3264018176,3264018431,RU
3264018432,3264018687,HU
3264018688,3264018943,DE
3264018944,3264019199,PL
3264019200,3264019967,GB
3264019968,3264020223,AT
3264020224,3264020479,PL
3264020480,3264086015,BG
3264086016,3264151551,FI
3264151552,3264184319,NO
3264184320,3264184831,MD
3264184832,3264185343,IT
3264185344,3264185855,FR
3264185856,3264186367,DE
3264186368,3264186879,UA
3264186880,3264187391,RU
3264187392,3264187903,IR
3264187904,3264188415,IT
3264188416,3264189439,UA
3264189440,3264190463,RU
3264190464,3264190975,LV
3264190976,3264191487,GB
3264191488,3264191999,DE
3264192000,3264200703,GB
3264200704,3264208895,ES
3264208896,3264217087,HU
3264217088,3264282623,IS
3264282624,3264290815,US
3264290816,3264296191,FI
3264296192,3264297727,FR
3264297728,3264298751,DE
3264298752,3264299007,BG
3264299008,3264307199,DE
3264307200,3264311295,PL
3264311296,3264311807,FR
3264311808,3264312063,DE
3264312320,3264312575,DE
3264312576,3264313087,US
3264313088,3264313343,IR
3264313344,3264313599,RO
3264313600,3264313855,PT
3264313856,3264314879,DE
3264314880,3264315135,GG
3264315136,3264315391,BE
3264315392,3264317439,IE
3264317440,3264318463,TR
3264318464,3264318975,ES
3264318976,3264319487,AT
3264319488,3264319743,FR
3264319744,3264319999,SE
3264320000,3264320255,DE
3264320256,3264320511,US
3264320512,3264321023,GB
3264321024,3264321535,DE
3264321536,3264321791,BE
3264321792,3264322047,RS
3264322048,3264322303,GB
3264322304,3264322559,BE
3264322560,3264322815,CZ
3264322816,3264323071,CH
3264323072,3264323327,RU
3264323328,3264323583,RO
3264323584,3264324607,BG
3264324608,3264325631,SE
3264325632,3264326655,RU
3264326656,3264327679,SE
3264327680,3264328703,AT
3264328704,3264329727,CZ
3264329728,3264330751,PL
3264330752,3264331775,GB
3264331776,3264332287,DE
3264332288,3264332799,NL
3264332800,3264333311,AT
3264333312,3264333823,UA
3264333824,3264334335,NL
3264334336,3264334591,CY
3264334592,3264334847,UA
3264334848,3264335359,PL
3264335360,3264335871,SK
3264335872,3264336383,HR
3264336384,3264337407,FR
3264337408,3264338431,UA
3264338432,3264338943,DE
3264338944,3264339455,US
3264339456,3264339967,GB
3264339968,3264340223,DE
3264340224,3264340479,PL
3264340480,3264340735,DE
3264340736,3264340991,UA
3264340992,3264341503,PL
3264341504,3264341759,DE
3264341760,3264342015,IT
3264342016,3264342783,DE
3264342784,3264343039,FR
3264343040,3264343295,DE
3264343296,3264343551,HK
3264343552,3264343807,RO
3264343808,3264344063,DE
3264344064,3264345087,GB
3264345088,3264346111,NL
3264346112,3264347135,IT
3264347136,3264349183,DE
3264349184,3264350207,PL
3264350208,3264351231,NO
3264351232,3264351743,FR
3264351744,3264352255,DE
3264352256,3264354047,CH
3264354048,3264354303,BE
3264354304,3264354815,GB
3264354816,3264355071,TR
3264355072,3264355327,FR
3264355328,3264356351,ES
3264356352,3264357375,LB
3264357376,3264357631,TR
3264357632,3264357887,DE
3264357888,3264358399,NL
3264358400,3264359423,KZ
3264359424,3264359679,GB
3264359680,3264359935,NL
3264359936,3264360191,FR
3264360192,3264360447,TR
3264360448,3264360703,NL
3264360704,3264360959,GB
3264360960,3264361215,TR
3264361216,3264361471,FR
3264361472,3264361983,PL
3264361984,3264362239,FR
3264362240,3264362495,ES
3264362496,3264363519,RS
3264363520,3264364031,PL
3264364032,3264364287,FR
3264364288,3264364543,ES
3264364544,3264365055,EE
3264365056,3264365567,FR
3264365568,3264366079,IR
3264366080,3264366335,ES
3264366336,3264366591,GB
3264366592,3264369151,FR
3264369152,3264369663,EE
3264369664,3264370687,HK
3264370688,3264371711,FR
3264371712,3264372223,ES
3264372224,3264372479,FR
3264372480,3264372735,US
3264373504,3264373759,ES
3264373760,3264374783,IT
3264374784,3264375039,US
3264375040,3264376063,SE
3264376064,3264376319,HR
3264376320,3264376575,UA
3264376576,3264376831,FI
3264376832,3264377087,UA
3264377088,3264377343,RU
3264377344,3264377599,AU
3264377600,3264377855,UA
3264377856,3264378111,GB
3264378112,3264378367,SE
3264378368,3264378623,DE
3264378624,3264378879,RU
3264378880,3264379135,PL
3264379136,3264379391,BE
3264379392,3264379647,ES
3264379648,3264380159,GB
3264380160,3264380415,RO
3264380416,3264380671,FR
3264380672,3264380927,NL
3264380928,3264381951,PL
3264381952,3264385023,UA
3264385024,3264386047,DE
3264386048,3264387071,IR
3264387072,3264388095,LB
3264388096,3264389119,TR
3264389120,3264390143,GB
3264390144,3264391167,IT
3264391168,3264392191,SE
3264392192,3264393215,FR
3264393216,3264394239,GB
3264394240,3264395263,UA
3264395264,3264396287,AT
3264396288,3264397311,UA
3264397312,3264398335,DE
3264398336,3264399359,UA
3264399360,3264400383,RU
3264400384,3264401407,FR
3264401408,3264402431,DE
3264402432,3264403455,CH
3264403456,3264404479,PL
3264404480,3264405247,ES
3264405248,3264405503,NL
3264405504,3264406527,FR
3264406528,3264407551,UA
3264407552,3264408575,BG
3264408576,3264409599,AE
3264409600,3264410623,RU
3264410624,3264411647,NO
3264411648,3264412671,DE
3264412672,3264413695,PL
3264413696,3264414719,FR
3264414720,3264414975,JP
3264414976,3264415231,LT
3264415232,3264415487,US
3264415488,3264415743,LT
3264415744,3264416767,IT
3264416768,3264417791,CZ
3264417792,3264418047,GB
3264418048,3264418303,ES
3264418304,3264419327,DK
3264419328,3264419839,ES
3264419840,3264420863,IT
3264421888,3264422399,NL
3264422400,3264422655,PL
3264422656,3264423935,GB
3264424960,3264425215,FR
3264425216,3264425727,CH
3264425728,3264425983,FR
3264425984,3264427007,RU
3264427008,3264428031,CH
3264428032,3264428287,DE
3264428288,3264428543,NL
3264428544,3264428799,FR
3264428800,3264429055,IT
3264429056,3264430079,GB
3264430080,3264430335,ZA
3264430336,3264430591,CO
3264430592,3264430847,CH
3264430848,3264431103,FR
3264431104,3264431615,LI
3264431616,3264431871,CH
3264431872,3264432127,US
3264432128,3264432639,CH
3264432640,3264433151,CZ
3264433152,3264433663,CH
3264433664,3264434175,RU
3264434176,3264435199,FI
3264435200,3264436223,RU
3264436224,3264436479,GB
3264436480,3264437247,RU
3264437248,3264438015,LU
3264438016,3264438271,DE
3264438272,3264438527,CH
3264438528,3264438783,FR
3264438784,3264439807,US
3264439808,3264440575,CH
3264440576,3264440831,ES
3264440832,3264441343,RU
3264441344,3264441855,PL
3264441856,3264442367,UZ
3264442368,3264442879,CH
3264442880,3264443391,RU
3264443392,3264444415,ES
3264444416,3264445439,GB
3264445440,3264446463,LB
3264446464,3264447487,DE
3264447488,3264447743,CH
3264447744,3264447999,DE
3264448000,3264448511,CH
3264448512,3264449535,US
3264449536,3264449791,IR
3264449792,3264450047,CH
3264450048,3264450303,IR
3264450304,3264450559,CH
3264450560,3264451583,ES
3264451584,3264452095,RU
3264452096,3264452351,IR
3264452352,3264452607,CH
3264452608,3264453631,FR
3264453632,3264454655,PS
3264454656,3264455679,CH
3264455680,3264456703,IR
3264456704,3264457215,CH
3264457216,3264457471,IR
3264457472,3264457727,AT
3264457728,3264457983,FR
3264457984,3264458239,CH
3264458240,3264458751,DE
3264458752,3264463871,CH
3264463872,3264466943,LI
3264466944,3264467711,CH
3264467712,3264467967,DE
3264467968,3264468223,IR
3264468224,3264468479,ES
3264468480,3264468735,CH
3264468736,3264468991,EE
3264468992,3264469247,TR
3264469248,3264469503,UA
3264469504,3264469759,DE
3264469760,3264470015,IT
3264470016,3264470271,AR
3264470272,3264470527,NL
3264470528,3264470783,IR
3264470784,3264471039,BG
3264471040,3264471295,RU
3264471296,3264471551,AT
3264471552,3264471807,ES
3264471808,3264472319,FR
3264472320,3264472575,CH
3264472576,3264472831,FR
3264472832,3264474623,CH
3264474624,3264475135,DE
3264475136,3264475391,CH
3264475392,3264475647,EE
3264475648,3264476159,SE
3264476160,3264476415,EE
3264476416,3264476671,CH
3264476672,3264477183,RU
3264477184,3264477439,FR
3264477440,3264477695,RU
3264477696,3264478207,SE
3264478208,3264478719,ES
3264478720,3264478975,CH
3264478976,3264479231,EE
3264479232,3264480255,FR
3264480256,3264495615,CH
3264495616,3264503807,US
3264503808,3264511999,CH
3264512000,3264544767,US
3264544768,3264561151,HU
3264561152,3264563199,RU
3264563200,3264564223,ES
3264564224,3264565247,US
3264565248,3264567295,NL
3264567296,3264567551,PL
3264567552,3264567807,EE
3264567808,3264568063,RU
3264568064,3264568319,CZ
3264568320,3264568575,UA
3264568576,3264568831,CZ
3264568832,3264569087,FR
3264569088,3264569343,RU
3264569344,3264577535,CZ
3264577536,3264585727,MK
3264585728,3264593919,FR
3264593920,3264602111,ES
3264602112,3264603135,RU
3264603136,3264604159,PL
3264604160,3264604671,IT
3264604672,3264605183,RU
3264605184,3264605439,LT
3264605440,3264605695,FR
3264605696,3264606207,FI
3264606208,3264606463,PL
3264606464,3264606719,DE
3264606720,3264606975,RU
3264606976,3264607231,TR
3264607232,3264607487,IT
3264607488,3264607743,RO
3264607744,3264610303,DE
3264610304,3264619575,US
3264619576,3264619583,GB
3264619584,3264620711,US
3264620712,3264620719,FR
3264620720,3264626687,US
3264626688,3264627711,EE
3264627712,3264628735,IR
3264628736,3264628991,IN
3264628992,3264629759,UA
3264629760,3264630015,US
3264630016,3264630271,CZ
3264630272,3264630527,AL
3264630528,3264630783,US
3264630784,3264631807,FR
3264631808,3264632831,RO
3264632832,3264633855,RU
3264633856,3264634879,FR
3264634880,3264636927,PL
3264636928,3264637951,UA
3264637952,3264639999,DK
3264640000,3264641023,BG
3264641024,3264642047,GB
3264642048,3264643071,RO
3264643072,3264651263,RU
3264651264,3264651775,CH
3264651776,3264652287,IT
3264652288,3264652543,FR
3264652544,3264652799,IR
3264652800,3264653055,GB
3264653056,3264653311,IN
3264653312,3264653823,DE
3264653824,3264654335,PL
3264654336,3264654847,DE
3264654848,3264655359,RU
3264655360,3264655871,GB
3264655872,3264656127,KG
3264656128,3264656383,RU
3264656384,3264656895,ES
3264656896,3264657407,GB
3264657408,3264657919,DK
3264657920,3264658431,RO
3264658432,3264659455,DE
3264659456,3264659967,UA
3264659968,3264660479,GB
3264660480,3264660991,PL
3264660992,3264661503,CH
3264661504,3264662015,GB
3264662016,3264662527,RU
3264662528,3264662783,NZ
3264662784,3264663039,AE
3264663040,3264663551,PL
3264663552,3264664063,NL
3264664064,3264664319,AE
3264664320,3264664575,FR
3264664576,3264665087,NO
3264665088,3264665599,RU
3264665600,3264666111,RO
3264666112,3264666623,IL
3264666624,3264667135,UA
3264667136,3264667647,RU
3264667648,3264668159,BE
3264668160,3264669183,DE
3264669184,3264669695,PL
3264669696,3264670207,UA
3264670208,3264670719,RU
3264670720,3264671231,FR
3264671232,3264671743,PL
3264671744,3264672255,DE
3264672256,3264672767,ES
3264672768,3264673279,CH
3264673280,3264673791,PL
3264673792,3264674303,CH
3264674304,3264674815,PL
3264674816,3264675327,GB
3264675328,3264675839,RU
3264675840,3264741375,NL
3264741376,3264749567,SI
3264749568,3264750079,LV
3264750080,3264750591,RU
3264750592,3264751103,KG
3264751104,3264751615,DK
3264751616,3264752127,GB
3264752128,3264752639,RO
3264752640,3264752895,NL
3264753152,3264753663,PL
3264753664,3264754175,IT
3264754176,3264754687,PL
3264754688,3264754943,CH
3264754944,3264755199,PL
3264755200,3264755711,DE
3264755712,3264757247,PL
3264757248,3264757759,RU
3264757760,3264765951,GB
3264765952,3264774143,AT
3264774144,3264774399,NO
3264774400,3264774655,GB
3264774656,3264775167,HU
3264775168,3264775423,GB
3264775424,3264775679,US
3264775680,3264776191,HU
3264776192,3264776447,DE
3264776448,3264776703,LU
3264776704,3264777471,HU
3264777472,3264777727,FR
3264777728,3264777983,CH
3264777984,3264780799,HU
3264780800,3264781055,SE
3264781056,3264781311,DK
3264781312,3264782335,HU
3264782336,3264790527,AT
3264790528,3264806911,HR
3264806912,3264815103,GB
3264815104,3264825343,SE
3264825344,3264825855,PL
3264825856,3264826111,NL
3264826112,3264826367,GB
3264826368,3264826879,IQ
3264826880,3264827135,NL
3264827136,3264827391,LV
3264827392,3264827647,CZ
3264827648,3264828159,GR
3264828160,3264828415,CH
3264828416,3264828671,SE
3264828672,3264829439,DE
3264829440,3264830207,FR
3264830208,3264830463,SE
3264830464,3264830719,FR
3264830720,3264830975,AT
3264830976,3264831231,CH
3264831232,3264831487,CZ
3264831488,3264831743,CH
3264831744,3264831999,FR
3264832000,3264832255,IE
3264832256,3264832511,NL
3264832512,3264832767,DE
3264832768,3264833023,IL
3264833024,3264833535,IQ
3264833536,3264834047,DE
3264834048,3264834303,GB
3264834304,3264834559,PL
3264834560,3264835327,FR
3264835328,3264835583,AT
3264835584,3264835839,RU
3264835840,3264836351,DE
3264836352,3264836607,PL
3264836608,3264836863,GR
3264836864,3264837119,GB
3264837120,3264837375,BG
3264837376,3264837631,PL
3264837632,3264839679,AT
3264839680,3264840191,UA
3264840192,3264840447,NO
3264840448,3264840703,IT
3264840704,3264840959,PT
3264840960,3264841215,NL
3264841216,3264841471,PL
3264841472,3264844031,GB
3264844032,3264844287,BG
3264844288,3264844799,DE
3264844800,3264845311,UA
3264845312,3264845951,DE
3264846144,3264846207,NL
3264846208,3264846335,AE
3264846336,3264846463,GB
3264846464,3264846591,NO
3264846592,3264846847,NL
3264846912,3264847103,CY
3264847104,3264847231,NO
3264847232,3264847263,CH
3264847296,3264847359,CY
3264847360,3264847487,DE
3264847488,3264847615,RU
3264847616,3264847679,PL
3264847680,3264847743,FI
3264847744,3264847807,CN
3264847808,3264849919,DE
3264849920,3264850431,GB
3264850432,3264850687,NL
3264850688,3264850943,LV
3264850944,3264851967,IT
3264851968,3264854015,CH
3264854016,3264854271,GB
3264854272,3264854527,NL
3264854528,3264854783,DE
3264854784,3264855039,IT
3264855040,3264855551,CH
3264855552,3264856063,DE
3264856064,3264861695,IT
3264861696,3264862207,FR
3264862208,3264862463,GB
3264862464,3264862719,AT
3264862720,3264862975,GB
3264862976,3264863231,DE
3264863232,3264864255,AT
3264864256,3264865791,RO
3264865792,3264866047,DE
3264866048,3264866303,FR
3264866304,3264869375,RO
3264869376,3264869631,NL
3264869632,3264869887,IT
3264869888,3264871423,RO
3264871424,3264872447,HK
3264872448,3264878591,GB
3264878592,3264880639,ES
3264880640,3264888831,GR
3264888832,3264897023,RU
3264897024,3264905215,GB
3264905216,3264913407,CY
3264913408,3264921599,GB
3264921600,3264929791,LU
3264929792,3264937983,SK
3264937984,3265003519,GB
3265003520,3265003775,RU
3265003776,3265004031,EE
3265004032,3265004287,NL
3265004288,3265005055,DE
3265005056,3265005311,FR
3265005312,3265005567,DE
3265005568,3265006591,IT
3265006592,3265007615,NL
3265007616,3265008639,PL
3265008640,3265009663,DE
3265009664,3265009919,FR
3265009920,3265010175,DE
3265010176,3265010431,SC
3265010432,3265010687,BY
3265010688,3265011711,AE
3265011712,3265019903,DE
3265019904,3265020927,GB
3265020928,3265021951,SK
3265021952,3265022975,ES
3265022976,3265023231,UA
3265023232,3265023487,IR
3265023488,3265023743,UA
3265023744,3265023999,DE
3265024000,3265025023,HU
3265025024,3265027071,DE
3265027072,3265027583,RU
3265027584,3265027839,UA
3265027840,3265028095,DE
3265028096,3265028607,RU
3265028608,3265028863,HK
3265028864,3265031167,RU
3265031168,3265032191,IT
3265032192,3265033215,US
3265033216,3265035775,RU
3265035776,3265036031,KZ
3265036032,3265036287,RU
3265036288,3265037311,DE
3265037312,3265037823,IT
3265037824,3265038079,NL
3265038080,3265038847,DE
3265038848,3265039359,US
3265039360,3265040383,IR
3265040384,3265040639,NL
3265040640,3265041663,DE
3265041664,3265041919,FR
3265041920,3265042431,IT
3265042432,3265042943,DE
3265042944,3265043455,US
3265043456,3265044479,AT
3265044480,3265044735,FR
3265044736,3265044991,DE
3265044992,3265045249,US
3265045250,3265045250,SG
3265045251,3265045251,US
3265045252,3265045253,SG
3265045254,3265045254,US
3265045255,3265045256,SG
3265045257,3265045488,US
3265045489,3265045489,SG
3265045490,3265045503,US
3265045504,3265045759,FR
3265045760,3265046015,TR
3265046016,3265046527,RU
3265046528,3265047807,DE
3265047808,3265048063,FR
3265048064,3265048319,DE
3265048320,3265048575,US
3265048576,3265048831,NL
3265048832,3265049087,GB
3265049088,3265049599,NL
3265049600,3265050623,IT
3265050624,3265051135,RU
3265051136,3265051647,DE
3265051648,3265051903,LT
3265051904,3265052159,DE
3265052160,3265052671,IT
3265052672,3265053695,NO
3265053696,3265054207,DE
3265054208,3265054719,IT
3265054720,3265055231,RU
3265055232,3265055743,FR
3265055744,3265056255,RU
3265056256,3265056511,DE
3265056512,3265056767,US
3265056768,3265057023,DE
3265057024,3265057279,FR
3265057280,3265061375,DE
3265061376,3265061631,OM
3265061632,3265061887,CA
3265061888,3265062911,GB
3265062912,3265063679,DE
3265063680,3265063935,AT
3265063936,3265064959,TR
3265064960,3265067007,DE
3265067008,3265068031,UA
3265068032,3265069055,AL
3265069056,3265134591,FI
3265134592,3265135023,US
3265135024,3265135031,LU
3265135032,3265139199,US
3265139200,3265139455,CH
3265139456,3265142783,US
3265142784,3265150975,MT
3265150976,3265159167,AD
3265159168,3265167359,FR
3265167360,3265175551,AT
3265175552,3265183743,NL
3265183744,3265191935,BY
3265191936,3265200127,CH
3265200128,3265265663,GB
3265265664,3265331199,SK
3265331200,3265396735,NL
3265396736,3265462271,US
3265462272,3265466367,OM
3265466368,3265470463,DE
3265470464,3265471487,SG
3265471488,3265472511,FR
3265472512,3265473535,SG
3265473536,3265474559,US
3265474560,3265478655,DE
3265478656,3265479679,CH
3265479680,3265479935,DE
3265479936,3265480191,HK
3265480192,3265495039,DE
3265495040,3265511423,FR
3265511424,3265519615,DE
3265519616,3265523711,GB
3265523712,3265527807,DE
3265527808,3265528319,BG
3265528320,3265528575,GB
3265528576,3265528831,CZ
3265528832,3265530879,DE
3265530880,3265531135,GB
3265531136,3265531391,PL
3265531392,3265531903,SE
3265531904,3265535999,DE
3265536000,3265537023,NL
3265537024,3265537535,TR
3265537536,3265537791,GB
3265537792,3265538047,DE
3265538048,3265540095,US
3265540096,3265544191,DE
3265544192,3265546239,US
3265546240,3265548287,FR
3265548288,3265549311,GB
3265549312,3265549567,US
3265549568,3265550079,GB
3265550080,3265550335,NL
3265550336,3265552383,DE
3265552384,3265552895,GB
3265552896,3265553407,DK
3265553408,3265553663,GB
3265553664,3265553919,IE
3265553920,3265554431,US
3265554432,3265554687,GB
3265554688,3265554943,US
3265554944,3265555199,GB
3265555200,3265555455,US
3265555456,3265556479,TR
3265556480,3265556991,US
3265556992,3265557247,GB
3265557248,3265557503,KZ
3265557504,3265558527,NL
3265558528,3265560575,DE
3265560576,3265562623,US
3265562624,3265563647,TR
3265563648,3265564927,GB
3265564928,3265565183,IT
3265565184,3265565695,GI
3265565696,3265566719,IN
3265566720,3265568767,US
3265568768,3265572863,DE
3265572864,3265573631,GB
3265573632,3265573887,NL
3265573888,3265574143,DE
3265574144,3265574399,GB
3265574400,3265574911,TR
3265574912,3265576959,US
3265576960,3265581055,DE
3265581056,3265583103,US
3265583104,3265583359,GB
3265583360,3265583615,FR
3265583616,3265583679,US
3265583680,3265583743,FR
3265583744,3265583807,DE
3265583808,3265583871,PL
3265583872,3265584127,TR
3265584128,3265584639,AE
3265584640,3265584895,AZ
3265584896,3265585151,GB
3265585152,3265585407,AZ
3265585408,3265585663,AE
3265585664,3265586687,GB
3265586688,3265586943,PL
3265586944,3265587455,GB
3265587456,3265587711,DK
3265587712,3265587967,DE
3265587968,3265588223,FI
3265588224,3265588479,NO
3265588480,3265588991,GB
3265588992,3265589247,CZ
3265589248,3265589503,TR
3265589504,3265590271,GB
3265590272,3265590527,CZ
3265590528,3265590783,RU
3265590784,3265591039,DE
3265591040,3265591295,GB
3265591296,3265593343,CL
3265593344,3265594367,RU
3265594368,3265594879,FR
3265594880,3265595391,UA
3265595392,3265595903,PL
3265595904,3265596415,FR
3265596416,3265596927,GB
3265596928,3265597439,FR
3265597440,3265597951,PA
3265597952,3265599487,RU
3265599488,3265599999,CY
3265600000,3265600255,RO
3265600256,3265600511,AU
3265600512,3265601023,GB
3265601024,3265601535,RU
3265601536,3265601791,SE
3265601792,3265602047,FR
3265602048,3265602303,NL
3265602304,3265602559,DK
3265602560,3265602815,IT
3265602816,3265603039,FR
3265603040,3265603047,CH
3265603048,3265603071,FR
3265603072,3265603327,DK
3265603328,3265603583,MD
3265603584,3265603839,DE
3265603840,3265604095,PL
3265604096,3265604351,ES
3265604352,3265604607,FR
3265604608,3265604863,CH
3265604864,3265605119,GB
3265605120,3265605375,UA
3265605376,3265605631,CZ
3265605632,3265605887,PL
3265605888,3265606143,FR
3265606144,3265606399,BA
3265606400,3265606655,BE
3265606656,3265606911,AT
3265606912,3265607167,GB
3265607168,3265607423,PL
3265607424,3265607935,DK
3265607936,3265608191,RU
3265608192,3265608447,DK
3265608448,3265608703,IT
3265608704,3265608959,ES
3265608960,3265609215,RU
3265609216,3265609471,GE
3265609472,3265609727,KZ
3265609728,3265612799,US
3265612800,3265613311,NL
3265613312,3265617919,US
3265617920,3265626111,SI
3265626112,3265634303,JO
3265634304,3265642495,IE
3265642496,3265650687,US
3265650688,3265658879,SE
3265658880,3265724415,AT
3265724416,3265789951,FR
3265789952,3265867775,GB
3265867776,3265868031,HK
3265868032,3265868287,RO
3265868544,3265868799,HR
3265868800,3265869055,DE
3265869056,3265869311,HR
3265869312,3265869567,DE
3265869568,3265869823,SG
3265869824,3265870847,RU
3265870848,3265871871,NL
3265871872,3265876991,GB
3265876992,3265877503,RU
3265877504,3265877759,UA
3265877760,3265878015,KZ
3265878016,3265879039,BG
3265879040,3265880063,TR
3265880064,3265886207,GB
3265886208,3265886463,TR
3265886464,3265887231,PS
3265887232,3265887487,NL
3265887488,3265887743,FR
3265887744,3265888255,PL
3265888256,3265889279,OM
3265889280,3265890303,CW
3265890304,3265890815,IT
3265890816,3265891071,PL
3265891072,3265891327,IT
3265891328,3265892863,GB
3265892864,3265893887,DE
3265893888,3265895679,GB
3265895680,3265895935,DE
3265895936,3265896191,CH
3265896192,3265896447,HR
3265896448,3265896703,RU
3265896704,3265896959,AT
3265896960,3265897215,CR
3265897216,3265897471,RU
3265897472,3265898495,AL
3265898496,3265898751,LA
3265898752,3265899007,MA
3265899008,3265899263,NP
3265899264,3265899519,BO
3265899520,3265900031,BG
3265900032,3265900287,IT
3265900288,3265900543,BG
3265900544,3265901567,FR
3265901568,3265902079,NL
3265902080,3265902335,HR
3265902336,3265902591,IL
3265902592,3265903615,ES
3265903616,3265904127,PS
3265904128,3265904383,ES
3265904384,3265904639,RO
3265904640,3265904895,RU
3265904896,3265905151,ES
3265905152,3265905663,GB
3265905664,3265905919,ES
3265905920,3265906431,DE
3265906432,3265906687,CH
3265906688,3265906943,AT
3265906944,3265907199,ES
3265907200,3265907455,RO
3265907456,3265907711,FR
3265907712,3265908735,UA
3265908736,3265908991,NL
3265908992,3265909247,RO
3265909248,3265909503,UA
3265909504,3265909759,DE
3265909760,3265910015,RO
3265910016,3265910271,ES
3265910272,3265910527,FR
3265910528,3265910783,PT
3265910784,3265911039,DE
3265911040,3265911551,GB
3265911552,3265911807,CH
3265911808,3265912063,PL
3265912064,3265912319,GB
3265912320,3265912575,DE
3265912576,3265912831,BG
3265912832,3265913087,CZ
3265913088,3265913343,SE
3265913344,3265914367,PL
3265914368,3265914879,BG
3265914880,3265915135,GR
3265915136,3265915391,RO
3265915392,3265915647,GB
3265915648,3265915903,RO
3265915904,3265916159,PL
3265916160,3265916415,BG
3265916416,3265916671,UA
3265916672,3265916927,DE
3265916928,3265917183,FR
3265917184,3265917439,PL
3265917440,3265917695,BG
3265917696,3265917951,SE
3265917952,3265918207,DE
3265918208,3265918463,NO
3265918464,3265918719,AT
3265918720,3265918975,RU
3265918976,3265919231,NL
3265919232,3265919487,FR
3265919488,3265919743,RU
3265919744,3265919999,DE
3265920000,3265920255,CZ
3265920256,3265920511,HU
3265920512,3265920767,GB
3265920768,3265921023,RU
3265921024,3265986559,AE
3265986560,3266052095,NL
3266052096,3266160895,DE
3266161152,3266322431,DE
3266322432,3266330623,LT
3266330624,3266338815,GB
3266338816,3266339071,SE
3266339072,3266339327,UA
3266339328,3266339839,PS
3266339840,3266340095,RU
3266340096,3266340607,PL
3266340608,3266340863,FI
3266340864,3266341119,CH
3266341120,3266341375,GB
3266341376,3266341631,BE
3266341632,3266341887,CZ
3266341888,3266342143,KW
3266342144,3266342399,CH
3266342400,3266342655,BE
3266342656,3266342911,KG
3266342912,3266343167,SI
3266343168,3266343423,GR
3266343424,3266343679,RU
3266343680,3266343935,RO
3266343936,3266344191,CH
3266344192,3266344447,NL
3266344448,3266344703,RU
3266344704,3266344959,ES
3266344960,3266345727,DE
3266345728,3266345983,HU
3266345984,3266346495,GB
3266346496,3266346751,IT
3266346752,3266347007,NL
3266347008,3266355199,GB
3266355200,3266363391,RO
3266363392,3266371583,GB
3266371584,3266379775,HU
3266379776,3266380799,UA
3266380800,3266381823,PL
3266381824,3266382847,FR
3266382848,3266383103,AT
3266383104,3266383359,US
3266383360,3266383615,TR
3266383616,3266383871,UA
3266383872,3266384895,IL
3266384896,3266385919,RU
3266385920,3266386943,UA
3266386944,3266387967,PL
3266387968,3266396159,FR
3266396160,3266412543,IT
3266412544,3266420735,AT
3266420736,3266428927,GB
3266428928,3266437119,GR
3266437120,3266445311,GL
3266445312,3266510847,NL
3266510848,3266543615,ES
3266543616,3266544639,IT
3266544640,3266545151,SI
3266545152,3266545663,SE
3266545664,3266546175,GB
3266546176,3266546687,RO
3266546688,3266547711,GR
3266547712,3266548223,SI
3266548224,3266548735,US
3266548736,3266549247,SI
3266549248,3266551807,IT
3266551808,3266559999,US
3266560000,3266568191,IT
3266568192,3266576383,US
3266576384,3266577919,DE
3266577920,3266578431,IT
3266578432,3266578687,CZ
3266578688,3266578943,FR
3266578944,3266579199,UA
3266579200,3266579455,IR
3266579456,3266579711,HU
3266579712,3266580479,DE
3266580480,3266580735,HU
3266580736,3266581247,DE
3266581248,3266581503,HU
3266581504,3266581759,IT
3266581760,3266582783,DE
3266582784,3266583551,IT
3266583552,3266584575,DE
3266584576,3266585599,NL
3266585600,3266585855,GB
3266585856,3266586623,BG
3266586624,3266587647,IQ
3266587648,3266588671,PL
3266588672,3266589183,BG
3266589184,3266589439,IT
3266589440,3266589695,US
3266589696,3266589951,IT
3266589952,3266590463,DE
3266590464,3266590719,IT
3266590720,3266591743,DE
3266591744,3266592767,IE
3266592768,3266603007,DE
3266603008,3266604031,NL
3266604032,3266604543,PL
3266604544,3266604799,CZ
3266604800,3266605567,SG
3266605568,3266605823,DE
3266605824,3266606079,CZ
3266606080,3266607103,FR
3266607104,3266614783,DE
3266614784,3266615039,CZ
3266615040,3266615807,DE
3266615808,3266616063,CZ
3266616064,3266616575,DE
3266616576,3266616831,RO
3266616832,3266617087,GB
3266617344,3266619903,DE
3266619904,3266620415,PL
3266620416,3266620927,DE
3266620928,3266621183,FR
3266621184,3266621439,DE
3266621440,3266621695,FR
3266621696,3266621951,AU
3266621952,3266622463,DE
3266622464,3266623487,LU
3266623488,3266624511,GB
3266624512,3266624767,DE
3266624768,3266625023,FI
3266625024,3266625279,DE
3266625280,3266625535,MD
3266625536,3266626559,DE
3266626816,3266627071,NL
3266627072,3266627583,DE
3266627584,3266628095,SE
3266628096,3266629119,DE
3266629120,3266629631,IT
3266629632,3266630143,IR
3266630144,3266631679,DE
3266631680,3266631935,NL
3266631936,3266632447,DE
3266632448,3266632703,NL
3266632704,3266633727,PL
3266633728,3266634239,IR
3266634240,3266634303,DE
3266634304,3266634367,PL
3266634392,3266634399,EE
3266634432,3266634495,RU
3266634496,3266634751,NL
3266634752,3266635775,FR
3266635776,3266636287,US
3266636288,3266636799,DE
3266636800,3266637311,US
3266637312,3266637567,IR
3266637568,3266637823,DE
3266637824,3266638079,CH
3266638080,3266638335,CZ
3266638336,3266638591,AT
3266638592,3266638847,IL
3266638848,3266639103,UA
3266639104,3266639359,KG
3266639360,3266639615,FI
3266639616,3266639871,CH
3266639872,3266640127,GB
3266640128,3266640383,DE
3266640384,3266640639,NL
3266640640,3266640895,MD
3266640896,3266641919,DE
3266641920,3266707455,PL
3266707456,3266723839,DK
3266723840,3266732031,CZ
3266732032,3266734079,DK
3266734080,3266735103,DE
3266735104,3266735615,DK
3266735616,3266736127,IT
3266736128,3266740223,FR
3266740224,3266748415,DK
3266748416,3266750463,CH
3266750464,3266751487,DE
3266751488,3266752511,AT
3266752512,3266753535,BG
3266753536,3266754559,DE
3266754560,3266755583,AT
3266755584,3266756607,CH
3266756608,3266764799,DE
3266764800,3266766847,NO
3266766848,3266772991,DK
3266772992,3266781183,IT
3266781184,3266789375,PL
3266789376,3266797567,SM
3266797568,3266799615,US
3266799616,3266799871,RU
3266799872,3266805759,US
3266805760,3266813951,AT
3266813952,3266822143,UA
3266822144,3266830335,FR
3266830336,3266838527,BE
3266838528,3266969599,IT
3266969600,3267035135,RU
3267035136,3267039231,NO
3267039232,3267040255,DE
3267040256,3267041279,RO
3267041280,3267042303,NO
3267042304,3267042559,UA
3267042560,3267042815,RU
3267042816,3267043327,UA
3267043328,3267044351,GB
3267044352,3267045375,IL
3267045376,3267046399,PL
3267046400,3267047423,NL
3267047424,3267047935,UA
3267047936,3267048447,US
3267048448,3267049471,PL
3267049472,3267050495,GB
3267050496,3267051519,SE
3267051520,3267052543,DE
3267052544,3267053567,LV
3267053568,3267054591,PL
3267054592,3267055615,NL
3267055616,3267056639,PS
3267056640,3267057663,IL
3267057664,3267058687,CH
3267058688,3267059711,AT
3267059712,3267060735,NL
3267060736,3267060991,UA
3267060992,3267061247,GB
3267061248,3267061503,RU
3267061504,3267061759,SG
3267061760,3267063807,UA
3267063808,3267064831,BE
3267064832,3267065087,PL
3267065088,3267065343,IT
3267065344,3267065599,GB
3267065600,3267065855,LV
3267065856,3267066111,RU
3267066112,3267066367,US
3267066368,3267066879,RU
3267066880,3267067903,IT
3267067904,3267068927,ES
3267068928,3267069951,BG
3267069952,3267070975,KZ
3267070976,3267071999,DE
3267072000,3267073023,PL
3267073024,3267074047,RU
3267074048,3267075071,UA
3267075072,3267076095,US
3267076096,3267078143,DE
3267078144,3267079167,FR
3267079168,3267080191,IT
3267080192,3267080447,DE
3267080448,3267080959,HK
3267080960,3267081215,US
3267081216,3267082239,PL
3267082240,3267083263,DE
3267083264,3267084287,ES
3267084288,3267085311,FR
3267085312,3267086335,RU
3267086336,3267087359,PL
3267087360,3267088383,RU
3267088384,3267089407,UA
3267089408,3267090431,FI
3267090432,3267091455,UA
3267091456,3267092479,DE
3267092480,3267093503,FR
3267093504,3267094527,UA
3267094528,3267095551,FI
3267095552,3267096575,PL
3267096576,3267097599,DE
3267097600,3267098623,KZ
3267098624,3267098879,GB
3267098880,3267099135,FR
3267099136,3267099391,DE
3267099392,3267099647,BE
3267099648,3267099903,GB
3267099904,3267100159,TR
3267100160,3267100415,SA
3267100416,3267100671,GR
3267100672,3267166207,FI
3267166208,3267231743,GB
3267231744,3267297279,RU
3267297280,3267362815,CH
3267362816,3267428351,DK
3267428352,3267444735,AU
3267444736,3267461119,JP
3267461120,3267485695,AU
3267485696,3267493887,JP
3267493888,3267559423,NL
3267559424,3267579903,DE
3267579904,3267580927,OM
3267580928,3267581183,US
3267581184,3267581439,FR
3267581440,3267581695,US
3267581696,3267581951,FR
3267581952,3267582463,DE
3267582464,3267582719,SG
3267582720,3267582975,SE
3267582976,3267583231,US
3267583232,3267585535,DE
3267585536,3267586047,GB
3267586048,3267588095,DE
3267588096,3267590143,IN
3267590144,3267592191,AU
3267592192,3267608575,DE
3267608576,3267610623,US
3267610624,3267612671,DE
3267612672,3267616767,US
3267616768,3267622911,DE
3267622912,3267624959,AU
3267624960,3267690495,NL
3267690496,3267756031,FI
3267756032,3267821567,US
3267821568,3267887103,FR
3267887104,3268149247,GB
3268149248,3268165631,EE
3268173824,3268182015,MT
3268182016,3268198399,PL
3268198400,3268214783,MA
3268214784,3268280319,GB
3268280320,3268345855,FR
3268345856,3268411391,GB
3268411392,3268476927,AT
3268476928,3268542463,CH
3268542464,3268607999,PT
3268608000,3268673535,FI
3268673536,3268739071,CZ
3268739072,3268739327,DE
3268739328,3268739583,PL
3268739584,3268739839,DE
3268739840,3268740095,GB
3268740096,3268740351,IL
3268740352,3268740607,DE
3268740608,3268740863,RO
3268740864,3268741119,CH
3268741120,3268741375,MD
3268741376,3268741631,LV
3268741632,3268741887,US
3268741888,3268742143,AT
3268742144,3268742399,RU
3268742400,3268742655,DE
3268742656,3268742911,IT
3268742912,3268743167,DE
3268743168,3268743423,UZ
3268743424,3268743679,DE
3268743680,3268743935,US
3268743936,3268744191,ES
3268744192,3268744447,DE
3268744448,3268744703,RU
3268744704,3268744959,PL
3268744960,3268745215,UA
3268745216,3268745471,NL
3268745472,3268745727,TR
3268745728,3268745983,PL
3268745984,3268746239,DE
3268746240,3268746495,GB
3268746496,3268746751,IE
3268746752,3268747007,FR
3268747008,3268747263,DE
3268747264,3268755455,CZ
3268755456,3268763647,GB
3268763648,3268764159,RU
3268764160,3268764671,DE
3268764672,3268765183,LV
3268765184,3268765695,RU
3268765696,3268766719,UA
3268766720,3268766975,DE
3268766976,3268767231,SK
3268767232,3268767743,RU
3268767744,3268768255,NL
3268768256,3268768767,BE
3268768768,3268769279,RU
3268769280,3268769535,IR
3268769536,3268769791,AZ
3268769792,3268770303,UA
3268770304,3268770815,RU
3268770816,3268771327,FR
3268771328,3268771839,NL
3268771840,3268788223,NO
3268788224,3268804607,CZ
3268804608,3268870143,FR
3268870144,3268935679,FI
3268935680,3269066751,GB
3269066752,3269132287,SE
3269132288,3269197823,GR
3269197824,3269263359,ES
3269263360,3269394431,GB
3269394432,3269419007,AU
3269419008,3269427199,JP
3269427200,3269430271,SG
3269430272,3269435391,JP
3269435392,3269443583,AU
3269443584,3269459967,JP
3269459968,3269525503,ES
3269525504,3269591039,IR
3269591040,3269634303,RU
3269634304,3269634559,FR
3269634560,3269656575,RU
3269656576,3269722111,GB
3269722112,3269787647,CZ
3269787648,3269853183,NL
3269853184,3269918719,CH
3269918720,3269922303,DE
3269922304,3269922815,US
3269922816,3269924351,DE
3269924352,3269924607,US
3269924608,3269926143,DE
3269926144,3269926399,US
3269926400,3269927423,DE
3269927424,3269927679,US
3269927680,3269928959,DE
3269928960,3269929215,US
3269929216,3269931263,DE
3269931264,3269931775,US
3269931776,3269932031,DE
3269932032,3269932543,US
3269932544,3269932799,DE
3269932800,3269933055,US
3269933056,3269940479,DE
3269940480,3269940735,US
3269940736,3269940991,DE
3269940992,3269941247,US
3269941248,3269945599,DE
3269945600,3269945855,US
3269945856,3269947647,DE
3269947648,3269947903,US
3269947904,3269951487,DE
3269951488,3269954559,US
3269954560,3269954815,HK
3269954816,3269955071,IN
3269955072,3269955583,US
3269955584,3269956607,KR
3269956608,3269956863,US
3269956864,3269957119,SG
3269957120,3269958399,US
3269958400,3269958655,MX
3269958656,3269959679,US
3269959680,3269967359,DE
3269967360,3269967615,US
3269967616,3269967871,DE
3269967872,3269968383,US
3269968384,3269968639,GB
3269968640,3269970943,US
3269970944,3269971967,BE
3269971968,3269974271,US
3269974272,3269974527,GB
3269974528,3269976063,US
3269976064,3269977087,DE
3269977088,3269977343,US
3269977344,3269981695,DE
3269981696,3269981951,US
3269981952,3269984255,DE
3269984256,3270049791,AT
3270049792,3270051839,DE
3270051840,3270052863,UA
3270052864,3270053887,DE
3270053888,3270054911,CY
3270054912,3270055935,DE
3270055936,3270056959,CY
3270056960,3270062591,DE
3270062592,3270062847,NL
3270062848,3270063103,KW
3270063104,3270065151,DE
3270065152,3270066175,CY
3270066176,3270074367,SG
3270074368,3270077439,DE
3270077440,3270078463,OM
3270078464,3270088703,DE
3270088704,3270090751,GB
3270090752,3270096895,DE
3270096896,3270098943,SG
3270098944,3270107135,DE
3270107136,3270111231,GB
3270111232,3270115327,DE
3270115328,3270246399,US
3270246400,3270377471,SE
3270377472,3270381567,SA
3270381568,3270383615,IN
3270383616,3270385663,US
3270385664,3270387711,GB
3270387712,3270388735,KZ
3270388736,3270388991,FI
3270388992,3270389503,GB
3270389504,3270389759,TJ
3270389760,3270391807,GB
3270391808,3270392063,DE
3270392064,3270392319,SE
3270392320,3270392831,DE
3270392832,3270395903,GB
3270395904,3270396415,IL
3270396416,3270397695,GB
3270397696,3270397951,DE
3270397952,3270402047,GB
3270402048,3270410239,SA
3270410240,3270443007,GB
3270443008,3270508543,DK
3270508544,3270639615,FI
3270639616,3270640127,PL
3270640128,3270640383,US
3270640384,3270640639,MX
3270640640,3270642175,RU
3270642176,3270642687,NO
3270642688,3270643199,DE
3270643200,3270643711,NL
3270643712,3270644223,AT
3270644224,3270644735,NL
3270644736,3270645247,DE
3270645248,3270645503,IR
3270645504,3270645759,US
3270645760,3270646271,IL
3270646272,3270646783,RU
3270646784,3270647295,US
3270647296,3270647807,RU
3270647808,3270648063,TR
3270648064,3270648319,NL
3270648320,3270648575,CH
3270648576,3270648831,AT
3270648832,3270649087,SI
3270649088,3270649343,AT
3270649344,3270649599,NL
3270649600,3270649855,PL
3270649856,3270650111,DK
3270650112,3270650367,AT
3270650368,3270650623,DK
3270650624,3270651135,FR
3270651136,3270651391,NL
3270651392,3270651647,RO
3270651648,3270651903,FR
3270651904,3270652415,DE
3270652416,3270652671,LU
3270652672,3270652927,CH
3270652928,3270653183,PL
3270653184,3270653439,FR
3270653440,3270653695,NL
3270653696,3270653951,GB
3270653952,3270654463,FR
3270654464,3270654719,BE
3270654720,3270654975,CY
3270655232,3270655487,IT
3270655488,3270655743,PL
3270655744,3270655999,IT
3270656000,3270664191,NL
3270664192,3270666239,UA
3270666240,3270667263,PL
3270667264,3270668287,SE
3270668288,3270669311,FR
3270669312,3270670335,UA
3270670336,3270672383,RU
3270672384,3270673407,GB
3270673408,3270673663,HK
3270673664,3270673919,GB
3270673920,3270674175,US
3270674176,3270680575,GB
3270680576,3270688767,FR
3270688768,3270836223,IT
3270836224,3270901759,DE
3270901760,3270909951,IT
3270909952,3270910207,AT
3270910208,3270910463,CZ
3270910464,3270910719,IR
3270910720,3270910975,BG
3270910976,3270911487,AE
3270911488,3270911743,RO
3270911744,3270911807,PL
3270911808,3270911871,NL
3270911872,3270911935,DE
3270911968,3270911999,NL
3270912000,3270913023,JP
3270913024,3270920703,DE
3270920704,3270920959,UA
3270920960,3270921215,US
3270921216,3270921471,DK
3270921472,3270921727,UA
3270921728,3270922239,GB
3270922240,3270922495,RU
3270922496,3270923263,NL
3270923264,3270923519,RO
3270923520,3270924287,DE
3270924288,3270925311,LB
3270925312,3270926335,RU
3270926336,3270926591,DE
3270926592,3270926847,CH
3270926848,3270927103,GB
3270927104,3270927359,UA
3270927360,3270927615,RO
3270927616,3270927871,FR
3270927872,3270928127,HU
3270928128,3270928383,DK
3270928384,3270928895,UA
3270928896,3270929407,US
3270929408,3270929663,GB
3270929664,3270929919,US
3270929920,3270930431,BG
3270930432,3270930943,RU
3270930944,3270931199,HK
3270931200,3270931455,IT
3270931456,3270931967,UA
3270931968,3270932479,CH
3270932480,3270932991,UA
3270932992,3270933503,DE
3270933504,3270934015,PL
3270934016,3270934527,IT
3270934528,3270967295,DE
3270967296,3270968319,PL
3270968320,3270968831,DE
3270968832,3270969343,SE
3270969344,3270969855,CH
3270969856,3270970367,AT
3270970368,3270970879,UA
3270970880,3270971391,RU
3270971392,3270971903,GE
3270971904,3270972415,UA
3270972416,3270973951,RU
3270973952,3270974463,FR
3270974464,3270974975,IT
3270974976,3270975487,NL
3270975488,3270975743,DK
3270975744,3270975999,RU
3270976000,3270976255,FR
3270976256,3270976511,UA
3270976512,3270976767,FR
3270976768,3270977023,UA
3270977024,3270977279,NL
3270977280,3270977535,RS
3270977536,3270977791,RU
3270977792,3270978047,PL
3270978048,3270978303,UA
3270978304,3270978559,DK
3270978560,3270979071,AE
3270979072,3270979327,PL
3270979328,3270979583,AT
3270979584,3270979839,NO
3270979840,3270980095,GB
3270980096,3270980351,AM
3270980352,3270980607,RU
3270980608,3270980863,MD
3270980864,3270981631,RU
3270981632,3270981887,IT
3270981888,3270982143,AT
3270982144,3270982399,DK
3270982400,3270982655,TR
3270982656,3270982911,UA
3270982912,3270983167,DK
3270983168,3270983423,PL
3270983424,3270983679,NL
3270983680,3270991871,GB
3270991872,3271000063,NL
3271000064,3271008255,RU
3271008256,3271008767,BE
3271008768,3271009279,SI
3271009280,3271009791,MD
3271009792,3271010303,IL
3271010304,3271010815,RU
3271010816,3271011327,GB
3271011328,3271012863,UA
3271012864,3271013119,US
3271013120,3271013375,UA
3271013376,3271013887,FR
3271013888,3271014399,IS
3271014400,3271014911,RU
3271014912,3271015423,DE
3271015424,3271015935,DK
3271015936,3271016447,RU
3271016448,3271024639,RS
3271024640,3271032831,GB
3271032832,3271098367,NO
3271098368,3271163903,SI
3271163904,3271229439,FR
3271229440,3271360511,FI
3271360512,3271426047,NL
3271426048,3271479423,FR
3271479424,3271479455,MQ
3271479456,3271491583,FR
3271491584,3271557119,DK
