3271557120,3271589887,BE
3271589888,3271688191,NO
3271688192,3271696383,GB
3271696384,3271697407,NL
3271697408,3271698447,GB
3271698448,3271698449,SE
3271698450,3271698451,NL
3271698452,3271698453,DE
3271698454,3271698455,NL
3271698456,3271698457,ES
3271698458,3271698459,NL
3271698460,3271698461,FR
3271698462,3271698463,NL
3271698464,3271698465,BE
3271698466,3271698471,NL
3271698472,3271698473,CH
3271698474,3271698475,NL
3271698476,3271698477,IT
3271698478,3271698479,NL
3271698480,3271698481,HU
3271698482,3271698483,NL
3271698484,3271698485,PL
3271698486,3271698487,NL
3271698488,3271698489,TR
3271698490,3271698687,NL
3271698688,3271698943,GB
3271698944,3271704575,NL
3271704576,3271710207,RU
3271710208,3271710463,AE
3271710464,3271711743,RU
3271711744,3271712255,NL
3271712256,3271712767,RU
3271712768,3271720959,LV
3271720960,3271729151,GB
3271729152,3271737343,DE
3271737344,3271738367,RU
3271738368,3271738879,US
3271738880,3271739391,RU
3271739392,3271739903,AT
3271739904,3271739919,IE
3271739920,3271739935,GB
3271739936,3271739951,US
3271739952,3271739967,HK
3271739968,3271739983,CA
3271739984,3271739999,JP
3271740000,3271740015,ES
3271740016,3271740031,FR
3271740032,3271740047,IE
3271740048,3271740063,GB
3271740064,3271740079,US
3271740080,3271740095,HK
3271740096,3271740111,CA
3271740112,3271740127,JP
3271740128,3271740143,ES
3271740144,3271740175,IE
3271740176,3271740191,GB
3271740192,3271740207,US
3271740208,3271740223,HK
3271740224,3271740239,CA
3271740240,3271740255,JP
3271740256,3271740271,ES
3271740272,3271740287,FR
3271740288,3271740303,IE
3271740304,3271740319,GB
3271740320,3271740335,US
3271740336,3271740351,HK
3271740352,3271740367,CA
3271740368,3271740383,JP
3271740384,3271740399,ES
3271740400,3271740415,IE
3271740416,3271741439,RU
3271741440,3271741951,PL
3271741952,3271742463,RU
3271742464,3271742975,PL
3271742976,3271743999,RU
3271744000,3271744511,IT
3271744512,3271745023,AT
3271745024,3271745535,PL
3271745536,3271746047,GB
3271746048,3271746559,RU
3271746560,3271747071,CH
3271747072,3271747583,KZ
3271747584,3271748095,RU
3271748096,3271748351,IR
3271748352,3271748607,GR
3271748608,3271749119,UA
3271749120,3271750143,RU
3271750144,3271750655,PL
3271750656,3271751167,GB
3271751168,3271751679,RO
3271751680,3271751935,LV
3271751936,3271752191,NL
3271752704,3271753215,US
3271753216,3271753727,PL
3271753728,3271770111,FR
3271770112,3271786495,AT
3271786496,3271787519,UA
3271787520,3271788543,RU
3271788544,3271789567,IL
3271789568,3271790591,RU
3271790592,3271791103,KR
3271791104,3271791615,IN
3271791616,3271792639,UA
3271792640,3271793663,PL
3271793664,3271794687,UA
3271795712,3271796735,US
3271796736,3271797759,SK
3271797760,3271798783,GB
3271798784,3271799807,NL
3271799808,3271800831,RU
3271800832,3271801855,GB
3271801856,3271802879,PS
3271802880,3271803903,DE
3271803904,3271804927,UA
3271804928,3271806975,PL
3271806976,3271807999,GB
3271808000,3271809023,DE
3271809024,3271810047,RU
3271810048,3271811071,PL
3271811072,3271812095,UA
3271812096,3271813119,ES
3271813120,3271814143,PL
3271814144,3271815167,SA
3271815168,3271817215,RU
3271817216,3271818239,DE
3271818240,3271819263,RU
3271819264,3271842815,US
3271842816,3271843327,DE
3271843328,3271852031,US
3271852032,3271874559,DE
3271874560,3271884799,US
3271884800,3271901183,UA
3271901184,3271909375,ES
3271909376,3271910399,DE
3271910400,3271910911,DK
3271910912,3271911423,LV
3271911424,3271911679,NL
3271911680,3271911935,RU
3271911936,3271912447,UA
3271912448,3271912959,RU
3271912960,3271913215,SK
3271913216,3271913471,SE
3271913472,3271913983,NO
3271913984,3271914495,RO
3271914496,3271915007,ES
3271915008,3271915519,SE
3271915520,3271916031,DE
3271916032,3271916543,GB
3271916544,3271917311,UA
3271917312,3271917567,GB
3271917568,3271925759,RU
3271925760,3271926015,DK
3271926016,3271926271,GB
3271926272,3271926527,KZ
3271926528,3271926783,NL
3271926784,3271927295,SI
3271927296,3271927551,BG
3271927552,3271928575,GB
3271928576,3271928831,CH
3271928832,3271929087,IE
3271929088,3271929343,LB
3271929344,3271929599,NO
3271929600,3271930111,GB
3271930112,3271930367,HU
3271930368,3271930623,RU
3271930624,3271930879,GE
3271930880,3271931135,CH
3271931136,3271931647,PL
3271931648,3271931903,NO
3271931904,3271932159,UA
3271932160,3271932415,SE
3271932416,3271932671,CZ
3271932672,3271932927,DE
3271932928,3271933183,AT
3271933184,3271933695,GB
3271933696,3271933951,DE
3271933952,3272015871,FR
3272015872,3272016895,AT
3272016896,3272017919,DE
3272017920,3272018943,IQ
3272018944,3272019455,KZ
3272019456,3272019967,ES
3272019968,3272020991,IT
3272020992,3272024063,DK
3272024064,3272032255,IE
3272032256,3272037087,US
3272037088,3272037095,SE
3272037096,3272040447,US
3272040448,3272048639,FR
3272048640,3272056831,NL
3272056832,3272065023,RU
3272065024,3272072655,US
3272072656,3272072663,ES
3272072664,3272072991,US
3272072992,3272072999,ES
3272073000,3272073215,US
3272073216,3272081407,GB
3272081408,3272089599,PT
3272089600,3272090111,NO
3272090112,3272091647,RU
3272091648,3272092671,UA
3272092672,3272093183,RU
3272093184,3272093439,FR
3272093440,3272093695,NL
3272093696,3272094207,ES
3272094208,3272094719,AM
3272094720,3272095231,PL
3272095232,3272095743,FI
3272095744,3272096255,RU
3272096256,3272096767,PT
3272096768,3272097279,FI
3272097280,3272097535,FR
3272097536,3272097791,FI
3272097792,3272106239,GB
3272106240,3272106495,PL
3272106496,3272106751,SE
3272106752,3272107007,PL
3272107008,3272107263,GB
3272107264,3272107519,PL
3272107520,3272107775,IR
3272107776,3272108031,CH
3272108032,3272108287,DE
3272108288,3272108543,RO
3272108544,3272108799,PL
3272108800,3272109055,AL
3272109056,3272109311,CH
3272109312,3272109567,TR
3272109568,3272109823,IR
3272109824,3272110079,FR
3272110080,3272110335,IR
3272110336,3272110591,CH
3272110592,3272110847,IR
3272110848,3272111103,LV
3272111104,3272111359,GB
3272111360,3272111615,US
3272111616,3272112127,ES
3272112128,3272112383,RO
3272112384,3272113151,DE
3272113152,3272113407,FR
3272113408,3272113663,DE
3272113664,3272113919,GB
3272113920,3272114175,AT
3272114176,3272122367,PL
3272122368,3272131071,GB
3272131072,3272131327,DK
3272131328,3272131583,NL
3272131584,3272132095,RO
3272132096,3272132607,CH
3272132608,3272132863,GB
3272132864,3272133119,NZ
3272133376,3272133631,CH
3272133632,3272134143,EE
3272134144,3272134655,RO
3272134656,3272135167,NL
3272135168,3272135679,CH
3272135680,3272136191,AT
3272136192,3272136703,FR
3272136704,3272137215,PL
3272137216,3272137727,LT
3272137728,3272138239,PL
3272138240,3272138751,BG
3272138752,3272146943,DE
3272146944,3272212479,RU
3272212480,3272228863,GB
3272228864,3272237055,LU
3272237056,3272245247,IM
3272245248,3272261631,FI
3272261632,3272261887,MT
3272261888,3272262143,RU
3272262144,3272262399,IL
3272262400,3272262655,DE
3272262656,3272262911,NO
3272262912,3272263167,SA
3272263168,3272263423,RU
3272263424,3272263679,GB
3272263680,3272263935,US
3272263936,3272264191,ES
3272264192,3272264447,NL
3272264448,3272264703,DE
3272264704,3272264959,LV
3272264960,3272265215,RU
3272265216,3272265471,AT
3272265472,3272265727,DK
3272265728,3272265983,DE
3272265984,3272266239,GB
3272266240,3272266495,UA
3272266496,3272266751,SE
3272266752,3272267007,NL
3272267008,3272267263,GB
3272267264,3272267519,RU
3272267520,3272267775,GB
3272267776,3272268031,LV
3272268032,3272268287,MT
3272268288,3272268543,ES
3272268544,3272268799,GB
3272268800,3272269055,IR
3272269056,3272269823,GB
3272269824,3272270335,NL
3272270336,3272270847,DE
3272270848,3272271871,NL
3272271872,3272272255,GB
3272272256,3272272383,NL
3272272384,3272351743,GB
3272351744,3272352767,PL
3272352768,3272353023,GB
3272353024,3272353279,FR
3272353280,3272353535,DE
3272353536,3272353791,CZ
3272353792,3272355839,CH
3272355840,3272356351,GB
3272356352,3272356607,ES
3272356608,3272356863,US
3272356864,3272357887,RO
3272357888,3272358911,UA
3272358912,3272359935,NL
3272359936,3272368127,RU
3272368128,3272376319,KZ
3272376320,3272384511,SK
3272384512,3272392703,LT
3272392704,3272400895,AT
3272400896,3272400935,SE
3272400936,3272400943,IT
3272400944,3272400959,SE
3272400960,3272400967,CH
3272400968,3272400975,GB
3272400976,3272400983,FR
3272400984,3272401023,SE
3272401024,3272401047,GB
3272401048,3272401051,DE
3272401052,3272401055,FR
3272401056,3272401059,DE
3272401060,3272401063,AT
3272401064,3272401067,PL
3272401068,3272401071,NL
3272401072,3272401087,DE
3272401088,3272401119,SE
3272401120,3272401127,NL
3272401128,3272401151,DE
3272401152,3272401159,IT
3272401160,3272401167,LV
3272401168,3272401175,GB
3272401176,3272401183,DE
3272401184,3272401199,SE
3272401200,3272401203,EE
3272401204,3272401215,PL
3272401216,3272401311,SE
3272401312,3272401375,DE
3272401376,3272401383,GB
3272401384,3272401391,NL
3272401392,3272401399,FR
3272401400,3272401407,GB
3272401408,3272401411,PL
3272401412,3272401415,SE
3272401416,3272401423,DE
3272401424,3272401431,PL
3272401432,3272401439,IE
3272401440,3272401471,DE
3272401472,3272401503,NO
3272401504,3272401511,SE
3272401512,3272401515,GB
3272401516,3272401519,SE
3272401520,3272401535,PL
3272401536,3272401567,DE
3272401568,3272401575,GB
3272401576,3272401583,DE
3272401584,3272401591,CZ
3272401592,3272401599,IT
3272401600,3272401663,GB
3272401664,3272401671,BG
3272401672,3272401695,FR
3272401696,3272401703,DE
3272401704,3272401711,NO
3272401712,3272401719,NL
3272401720,3272401743,IE
3272401744,3272401759,FI
3272401760,3272401775,FR
3272401776,3272401779,DE
3272401780,3272401783,NO
3272401784,3272401799,NL
3272401800,3272401807,GB
3272401808,3272401811,ES
3272401812,3272401815,FR
3272401816,3272401823,DE
3272401824,3272401831,GB
3272401832,3272401835,ES
3272401836,3272401839,IT
3272401840,3272401847,FR
3272401848,3272401855,PL
3272401856,3272401859,SE
3272401860,3272401871,DE
3272401872,3272401879,FR
3272401880,3272401883,CZ
3272401884,3272401887,GB
3272401888,3272401919,DE
3272401920,3272401927,FI
3272401928,3272401935,SE
3272401936,3272401943,GB
3272401944,3272401951,FR
3272401952,3272401983,DE
3272401984,3272402031,SE
3272402032,3272402047,LT
3272402048,3272402079,SE
3272402080,3272402095,DE
3272402096,3272402103,FR
3272402104,3272402111,LU
3272402112,3272402119,DE
3272402120,3272402135,IT
3272402136,3272402143,FR
3272402144,3272402159,DE
3272402160,3272402167,RU
3272402168,3272402175,SE
3272402176,3272402183,NL
3272402184,3272402191,FR
3272402192,3272402199,ES
3272402200,3272402207,FR
3272402208,3272402215,IT
3272402216,3272402223,PL
3272402224,3272402239,SE
3272402240,3272402247,PL
3272402248,3272402255,DE
3272402256,3272402259,NL
3272402260,3272402263,FR
3272402264,3272402267,NL
3272402268,3272402271,FR
3272402272,3272402279,HR
3272402280,3272402287,IT
3272402288,3272402295,DE
3272402296,3272402303,FI
3272402304,3272402335,IE
3272402336,3272402351,DE
3272402352,3272402375,NL
3272402376,3272402383,DE
3272402384,3272402399,CZ
3272402400,3272402415,DK
3272402416,3272402431,DE
3272402432,3272402443,SE
3272402444,3272402447,DE
3272402448,3272402455,SE
3272402456,3272402463,IT
3272402464,3272402479,SE
3272402480,3272402487,DE
3272402488,3272402495,GB
3272402496,3272402511,NO
3272402512,3272402543,CH
3272402544,3272402559,RO
3272402560,3272402567,NL
3272402568,3272402575,GB
3272402576,3272402583,NL
3272402584,3272402591,FR
3272402592,3272402607,NL
3272402608,3272402615,FR
3272402616,3272402619,DE
3272402620,3272402623,SE
3272402624,3272402639,RO
3272402640,3272402647,FI
3272402648,3272402655,GB
3272402656,3272402671,NO
3272402672,3272402679,GB
3272402680,3272402687,PL
3272402688,3272402815,GB
3272402816,3272402823,IT
3272402824,3272402831,UA
3272402832,3272402863,GB
3272402864,3272402867,DE
3272402868,3272402871,IT
3272402872,3272402879,GB
3272402880,3272402943,SE
3272402944,3272403007,HU
3272403008,3272403023,SE
3272403024,3272403031,NL
3272403032,3272403039,SE
3272403040,3272403063,NL
3272403064,3272403079,SG
3272403080,3272403083,SE
3272403084,3272403087,BE
3272403088,3272403155,FR
3272403156,3272403163,GB
3272403164,3272403167,BE
3272403168,3272403199,DE
3272403200,3272403967,SE
3272403968,3272403999,BE
3272404000,3272404007,DE
3272404008,3272404023,GB
3272404024,3272404047,PL
3272404048,3272404055,RO
3272404056,3272404119,GB
3272404120,3272404167,SK
3272404168,3272404183,PL
3272404184,3272404327,CZ
3272404328,3272404343,RS
3272404344,3272404383,CH
3272404384,3272404423,SI
3272404424,3272404463,NL
3272404464,3272404487,IT
3272404488,3272404551,DE
3272404552,3272404615,HU
3272404616,3272404623,MK
3272404624,3272404663,GB
3272404664,3272404679,BE
3272404680,3272404687,GB
3272404688,3272404695,FR
3272404696,3272404871,GB
3272404872,3272404991,FR
3272404992,3272409087,SE
3272409088,3272417279,BE
3272417280,3272418047,FR
3272418048,3272418303,IT
3272418304,3272418559,FI
3272418688,3272418751,FR
3272418752,3272418815,GB
3272418816,3272419327,PL
3272419328,3272420351,DE
3272420352,3272420863,US
3272420864,3272420991,PL
3272420992,3272421119,DK
3272421120,3272421375,FR
3272421376,3272421887,US
3272421888,3272422143,RU
3272422144,3272422399,FR
3272422400,3272422911,CH
3272422912,3272423423,US
3272423424,3272423935,BE
3272423936,3272424447,FR
3272424448,3272425471,DE
3272425472,3272441855,GB
3272441856,3272474623,LV
3272474624,3272474879,FR
3272474880,3272475135,NL
3272475136,3272475391,AE
3272475392,3272475647,PL
3272475648,3272475903,AT
3272475904,3272476159,BE
3272476160,3272476415,RO
3272476416,3272476671,FR
3272476672,3272476927,DE
3272476928,3272477183,IT
3272477184,3272477439,FR
3272477440,3272477695,PL
3272477696,3272477951,RU
3272477952,3272478207,RO
3272478208,3272478463,DK
3272478464,3272478719,FI
3272478720,3272478975,GB
3272478976,3272479231,UA
3272479232,3272479487,DE
3272479488,3272479743,SA
3272479744,3272479999,RO
3272480000,3272480255,UA
3272480256,3272480511,FR
3272480512,3272480767,CH
3272480768,3272481023,DE
3272481024,3272481279,SE
3272481280,3272481791,PL
3272481792,3272482047,FR
3272482048,3272482303,NL
3272482304,3272482559,PL
3272482560,3272482815,BE
3272482816,3272491007,RU
3272491008,3272499199,GB
3272499200,3272499711,RU
3272499712,3272499967,US
3272499968,3272500223,VG
3272500224,3272500735,RU
3272500736,3272501247,IT
3272501248,3272501503,TR
3272501504,3272501759,IT
3272501760,3272502783,RU
3272502784,3272503295,KW
3272503296,3272503807,PL
3272503808,3272504319,RU
3272504320,3272504831,PL
3272504832,3272505087,NL
3272505088,3272505343,RU
3272505344,3272505855,AT
3272505856,3272506111,UA
3272506112,3272506367,PL
3272506368,3272506879,IE
3272506880,3272507391,CH
3272507392,3272515583,CY
3272515584,3272523775,LT
3272523776,3272540159,DE
3272540160,3272572927,CH
3272572928,3272589311,FR
3272589312,3272605695,CH
3272605696,3272613887,BE
3272613888,3272622079,RU
3272622080,3272623103,US
3272623104,3272624127,DE
3272624128,3272624383,CH
3272624384,3272624639,NO
3272624640,3272624895,TR
3272624896,3272625151,DE
3272625152,3272626175,UA
3272626176,3272627199,DE
3272627200,3272628223,NL
3272628224,3272629247,LT
3272629248,3272629759,RU
3272629760,3272630015,DE
3272630016,3272638463,RU
3272638464,3272646655,ES
3272646656,3272654847,GB
3272654848,3272663039,FI
3272663040,3272671231,AT
3272671232,3272671487,IE
3272671488,3272736767,US
3272736768,3272737791,NO
3272737792,3272738815,GB
3272738816,3272739071,TR
3272739072,3272739327,JO
3272739328,3272739583,IR
3272739584,3272739839,IT
3272739840,3272740863,RU
3272740864,3272741887,UA
3272741888,3272742911,RU
3272742912,3272743167,BE
3272743168,3272743423,ES
3272743424,3272743935,RU
3272743936,3272744959,UA
3272744960,3272753151,RU
3272753152,3272769535,NL
3272769536,3272802303,NO
3272802304,3272867839,RU
3272867840,3272868863,PL
3272868864,3272869887,UA
3272869888,3272870911,NL
3272870912,3272871935,FR
3272871936,3272872191,AM
3272872192,3272872447,IL
3272872448,3272872959,RU
3272872960,3272873983,DE
3272873984,3272875007,BG
3272875008,3272876031,RU
3272876032,3272884223,NL
3272884224,3272892415,CH
3272892416,3272892927,UA
3272892928,3272893439,LT
3272893440,3272893695,UA
3272893696,3272893951,FR
3272893952,3272894463,RU
3272894464,3272894975,LT
3272894976,3272895231,NL
3272895232,3272895487,RO
3272895488,3272895999,GB
3272896000,3272896511,PL
3272896512,3272897023,DE
3272897024,3272897279,GR
3272897280,3272897535,HU
3272897536,3272898047,FI
3272898048,3272898559,RU
3272898560,3272899327,DE
3272899328,3272899583,PL
3272899584,3272900095,UA
3272900096,3272900607,LV
3272900608,3272900863,RU
3272900864,3272901119,AT
3272901120,3272901375,UA
3272901376,3272901631,PL
3272901632,3272901887,AT
3272901888,3272902143,DE
3272902144,3272902399,PL
3272902400,3272902655,RU
3272902656,3272902911,IR
3272902912,3272903167,RU
3272903168,3272903423,PL
3272903424,3272903679,AT
3272903680,3272903935,RU
3272903936,3272904191,DE
3272904192,3272904447,SI
3272904448,3272904959,NL
3272904960,3272905215,RO
3272905216,3272905343,CH
3272905344,3272905471,FR
3272905472,3272905727,CH
3272905728,3272905983,UA
3272905984,3272906239,FI
3272906240,3272906495,PL
3272906496,3272906751,EE
3272906752,3272907007,HU
3272907008,3272907263,HR
3272907264,3272907519,UA
3272907520,3272907775,GB
3272907776,3272908031,RO
3272908032,3272908287,CH
3272908288,3272908543,AT
3272908544,3272908799,DE
3272908800,3272916991,SK
3272916992,3272917503,MC
3272917504,3272918527,RU
3272918528,3272919039,FR
3272919040,3272919551,PL
3272919552,3272920063,RO
3272920064,3272920575,NL
3272920576,3272920879,SE
3272920880,3272920911,FI
3272920912,3272921087,SE
3272921088,3272921343,LV
3272921344,3272921599,FR
3272921600,3272922111,DE
3272922112,3272922623,PL
3272922624,3272923135,GB
3272923136,3272923391,JO
3272923392,3272924159,PL
3272924160,3272924671,DE
3272924672,3272925183,GB
3272925184,3272933375,DE
3272933376,3272943063,US
3272943064,3272943071,GB
3272943072,3272945919,US
3272945920,3272946687,DE
3272946688,3272957951,US
3272957952,3272966143,DE
3272966144,3272967167,US
3272967168,3272967423,SE
3272967424,3272970239,US
3272970240,3272970495,HK
3272970496,3272974335,US
3272974336,3272998911,SG
3272998912,3273007103,PT
3273007104,3273015295,CZ
3273015296,3273023487,SE
3273023488,3273024511,PL
3273024512,3273025535,NL
3273025536,3273026559,RU
3273026560,3273028607,UA
3273028608,3273029631,PL
3273029632,3273029887,CH
3273029888,3273030143,US
3273030144,3273030399,NL
3273030400,3273030655,RU
3273030656,3273031679,PL
3273031680,3273032191,GB
3273032192,3273033215,UA
3273033216,3273033727,GB
3273033728,3273034239,DE
3273034240,3273034751,BE
3273034752,3273035263,UA
3273035264,3273035775,DE
3273035776,3273036287,FR
3273036288,3273036543,BE
3273036544,3273036799,ES
3273036800,3273037311,RU
3273037312,3273037823,GB
3273037824,3273038335,RU
3273038336,3273038847,GR
3273038848,3273039871,GB
3273039872,3273048063,LT
3273048064,3273056255,IT
3273056256,3273064447,MD
3273064448,3273129983,PT
3273129984,3273138175,DK
3273138176,3273146367,BG
3273146368,3273148415,RU
3273148416,3273150463,LU
3273150464,3273152511,DZ
3273152512,3273154559,BG
3273154560,3273162751,DE
3273162752,3273170943,UA
3273170944,3273179135,SE
3273179136,3273187327,CM
3273187328,3273187839,SE
3273187840,3273188351,DK
3273188352,3273188863,RU
3273188864,3273189375,GB
3273189376,3273189631,TR
3273189632,3273189887,IR
3273189888,3273190399,UA
3273190400,3273190911,IR
3273190912,3273191935,RO
3273191936,3273192447,UA
3273192448,3273193471,FR
3273193472,3273193983,PL
3273193984,3273194495,GB
3273194496,3273195007,UA
3273195008,3273195519,RU
3273195520,3273261055,FR
3273261056,3273261567,NO
3273261568,3273262079,BE
3273262080,3273262591,LU
3273262592,3273263103,NL
3273263104,3273263615,AZ
3273263616,3273264127,SE
3273264128,3273264639,PL
3273264640,3273265151,AT
3273265152,3273266175,UA
3273266176,3273266687,LV
3273266688,3273267455,PL
3273267456,3273267711,CZ
3273267712,3273267967,DE
3273267968,3273268223,IR
3273268224,3273268735,SE
3273268736,3273269247,RU
3273269248,3273277439,GB
3273277440,3273278463,UA
3273278464,3273279487,NO
3273279488,3273281535,PL
3273281536,3273282559,RU
3273282560,3273283071,UA
3273283072,3273283583,NL
3273283584,3273284607,GB
3273284608,3273285631,UA
3273285632,3273289727,FR
3273289728,3273293823,GB
3273293824,3273302015,MK
3273302016,3273310207,RU
3273310208,3273318399,AT
3273318400,3273319423,NL
3273319424,3273319679,GB
3273319680,3273319935,CY
3273319936,3273320191,FI
3273320192,3273320447,DE
3273320448,3273320959,US
3273320960,3273321471,SA
3273321472,3273321727,GB
3273321728,3273321983,ES
3273321984,3273322495,TJ
3273322496,3273326591,US
3273326592,3273392127,GB
3273392128,3273392639,PL
3273392640,3273393663,RO
3273393664,3273394175,AZ
3273394176,3273394687,IT
3273394688,3273395199,IR
3273395200,3273395711,DE
3273395712,3273396223,RU
3273396224,3273396735,PL
3273396736,3273397247,RO
3273397248,3273397503,FR
3273397504,3273397631,CA
3273397632,3273397759,RU
3273397760,3273398271,NL
3273398272,3273398783,RO
3273398784,3273399295,GB
3273399296,3273399807,SE
3273399808,3273400319,UA
3273400320,3273408511,RU
3273408512,3273433087,SK
3273433088,3273433599,LU
3273433600,3273434111,RO
3273434112,3273434623,BE
3273434624,3273435135,IL
3273435136,3273435647,IR
3273435648,3273436159,PL
3273436160,3273436671,NO
3273436672,3273437183,BE
3273437184,3273437695,RO
3273437696,3273438207,ES
3273438208,3273438719,IL
3273438720,3273439231,UA
3273439232,3273439743,RO
3273439744,3273440255,DE
3273440256,3273440511,AM
3273440512,3273440767,PL
3273440768,3273441279,GB
3273441280,3273449471,FR
3273449472,3273457663,CH
3273457664,3273523199,HR
3273523200,3273588735,DE
3273588736,3273687039,IT
3273687040,3273719807,DE
3273719808,3273768959,NL
3273768960,3273785343,TR
3273785344,3273801727,RU
3273801728,3273802239,DE
3273802240,3273802751,ES
3273802752,3273803263,SA
3273803264,3273803775,US
3273803776,3273804287,CH
3273804288,3273804799,UA
3273804800,3273805311,RO
3273805312,3273805567,FR
3273805568,3273805823,GB
3273805824,3273806335,US
3273806336,3273806847,DE
3273806848,3273807359,SE
3273807360,3273807871,LU
3273807872,3273808383,CH
3273808384,3273808895,UA
3273808896,3273809407,PL
3273809408,3273809919,UA
3273809920,3273818111,BG
3273818112,3273818623,AT
3273818624,3273818879,NL
3273818880,3273819135,AT
3273819136,3273820159,NL
3273820160,3273826303,AT
3273826304,3273834495,DE
3273834496,3273835519,RU
3273835520,3273836543,UA
3273836544,3273837567,NL
3273837568,3273838591,UA
3273838592,3273839615,PL
3273839616,3273840639,EE
3273840640,3273841663,PL
3273841664,3273842687,AT
3273842688,3273850879,RU
3273850880,3273851903,FR
3273851904,3273852927,IN
3273852928,3273854975,US
3273854976,3273855999,BR
3273856000,3273857023,IN
3273857024,3273858559,FR
3273858560,3273859071,GB
3273859072,3273861119,US
3273861120,3273862143,BR
3273862144,3273863167,IN
3273863168,3273863679,FR
3273863680,3273864191,GB
3273864192,3273864703,NL
3273864704,3273865215,ID
3273865216,3273866239,LT
3273866240,3273866751,US
3273866752,3273867263,SG
3273867264,3273867519,BE
3273867520,3273867775,UA
3273867776,3273868031,PT
3273868032,3273868287,NL
3273868288,3273869311,RU
3273869312,3273871359,DE
3273871360,3273871615,PL
3273871616,3273871871,LU
3273871872,3273872383,SE
3273872384,3273872639,BG
3273872640,3273872895,PS
3273872896,3273873151,IE
3273873152,3273873919,DE
3273873920,3273874431,GB
3273874432,3273875455,GR
3273875456,3273875711,FR
3273875712,3273875967,NL
3273875968,3273876223,FR
3273876224,3273876479,IT
3273876480,3273876735,RO
3273876736,3273876991,SE
3273876992,3273877247,FR
3273877248,3273877503,DE
3273877536,3273877567,AT
3273877568,3273877759,IT
3273877760,3273878015,BG
3273878016,3273878271,FR
3273878272,3273878527,LV
3273878528,3273878783,FR
3273878784,3273879039,NO
3273879040,3273879551,BE
3273879552,3273879807,GB
3273879808,3273880063,NO
3273880064,3273880575,NL
3273880576,3273881087,RU
3273881088,3273881599,IT
3273881600,3273881855,GB
3273881856,3273882111,CH
3273882112,3273882367,SI
3273882368,3273883135,GB
3273883136,3273883391,GR
3273883392,3273883647,DE
3273883648,3273916415,NL
3273916416,3273932799,IT
3273932800,3273949183,DE
3273949184,3273981951,FR
3273981952,3274047487,DE
3274047488,3274048511,US
3274048512,3274049535,AU
3274049536,3274050559,UA
3274050560,3274051583,PL
3274051584,3274052351,UA
3274052352,3274052607,FR
3274052608,3274052863,DE
3274052864,3274053119,FR
3274053120,3274053375,KZ
3274053376,3274053631,RU
3274053632,3274054655,DE
3274054656,3274055167,US
3274055168,3274055423,MT
3274055424,3274055679,PL
3274055680,3274063871,RU
3274063872,3274072063,GB
3274072064,3274080255,HU
3274080256,3274088447,DE
3274088448,3274096639,KG
3274096640,3274113023,NL
3274113024,3274145791,CZ
3274145792,3274162175,KW
3274162176,3274162687,GB
3274162688,3274163199,IT
3274163200,3274163711,UA
3274163712,3274164223,BG
3274164224,3274164735,AT
3274164736,3274165247,IT
3274165248,3274165759,NL
3274165760,3274166271,RU
3274166272,3274166783,CZ
3274166784,3274167295,RU
3274167296,3274167807,BG
3274167808,3274168319,NL
3274168320,3274168831,PL
3274168832,3274169343,DZ
3274169344,3274170367,DE
3274170368,3274170879,TR
3274170880,3274171391,DE
3274171392,3274171903,RU
3274171904,3274172415,DE
3274172416,3274172927,UA
3274172928,3274173439,DE
3274173440,3274173951,GR
3274173952,3274174207,VG
3274174208,3274174463,CZ
3274174464,3274175487,UA
3274175488,3274175999,LU
3274176000,3274176511,DE
3274176512,3274177023,RU
3274177024,3274178047,IT
3274178048,3274178559,CH
3274178560,3274179327,GB
3274179328,3274179583,DE
3274179584,3274179839,GB
3274179840,3274180095,JP
3274180096,3274181631,GB
3274181632,3274181887,JP
3274181888,3274182143,GB
3274182144,3274182655,SG
3274182656,3274183167,FR
3274183168,3274183679,ES
3274183680,3274184191,JP
3274184192,3274185215,US
3274185216,3274186239,ES
3274186240,3274186751,MX
3274186752,3274194943,GB
3274194944,3274196479,SG
3274196480,3274196991,JP
3274196992,3274198015,DE
3274198016,3274198527,UA
3274198528,3274198783,GB
3274198784,3274199039,SG
3274199040,3274199295,GB
3274199296,3274199551,SG
3274199552,3274200063,MD
3274200064,3274200319,SG
3274200320,3274200575,GB
3274200576,3274200831,ES
3274200832,3274201087,GB
3274201088,3274201599,BE
3274201600,3274201855,SG
3274201856,3274202367,GB
3274202368,3274202623,SG
3274202624,3274203135,MD
3274203136,3274203647,SG
3274203648,3274204159,US
3274204160,3274204671,MX
3274204672,3274205183,SG
3274205184,3274205695,IN
3274205696,3274206207,US
3274206208,3274206719,BE
3274206720,3274207231,CA
3274207232,3274207743,IN
3274207744,3274208767,ES
3274208768,3274209279,MX
3274209280,3274210303,JP
3274210304,3274211327,SG
3274211328,3274215679,GB
3274215680,3274217471,NL
3274217472,3274217727,FR
3274217728,3274219519,GB
3274219520,3274220031,JP
3274220032,3274220543,ES
3274220544,3274221055,SG
3274221056,3274221567,ES
3274221568,3274223615,SG
3274223616,3274224639,NL
3274224640,3274224895,ES
3274224896,3274225151,GB
3274225152,3274225663,PL
3274225664,3274226175,FR
3274226176,3274226687,TR
3274226688,3274227199,ES
3274227200,3274227711,SG
3274227712,3274244095,NL
3274244096,3274309631,DK
3274309632,3274326015,FR
3274326016,3274334719,RU
3274334720,3274335231,PL
3274335232,3274335743,DE
3274335744,3274336255,EE
3274336256,3274336767,SE
3274336768,3274337279,AT
3274337280,3274337791,DE
3274337792,3274338303,SE
3274338304,3274338815,PL
3274338816,3274339327,DE
3274339328,3274339839,RO
3274339840,3274340351,RU
3274340352,3274340863,DE
3274340864,3274341375,RU
3274341376,3274341887,FR
3274341888,3274342399,UA
3274342400,3274342911,RO
3274342912,3274343423,UA
3274343424,3274343935,BE
3274343936,3274344447,NL
3274344448,3274344959,UA
3274344960,3274345471,RO
3274345472,3274345983,PL
3274345984,3274346495,BG
3274346496,3274347007,FR
3274347008,3274347519,RU
3274347520,3274348031,FR
3274348032,3274348543,DK
3274348544,3274349055,PL
3274349056,3274350079,RU
3274350080,3274350591,DE
3274350592,3274358783,RU
3274358784,3274366975,SE
3274366976,3274368511,NL
3274368512,3274368767,AT
3274368768,3274369023,FR
3274369024,3274369279,MD
3274369280,3274369535,FR
3274369536,3274369791,GB
3274369792,3274370047,PL
3274370048,3274371071,DE
3274371072,3274372095,GB
3274372096,3274373119,DE
3274373120,3274373375,VG
3274373376,3274373631,PL
3274373632,3274374143,FR
3274374144,3274375167,DE
3274375168,3274383359,EG
3274383360,3274384383,RU
3274384384,3274385407,SE
3274385408,3274386431,UA
3274386432,3274388479,GB
3274388480,3274389503,DE
3274389504,3274390527,CH
3274390528,3274391551,NO
3274391552,3274392063,FR
3274392064,3274392575,PL
3274392576,3274393087,RU
3274393088,3274393599,UA
3274393600,3274394111,PL
3274394112,3274394623,AM
3274394624,3274395135,RU
3274395136,3274395647,DK
3274395648,3274396159,DE
3274396160,3274396671,LV
3274396672,3274397183,PL
3274397184,3274397695,EE
3274397696,3274398207,DE
3274398208,3274399743,RU
3274399744,3274407935,LU
3274407936,3274408191,VG
3274408192,3274408447,IT
3274408448,3274408703,US
3274408704,3274408959,SI
3274408960,3274409215,GR
3274409216,3274409471,SI
3274409472,3274409727,AE
3274409728,3274409983,RU
3274409984,3274410239,LT
3274410240,3274410495,SA
3274410496,3274410751,DK
3274410752,3274411007,AT
3274411008,3274411263,IL
3274411264,3274411519,DE
3274411520,3274411775,RU
3274411776,3274412031,PL
3274412032,3274412287,RU
3274412288,3274412543,NO
3274412544,3274412799,UA
3274412800,3274413055,VG
3274413056,3274413311,UA
3274413312,3274413567,AT
3274413568,3274413823,FR
3274413824,3274414079,SE
3274414080,3274414335,AT
3274414336,3274414591,CH
3274414592,3274414847,AU
3274414848,3274415103,IE
3274415104,3274415359,DE
3274415360,3274415615,GB
3274415616,3274415871,NL
3274415872,3274416127,NO
3274416128,3274424319,IT
3274424320,3274440703,SE
3274440704,3274506239,GB
3274506240,3274571775,IT
3274571776,3274579967,GR
3274579968,3274580991,UA
3274580992,3274581503,PL
3274581504,3274581759,NL
3274581760,3274582015,US
3274582016,3274583039,PL
3274583040,3274584063,DE
3274584064,3274585087,GB
3274585088,3274586111,RS
3274586112,3274587135,UA
3274587136,3274588159,GB
3274588160,3274596351,SK
3274596352,3274604543,RU
3274604544,3274612735,TR
3274612736,3274620927,RU
3274620928,3274629119,FR
3274629120,3274637311,LU
3274637312,3274670079,CZ
3274670080,3274686463,DK
3274686464,3274686719,RU
3274686720,3274686975,BG
3274686976,3274687231,IN
3274687232,3274687487,DE
3274687488,3274687743,RU
3274687744,3274687999,SI
3274688000,3274688255,GB
3274688256,3274688511,IT
3274688512,3274688767,PT
3274688768,3274689023,PL
3274689024,3274689279,UA
3274689280,3274689535,PL
3274689536,3274689791,RU
3274689792,3274690047,SE
3274690048,3274690303,ES
3274690304,3274690559,GB
3274690560,3274690815,GR
3274690816,3274691071,ES
3274691072,3274691327,NO
3274691328,3274691583,SI
3274691584,3274691839,NO
3274691840,3274692095,SI
3274692096,3274692351,RO
3274692352,3274692607,BE
3274692608,3274692863,NO
3274692864,3274693119,AT
3274693120,3274693375,LV
3274693376,3274693631,UA
3274693632,3274693887,KZ
3274693888,3274694143,IT
3274694144,3274694399,DK
3274694400,3274694655,GB
3274694656,3274694911,SI
3274694912,3274695167,GB
3274695168,3274695423,SI
3274695424,3274695679,PL
3274695680,3274695935,SI
3274695936,3274696191,DE
3274696192,3274696447,LV
3274696448,3274696703,CH
3274696704,3274696959,IT
3274696960,3274697215,GR
3274697216,3274697471,SA
3274697472,3274697727,CZ
3274697728,3274697983,ES
3274697984,3274698239,DE
3274698240,3274698495,SE
3274698496,3274698751,LV
3274698752,3274699007,GB
3274699008,3274699263,FR
3274699264,3274699519,LV
3274699520,3274699775,SI
3274699776,3274700031,GB
3274700032,3274700287,CH
3274700288,3274700543,PL
3274700544,3274700799,DK
3274700800,3274701055,UA
3274701056,3274701311,DE
3274701312,3274701567,RU
3274701568,3274701823,IT
3274701824,3274702079,CZ
3274702080,3274702335,UA
3274702336,3274702591,SE
3274702592,3274702847,KZ
3274702848,3274801151,CH
3274801152,3274802175,NL
3274802176,3274803199,FR
3274803200,3274804223,DE
3274804224,3274805247,FR
3274805248,3274806271,GB
3274806272,3274807295,UA
3274807296,3274809343,DE
3274809344,3274810367,SE
3274810368,3274811391,UA
3274811392,3274812415,RU
3274812416,3274813439,SE
3274813440,3274814463,ES
3274814464,3274815487,GB
3274815488,3274816511,RU
3274816512,3274817535,SK
3274817536,3274821631,RU
3274821632,3274823679,KZ
3274823680,3274825727,TR
3274825728,3274827775,DE
3274827776,3274828799,DK
3274828800,3274829823,TR
3274829824,3274831871,SE
3274831872,3274833919,RO
3274833920,3274842111,BY
3274842112,3274850303,DK
3274850304,3274866687,GB
3274866688,3274883071,DE
3274883072,3274899455,EE
3274899456,3274964991,NL
3274964992,3275030527,DE
3275030528,3275096063,ES
3275096064,3275104255,RU
3275104256,3275105279,DE
3275105280,3275105791,GB
3275105792,3275106303,NL
3275106304,3275107327,RU
3275107328,3275107839,BG
3275107840,3275108351,PL
3275108352,3275108863,FR
3275108864,3275109375,PL
3275109376,3275109887,UA
3275109888,3275110399,RO
3275110400,3275110911,NL
3275110912,3275111167,AT
3275111168,3275111423,GB
3275111424,3275111935,IT
3275111936,3275112447,FR
3275112448,3275120639,DK
3275120640,3275137023,SE
3275137024,3275137279,IT
3275137280,3275137535,GB
3275137536,3275138047,UA
3275138048,3275138559,DE
3275138560,3275139071,EE
3275139072,3275139583,PT
3275139584,3275140095,AE
3275140096,3275140607,AT
3275140608,3275141119,AE
3275141120,3275141631,RU
3275141632,3275142143,GE
3275142144,3275142655,KG
3275142656,3275143167,SE
3275143168,3275144703,PL
3275144704,3275145215,HR
3275145216,3275153407,RU
3275153408,3275161599,GB
3275161600,3275227135,ES
3275227136,3275292671,HU
3275292672,3275358207,ES
3275358208,3275366399,RU
3275366400,3275366911,CZ
3275366912,3275367167,RU
3275367168,3275367423,DE
3275367424,3275367935,RU
3275367936,3275368447,DE
3275368448,3275369727,CZ
3275369728,3275369983,PL
3275369984,3275370239,CZ
3275370240,3275370495,NL
3275370496,3275371007,CZ
3275371008,3275371263,NL
3275371264,3275371519,RU
3275371520,3275371775,KZ
3275371776,3275372031,DE
3275372032,3275372287,RU
3275372288,3275372543,EE
3275372544,3275372799,FI
3275372800,3275373055,CZ
3275373056,3275373311,US
3275373312,3275373567,FI
3275373568,3275373823,CZ
3275373824,3275374079,RU
3275374080,3275374335,FI
3275374336,3275374591,PE
3275374592,3275382783,GB
3275382784,3275390975,SE
3275390976,3275391231,DK
3275391232,3275391487,NL
3275391488,3275391999,DK
3275392000,3275392255,KR
3275392256,3275393023,DK
3275393024,3275395071,US
3275395072,3275395327,HK
3275395328,3275396607,DK
3275396608,3275396863,LT
3275396864,3275397119,CH
3275397120,3275397631,RU
3275397632,3275398143,DE
3275398144,3275398399,TJ
3275398400,3275399167,GB
3275399168,3275407359,AT
3275407360,3275415551,GB
3275415552,3275423743,UA
3275423744,3275497471,GB
3275497472,3275505663,DE
3275505664,3275506175,PL
3275506176,3275506687,AT
3275506688,3275507199,SE
3275507200,3275507711,UA
3275507712,3275509759,RO
3275509760,3275509823,GR
3275509856,3275509887,PL
3275509888,3275509919,AM
3275509920,3275509951,PL
3275509952,3275509983,CH
3275509984,3275510015,PT
3275510016,3275510079,IQ
3275510080,3275510143,ES
3275510208,3275510335,CY
3275510336,3275510399,IE
3275510400,3275510463,NL
3275510464,3275510527,GB
3275510528,3275510591,DE
3275510592,3275510623,CY
3275510624,3275510655,EE
3275510688,3275510719,CY
3275510720,3275510751,GB
3275510752,3275510783,NL
3275510784,3275510911,CY
3275510912,3275510975,IT
3275510976,3275511039,LB
3275511040,3275511167,GB
3275511168,3275511231,FR
3275511232,3275511295,AT
3275511296,3275511551,GB
3275511552,3275511679,NL
3275511680,3275511807,CY
3275512064,3275512319,CZ
3275512320,3275512447,FI
3275512448,3275512575,DK
3275512576,3275512703,BE
3275512704,3275512767,CH
3275512768,3275512831,BG
3275512832,3275512895,SE
3275512896,3275512959,NL
3275512960,3275513023,PL
3275513024,3275513087,DE
3275513088,3275513151,CY
3275513152,3275513215,DE
3275513216,3275513279,CH
3275513280,3275513343,CY
3275513600,3275513727,CY
3275513728,3275513855,GB
3275513856,3275522047,DE
3275522048,3275530239,IT
3275530240,3275530751,DK
3275530752,3275531263,AT
3275531264,3275531775,GB
3275531776,3275532287,US
3275532288,3275532799,UA
3275532800,3275533055,MX
3275533056,3275533311,VE
3275533312,3275533823,GB
3275533824,3275534335,UA
3275534336,3275534847,NL
3275534848,3275535359,RO
3275535360,3275535871,DE
3275535872,3275536383,SE
3275536384,3275536895,UA
3275536896,3275537407,DE
3275537408,3275537919,FR
3275537920,3275538431,IT
3275538432,3275539455,CH
3275539456,3275540479,GB
3275540480,3275541503,UA
3275541504,3275542527,FI
3275542528,3275543551,GB
3275543552,3275544575,NL
3275544576,3275545599,PL
3275545600,3275546623,RU
3275546624,3275548671,UA
3275548672,3275549695,IL
3275549696,3275550207,RU
3275550208,3275550463,RO
3275550464,3275550719,ES
3275550720,3275551743,PL
3275551744,3275552767,RU
3275552768,3275553791,LV
3275553792,3275554815,FI
3275554816,3275620351,US
3275620352,3275621375,RU
3275621376,3275621631,IR
3275621632,3275621887,TR
3275621888,3275622399,RU
3275622400,3275623423,GB
3275623424,3275623935,PL
3275623936,3275624447,UA
3275624448,3275624959,SK
3275624960,3275625471,IL
3275625472,3275625983,DE
3275625984,3275626495,NL
3275626496,3275627007,UA
3275627008,3275627519,AT
3275627520,3275628031,DE
3275628032,3275628287,TR
3275628288,3275628543,AT
3275628544,3275629055,DE
3275629056,3275629311,RU
3275629312,3275629567,TR
3275629568,3275630079,UA
3275630080,3275630591,RU
3275630592,3275631103,PL
3275631104,3275631615,FR
3275631616,3275633151,DE
3275633152,3275633407,TR
3275633408,3275633663,RO
3275633664,3275634687,RU
3275634688,3275635199,RO
3275635200,3275636735,RU
3275636736,3275637247,PL
3275637248,3275637759,SE
3275637760,3275638271,BE
3275638272,3275638783,RU
3275638784,3275639807,FR
3275639808,3275640319,SE
3275640320,3275640831,RU
3275640832,3275641343,DE
3275641344,3275641855,NL
3275641856,3275642367,AT
3275642368,3275642879,CH
3275642880,3275643135,IQ
3275643136,3275643391,US
3275643392,3275643903,BE
3275643904,3275644415,RU
3275644416,3275644927,RO
3275644928,3275653119,DE
3275653120,3275661311,LV
3275661312,3275669503,IT
3275669504,3275677695,GB
3275677696,3275685887,IT
3275685888,3275718655,DE
3275718656,3275735039,NL
3275735040,3275751423,CZ
3275751424,3275759615,AT
3275759616,3275767807,US
3275767808,3275775999,NL
3275776000,3275776255,AT
3275776256,3275776511,NL
3275776512,3275776767,US
3275776768,3275777023,DE
3275777024,3275777279,FR
3275777280,3275777535,RU
3275777536,3275777791,FI
3275777792,3275778047,DZ
3275778048,3275778303,IT
3275778304,3275778559,RU
3275778560,3275778815,NL
3275778816,3275779327,FR
3275779328,3275779583,NL
3275779584,3275779839,IT
3275779840,3275780095,GB
3275780096,3275780351,SC
3275780352,3275780607,FR
3275780608,3275780863,CH
3275780864,3275781119,US
3275781120,3275781375,IT
3275781376,3275781631,RU
3275781632,3275781887,NO
3275781888,3275783679,US
3275783680,3275783935,RU
3275783936,3275784191,BY
3275784192,3275784703,CH
3275784704,3275785215,PL
3275785216,3275785727,DE
3275785728,3275786239,CH
3275786240,3275786751,UA
3275786752,3275787263,CH
3275787264,3275788287,RU
3275788288,3275788799,SE
3275788800,3275789311,AT
3275789312,3275789823,UA
3275789824,3275790335,PL
3275790336,3275790847,RO
3275790848,3275791359,UA
3275791360,3275791871,RU
3275791872,3275792383,PL
3275792384,3275792895,BG
3275792896,3275793407,UA
3275793408,3275793919,FR
3275793920,3275794431,UA
3275794432,3275794943,RO
3275794944,3275795455,RS
3275795456,3275795967,GR
3275795968,3275796479,PL
3275796480,3275796991,DE
3275796992,3275797503,RO
3275797504,3275798015,DE
3275798016,3275799039,UA
3275799040,3275799551,ES
3275799552,3275800063,IT
3275800064,3275800575,UA
3275800576,3275808767,RU
3275808768,3275816959,UA
3275816960,3275882495,CH
3275882496,3275884543,DE
3275884544,3275886591,IT
3275886592,3275888639,PL
3275888640,3275889151,US
3275889152,3275889407,DE
3275889408,3275889663,NL
3275889664,3275890687,FR
3275890688,3275898879,SE
3275898880,3275899135,LV
3275899136,3275899647,UA
3275899648,3275899903,RU
3275899904,3275900159,PL
3275900160,3275900415,SI
3275900416,3275900671,DE
3275900672,3275901183,RU
3275901184,3275901439,PL
3275901440,3275901695,DE
3275901696,3275901951,IE
3275901952,3275902207,DE
3275902208,3275902719,RU
3275902720,3275902975,UA
3275902976,3275903231,FR
3275903488,3275903743,FR
3275903744,3275903999,DE
3275904000,3275904255,RU
3275904256,3275904511,CH
3275904512,3275904767,PL
3275904768,3275905023,FI
3275905024,3275905279,PL
3275905280,3275905535,RU
3275905536,3275905791,NL
3275905792,3275906303,AT
3275906304,3275906559,PL
3275906560,3275907071,SE
3275907328,3275907583,CH
3275907584,3275907839,PL
3275907840,3275908095,DE
3275908096,3275908351,SA
3275908352,3275908607,AL
3275908608,3275908863,GB
3275908864,3275909119,PL
3275909120,3275909375,VG
3275909376,3275909631,UA
3275909632,3275909887,EE
3275909888,3275910143,SI
3275910144,3275910399,RU
3275910400,3275910655,DK
3275910656,3275910911,UA
3275910912,3275911167,DE
3275911168,3275911423,FR
3275911424,3275911679,RO
3275911680,3275911935,RU
3275911936,3275912191,BE
3275912192,3275912447,PL
3275912448,3275912703,RU
3275912704,3275912959,IL
3275912960,3275913215,FR
3275913216,3275913471,IL
3275913472,3275913983,DE
3275913984,3275914239,CH
3275914240,3275914495,RO
3275914496,3275914751,BG
3275914752,3275915007,RU
3275915008,3275915263,PT
3275915264,3275915775,SA
3275915776,3275916287,SE
3275916288,3275916799,US
3275916800,3275917311,NL
3275917312,3275917823,UA
3275917824,3275918335,RU
3275918336,3275918847,UA
3275918848,3275919871,PL
3275919872,3275920383,UA
3275920384,3275920895,GB
3275920896,3275921407,ES
3275921408,3275921919,NL
3275921920,3275922431,DE
3275922432,3275922943,UA
3275922944,3275923455,GR
3275923456,3275931647,ME
3275931648,3275936767,UA
3275936768,3275937279,NL
3275937280,3275937791,UA
3275937792,3275939839,US
3275939840,3275948031,GB
3275948032,3275998463,SE
3275998464,3275998467,LT
3275998468,3275998471,NO
3275998472,3275998475,FI
3275998476,3275998479,DK
3275998480,3275998483,EE
3275998484,3275998487,LV
3275998488,3275998591,SE
3275998592,3275998595,LT
3275998596,3275998599,NO
3275998600,3275998603,FI
3275998604,3275998607,DK
3275998608,3275998611,EE
3275998612,3275998615,LV
3275998616,3276013567,SE
3276013568,3276016127,FR
3276016128,3276016383,ES
3276016384,3276016639,DE
3276016640,3276018687,FR
3276018688,3276018711,IT
3276018712,3276018719,FR
3276018720,3276018731,IT
3276018732,3276018735,FR
3276018736,3276018743,IT
3276018744,3276018751,FR
3276018752,3276018759,IT
3276018760,3276018771,FR
3276018772,3276018791,IT
3276018792,3276018823,FR
3276018824,3276018831,IT
3276018832,3276018847,FR
3276018848,3276018855,IT
3276018856,3276018879,FR
3276018880,3276018887,IT
3276018888,3276018935,FR
3276018936,3276018943,IT
3276018944,3276019203,FR
3276019204,3276019211,GB
3276019212,3276019215,FR
3276019216,3276019243,GB
3276019244,3276019263,FR
3276019264,3276019267,GB
3276019268,3276019271,FR
3276019272,3276019275,GB
3276019276,3276019279,FR
3276019280,3276019287,GB
3276019288,3276019291,FR
3276019292,3276019299,GB
3276019300,3276019311,FR
3276019312,3276019315,GB
3276019316,3276019327,FR
3276019328,3276019343,GB
3276019344,3276019367,FR
3276019368,3276019371,GB
3276019372,3276019379,FR
3276019380,3276019383,GB
3276019384,3276019395,FR
3276019396,3276019407,GB
3276019408,3276019411,FR
3276019412,3276019447,GB
3276019448,3276019583,FR
3276019584,3276019591,DE
3276019592,3276023551,FR
3276023552,3276023663,IT
3276023664,3276024831,FR
3276024832,3276025087,IT
3276025088,3276028671,FR
3276028672,3276028927,GB
3276028928,3276030975,FR
3276030976,3276030979,DE
3276030980,3276030983,FR
3276030984,3276030991,DE
3276030992,3276030995,FR
3276030996,3276031003,DE
3276031004,3276031019,FR
3276031020,3276031027,DE
3276031028,3276031039,FR
3276031040,3276031043,DE
3276031044,3276031047,FR
3276031048,3276031059,DE
3276031060,3276031063,FR
3276031064,3276031067,DE
3276031068,3276031075,FR
3276031076,3276031091,DE
3276031092,3276031099,FR
3276031100,3276031103,DE
3276031104,3276031235,FR
3276031236,3276031239,DE
3276031240,3276032555,FR
3276032556,3276032559,DE
3276032560,3276032587,FR
3276032588,3276032591,DE
3276032592,3276033023,FR
3276033024,3276033291,DE
3276033292,3276033295,FR
3276033296,3276033299,DE
3276033300,3276033307,FR
3276033308,3276033327,DE
3276033328,3276033339,FR
3276033340,3276033351,DE
3276033352,3276033355,FR
3276033356,3276033361,DE
3276033362,3276033363,FR
3276033364,3276033371,DE
3276033372,3276033375,FR
3276033376,3276033387,DE
3276033388,3276033395,FR
3276033396,3276033403,DE
3276033404,3276033411,FR
3276033412,3276033431,DE
3276033432,3276033437,FR
3276033438,3276033443,DE
3276033444,3276033459,FR
3276033460,3276033463,DE
3276033464,3276033467,FR
3276033468,3276033469,DE
3276033470,3276033471,FR
3276033472,3276033475,DE
3276033476,3276033479,FR
3276033480,3276033487,DE
3276033488,3276033491,FR
3276033492,3276033499,DE
3276033500,3276033511,FR
3276033512,3276033515,DE
3276033516,3276033519,FR
3276033520,3276033531,DE
3276033532,3276034303,FR
3276034304,3276034304,GB
3276034305,3276034305,BE
3276034306,3276034306,SE
3276034307,3276034307,DK
3276034308,3276034308,DE
3276034309,3276034309,NL
3276034310,3276034310,GB
3276034311,3276034311,DE
3276034312,3276034312,FR
3276034313,3276034313,GB
3276034314,3276034314,AT
3276034315,3276034315,PT
3276034316,3276034317,ES
3276034318,3276034318,IT
3276034319,3276034319,CH
3276034320,3276034320,IT
3276034321,3276034321,CH
3276034322,3276034322,IT
3276034323,3276034323,IE
3276034324,3276034324,PL
3276034325,3276034325,RO
3276034326,3276034327,FR
3276034328,3276034328,LU
3276034329,3276034334,GB
3276034335,3276034335,FI
3276034336,3276034559,GB
3276034560,3276036863,FR
3276036864,3276036871,DE
3276036872,3276036875,FR
3276036876,3276036879,DE
3276036880,3276036883,FR
3276036884,3276036919,DE
3276036920,3276036925,FR
3276036926,3276036927,DE
3276036928,3276036935,FR
3276036936,3276036939,DE
3276036940,3276036943,FR
3276036944,3276036947,DE
3276036948,3276036951,FR
3276036952,3276036979,DE
3276036980,3276036983,FR
3276036984,3276036987,DE
3276036988,3276036991,FR
3276036992,3276037015,DE
3276037016,3276037023,FR
3276037024,3276037031,DE
3276037032,3276037043,FR
3276037044,3276037051,DE
3276037052,3276037055,FR
3276037056,3276037063,DE
3276037064,3276037069,FR
3276037070,3276037071,DE
3276037072,3276037075,FR
3276037076,3276037079,DE
3276037080,3276037083,FR
3276037084,3276037089,DE
3276037090,3276037091,FR
3276037092,3276037095,DE
3276037096,3276037103,FR
3276037104,3276037111,DE
3276037112,3276037115,FR
3276037116,3276037119,DE
3276037120,3276037375,FR
3276037376,3276037379,DE
3276037380,3276037395,FR
3276037396,3276037399,DE
3276037400,3276037411,FR
3276037412,3276037419,DE
3276037420,3276037427,FR
3276037428,3276037431,DE
3276037432,3276037435,FR
3276037436,3276037443,DE
3276037444,3276037447,FR
3276037448,3276037451,DE
3276037452,3276037455,FR
3276037456,3276037459,DE
3276037460,3276037463,FR
3276037464,3276037467,DE
3276037468,3276037479,FR
3276037480,3276037483,DE
3276037484,3276037491,FR
3276037492,3276037499,DE
3276037500,3276037507,FR
3276037508,3276037511,DE
3276037512,3276037523,FR
3276037524,3276037535,DE
3276037536,3276037543,FR
3276037544,3276037547,DE
3276037548,3276037555,FR
3276037556,3276037559,DE
3276037560,3276037575,FR
3276037576,3276037579,DE
3276037580,3276037583,FR
3276037584,3276037587,DE
3276037588,3276037595,FR
3276037596,3276037599,DE
3276037600,3276037615,FR
3276037616,3276037631,DE
3276037632,3276038399,FR
3276038400,3276038407,DE
3276038408,3276038415,FR
3276038416,3276038423,DE
3276038424,3276038431,FR
3276038432,3276038435,DE
3276038436,3276038447,FR
3276038448,3276038463,DE
3276038464,3276038471,FR
3276038472,3276038479,DE
3276038480,3276038543,FR
3276038544,3276038551,DE
3276038552,3276038559,FR
3276038560,3276038583,DE
3276038584,3276038607,FR
3276038608,3276038615,DE
3276038616,3276038623,FR
3276038624,3276038631,DE
3276038632,3276038639,FR
3276038640,3276038647,DE
3276038648,3276041279,FR
3276041280,3276041295,LU
3276041296,3276041727,FR
3276041728,3276041983,ES
3276041984,3276046335,FR
3276046336,3276059058,RU
3276059059,3276059059,KZ
3276059060,3276062719,RU
3276062720,3276063231,PL
3276063232,3276063743,FR
3276063744,3276064255,UA
3276064256,3276064767,DE
3276064768,3276065279,BG
3276065280,3276065791,UA
3276065792,3276066303,DE
3276066304,3276066815,GB
3276066816,3276067327,PS
3276067328,3276067839,UA
3276067840,3276068351,AT
3276068352,3276068863,BG
3276068864,3276069375,UA
3276069376,3276069887,NL
3276069888,3276070399,DE
3276070400,3276070911,UA
3276070912,3276071935,FR
3276071936,3276072447,GB
3276072448,3276072959,SK
3276072960,3276073471,PL
3276073472,3276073983,SK
3276073984,3276074495,DE
3276074496,3276075007,GB
3276075008,3276075519,RU
3276075520,3276076031,DE
3276076032,3276076287,NL
3276076288,3276076543,RU
3276076544,3276077055,DE
3276077056,3276078079,FR
3276078080,3276078591,RU
3276078592,3276079103,FR
3276079104,3276095487,NO
3276095488,3276096511,RU
3276096512,3276097535,IT
3276097536,3276098559,NL
3276098560,3276098815,UA
3276098816,3276099071,GB
3276099072,3276099327,LT
3276099328,3276099583,RU
3276099584,3276100607,PL
3276100608,3276101631,GB
3276101632,3276102655,LV
3276102656,3276103679,GB
3276103680,3276104703,SI
3276104704,3276105727,GB
3276105728,3276106751,AT
3276106752,3276107775,BG
3276107776,3276108799,DE
3276108800,3276109823,SE
3276109824,3276110847,BG
3276110848,3276111871,PL
3276111872,3276112895,DK
3276112896,3276113919,UA
3276113920,3276114943,RU
3276114944,3276115967,GE
3276115968,3276116991,NL
3276116992,3276117247,SC
3276117248,3276117503,UA
3276117504,3276117759,SC
3276117760,3276118015,RU
3276118016,3276119039,GB
3276119040,3276120319,RU
3276120320,3276120831,US
3276120832,3276121087,NL
3276121088,3276122111,BG
3276122112,3276123135,RU
3276123136,3276124159,AT
3276124160,3276125183,UA
3276125184,3276126207,AT
3276126208,3276127231,UA
3276127232,3276128255,UZ
3276128256,3276129279,AT
3276129280,3276130303,UA
3276130304,3276132351,RU
3276132352,3276133375,PL
3276133376,3276134399,GB
3276134400,3276135423,RU
3276135424,3276136447,UA
3276136448,3276136703,DK
3276136704,3276136959,NL
3276136960,3276137215,SI
3276137216,3276137471,CH
3276137472,3276138495,IQ
3276138496,3276139519,CH
3276139520,3276140543,RU
3276140544,3276141567,DE
3276141568,3276142591,UA
3276142592,3276143615,RU
3276143616,3276144639,ES
3276144640,3276152831,CH
3276152832,3276161023,HU
3276161024,3276169215,GB
3276169216,3276177407,AT
3276177408,3276185599,CZ
3276185600,3276193791,NO
3276193792,3276201983,RU
3276201984,3276210175,AT
3276210176,3276275711,DE
3276275712,3276283903,SK
3276283904,3276284159,FR
3276284160,3276284415,GB
3276284416,3276284927,IT
3276284928,3276285951,MT
3276285952,3276286975,CH
3276286976,3276287999,DE
3276288000,3276291071,GB
3276291072,3276292095,SE
3276292096,3276296447,US
3276296448,3276296479,BE
3276296480,3276300287,US
3276300288,3276304383,DE
3276304384,3276304639,BG
3276304640,3276305919,GB
3276305920,3276306431,SI
3276306432,3276308479,NL
3276308480,3276309503,GB
3276309504,3276310527,AT
3276310528,3276311551,PT
3276311552,3276312575,RU
3276312576,3276313599,UA
3276313600,3276314623,PL
3276314624,3276315647,FR
3276315648,3276316671,UA
3276316672,3276324863,GB
3276324864,3276333055,IT
3276333056,3276341247,RU
3276341248,3276406783,NL
3276406784,3276414975,FI
3276414976,3276415999,DK
3276416000,3276417023,SE
3276417024,3276419071,DE
3276419072,3276420095,PL
3276420096,3276421119,GB
3276421120,3276422143,PL
3276422144,3276422655,GB
3276422656,3276423167,RU
3276423168,3276423423,PL
3276423424,3276423679,AT
3276423680,3276423935,SE
3276423936,3276424191,UA
3276424192,3276424447,GB
3276424448,3276424703,PL
3276424704,3276424959,DE
3276424960,3276425215,RO
3276425216,3276425471,UA
3276425472,3276425727,DE
3276425728,3276425983,RU
3276425984,3276426239,IT
3276426240,3276426495,CZ
3276426496,3276426751,NO
3276426752,3276427007,RO
3276427008,3276427263,PL
3276427264,3276427519,FR
3276427520,3276427775,IT
3276427776,3276428031,RU
3276428032,3276428287,GB
3276428288,3276428543,RU
3276428544,3276428799,BG
3276428800,3276429311,NL
3276429312,3276430079,DE
3276430080,3276430591,PL
3276430592,3276430847,RO
3276430848,3276431103,DE
3276431104,3276431359,RU
3276431360,3276447743,GB
3276447744,3276455935,DE
3276455936,3276464127,BE
3276464128,3276472319,GR
3276472320,3276537855,NL
3276537856,3276668927,ES
3276668928,3276677119,MC
3276677120,3276678143,HR
3276678144,3276678655,SE
3276678656,3276679167,UA
3276679168,3276679679,DE
3276679680,3276680191,UA
3276680192,3276680703,SK
3276680704,3276681215,AT
3276681216,3276681471,JP
3276681472,3276681727,NL
3276681728,3276682239,BE
3276682240,3276682751,AT
3276682752,3276683007,NL
3276683008,3276683775,US
3276683776,3276684287,UA
3276684288,3276684799,RU
3276684800,3276685311,DE
3276685312,3276685823,RO
3276685824,3276686335,PL
3276686336,3276686847,UA
3276686848,3276687359,FI
3276687360,3276687871,RU
3276687872,3276688383,KW
3276688384,3276688895,DE
3276688896,3276689407,ES
3276689408,3276689919,GB
3276689920,3276690175,FR
3276690176,3276690431,SI
3276690432,3276690943,NL
3276690944,3276691455,GR
3276691456,3276691967,RO
3276691968,3276692479,US
3276692480,3276692991,UA
3276692992,3276693503,GB
3276693504,3276694015,RU
3276694016,3276694527,AT
3276694528,3276695039,UA
3276695040,3276695551,AT
3276695552,3276696063,RU
3276696064,3276696575,RO
3276696576,3276697087,ES
3276697088,3276697599,GB
3276697600,3276698111,UA
3276698112,3276698367,ES
3276698368,3276698623,IR
3276698624,3276699135,RU
3276699136,3276699647,ES
3276699648,3276699903,HK
3276699904,3276700159,IT
3276700160,3276700671,CZ
3276700672,3276701183,RO
3276701184,3276701695,RU
3276701696,3276709887,SE
3276709888,3276718079,DE
3276718080,3276726271,IT
3276726272,3276727295,SE
3276727296,3276728319,ES
3276728320,3276729343,SA
3276729344,3276730367,PL
3276730368,3276731391,DE
3276731392,3276732415,UA
3276732416,3276733439,DE
3276733440,3276734463,UA
3276734464,3276799999,NL
3276800000,3276808191,GB
3276808192,3276809215,BZ
3276809216,3276810239,FO
3276810240,3276811263,NL
3276811264,3276812287,FR
3276812288,3276813311,RU
3276813312,3276814335,DE
3276814336,3276815359,RU
3276815360,3276816383,ES
3276816384,3276824575,GB
3276824576,3276832767,EE
3276832768,3276834815,PL
3276834816,3276835071,RU
3276835072,3276835327,SE
3276835328,3276835583,KZ
3276835584,3276835839,RU
3276835840,3276836351,UA
3276836352,3276836863,RO
3276836864,3276837887,RU
3276837888,3276838911,US
3276838912,3276840959,FR
3276840960,3276849151,SK
3276849152,3276857343,DE
3276857344,3276857599,RU
3276857600,3276857855,SI
3276857856,3276858111,NL
3276858112,3276858367,KW
3276858368,3276858623,RU
3276858624,3276858879,PL
3276858880,3276859391,BR
3276859392,3276859647,UA
3276859648,3276859903,CH
3276859904,3276860159,AT
3276860160,3276860415,LU
3276860416,3276860927,PL
3276860928,3276861183,RU
3276861184,3276861439,DE
3276861440,3276865535,DK
3276865536,3276874327,US
3276874328,3276874335,ES
3276874336,3276879043,US
3276879044,3276879047,ES
3276879048,3276894207,US
3276894208,3276894463,IT
3276894464,3276898703,US
3276898704,3276898719,CH
3276898720,3276908751,US
3276908752,3276908767,NL
3276908768,3276910591,US
3276910592,3276910847,GB
3276910848,3276913407,US
3276913408,3276913663,IT
3276913664,3276919295,US
3276919296,3276919551,DE
3276919552,3276925183,US
3276925184,3276925439,FR
3276925440,3276925759,US
3276925760,3276925775,FR
3276925776,3276925951,US
3276925952,3276926207,FR
3276926208,3276931071,US
3276931072,3276939263,KZ
3276939264,3276955647,DE
3276955648,3276956159,GB
3276956160,3276958463,ES
3276958464,3276958719,GB
3276958720,3276959743,IL
3276959744,3276963071,ES
3276963072,3276963327,GB
3276963328,3276963839,ES
3276963840,3276964351,IL
3276964352,3276964863,RO
3276964864,3276965375,NL
3276965376,3276966399,RU
3276966912,3276968447,RU
3276968448,3276968703,FI
3276968704,3276968959,EE
3276968960,3276969471,RO
3276969472,3276969983,UA
3276969984,3276970495,DE
3276970496,3276971519,RU
3276971520,3276972031,DE
3276972032,3276980223,PL
3276980224,3276988415,DK
3276988416,3276996607,AT
3276996608,3277062143,FR
3277062144,3277127679,SE
3277127680,3277128191,DK
3277128192,3277128703,DE
3277128704,3277129215,DK
3277129216,3277129727,FR
3277129728,3277130239,DK
3277130240,3277130751,AT
3277130752,3277131007,GB
3277131008,3277132543,DK
3277132544,3277132799,VN
3277132800,3277133311,IT
3277133312,3277133567,DK
3277133568,3277133823,CZ
3277133824,3277134591,DK
3277134592,3277134847,AT
3277134848,3277135871,DK
3277135872,3277136895,AT
3277136896,3277137151,US
3277137152,3277137407,DK
3277137408,3277137663,DE
3277137664,3277137919,DK
3277137920,3277138943,AT
3277138944,3277139199,LU
3277139200,3277139967,DK
3277139968,3277140479,AT
3277140480,3277140735,DK
3277140736,3277140991,US
3277140992,3277141503,DK
3277141504,3277141759,SE
3277141760,3277142783,DK
3277142784,3277143039,CY
3277143040,3277143551,DK
3277143552,3277144575,US
3277144576,3277145087,DK
3277145088,3277146111,AT
3277146112,3277146623,DE
3277146624,3277146879,DK
3277146880,3277147135,US
3277147136,3277147647,DK
3277147648,3277148159,US
3277148160,3277149439,DK
3277149440,3277149695,US
3277149696,3277150207,DK
3277150208,3277150463,US
3277150464,3277151743,DK
3277151744,3277152255,DE
3277152256,3277153791,DK
3277153792,3277154303,DE
3277154304,3277154815,DK
3277154816,3277155583,US
3277155584,3277156607,DK
3277156608,3277156863,US
3277156864,3277157375,GB
3277157376,3277157631,US
3277157632,3277157887,DK
3277157888,3277160447,US
3277160448,3277176831,NL
3277176832,3277177343,GB
3277177344,3277177599,DE
3277177856,3277178111,PL
3277178112,3277178367,IL
3277178368,3277178623,UA
3277178624,3277178879,PL
3277178880,3277179135,ES
3277179136,3277179391,TR
3277179392,3277179647,DE
3277179904,3277180159,DK
3277180160,3277180415,TR
3277180416,3277180671,RU
3277180672,3277180927,TR
3277180928,3277181183,UA
3277181184,3277181439,PL
3277181440,3277181695,DE
3277181696,3277181951,RO
3277181952,3277182207,TR
3277182208,3277182463,RU
3277182464,3277182719,UA
3277182720,3277182975,BG
3277182976,3277183231,TR
3277183232,3277183487,DE
3277183488,3277183743,IQ
3277183744,3277183999,UA
3277184000,3277184255,DE
3277184256,3277184511,PT
3277184512,3277184767,DE
3277184768,3277185023,IQ
3277185024,3277185279,SA
3277185280,3277185535,NL
3277185536,3277185791,IQ
3277185792,3277186047,PL
3277186048,3277186303,GR
3277186304,3277186559,US
3277186560,3277186815,PL
3277186816,3277187071,RU
3277187072,3277187327,GB
3277187584,3277188351,RU
3277188352,3277188607,DE
3277188608,3277188863,RU
3277188864,3277189119,RO
3277189120,3277189375,DE
3277189376,3277189631,PL
3277189632,3277189887,TR
3277189888,3277190143,PL
3277190144,3277190399,IQ
3277190400,3277190655,GB
3277190656,3277190911,BE
3277190912,3277191423,FR
3277191424,3277191679,CA
3277191680,3277191935,NL
3277191936,3277192191,DK
3277192192,3277192447,PL
3277192448,3277192703,DK
3277192704,3277192879,DE
3277192880,3277192895,GB
3277192896,3277192927,GG
3277192928,3277192959,US
3277192960,3277193215,TR
3277193216,3277193471,US
3277193472,3277193727,CA
3277193728,3277194495,US
3277194496,3277194751,GB
3277194752,3277195007,IT
3277195008,3277199103,US
3277199104,3277199359,AE
3277199360,3277199615,FR
3277199616,3277200127,US
3277200128,3277200383,AU
3277200384,3277202943,US
3277202944,3277203199,CL
3277203200,3277203967,US
3277203968,3277204223,BE
3277204224,3277205503,US
3277205504,3277205759,NG
3277205760,3277210367,US
3277210368,3277210623,DE
3277210624,3277222143,US
3277222144,3277222399,DE
3277222400,3277225215,US
3277225216,3277225471,DE
3277225472,3277225727,CA
3277225728,3277226751,US
3277226752,3277227007,CA
3277227008,3277234431,US
3277234432,3277234687,IN
3277234688,3277246463,US
3277246464,3277246719,ES
3277246720,3277247059,US
3277247060,3277247063,NL
3277247064,3277250303,US
3277250304,3277250559,ES
3277250560,3277254143,US
3277254144,3277254399,KR
3277254400,3277254911,US
3277254912,3277255167,JP
3277255168,3277258751,US
3277258752,3277324287,TR
3277324288,3277324799,RU
3277324800,3277325311,KZ
3277325312,3277326335,IT
3277326336,3277326847,GB
3277326848,3277327359,AT
3277327360,3277327871,RS
3277327872,3277328895,RU
3277328896,3277329151,TR
3277329152,3277329407,LB
3277329408,3277329919,GB
3277329920,3277330431,RU
3277330432,3277330943,US
3277330944,3277331455,UA
3277331456,3277332479,PL
3277332480,3277332991,NO
3277332992,3277333503,AT
3277333504,3277334015,DK
3277334016,3277334527,RO
3277334528,3277335039,RU
3277335040,3277335551,UA
3277335552,3277336063,DE
3277336064,3277336575,HR
3277336576,3277337087,AT
3277337088,3277337599,PL
3277337600,3277338111,RU
3277338112,3277338623,NO
3277338624,3277339135,US
3277339136,3277339647,RU
3277339648,3277340159,DE
3277340160,3277340671,RU
3277340672,3277341183,PS
3277341184,3277341695,AM
3277341696,3277342207,RU
3277342208,3277342463,GB
3277342720,3277343231,UA
3277343232,3277343743,BG
3277343744,3277344767,UA
3277344768,3277345279,RO
3277345280,3277345791,SI
3277345792,3277346303,FR
3277346304,3277346559,DE
3277346560,3277346815,FR
3277346816,3277347071,SE
3277347072,3277347327,DK
3277347328,3277347839,PL
3277347840,3277348351,RU
3277348352,3277348863,FR
3277348864,3277349887,RO
3277349888,3277350399,GB
3277350400,3277350911,RU
3277350912,3277351423,PT
3277351424,3277351935,NO
3277351936,3277352447,DE
3277352448,3277352959,SE
3277352960,3277353471,RU
3277353472,3277353983,PL
3277353984,3277354495,DE
3277354496,3277354751,GB
3277354752,3277355007,TR
3277355008,3277355519,RU
3277355520,3277356031,MK
3277356032,3277356543,UA
3277356544,3277357055,RU
3277357056,3277357567,PL
3277357568,3277358079,SE
3277358080,3277359103,RU
3277359104,3277359615,NL
3277359616,3277360127,UA
3277360128,3277360639,BG
3277360640,3277361151,CZ
3277361152,3277361663,PL
3277361664,3277362175,MD
3277362176,3277362687,ES
3277362688,3277363199,PL
3277363200,3277363711,ES
3277363712,3277364223,JP
3277364224,3277364735,GB
3277364736,3277365247,CH
3277365248,3277365759,NL
3277365760,3277366271,GR
3277366272,3277366783,CZ
3277366784,3277367295,AT
3277367296,3277367807,PL
3277367808,3277368319,RU
3277368320,3277368831,PL
3277368832,3277369343,RO
3277369344,3277369855,CY
3277369856,3277370367,RU
3277370368,3277370623,PL
3277370624,3277370879,FR
3277370880,3277371391,RO
3277371392,3277371903,RU
3277371904,3277372415,PL
3277372416,3277372927,IR
3277372928,3277373183,NL
3277373184,3277373439,DE
3277373440,3277373951,RU
3277373952,3277374463,FR
3277374464,3277374719,RU
3277374720,3277374975,KZ
3277374976,3277375999,RU
3277376000,3277376511,NL
3277376512,3277377535,SA
3277377536,3277377791,IR
3277377792,3277378047,DE
3277378048,3277378815,NL
3277378816,3277379071,RO
3277379072,3277379583,UZ
3277379584,3277380095,RS
3277380096,3277380607,US
3277380608,3277381119,DE
3277381120,3277381631,KW
3277381632,3277382143,RU
3277382144,3277382655,NL
3277382656,3277383167,GB
3277383168,3277383679,IT
3277383680,3277384191,PL
3277384192,3277384703,IT
3277384704,3277385215,GB
3277385216,3277385727,AT
3277385728,3277386239,RU
3277386240,3277386751,UA
3277386752,3277387263,SA
3277387264,3277387775,BE
3277387776,3277388287,RU
3277388288,3277388543,RO
3277388544,3277388799,HU
3277388800,3277389311,RU
3277389312,3277389823,AM
3277389824,3277455359,GB
3277455360,3277463551,DE
3277463552,3277471743,US
3277471744,3277480447,GB
3277480448,3277480959,HU
3277480960,3277481471,DK
3277481472,3277481983,PL
3277481984,3277482495,SE
3277482496,3277483007,PL
3277483008,3277483519,GB
3277483520,3277484031,RO
3277484032,3277484543,CH
3277484544,3277485055,HU
3277485056,3277486079,FR
3277486080,3277486591,GB
3277486592,3277487103,RU
3277487104,3277487615,RO
3277487616,3277488127,PL
3277488128,3277504511,RU
3277504512,3277520895,DE
3277520896,3277553663,SK
3277553664,3277586431,RU
3277586432,3277651967,GB
3277651968,3277684735,US
3277684736,3277685247,RU
3277685248,3277685759,DE
3277685760,3277685775,IE
3277685776,3277685791,GB
3277685792,3277685807,US
3277685808,3277685823,HK
3277685824,3277685839,CA
3277685840,3277685855,JP
3277685856,3277685871,ES
3277685872,3277685887,FR
3277685888,3277685903,IE
3277685904,3277685919,GB
3277685920,3277685935,US
3277685936,3277685951,HK
3277685952,3277685967,CA
3277685968,3277685983,JP
3277685984,3277685999,ES
3277686000,3277686031,IE
3277686032,3277686047,GB
3277686048,3277686063,US
3277686064,3277686079,HK
3277686080,3277686095,CA
3277686096,3277686111,JP
3277686112,3277686127,ES
3277686128,3277686143,FR
3277686144,3277686159,IE
3277686160,3277686175,GB
3277686176,3277686191,US
3277686192,3277686207,HK
3277686208,3277686223,CA
3277686224,3277686239,JP
3277686240,3277686255,ES
3277686256,3277686271,IE
3277686272,3277686783,PL
3277686784,3277687295,RO
3277687296,3277687807,UA
3277687808,3277688319,US
3277688320,3277688831,PL
3277688832,3277689343,RU
3277689344,3277689855,AT
3277689856,3277690879,RU
3277690880,3277691391,KZ
3277691392,3277691647,GB
3277691648,3277691903,IT
3277691904,3277692415,GB
3277692416,3277692927,DE
3277692928,3277693439,RU
3277693440,3277693951,PL
3277693952,3277694463,RU
3277694464,3277694975,DE
3277694976,3277695487,IT
3277695488,3277695999,ES
3277696000,3277696255,UA
3277696256,3277696511,PL
3277696512,3277697023,AT
3277697024,3277697535,DK
3277697536,3277698047,PL
3277698048,3277698559,RU
3277698560,3277699071,DK
3277699072,3277699583,ES
3277699584,3277700607,RU
3277700608,3277701119,UA
3277701120,3277701631,DK
3277701632,3277702143,AT
3277702144,3277702655,GB
3277702656,3277703679,DE
3277703680,3277704191,PL
3277704192,3277704703,UA
3277704704,3277705215,RU
3277705216,3277706239,ES
3277706240,3277706751,UA
3277706752,3277707263,BG
3277707264,3277707775,CZ
3277707776,3277708287,MD
3277708288,3277708799,AT
3277708800,3277709311,PL
3277709312,3277709823,NL
3277709824,3277710079,TR
3277710080,3277710335,IT
3277710336,3277710847,RU
3277710848,3277711359,PL
3277711360,3277711871,NO
3277711872,3277712383,IL
3277712384,3277712895,BG
3277712896,3277713407,NL
3277713408,3277713919,RU
3277713920,3277714431,DE
3277714432,3277714687,NL
3277714688,3277714943,TR
3277714944,3277715967,RU
3277715968,3277716479,PL
3277716480,3277716735,RU
3277716736,3277716991,NL
3277716992,3277717503,IT
3277717504,3277725695,YE
3277725696,3277731263,US
3277731264,3277731295,DE
3277731296,3277733375,US
3277733376,3277733631,DE
3277733632,3277733887,US
3277733888,3277742079,DE
3277742080,3277745151,FI
3277745152,3277746175,CH
3277746176,3277750271,GB
3277750272,3277766655,IT
3277766656,3277774847,PL
3277774848,3277783039,RU
3277783040,3277815807,BE
3277815808,3277816063,FR
3277816064,3277816319,PL
3277816320,3277816575,FR
3277816576,3277816831,GB
3277816832,3277817087,CH
3277817088,3277817343,RU
3277817344,3277817599,GB
3277817600,3277817855,FR
3277817856,3277818111,BE
3277818112,3277818367,DE
3277818368,3277818623,CY
3277818624,3277818879,UA
3277818880,3277819135,SE
3277819136,3277819391,CH
3277819392,3277819647,IT
3277819648,3277819903,GB
3277819904,3277820159,FR
3277820160,3277820415,RO
3277820416,3277820671,DE
3277820672,3277820927,UA
3277820928,3277821183,CH
3277821184,3277821695,NL
3277821696,3277821951,UA
3277821952,3277822207,RO
3277822208,3277822463,ES
3277822464,3277822975,PL
3277822976,3277823231,BG
3277823232,3277823487,UA
3277823488,3277823743,SI
3277823744,3277823999,UA
3277824000,3277824255,TR
3277824256,3277824511,SI
3277824512,3277825023,AT
3277825024,3277825279,PL
3277825280,3277825535,UA
3277825536,3277826047,RO
3277826048,3277826303,FR
3277826304,3277826815,PL
3277826816,3277827071,UA
3277827072,3277827327,DK
3277827328,3277827583,SI
3277827584,3277828095,NL
3277828096,3277828351,UZ
3277828352,3277828607,NL
3277828608,3277828863,RO
3277828864,3277829119,TR
3277829120,3277829375,PL
3277829376,3277829631,DK
3277829632,3277829887,PL
3277829888,3277830143,IL
3277830144,3277830399,SE
3277830400,3277830911,PL
3277830912,3277831167,GB
3277831168,3277831423,PL
3277831424,3277831679,GR
3277831680,3277831935,DE
3277831936,3277832191,US
3277832192,3277834239,NL
3277834240,3277834495,DK
3277834496,3277834751,HK
3277834752,3277835263,UA
3277835264,3277835519,SI
3277835520,3277835775,BE
3277835776,3277836287,UA
3277836288,3277836799,FI
3277836800,3277837311,UA
3277837312,3277838335,RU
3277838336,3277838591,KZ
3277838592,3277839103,RU
3277839104,3277839359,AE
3277839360,3277839871,DE
3277839872,3277840383,UA
3277840384,3277840895,FR
3277840896,3277841407,GR
3277841408,3277841919,RO
3277841920,3277842431,IT
3277842432,3277842943,UA
3277842944,3277843455,PL
3277843456,3277843711,NO
3277843712,3277843967,RO
3277843968,3277845503,DK
3277845504,3277845759,NL
3277845760,3277846015,PL
3277846016,3277846783,NL
3277846784,3277847039,CH
3277847040,3277847551,NO
3277847552,3277848063,RU
3277848064,3277848575,RO
3277848576,3277856767,AT
3277856768,3277858815,DE
3277858816,3277860863,RU
3277860864,3277864959,DE
3277864960,3277873151,RU
3277873152,3277881343,NL
3277881344,3277881599,IR
3277881600,3277881855,NL
3277881856,3277882367,GE
3277882368,3277882623,ES
3277882624,3277882879,PL
3277882880,3277883135,US
3277883136,3277883391,AU
3277883392,3277883647,SC
3277883904,3277884415,GB
3277884416,3277884671,LU
3277884672,3277884927,RU
3277884928,3277885183,DE
3277885184,3277885439,UA
3277885440,3277885695,JP
3277885696,3277885951,TR
3277885952,3277886207,HR
3277886208,3277886463,SE
3277886464,3277886719,SC
3277886720,3277886975,CZ
3277886976,3277887231,SC
3277887232,3277887487,SE
3277887488,3277887743,FR
3277887744,3277887999,IR
3277888000,3277888255,JP
3277888256,3277888511,SC
3277888512,3277888767,FI
3277888768,3277889023,SC
3277889024,3277889279,NL
3277889280,3277889535,VE
3277889536,3277897727,RU
3277897728,3277905919,IT
3277905920,3277914111,BG
3277914112,3277946879,GR
3277946880,3277963263,DK
3277963264,3277979647,GB
3277979648,3277987839,SK
3277987840,3278004223,RU
3278004224,3278012415,FR
3278012416,3278020607,SK
3278020608,3278028799,RU
3278028800,3278036991,DE
3278036992,3278045183,FR
3278045184,3278176255,GB
3278176256,3278241791,FR
3278241792,3278307327,GB
3278307328,3278372863,IT
3278372864,3278635007,GB
3278635008,3278766079,NL
3278766080,3278767103,GB
3278767104,3278767615,RO
3278767616,3278768127,RU
3278768640,3278769151,GB
3278769152,3278769663,FR
3278769664,3278770175,DE
3278770176,3278770687,DK
3278770688,3278771711,DE
3278771712,3278772223,NO
3278772224,3278772735,BG
3278772736,3278773247,DE
3278773248,3278773759,NO
3278773760,3278774271,FR
3278774272,3278774783,RU
3278774784,3278775295,FR
3278775296,3278775807,GB
3278775808,3278776319,IR
3278776320,3278776831,IL
3278776832,3278777343,DE
3278777344,3278777855,SE
3278777856,3278778367,RU
3278778368,3278779391,PL
3278779392,3278779903,RU
3278779904,3278780415,NL
3278780416,3278780927,UA
3278780928,3278781439,GB
3278781440,3278781951,DE
3278781952,3278782463,RU
3278782464,3278789887,GB
3278789888,3278790143,IT
3278790144,3278790399,ES
3278790400,3278790655,GB
3278790656,3278807039,IT
3278807040,3278815231,GB
3278815232,3278823423,AT
3278823424,3278831615,US
3278831616,3278897151,HU
3278897152,3278913535,GB
3278913536,3278921727,CH
3278921728,3278929919,RU
3278929920,3278938111,TR
3278938112,3278946303,DE
3278946304,3278954495,LB
3278954496,3278962687,RU
3278962688,3279028223,CZ
3279028224,3279028735,PL
3279028736,3279029247,RU
3279029248,3279029759,IR
3279029760,3279030271,GE
3279030272,3279030783,IR
3279030784,3279031295,DE
3279031296,3279031551,NL
3279031552,3279031807,GB
3279031808,3279032319,AU
3279032320,3279032831,HU
3279032832,3279033343,FR
3279033344,3279033855,RU
3279033856,3279034367,DE
3279034368,3279035391,FR
3279035392,3279035903,IL
3279035904,3279036159,NL
3279036160,3279036415,KW
3279036416,3279044607,LV
3279044608,3279052799,FR
3279052800,3279053311,UA
3279053312,3279053823,DE
3279053824,3279054335,NL
3279054336,3279054847,GB
3279054848,3279055359,RU
3279055360,3279055871,SA
3279055872,3279056895,GB
3279056896,3279057151,RU
3279057152,3279057407,AT
3279057408,3279057919,FR
3279057920,3279058943,RU
3279058944,3279059455,UA
3279059456,3279059967,RU
3279059968,3279060223,ES
3279060224,3279060479,CH
3279060480,3279060991,AU
3279060992,3279069183,UA
3279069184,3279077375,PL
3279077376,3279077631,ES
3279077632,3279077887,SG
3279077888,3279078143,BE
3279078144,3279085567,ES
3279085568,3279089663,NL
3279089664,3279093759,KG
3279093760,3279159295,FR
3279159296,3279290367,PL
3279290368,3279355903,NL
3279355904,3279421439,US
3279421440,3279486975,IT
3279486976,3279552511,NL
3279552512,3279560703,LV
3279560704,3279568895,GB
3279568896,3279577087,SA
3279577088,3279585279,BE
3279585280,3279601663,GB
3279601664,3279609855,CZ
3279609856,3279618047,RU
3279618048,3279619583,UA
3279619584,3279619839,DE
3279619840,3279620095,FR
3279620096,3279622143,UA
3279622144,3279634431,AT
3279634432,3279642623,ES
3279642624,3279646719,DE
3279646720,3279648767,PS
3279648768,3279650303,UA
3279650304,3279650815,ZA
3279650816,3279659007,ES
3279659008,3279661055,PS
3279661056,3279666175,UA
3279666176,3279666431,DE
3279666432,3279666687,FR
3279666688,3279666943,UA
3279666944,3279667199,DE
3279667200,3279671295,UA
3279671296,3279673343,LV
3279673344,3279675391,NL
3279675392,3279677439,BG
3279677440,3279678463,US
3279678464,3279678719,IT
3279678720,3279678975,DE
3279678976,3279680511,US
3279680512,3279681535,CZ
3279681536,3279683583,UA
3279683584,3279946751,DE
3279946752,3279947775,BN
3279947776,3279948799,NL
3279948800,3279949823,ES
3279949824,3279950847,UA
3279950848,3279951871,DE
3279951872,3279952895,UA
3279952896,3279953919,PL
3279953920,3279955967,TR
3279955968,3279958015,DE
3279958016,3279971327,RU
3279971328,3279972351,DE
3279972352,3279974399,AT
3279974400,3279976447,PL
3279976448,3279978495,RU
3279978496,3279978751,SI
3279978752,3279979007,NL
3279979008,3279979263,RO
3279979264,3279979519,IT
3279979520,3279979775,FR
3279979776,3279980031,RU
3279980032,3279980287,BG
3279980288,3279980543,PL
3279980544,3279980799,US
3279980800,3279981055,RU
3279981056,3279981311,GB
3279981312,3279981567,UA
3279981568,3279981823,PL
3279981824,3279982079,SI
3279982080,3279982335,PL
3279982336,3279982591,DE
3279982592,3279982847,NL
3279982848,3279983103,IL
3279983104,3279983615,FR
3279983616,3279983871,PL
3279983872,3279984127,FR
3279984128,3279984639,AT
3279984640,3279985151,RU
3279985152,3279985407,PL
3279985408,3279985663,CZ
3279985664,3279985919,GB
3279985920,3279986687,RU
3279986688,3279987199,DE
3279987200,3279987455,NL
3279987456,3279987711,US
3279987712,3279988223,CH
3279988224,3279988735,AM
3279988736,3279989247,PL
3279989248,3279989759,AT
3279989760,3279990271,PL
3279990272,3279990783,DK
3279990784,3279991295,IL
3279991296,3279991551,NL
3279991552,3279991807,US
3279991808,3279992319,PL
3279992320,3279992831,UA
3279992832,3279993855,NL
3279993856,3279994367,US
3279994368,3279994879,GB
3279994880,3280003071,CZ
3280003072,3280003583,BG
3280003584,3280004095,GB
3280004096,3280004607,PL
3280004608,3280004863,BE
3280004864,3280005119,AT
3280005120,3280005631,HU
3280005632,3280006143,IT
3280006144,3280006655,NL
3280006656,3280007167,GB
3280007168,3280007679,SE
3280007680,3280008191,PL
3280008192,3280008703,RU
3280008704,3280009215,CH
3280009216,3280009727,UA
3280009728,3280010239,GB
3280010240,3280010751,UA
3280010752,3280011263,SE
3280011264,3280076799,NL
3280076800,3280084991,GB
3280084992,3280093183,BA
3280093184,3280109567,GR
3280109568,3280117759,BE
3280117760,3280125951,CH
3280125952,3280126207,AT
3280126208,3280126463,DK
3280126464,3280126719,SI
3280126720,3280126975,IT
3280126976,3280127231,EE
3280127232,3280127487,PL
3280127488,3280127743,AT
3280127744,3280127999,NL
3280128000,3280128255,SE
3280128256,3280128511,FR
3280128512,3280128767,US
3280128768,3280129023,HU
3280129024,3280129279,AT
3280129280,3280129535,LV
3280129536,3280129791,AT
3280129792,3280130047,FR
3280130048,3280130303,CA
3280130304,3280130559,RU
3280130560,3280130815,GB
3280130816,3280131071,IS
3280131072,3280131327,PL
3280131328,3280131583,IT
3280131584,3280131839,RU
3280131840,3280132095,CA
3280132096,3280132351,RU
3280132352,3280132607,GB
3280132608,3280132863,CH
3280132864,3280133119,UA
3280133120,3280133375,CZ
3280133376,3280133631,DE
3280133632,3280133887,FR
3280133888,3280134143,NL
3280134144,3280142335,IT
3280142336,3280207871,RU
3280207872,3280273407,FR
3280273408,3280273663,VA
3280273664,3280273919,RU
3280273920,3280274175,FI
3280274176,3280274687,CZ
3280274688,3280274943,RU
3280274944,3280275199,DK
3280275200,3280275455,CZ
3280275456,3280275711,KZ
3280275712,3280275967,NL
3280275968,3280276479,RU
3280276480,3280276735,EE
3280276736,3280276991,RU
3280276992,3280278015,NL
3280278016,3280278271,RS
3280278272,3280278527,IL
3280278528,3280279039,NL
3280279040,3280279295,HU
3280279296,3280279551,RU
3280279552,3280279807,NL
3280279808,3280280063,RU
3280280064,3280280319,FI
3280280320,3280280575,RU
3280280576,3280280831,DE
3280280832,3280281087,CZ
3280281088,3280281855,RU
3280281856,3280283391,CZ
3280283392,3280284159,NL
3280284160,3280284415,CH
3280284416,3280284671,CZ
3280284672,3280284927,DE
3280284928,3280285439,RU
3280285440,3280285695,DE
3280285696,3280286463,RU
3280286464,3280286719,CZ
3280286720,3280287231,RU
3280287232,3280287487,CZ
3280287488,3280287743,RO
3280287744,3280288255,RU
3280288256,3280288511,SK
3280288512,3280288767,NL
3280288768,3280289279,RU
3280289280,3280289535,KZ
3280289536,3280289791,NL
3280289792,3280290303,DE
3280290304,3280290559,NL
3280290560,3280290815,DE
3280290816,3280291839,RU
3280291840,3280292095,CZ
3280292096,3280292351,RU
3280292352,3280292607,CZ
3280292608,3280293375,NL
3280293376,3280293887,CZ
3280293888,3280294143,PL
3280294144,3280294399,NL
3280294400,3280294655,CZ
3280294656,3280294911,DE
3280294912,3280295167,CZ
3280295168,3280295423,KZ
3280295424,3280296959,CZ
3280296960,3280297215,PT
3280297216,3280297471,CZ
3280297472,3280297727,DE
3280297728,3280297983,CZ
3280297984,3280306175,ES
3280306176,3280310271,SG
3280310272,3280311295,RU
3280311296,3280312319,FR
3280312320,3280314367,IL
3280314368,3280322559,ES
3280322560,3280322815,US
3280322816,3280323071,DE
3280323072,3280323327,RU
3280323328,3280323583,NL
3280323584,3280324607,RU
3280324608,3280324863,CZ
3280324864,3280325119,RU
3280325120,3280325631,US
3280325632,3280326655,ES
3280326656,3280327679,US
3280327680,3280328703,ES
3280328704,3280329727,RU
3280329728,3280330751,IQ
3280330752,3280338943,RU
3280338944,3280347135,GB
3280347136,3280355327,NO
3280355328,3280371711,GR
3280371712,3280379903,CH
3280379904,3280381951,FR
3280381952,3280383999,NL
3280384000,3280386047,IT
3280386048,3280388095,SA
3280388096,3280396287,US
3280396288,3280404479,FI
3280404480,3280407551,FR
3280407552,3280408063,ES
3280408064,3280416767,FR
3280416768,3280420863,ES
3280420864,3280437247,FR
3280437248,3280453631,DE
3280453632,3280454399,US
3280454400,3280454655,NL
3280454656,3280455679,UA
3280455680,3280456703,IT
3280456704,3280457727,RU
3280457728,3280458751,GB
3280458752,3280459775,RU
3280459776,3280460799,DK
3280460800,3280462847,DE
3280462848,3280463871,PL
3280463872,3280466943,RU
3280466944,3280467967,UA
3280467968,3280468991,ES
3280468992,3280470015,LV
3280470016,3280535551,PL
3280535552,3280568319,GB
3280568320,3280576511,IT
3280576512,3280576767,BY
3280576768,3280577279,PL
3280577280,3280577535,DE
3280577536,3280577791,CA
3280577792,3280578047,NL
3280578048,3280578303,RO
3280578304,3280578559,IR
3280578560,3280578815,CA
3280578816,3280579071,NL
3280579072,3280579327,DE
3280579328,3280579583,RU
3280579584,3280579839,CH
3280579840,3280580095,CY
3280580096,3280580351,KW
3280580352,3280580607,CH
3280580608,3280580863,GB
3280581120,3280581375,DK
3280581376,3280581631,EE
3280581632,3280581887,BY
3280581888,3280582143,FR
3280582144,3280582399,CZ
3280582400,3280582655,DK
3280582656,3280582911,FR
3280582912,3280583167,UA
3280583168,3280583423,FR
3280583424,3280583679,RU
3280583680,3280583935,FR
3280583936,3280584191,PL
3280584192,3280584447,KW
3280584448,3280584703,DE
3280584704,3280585215,FR
3280585216,3280585727,DK
3280585728,3280586239,UA
3280586240,3280586751,DE
3280586752,3280587263,RU
3280587264,3280587775,UA
3280587776,3280588287,IE
3280588800,3280589311,PL
3280589312,3280590335,DE
3280590336,3280590591,HK
3280590592,3280590847,CZ
3280590848,3280591359,DE
3280591360,3280591871,UA
3280591872,3280592127,GB
3280592128,3280592383,FI
3280592384,3280592895,TR
3280592896,3280593919,DE
3280593920,3280594431,LU
3280594432,3280594687,TR
3280594688,3280594943,DE
3280594944,3280595455,UA
3280595456,3280595967,DE
3280595968,3280596479,DK
3280596480,3280596991,AT
3280596992,3280597503,UA
3280597504,3280597759,NL
3280597760,3280598015,BE
3280598016,3280598271,PL
3280598272,3280598527,SE
3280598528,3280599039,PL
3280599040,3280599551,FR
3280599552,3280600063,UA
3280600064,3280600319,GB
3280600320,3280600575,PL
3280600576,3280601087,UA
3280601088,3280609279,PT
3280609280,3280610559,DE
3280610560,3280610815,NL
3280610816,3280611071,DE
3280611072,3280611327,NL
3280611328,3280611583,ES
3280611584,3280614655,DE
3280614656,3280614911,EE
3280614912,3280615423,DE
3280615424,3280615679,FR
3280615680,3280617471,DE
3280617472,3280625663,UA
3280625664,3280627455,MD
3280627456,3280628735,US
3280628736,3280628991,MD
3280628992,3280630783,US
3280630784,3280631039,NL
3280631040,3280631295,US
3280631296,3280631551,GB
3280631552,3280638879,US
3280638880,3280638895,BG
3280638896,3280638927,US
3280638928,3280638935,BG
3280638936,3280642047,US
3280642048,3280650239,UA
3280650240,3280650495,RO
3280650496,3280650751,UA
3280650752,3280651007,NL
3280651008,3280651263,GB
3280651264,3280651519,SI
3280651520,3280651775,US
3280651776,3280652031,UA
3280652032,3280652287,NO
3280652288,3280652543,GB
3280652544,3280652799,SI
3280652800,3280653055,FR
3280653056,3280653311,CH
3280653312,3280653567,FR
3280653568,3280653823,GB
3280653824,3280654079,RU
3280654080,3280654591,PL
3280654592,3280654847,ES
3280654848,3280655103,RU
3280655104,3280655359,PL
3280655360,3280655615,NL
3280655616,3280655871,FI
3280655872,3280656127,RO
3280656128,3280656639,CH
3280656896,3280657407,UA
3280657408,3280657663,FR
3280657664,3280657919,SE
3280657920,3280658175,RO
3280658176,3280658431,DE
3280658432,3280660479,MT
3280660480,3280662527,RU
3280662528,3280666623,DE
3280666624,3280732159,NO
3280732160,3280764927,DE
3280764928,3280765951,PL
3280765952,3280766975,DK
3280766976,3280767999,AT
3280768000,3280769023,IE
3280769024,3280770047,RU
3280770048,3280771071,FR
3280771072,3280772095,PL
3280772096,3280773119,ES
3280773120,3280774143,UA
3280774144,3280775167,ME
3280775168,3280776191,UA
3280776192,3280777215,SE
3280777216,3280778239,GB
3280778240,3280779263,RU
3280779264,3280780287,DE
3280780288,3280780543,NL
3280780544,3280780799,PL
3280780800,3280781055,GB
3280781056,3280781311,PL
3280781312,3280782335,FI
3280782336,3280783359,TR
3280783360,3280784383,SE
3280784384,3280785407,RU
3280785408,3280786431,DE
3280786432,3280786687,NL
3280786688,3280787455,GB
3280787456,3280787711,RU
3280787712,3280787967,TR
3280787968,3280788223,IR
3280788224,3280788479,OM
3280788480,3280789503,PL
3280789504,3280791551,UA
3280791552,3280792575,DE
3280792576,3280793599,PL
3280793600,3280794623,NL
3280794624,3280795647,UA
3280795648,3280796671,MZ
3280796672,3280797695,CZ
3280797696,3280863231,CH
3280863232,3280903167,TR
3280903168,3280904191,IN
3280904192,3280917503,TR
3280917504,3280918527,IN
3280918528,3280928767,TR
3280928768,3280930815,DE
3280930816,3280932607,US
3280932608,3280932863,DE
3280932864,3280933119,US
3280933120,3280933631,DE
3280933632,3280934399,US
3280934400,3280934911,DE
3280934912,3280935935,US
3280935936,3280936959,DE
3280936960,3280937471,US
3280937472,3280937727,DE
3280937728,3280937983,US
3280937984,3280939007,DE
3280939008,3280939263,FR
3280939264,3280949759,US
3280949760,3280950015,DE
3280950016,3280950271,US
3280950272,3280950527,DE
3280950528,3280950783,US
3280950784,3280951807,DE
3280951808,3280953855,US
3280953856,3280954367,DE
3280954368,3280954815,US
3280954816,3280954823,CH
3280954824,3280955903,US
3280955904,3280957439,DE
3280957440,3280957695,US
3280957696,3280958719,DE
3280958720,3280958975,US
3280958976,3280959487,DE
3280959488,3280959743,US
3280959744,3280959999,DE
3280960000,3280960255,US
3280960256,3280960511,DE
3280960512,3280961919,US
3280961920,3280962047,GB
3280962048,3280962559,US
3280962560,3280962815,DE
3280962816,3280963071,US
3280963072,3280963327,DE
3280963328,3280965631,US
3280965632,3280966911,DE
3280966912,3280967679,US
3280967680,3280968703,DE
3280968704,3280969727,US
3280969728,3280970239,DE
3280970240,3280970495,US
3280970496,3280971775,DE
3280971776,3280973823,US
3280973824,3280974079,DE
3280974080,3280974335,US
3280974336,3280974591,DE
3280974592,3280975615,US
3280975616,3280975871,DE
3280975872,3280976639,US
3280976640,3280976895,DE
3280976896,3280977407,US
3280977408,3280984319,DE
3280984320,3280986111,US
3280986112,3280987135,DE
3280987136,3280987647,US
3280987648,3280993535,DE
3280993536,3280993791,US
3280993792,3280994303,DE
3280994304,3280994431,GB
3280994432,3280994559,DE
3280994560,3280994815,RU
3280994816,3280995071,NL
3280995072,3280995327,DE
3280995328,3280995583,SE
3280995584,3280995839,NL
3280995840,3280996095,RU
3280996096,3280996351,CH
3280996352,3280996607,GB
3280996608,3280996863,PL
3280996864,3280997119,NL
3280997120,3280997375,FR
3280997376,3280997631,PL
3280997632,3280997887,SE
3280997888,3280998143,UA
3280998144,3280998399,DE
3280998400,3280998655,GR
3280998656,3280999423,NL
3280999424,3280999679,HU
3280999936,3281000191,GB
3281000192,3281000447,FR
3281000448,3281000703,MK
3281000704,3281000959,UA
3281000960,3281001215,SI
3281001216,3281001471,GB
3281001472,3281001727,UA
3281001728,3281001983,RU
3281001984,3281002239,CH
3281002240,3281002495,DE
3281002496,3281010687,CH
3281010688,3281018879,BE
3281018880,3281027071,CZ
3281027072,3281035263,GB
3281035264,3281043455,CH
3281043456,3281059839,RU
3281059840,3281125375,DE
3281125376,3281129471,SK
3281129472,3281133567,AL
3281133568,3281141759,IR
3281141760,3281149951,RU
3281149952,3281158143,CZ
3281158144,3281166335,SK
3281166336,3281174527,US
3281174528,3281190911,FR
3281190912,3281256447,GB
3281256448,3281321983,FI
3281321984,3281338367,GB
3281338368,3281338623,PL
3281338624,3281338879,SA
3281338880,3281339135,FR
3281339136,3281339391,GB
3281339392,3281339647,PL
3281339648,3281339903,GB
3281339904,3281340159,UA
3281340160,3281340415,BG
3281340416,3281340671,RO
3281340672,3281340927,GB
3281340928,3281341183,DE
3281341184,3281341439,AT
3281341440,3281341695,DE
3281341696,3281341951,PL
3281341952,3281342207,DK
3281342208,3281343231,DE
3281343232,3281343487,FI
3281343488,3281343743,SG
3281343744,3281343999,TR
3281344000,3281344255,NL
3281344256,3281344511,US
3281344512,3281344767,UA
3281344768,3281345023,RU
3281345024,3281345279,GB
3281345280,3281345535,SA
3281345536,3281346047,DE
3281346048,3281346303,SI
3281346304,3281346559,PL
3281346560,3281346815,BG
3281346816,3281347071,DE
3281347072,3281347327,PL
3281347328,3281347583,DE
3281347584,3281347839,PL
3281347840,3281348095,SE
3281348096,3281348351,DE
3281348352,3281348607,GB
3281348608,3281349119,RU
3281349120,3281349375,UA
3281349376,3281349631,AI
3281349632,3281349887,UA
3281349888,3281350143,LT
3281350144,3281350655,RU
3281350656,3281350911,UA
3281350912,3281351167,ES
3281351168,3281351423,UA
3281351424,3281351679,CH
3281351680,3281351935,TR
3281351936,3281352191,UA
3281352192,3281352447,PL
3281352448,3281352703,ES
3281352704,3281352959,DE
3281352960,3281353215,GB
3281353216,3281353471,DE
3281353472,3281353727,SE
3281353728,3281353983,PL
3281353984,3281354239,UA
3281354240,3281354495,MT
3281354496,3281354751,IR
3281354752,3281371135,US
3281371136,3281372159,RS
3281372160,3281372671,RU
3281372672,3281373183,PL
3281373184,3281375231,RU
3281375232,3281377279,ES
3281377280,3281379327,AT
3281379328,3281383423,PL
3281383424,3281385471,AT
3281385472,3281387519,BG
3281387520,3281453055,PL
3281453056,3281518591,RU
3281518592,3281518847,HK
3281518848,3281519103,GB
3281519104,3281546239,HK
3281546240,3281546495,GB
3281546496,3281551359,HK
3281551360,3281551615,GB
3281551616,3281578239,HK
3281578240,3281578495,GB
3281578496,3281584383,HK
3281584384,3281584639,GB
3281584640,3281585663,HK
3281585664,3281585919,GB
3281585920,3281588223,HK
3281588224,3281588479,GB
3281588480,3281594367,HK
3281594368,3281594623,GB
3281594624,3281596927,HK
3281596928,3281597183,GB
3281597184,3281597695,HK
3281597696,3281597951,GB
3281597952,3281598975,HK
3281598976,3281599231,GB
3281599232,3281600511,HK
3281600512,3281600767,GB
3281600768,3281603071,HK
3281603072,3281603327,GB
3281603328,3281607423,HK
3281607424,3281607679,GB
3281607680,3281615871,HK
3281615872,3281616127,GB
3281616128,3281638143,HK
3281638144,3281638399,GB
3281638400,3281639423,HK
3281639424,3281639935,GB
3281639936,3281649663,HK
3281649664,3281715199,FR
3281715200,3281731583,US
3281731584,3281780735,TR
3281780736,3281846271,FI
3281846272,3281911807,GB
3281911808,3281919999,UZ
3281920000,3281928191,DE
3281928192,3281944575,MT
3281944576,3281961215,DE
3281961216,3281961983,SE
3281961984,3281963007,UA
3281963008,3281964031,DE
3281964032,3281964095,DO
3281964096,3281964159,JM
3281964160,3281964223,LK
3281964224,3281964287,MY
3281964288,3281964543,KH
3281964544,3281964671,EG
3281964672,3281964783,LA
3281964784,3281964799,NG
3281964800,3281964927,LA
3281964928,3281965055,KH
3281965056,3281966079,US
3281966080,3281967103,DE
3281967104,3281968127,GB
3281968128,3281969663,RU
3281969664,3281970175,PL
3281970176,3281970687,RU
3281970688,3281970943,IR
3281970944,3281971199,GB
3281971200,3281971711,RU
3281971712,3281972223,RO
3281972224,3281972735,FR
3281972736,3281973247,DE
3281973248,3281973759,FR
3281973760,3281974271,DK
3281974272,3281974783,NL
3281974784,3281975295,PL
3281975296,3281975807,IN
3281975808,3281976319,RU
3281976320,3281976831,DE
3281976832,3281977343,RU
3281977344,3282042879,NO
3282042880,3282059263,FR
3282059264,3282067455,CH
3282067456,3282083839,FR
3282083840,3282084351,DE
3282084352,3282084863,RO
3282084864,3282085375,RU
3282085376,3282085887,BE
3282085888,3282086399,DE
3282086400,3282086911,LV
3282086912,3282087423,DE
3282087424,3282087935,PL
3282087936,3282088447,SE
3282088448,3282089471,PL
3282089472,3282089983,SK
3282089984,3282090495,PL
3282090496,3282091007,NL
3282091008,3282091519,FR
3282091520,3282092031,CH
3282092032,3282093055,UA
3282093056,3282095103,DE
3282095104,3282096127,UA
3282096128,3282097151,IT
3282097152,3282098175,GB
3282098176,3282100223,NL
3282100224,3282101247,ES
3282101248,3282102271,DE
3282102272,3282103295,MT
3282103296,3282104319,US
3282104320,3282105343,IL
3282105344,3282106367,RU
3282106368,3282107391,DE
3282107392,3282108415,NL
3282108416,3282173951,RU
3282173952,3282174463,AT
3282174464,3282174975,GB
3282174976,3282175487,DE
3282175488,3282177023,RU
3282177024,3282177535,GB
3282177536,3282178047,KZ
3282178048,3282178559,PL
3282178560,3282179071,ES
3282179072,3282179583,GB
3282179584,3282180095,RU
3282180096,3282180607,PL
3282180608,3282181119,KZ
3282181120,3282181631,GB
3282181632,3282182143,DE
3282182144,3282190335,RU
3282190336,3282190847,UA
3282190848,3282191359,IL
3282191360,3282191615,IS
3282191616,3282191871,TR
3282191872,3282192383,UA
3282192384,3282192895,BG
3282192896,3282193407,LV
3282193408,3282193919,PL
3282193920,3282194431,RU
3282194432,3282195455,UA
3282195456,3282196479,IE
3282196480,3282197503,UA
3282197504,3282198527,IT
3282198528,3282206719,GB
3282206720,3282223103,CH
3282223104,3282231295,BE
3282231296,3282235391,US
3282235392,3282237439,GB
3282237440,3282237695,HK
3282237696,3282238719,GB
3282238720,3282238975,DE
3282238976,3282239231,GB
3282239232,3282239487,US
3282239488,3282305023,GB
3282305024,3282370559,PL
3282370560,3282436095,FI
3282436096,3282477055,GB
3282477056,3282485247,RU
3282485248,3282493439,GI
3282493440,3282501631,CI
3282501632,3282534399,GR
3282534400,3282538495,GB
3282538496,3282542591,PL
3282542592,3282546687,US
3282546688,3282550783,GB
3282550784,3282554879,FR
3282554880,3282558975,DE
3282558976,3282563071,FR
3282563072,3282567167,GB
3282567168,3282632703,SK
3282632704,3282698239,NL
3282698240,3282706431,GR
3282706432,3282714623,RU
3282714624,3282722815,AT
3282722816,3282731007,DE
3282731008,3282739199,FI
3282739200,3282739455,CH
3282739456,3282739711,RO
3282739712,3282739967,FR
3282739968,3282740223,LT
3282740224,3282740479,FR
3282740480,3282740735,ES
3282740736,3282740991,BG
3282740992,3282741247,ES
3282741248,3282741503,PT
3282741504,3282741759,IE
3282741760,3282742015,HU
3282742016,3282742271,RO
3282742272,3282742527,ES
3282742528,3282742783,GB
3282742784,3282743039,RU
3282743040,3282743295,CH
3282743552,3282743807,SI
3282743808,3282744063,BG
3282744064,3282744319,UA
3282744320,3282744575,SA
3282744576,3282744831,LT
3282744832,3282745087,PL
3282745088,3282745343,DE
3282745344,3282745599,HU
3282745600,3282745855,DE
3282745856,3282746111,TR
3282746112,3282746367,SE
3282746368,3282746623,PL
3282746624,3282746879,SE
3282746880,3282747391,PL
3282747392,3282763775,RU
3282763776,3282829311,GB
3282829312,3282853887,NL
3282853888,3282854399,SG
3282854400,3282854911,ES
3282854912,3282855423,FR
3282855424,3282855935,MX
3282855936,3282856447,BE
3282856448,3282856959,IN
3282856960,3282857471,US
3282857472,3282858495,MX
3282858496,3282859519,CA
3282859520,3282860031,US
3282860032,3282861055,GB
3282861056,3282861311,ES
3282861312,3282861567,GB
3282861568,3282862079,SG
3282862080,3282862591,GB
3282862592,3282863103,IN
3282863104,3282863615,NL
3282863616,3282864127,TR
3282864128,3282865151,SG
3282865152,3282866175,JP
3282866176,3282866687,GB
3282866688,3282867199,FR
3282867200,3282867711,SG
3282867712,3282867967,JP
3282867968,3282870271,GB
3282870272,3282878463,HK
3282878464,3282878975,BE
3282878976,3282879487,IN
3282879488,3282879999,CA
3282880000,3282880511,FR
3282880512,3282881023,US
3282881024,3282881535,FR
3282881536,3282882047,MX
3282882048,3282882559,KR
3282882560,3282883071,SG
3282883072,3282883327,GB
3282883328,3282883583,JP
3282883584,3282884095,ES
3282884096,3282884607,MX
3282884608,3282885119,ES
3282885120,3282885631,MX
3282885632,3282886143,ES
3282886144,3282886655,MX
3282886656,3282894847,NL
3282894848,3282960383,GB
3282960384,3283091455,TR
3283091456,3283156991,CH
3283156992,3283173375,DE
3283173376,3283174399,PL
3283174400,3283175423,GB
3283175424,3283176447,PL
3283176448,3283177471,US
3283177472,3283178495,BE
3283178496,3283179519,PL
3283179520,3283180543,ES
3283180544,3283180799,CR
3283180800,3283181055,CH
3283181056,3283181311,FR
3283181312,3283181567,GE
3283181568,3283182591,NO
3283182592,3283183615,PL
3283183616,3283184639,RU
3283184640,3283185663,FR
3283185664,3283186687,IT
3283186688,3283187711,UA
3283187712,3283188735,RU
3283188736,3283189759,UA
3283189760,3283206143,DE
3283206144,3283206655,GB
3283206656,3283207167,RU
3283207168,3283207679,PL
3283207680,3283208191,AT
3283208192,3283208703,DE
3283208704,3283209215,NO
3283209216,3283209727,RU
3283209728,3283210239,TR
3283210240,3283210751,UA
3283210752,3283211263,PL
3283211264,3283211775,US
3283211776,3283212287,NL
3283212288,3283212799,PL
3283212800,3283213311,BG
3283213312,3283213823,ES
3283213824,3283214335,UA
3283214336,3283214847,RO
3283214848,3283215359,RU
3283215360,3283215871,SE
3283215872,3283216383,TR
3283216384,3283216895,DE
3283216896,3283217407,CH
3283217408,3283218943,UA
3283218944,3283219455,NL
3283219456,3283219967,DE
3283219968,3283220479,BE
3283220480,3283220991,BG
3283220992,3283221503,AT
3283221504,3283222015,GB
3283222016,3283222271,IT
3283222272,3283222527,IR
3283222528,3283223039,DE
3283223040,3283223551,RU
3283223552,3283223807,DE
3283223808,3283224063,RU
3283224064,3283224575,GB
3283224576,3283225087,BG
3283225088,3283225599,UA
3283225600,3283226111,IL
3283226112,3283226623,DK
3283226624,3283227135,RU
3283227136,3283227647,UA
3283227648,3283229183,RU
3283229184,3283229695,PL
3283229696,3283230207,IT
3283230208,3283230719,UA
3283230720,3283238911,RS
3283238912,3283247103,CZ
3283247104,3283247615,LV
3283247616,3283247871,RU
3283247872,3283248127,AL
3283248128,3283248639,DE
3283248640,3283249151,RO
3283249152,3283249663,TR
3283249664,3283249919,MD
3283249920,3283250175,RO
3283250176,3283250687,RU
3283250688,3283251199,BG
3283251200,3283251711,FR
3283251712,3283252223,PL
3283252224,3283252735,BG
3283252736,3283253247,SI
3283253248,3283253503,IT
3283253504,3283253759,BG
3283253760,3283254271,PL
3283254272,3283255295,DE
3283255296,3283258367,UA
3283258368,3283259135,US
3283259136,3283261183,UA
3283261184,3283261439,IE
3283261440,3283263487,UA
3283263488,3283271679,SE
3283271680,3283279871,RU
3283279872,3283288063,SE
3283288064,3283312639,DE
3283312640,3283316735,CY
3283316736,3283337471,DE
3283337472,3283337727,NL
3283337728,3283337791,BE
3283337792,3283337855,NL
3283337856,3283337983,LU
3283337984,3283338047,TW
3283338048,3283338111,KR
3283338112,3283338175,SG
3283338176,3283338239,JP
3283338240,3283339263,OM
3283339264,3283340287,DE
3283340288,3283341311,OM
3283341312,3283348479,DE
3283348480,3283349503,US
3283349504,3283357695,DE
3283357696,3283363839,GB
3283363840,3283365887,DE
3283365888,3283369983,GB
3283369984,3283393535,DE
3283393536,3283394559,JP
3283394560,3283398655,DE
3283398656,3283402751,US
3283402752,3283419135,DE
3283419136,3283451903,IR
3283451904,3283460095,NO
3283460096,3283460607,CZ
3283460608,3283461119,US
3283461120,3283461631,GB
3283461632,3283461887,SE
3283461888,3283462143,ES
3283462144,3283462655,US
3283462656,3283462911,DE
3283462912,3283463167,US
3283463168,3283463679,NL
3283463680,3283464191,DE
3283464192,3283468287,IT
3283468288,3283472383,FI
3283472384,3283476479,CZ
3283476480,3283480575,JP
3283480576,3283482623,LT
3283482624,3283483647,SK
3283483648,3283484415,DE
3283484416,3283484671,ES
3283484672,3283484927,UA
3283484928,3283485183,NL
3283485184,3283485439,DE
3283485440,3283485695,RU
3283485696,3283485951,GB
3283485952,3283486207,SE
3283486208,3283486463,AT
3283486464,3283486719,UA
3283486720,3283486975,GB
3283486976,3283487487,PL
3283487488,3283487743,DE
3283487744,3283487999,CH
3283488000,3283488255,ES
3283488256,3283488767,PL
3283488768,3283489023,SC
3283489024,3283489279,FR
3283489280,3283489535,DE
3283489536,3283489791,PL
3283489792,3283490047,RU
3283490048,3283490559,UA
3283490560,3283490815,PL
3283490816,3283491071,NL
3283491072,3283491327,DE
3283491328,3283491583,AT
3283491584,3283491839,NL
3283491840,3283492095,RU
3283492096,3283492351,NL
3283492352,3283492607,ES
3283492608,3283492863,SA
3283492864,3283493119,RU
3283493120,3283493887,PL
3283493888,3283494143,DK
3283494144,3283494399,NL
3283494400,3283494655,IR
3283494656,3283494911,DK
3283494912,3283495167,PL
3283495168,3283495423,BG
3283495424,3283495679,TR
3283495680,3283495935,NL
3283495936,3283496191,BG
3283496192,3283496447,DE
3283496448,3283496703,HR
3283496704,3283496959,LV
3283496960,3283497215,DE
3283497216,3283497471,PL
3283497472,3283497727,DE
3283497728,3283498239,PL
3283498240,3283498495,CH
3283498496,3283498751,IT
3283498752,3283499007,AT
3283499008,3283499263,DE
3283499264,3283499519,RU
3283499520,3283499775,DE
3283499776,3283500031,GB
3283500032,3283500287,DE
3283500288,3283500543,SI
3283500544,3283500799,GB
3283500800,3283501055,UA
3283501056,3283509247,LT
3283509248,3283517439,GB
3283517440,3283525631,RU
3283525632,3283533823,GB
3283533824,3283534847,UA
3283534848,3283535359,DE
3283535360,3283536383,NL
3283536384,3283536895,UA
3283536896,3283537407,ES
3283537408,3283537919,PL
3283537920,3283538431,RO
3283538432,3283538943,IT
3283538944,3283539455,GB
3283539456,3283539967,RS
3283539968,3283540479,DK
3283540480,3283540991,PL
3283540992,3283541503,BE
3283541504,3283542015,CH
3283542016,3283550207,IT
3283550208,3283615743,NL
3283615744,3283623935,HU
3283623936,3283632127,DK
3283632128,3283632639,NL
3283632640,3283633151,CH
3283633152,3283633663,SE
3283633664,3283634175,UA
3283634176,3283634687,ES
3283634688,3283635199,IT
3283635200,3283635455,US
3283635456,3283635711,NL
3283635712,3283636223,RU
3283636224,3283636735,UA
3283636736,3283637759,PL
3283637760,3283638271,NL
3283638272,3283638783,PL
3283638784,3283639295,NL
3283639296,3283639807,GB
3283639808,3283640319,DE
3283640320,3283648511,DK
3283648512,3283656703,GB
3283656704,3283664895,HU
3283664896,3283673087,RU
3283673088,3283674111,IL
3283674112,3283675135,GB
3283675136,3283675647,CA
3283675648,3283675903,DE
3283676160,3283676415,GB
3283676416,3283676671,CA
3283676672,3283677183,GB
3283677184,3283678207,PT
3283678208,3283678463,NL
3283678464,3283678719,GB
3283678720,3283678721,PH
3283678722,3283678722,US
3283678723,3283678730,PH
3283678731,3283678732,US
3283678733,3283678738,PH
3283678739,3283678739,US
3283678740,3283678741,PH
3283678742,3283678742,US
3283678743,3283678754,PH
3283678755,3283678755,US
3283678756,3283678767,PH
3283678768,3283678768,US
3283678769,3283678780,PH
3283678781,3283678781,US
3283678782,3283678975,PH
3283678976,3283679231,NL
3283679232,3283679487,US
3283679488,3283680511,GB
3283680512,3283680767,FR
3283680768,3283681023,CA
3283681024,3283681279,SG
3283681280,3283746815,DE
3283746816,3283812351,CH
3283812352,3283877887,PL
3283877888,3283943423,GB
3283943424,3283944447,CZ
3283944448,3283945471,AT
3283945472,3283946495,UA
3283946496,3283947519,GB
3283947520,3283948543,RU
3283948544,3283949567,NL
3283949568,3283950591,SE
3283950592,3283951615,KZ
3283951616,3283952639,PL
3283952640,3283953663,FR
3283953664,3283954687,PL
3283954688,3283955711,RU
3283955712,3283956735,KZ
3283956736,3283957759,PL
3283957760,3283958783,GR
3283958784,3283959807,UA
3283959808,3283960831,FR
3283960832,3283961855,KZ
3283961856,3283962879,CA
3283962880,3283963903,PL
3283963904,3283964927,BG
3283964928,3283966975,PL
3283966976,3283967999,DE
3283968000,3283969023,NL
3283969024,3283970047,RU
3283970048,3283971071,UA
3283971072,3283972095,RU
3283972096,3283973119,SE
3283973120,3283974143,NL
3283974144,3283976191,GB
3283976192,3283976703,IE
3283976704,3283977215,DK
3283977216,3283977727,US
3283977728,3283978751,RU
3283978752,3283979263,RO
3283979264,3283979775,IL
3283979776,3283980287,NO
3283980288,3283980543,CZ
3283980544,3283980799,RO
3283980800,3283981823,CH
3283981824,3283982335,RO
3283982336,3283982847,LU
3283982848,3283983103,SE
3283983104,3283983615,RO
3283983616,3283983871,ES
3283983872,3283984383,GB
3283984384,3283984895,SE
3283984896,3283985407,GR
3283985408,3283985919,LU
3283985920,3283986431,AT
3283986432,3283986943,DE
3283986944,3283987455,AT
3283987456,3283987967,GB
3283987968,3283988479,DE
3283988480,3283988735,FR
3283988736,3283988991,GB
3283988992,3283989503,FR
3283989504,3283990015,RU
3283990016,3283990527,SE
3283990528,3283991039,ES
3283991040,3283991551,FR
3283991552,3283992063,SE
3283992064,3283992575,ES
3283992576,3283993087,IL
3283993088,3283993599,RO
3283993600,3283994111,UA
3283994112,3283994623,AT
3283994624,3283995135,UA
3283995136,3283995647,BE
3283995648,3283996159,CH
3283996160,3283996671,MK
3283996672,3283997183,ES
3283997184,3283997695,PS
3283997696,3283998207,SA
3283998208,3283998719,UA
3283998720,3283999231,NL
3283999232,3283999743,RU
3283999744,3284000255,FR
3284000256,3284000767,RU
3284000768,3284001279,BG
3284001280,3284002303,UA
3284002304,3284002815,PL
3284002816,3284003327,DK
3284003328,3284003839,UA
3284003840,3284004351,DE
3284004352,3284004863,RU
3284004864,3284005375,UA
3284005376,3284005887,PA
3284005888,3284006143,IT
3284006144,3284006399,CH
3284006400,3284007423,UA
3284007424,3284007935,US
3284007936,3284008447,CH
3284008448,3284008959,NO
3284008960,3284009215,NL
3284009216,3284009471,PL
3284009472,3284009727,DE
3284009728,3284009983,FR
3284009984,3284010239,CH
3284010240,3284010751,FR
3284010752,3284011519,DE
3284011520,3284011775,HR
3284011776,3284012031,DE
3284012032,3284012799,RU
3284012800,3284013311,AT
3284013312,3284013567,PL
3284013568,3284013823,DK
3284013824,3284014079,SE
3284014080,3284014335,TR
3284014336,3284014591,IT
3284014592,3284014847,GB
3284014848,3284015103,IL
3284015104,3284015359,PL
3284015360,3284015615,DK
3284015616,3284015871,AT
3284015872,3284016127,FR
3284016128,3284016383,NL
3284016384,3284016639,CH
3284016640,3284017151,DK
3284017152,3284025343,GR
3284025344,3284030479,US
3284030480,3284030487,FR
3284030488,3284030495,US
3284030496,3284030503,FR
3284030504,3284030527,US
3284030528,3284030535,DE
3284030536,3284030583,US
3284030584,3284030599,GB
3284030600,3284030607,US
3284030608,3284030615,SE
3284030616,3284030663,US
3284030664,3284030671,TR
3284030672,3284030679,IE
3284030680,3284030703,US
3284030704,3284030711,PL
3284030712,3284030719,DE
3284030720,3284030751,US
3284030752,3284030759,ES
3284030760,3284030767,FR
3284030768,3284030783,US
3284030784,3284030791,FR
3284030792,3284030799,BE
3284030800,3284030807,DE
3284030808,3284030815,US
3284030816,3284030823,GB
3284030824,3284030847,US
3284030848,3284030855,ES
3284030856,3284030935,US
3284030936,3284030951,FR
3284030952,3284030959,US
3284030960,3284030975,DE
3284030976,3284033535,US
3284033536,3284041727,RU
3284041728,3284041983,DK
3284041984,3284042239,SI
3284042240,3284042495,HK
3284042496,3284042751,AT
3284042752,3284043007,RU
3284043008,3284043263,GB
3284043264,3284043519,DK
3284043520,3284043775,DE
3284043776,3284044031,HR
3284044032,3284044287,FR
3284044288,3284044543,DE
3284044544,3284044799,HK
3284044800,3284045055,CZ
3284045056,3284045311,EE
3284045312,3284045567,DE
3284045568,3284045823,AT
3284045824,3284046079,IR
3284046080,3284046335,DE
3284046336,3284046591,NL
3284046592,3284046847,CZ
3284046848,3284047103,DE
3284047104,3284047615,SE
3284047616,3284047871,BR
3284047872,3284048127,UA
3284048128,3284048383,DK
3284048384,3284048639,SE
3284048640,3284049151,FR
3284049152,3284049407,SE
3284049408,3284049663,SI
3284049664,3284049919,RO
3284049920,3284058111,CH
3284058112,3284066303,ES
3284066304,3284075007,NL
3284075008,3284075519,DE
3284075520,3284076031,RU
3284076032,3284076287,UA
3284076288,3284076543,RU
3284076544,3284077055,PL
3284077056,3284077567,RU
3284077568,3284078079,UA
3284078080,3284078591,DE
3284078592,3284079103,NL
3284079104,3284079615,RU
3284079616,3284080127,DE
3284080128,3284080639,IR
3284080640,3284081151,UA
3284081152,3284081663,DE
3284081664,3284082175,IE
3284082176,3284082687,NO
3284082688,3284083199,RU
3284083200,3284083711,BG
3284083712,3284084223,RU
3284084224,3284084735,UA
3284084736,3284085247,GB
3284085248,3284085759,DE
3284085760,3284086271,IR
3284086272,3284086783,RO
3284086784,3284087039,ES
3284087040,3284087295,GB
3284087296,3284087807,RU
3284087808,3284088319,IL
3284088320,3284089343,GB
3284089344,3284089855,UA
3284089856,3284090367,BG
3284090368,3284090879,PL
3284090880,3284091135,RU
3284091136,3284091391,FR
3284091392,3284091903,GB
3284091904,3284092415,DE
3284092416,3284092927,GB
3284092928,3284093439,UA
3284093440,3284093951,IR
3284093952,3284094975,RU
3284094976,3284095487,DE
3284095488,3284095999,RU
3284096000,3284096511,IT
3284096512,3284097023,GB
3284097024,3284097535,RU
3284097536,3284098047,FR
3284098048,3284098559,DE
3284098560,3284099071,BG
3284099072,3284099327,SI
3284099328,3284099583,HU
3284099584,3284099839,DE
3284099840,3284100095,ES
3284100096,3284100607,AM
3284100608,3284101119,GB
3284101120,3284101631,UA
3284101632,3284102143,GB
3284102144,3284102655,DK
3284102656,3284103167,AT
3284103168,3284103679,NL
3284103680,3284104191,DE
3284104192,3284104703,NO
3284104704,3284105215,TR
3284105216,3284105727,NL
3284105728,3284106239,FI
3284106240,3284106751,RO
3284106752,3284107263,UA
3284107264,3284107775,FR
3284107776,3284108287,RU
3284108288,3284108799,CH
3284108800,3284109311,FR
3284109312,3284109823,RU
3284109824,3284110335,UA
3284110336,3284110847,LT
3284110848,3284111359,DK
3284111360,3284111615,CH
3284111616,3284111871,NO
3284111872,3284112383,RU
3284112384,3284112895,BG
3284112896,3284113919,NL
3284113920,3284114431,AM
3284114432,3284114943,GB
3284114944,3284115455,RU
3284115456,3284115967,RO
3284115968,3284116479,PL
3284116480,3284116991,GB
3284116992,3284117503,RU
3284117504,3284118015,UA
3284118016,3284118527,PL
3284118528,3284119039,FR
3284119040,3284119551,RU
3284119552,3284120063,LT
3284120064,3284120575,UA
3284120576,3284121087,PL
3284121088,3284121599,RU
3284121600,3284122111,PL
3284122112,3284122623,AM
3284122624,3284123135,CH
3284123136,3284124671,RU
3284124672,3284125183,DE
3284125184,3284125695,NL
3284125696,3284126207,UA
3284126208,3284127231,CZ
3284127232,3284127743,NL
3284127744,3284128255,RU
3284128256,3284128767,GB
3284128768,3284129279,SE
3284129280,3284129791,UA
3284129792,3284130303,DE
3284130304,3284130815,GB
3284130816,3284131327,RU
3284131328,3284131839,HU
3284131840,3284132351,DE
3284132352,3284132863,RU
3284132864,3284133375,HU
3284133376,3284133631,NL
3284133632,3284133887,KG
3284133888,3284134911,PL
3284134912,3284135935,RU
3284135936,3284136447,CH
3284136448,3284136959,RU
3284136960,3284137471,FR
3284137472,3284137983,RU
3284137984,3284138495,PL
3284138496,3284138751,GB
3284138752,3284139007,IT
3284139008,3284172799,AT
3284172800,3284193279,DE
3284193280,3284195327,AT
3284195328,3284197375,DE
3284197376,3284199423,IL
3284199424,3284200447,DK
3284200448,3284201471,FR
3284201472,3284202495,PL
3284202496,3284203519,RS
3284203520,3284204031,DK
3284204032,3284204543,FI
3284204544,3284205311,DE
3284205312,3284205567,ES
3284205568,3284271103,NL
3284271104,3284402175,GB
3284402176,3284467711,SE
3284467712,3284533247,FI
3284533248,3284598783,SE
3284598784,3284664319,HU
3284664320,3284666367,BR
3284666368,3284667391,GB
3284667392,3284668415,FR
3284668416,3284669439,NL
3284669440,3284669951,DE
3284669952,3284670207,GB
3284670208,3284670463,CZ
3284670464,3284670975,BE
3284670976,3284671231,NL
3284671232,3284671487,GB
3284671488,3284672511,NL
3284672512,3284680703,DE
3284680704,3284680959,AE
3284680960,3284681215,KZ
3284681216,3284681727,HU
3284681728,3284681983,US
3284681984,3284682751,DE
3284682752,3284683263,SE
3284683264,3284683775,KZ
3284683776,3284684287,IR
3284684288,3284684799,FR
3284684800,3284685311,DE
3284685312,3284686335,NL
3284686336,3284686847,RO
3284686848,3284687359,PL
3284687360,3284687871,UA
3284687872,3284688383,IL
3284688384,3284688895,CH
3284688896,3284697087,FR
3284697088,3284705279,GB
3284705280,3284713471,FR
3284713472,3284713727,PL
3284713728,3284713983,GR
3284713984,3284714239,DE
3284714240,3284714495,FR
3284714496,3284714751,UA
3284714752,3284715007,AT
3284715008,3284715263,GB
3284715264,3284715519,PL
3284715520,3284715775,SI
3284715776,3284716031,BE
3284716032,3284716287,IT
3284716288,3284716543,RU
3284716544,3284716799,GR
3284716800,3284717055,IL
3284717056,3284717311,PL
3284717312,3284717567,DE
3284717568,3284717823,FR
3284717824,3284718079,RU
3284718080,3284718335,OM
3284718336,3284718591,GB
3284718592,3284718847,PL
3284718848,3284719103,RU
3284719104,3284719359,PL
3284719360,3284719615,OM
3284719616,3284719871,RU
3284719872,3284720127,FR
3284720128,3284720383,CH
3284720384,3284720895,SE
3284720896,3284721151,OM
3284721152,3284721407,TR
3284721408,3284721663,RU
3284721664,3284722175,BE
3284722176,3284722687,RU
3284722688,3284723199,FR
3284723200,3284723711,GB
3284723712,3284724223,HU
3284724224,3284724479,AL
3284724480,3284724735,FR
3284724736,3284725247,RU
3284725248,3284725759,CY
3284725760,3284726271,LU
3284726272,3284726783,DE
3284726784,3284727295,UA
3284727296,3284727807,MK
3284727808,3284728319,RU
3284728320,3284728831,UA
3284728832,3284729343,PT
3284729344,3284729855,FR
3284729856,3284795391,DE
3284795392,3284803583,FR
3284803584,3284811775,DE
3284811776,3284819967,KE
3284819968,3284820591,GB
3284820592,3284820599,IN
3284820600,3284820991,GB
3284820992,3284822367,US
3284822368,3284822383,NL
3284822384,3284823039,US
3284823040,3284823047,BE
3284823048,3284823051,RO
3284823052,3284823055,PT
3284823056,3284823063,ES
3284823064,3284823079,IT
3284823080,3284823087,CZ
3284823088,3284823111,ES
3284823112,3284823119,BE
3284823120,3284823127,PL
3284823128,3284823135,CH
3284823136,3284823151,ES
3284823152,3284823159,HR
3284823160,3284823175,ES
3284823176,3284823183,PT
3284823184,3284823187,BE
3284823188,3284823191,SI
3284823192,3284823199,SE
3284823200,3284823215,ES
3284823216,3284823223,AT
3284823224,3284823231,IT
3284823232,3284823247,PL
3284823248,3284823295,ES
3284823296,3284823311,BE
3284823312,3284823315,IT
3284823316,3284823319,CZ
3284823320,3284823323,RO
3284823324,3284823327,IT
3284823328,3284823335,RO
3284823336,3284823343,CH
3284823344,3284823359,BE
3284823360,3284823363,RO
3284823364,3284823367,BE
3284823368,3284823375,IT
3284823376,3284823383,ES
3284823384,3284823391,IT
3284823392,3284823407,ES
3284823408,3284823411,AT
3284823412,3284823415,US
3284823416,3284823423,DK
3284823424,3284823431,BG
3284823432,3284823439,DK
3284823440,3284823447,PL
3284823448,3284823455,GR
3284823456,3284823463,ES
3284823464,3284823495,IT
3284823496,3284823499,RO
3284823500,3284823503,BE
3284823504,3284823511,IT
3284823512,3284823527,SE
3284823528,3284823535,IT
3284823536,3284823543,NL
3284823544,3284823559,ES
3284823560,3284823567,SE
3284823568,3284823583,ES
3284823584,3284823591,IT
3284823592,3284823595,RO
3284823596,3284823599,PT
3284823600,3284823615,BE
3284823616,3284823623,IT
3284823624,3284823627,PT
3284823628,3284823631,RO
3284823632,3284823647,IT
3284823648,3284823651,CZ
3284823652,3284823655,BE
3284823656,3284823663,IT
3284823664,3284823667,SK
3284823668,3284823671,SI
3284823672,3284823679,SE
3284823680,3284823687,PT
3284823688,3284823691,RO
3284823692,3284823695,PT
3284823696,3284823711,ES
3284823712,3284823719,DK
3284823720,3284823735,ES
3284823736,3284823751,PL
3284823752,3284823767,IT
3284823768,3284823775,SE
3284823776,3284823807,PL
3284823808,3284823823,IT
3284823824,3284823831,LT
3284823832,3284823847,NO
3284823848,3284823863,IE
3284823864,3284823871,AT
3284823872,3284823875,HR
3284823876,3284823879,US
3284823880,3284823887,LT
3284823888,3284823903,SE
3284823904,3284823911,IT
3284823912,3284823915,PL
3284823916,3284823923,ES
3284823924,3284823927,CH
3284823928,3284823935,SE
3284823936,3284823943,US
3284823944,3284823951,PL
3284823952,3284823959,ES
3284823960,3284823975,PL
3284823976,3284823983,ES
3284823984,3284823991,DK
3284823992,3284823999,HR
3284824000,3284824015,ES
3284824016,3284824023,DK
3284824024,3284824039,FI
3284824040,3284824047,ES
3284824048,3284824055,CZ
3284824056,3284824063,IT
3284824064,3284825343,US
3284825344,3284825599,FR
3284825600,3284825855,US
3284825856,3284826111,FR
3284826112,3284826119,BE
3284826120,3284826123,PT
3284826124,3284826135,ES
3284826136,3284826143,PL
3284826144,3284826159,US
3284826160,3284826167,ES
3284826168,3284826175,PT
3284826176,3284826183,IT
3284826184,3284826199,PT
3284826200,3284826211,ES
3284826212,3284826231,DK
3284826232,3284826239,SK
3284826240,3284826247,PT
3284826248,3284826251,CZ
3284826252,3284826255,SK
3284826256,3284826263,ES
3284826264,3284826267,SK
3284826268,3284826271,PL
3284826272,3284826279,DK
3284826280,3284826287,RO
3284826288,3284826295,PL
3284826296,3284826311,ES
3284826312,3284826327,BE
3284826328,3284826343,IT
3284826344,3284826347,PL
3284826348,3284826351,BE
3284826352,3284826355,IT
3284826356,3284826359,SI
3284826360,3284826367,BE
3284826368,3284826383,PL
3284826384,3284826391,SE
3284826392,3284826399,IT
3284826400,3284826415,CZ
3284826416,3284826423,PL
3284826424,3284826439,SE
3284826440,3284826447,PL
3284826448,3284826455,SE
3284826456,3284826463,SI
3284826464,3284826467,BE
3284826468,3284826471,PT
3284826472,3284826475,RO
3284826476,3284826479,CZ
3284826480,3284826487,BE
3284826488,3284826495,IT
3284826496,3284826503,BE
3284826504,3284826511,RO
3284826512,3284826527,IT
3284826528,3284826543,RO
3284826544,3284826551,ES
3284826552,3284826559,BE
3284826560,3284827903,US
3284827904,3284828159,FR
3284828160,3284844543,AT
3284844544,3284860927,CH
3284860928,3284926463,DE
3284926464,3284991999,NO
3284992000,3285057535,PL
3285057536,3285065727,IT
3285065728,3285073919,RU
3285073920,3285082111,GB
3285082112,3285084159,AT
3285084160,3285084415,US
3285084416,3285084671,CH
3285084672,3285084927,DE
3285084928,3285085183,ES
3285085184,3285085439,US
3285085440,3285085695,NL
3285085696,3285085951,JP
3285085952,3285086207,FR
3285086208,3285088255,PL
3285088256,3285088511,IT
3285088512,3285088767,DK
3285088768,3285089279,RU
3285089280,3285090303,PL
3285090304,3285094399,DE
3285094400,3285098495,US
3285098496,3285099519,GB
3285099520,3285099775,IN
3285099776,3285115391,GB
3285115392,3285115903,RU
3285115904,3285116415,SI
3285116416,3285116671,US
3285116672,3285116927,LT
3285116928,3285117439,UA
3285117440,3285117695,NL
3285117696,3285117951,LT
3285117952,3285118207,TR
3285118208,3285118463,RU
3285118464,3285118975,UA
3285118976,3285119487,RU
3285119488,3285119743,AE
3285119744,3285120511,RU
3285120512,3285121023,IT
3285121024,3285121535,SE
3285121536,3285122047,CY
3285122048,3285122559,GB
3285122560,3285123071,RU
3285123072,3285188607,BE
3285188608,3285319679,RU
3285319680,3285320191,HU
3285320192,3285320703,RU
3285320704,3285321215,RO
3285321216,3285321727,DE
3285321728,3285321983,BY
3285321984,3285322239,RU
3285322240,3285322751,DE
3285322752,3285323263,PL
3285323264,3285323775,CZ
3285323776,3285324287,CH
3285324288,3285324799,DK
3285324800,3285325311,RU
3285325312,3285325823,GB
3285325824,3285326335,PL
3285326336,3285326847,DE
3285326848,3285327359,SK
3285327360,3285327871,RU
3285327872,3285328127,TR
3285328128,3285328383,IT
3285328384,3285328895,PL
3285328896,3285329407,SE
3285329408,3285329919,GB
3285329920,3285330431,IT
3285330432,3285330943,FR
3285330944,3285331455,US
3285331456,3285331967,KZ
3285331968,3285332479,DE
3285332480,3285332991,IM
3285332992,3285333503,SE
3285333504,3285334015,GB
3285334016,3285334527,NL
3285334528,3285335039,DE
3285335040,3285335551,PL
3285335552,3285336063,SE
3285336064,3285344255,IT
3285344256,3285352447,US
3285352448,3285368831,RU
3285368832,3285385215,SI
3285385216,3285386239,PL
3285386240,3285387263,RU
3285387264,3285388287,PL
3285388288,3285389311,CH
3285389312,3285390335,FI
3285390336,3285391359,RU
3285391360,3285392383,IL
3285392384,3285393407,RU
3285393408,3285394431,LI
3285394432,3285395455,RU
3285395456,3285395967,DE
3285395968,3285396479,RU
3285396480,3285397503,IR
3285397504,3285397759,US
3285397760,3285398015,DE
3285398016,3285398271,BG
3285398272,3285398527,PL
3285398528,3285399551,CZ
3285399552,3285400575,DE
3285400576,3285401599,UA
3285401600,3285402623,RU
3285402624,3285402879,PL
3285402880,3285403135,GB
3285403136,3285403391,FR
3285403392,3285403647,IR
3285403648,3285404671,NL
3285404672,3285406719,RU
3285406720,3285407743,UA
3285407744,3285408767,RU
3285408768,3285409791,GB
3285409792,3285410815,US
3285410816,3285412863,RU
3285412864,3285413887,UA
3285413888,3285414911,RU
3285414912,3285415935,US
3285415936,3285416959,RU
3285416960,3285417215,NL
3285417216,3285417727,IT
3285417728,3285417983,RO
3285417984,3285419007,RU
3285419008,3285420031,SE
3285420032,3285425151,UA
3285425152,3285426175,LV
3285426176,3285427199,RU
3285427200,3285427455,PH
3285427456,3285427711,IT
3285427712,3285427967,RU
3285427968,3285428223,KG
3285428224,3285429247,ES
3285429248,3285430271,UA
3285430272,3285431295,DK
3285431296,3285432319,UZ
3285432320,3285433343,UA
3285433344,3285433599,TR
3285433600,3285433855,UA
3285433856,3285434111,NL
3285434112,3285434367,DE
3285434368,3285436415,RU
3285436416,3285437439,GR
3285437440,3285438463,RU
3285438464,3285440511,UA
3285440512,3285441535,RU
3285441536,3285442559,LT
3285442560,3285443583,IE
3285443584,3285444607,UA
3285444608,3285446655,RU
3285446656,3285447679,UA
3285447680,3285449215,RU
3285449216,3285449471,GB
3285449472,3285449727,RU
3285449728,3285450751,UA
3285450752,3285516287,NL
3285516288,3285581823,GB
3285581824,3285614591,US
3285614592,3285630975,TR
3285630976,3285633023,UA
3285633024,3285635071,NO
3285635072,3285636095,GR
3285636096,3285636607,GB
3285636608,3285636863,US
3285636864,3285637119,GB
3285637120,3285638143,DE
3285638144,3285639167,UA
3285639168,3285641215,FR
3285641216,3285641983,CH
3285641984,3285642239,IR
3285642240,3285643263,RU
3285643264,3285645311,FR
3285645312,3285647359,BG
3285647360,3285712895,DK
3285712896,3285721087,GB
3285721088,3285729279,SE
3285729280,3285737471,CH
3285737472,3285745663,PL
3285745664,3285746687,IL
3285746688,3285747711,RU
3285747712,3285748735,DE
3285748736,3285749759,FR
3285749760,3285750783,DE
3285750784,3285751807,US
3285751808,3285752831,RU
3285752832,3285753343,DK
3285753344,3285753855,PL
3285753856,3285762047,ES
3285762048,3285762559,FR
3285762560,3285763071,RU
3285763072,3285763583,GB
3285763584,3285764095,DE
3285764096,3285764607,RU
3285764608,3285765119,IT
3285765120,3285766143,UA
3285766144,3285766655,DE
3285766656,3285767679,RU
3285767680,3285768191,FR
3285768192,3285768703,RU
3285768704,3285768959,RO
3285768960,3285769727,DE
3285769728,3285770239,RO
3285770240,3285770495,NL
3285770496,3285770751,US
3285770752,3285771007,UA
3285771008,3285771263,CH
3285771264,3285771519,BG
3285771520,3285771775,AT
3285771776,3285772031,AZ
3285772032,3285772287,SE
3285772288,3285772543,TR
3285772544,3285772799,LT
3285772800,3285773055,ES
3285773056,3285773311,DE
3285773312,3285773567,LV
3285773568,3285773823,KG
3285773824,3285774079,ES
3285774080,3285774335,RO
3285774336,3285774591,CZ
3285774592,3285774847,RU
3285774848,3285775103,FR
3285775104,3285775359,CY
3285775360,3285775615,RU
3285775616,3285775871,ES
3285775872,3285776127,NL
3285776128,3285776383,ES
3285776384,3285776639,MD
3285776640,3285776895,FR
3285776896,3285777151,PL
3285777152,3285777407,HU
3285777408,3285777663,IL
3285777664,3285777919,SI
3285777920,3285778175,PL
3285778176,3285778431,DE
3285778432,3285843967,GB
3285843968,3285852159,LU
3285852160,3285860351,GB
3285860352,3285868543,FI
3285868544,3285876735,GB
3285876736,3285909503,RU
3285909504,3285910319,CA
3285910320,3285910323,GB
3285910324,3285910527,CA
3285910528,3285910655,NL
3285910656,3285911295,CA
3285911296,3285911597,GB
3285911598,3285911599,CA
3285911600,3285911623,GB
3285911624,3285911647,CA
3285911648,3285911667,GB
3285911668,3285911711,CA
3285911712,3285911723,GB
3285911724,3285911727,CA
3285911728,3285911935,GB
3285911936,3285912063,CA
3285912064,3285912191,GB
3285912192,3285912319,CA
3285912320,3285912575,GB
3285912576,3285913215,CA
3285913216,3285913279,GB
3285913280,3285913343,ES
3285913344,3285913599,CA
3285913600,3285913765,GB
3285913766,3285913767,CA
3285913768,3285913791,GB
3285913792,3285913855,CA
3285913856,3285914062,GB
3285914063,3285914063,CA
3285914064,3285914071,GB
3285914072,3285914111,CA
3285914112,3285915519,GB
3285915520,3285915903,CA
3285915904,3285916049,AT
3285916050,3285916415,CA
3285916416,3285916454,DE
3285916455,3285916455,CA
3285916456,3285916541,DE
3285916542,3285916703,CA
3285916704,3285916711,DE
3285916712,3285916735,CA
3285916736,3285916767,GB
3285916768,3285916815,CA
3285916816,3285916831,GB
3285916832,3285916847,DE
3285916848,3285916855,CA
3285916856,3285916863,GB
3285916864,3285916927,CA
3285916928,3285917183,GB
3285917184,3285917439,CA
3285917440,3285917440,ES
3285917441,3285917441,CA
3285917442,3285917453,ES
3285917454,3285917455,CA
3285917456,3285917463,ES
3285917464,3285917695,CA
3285917696,3285917873,GB
3285917874,3285917875,PT
3285917876,3285917943,GB
3285917944,3285917945,PT
3285917946,3285917951,GB
3285917952,3285917961,CA
3285917962,3285917962,TR
3285917963,3285918207,CA
3285918208,3285918535,GB
3285918536,3285918591,CA
3285918592,3285918655,GB
3285918656,3285918719,CA
3285918720,3285918975,SE
3285918976,3285918983,JP
3285918984,3285919231,CA
3285919232,3285919487,FR
3285919488,3285919743,DE
3285919744,3285919877,FR
3285919878,3285919879,GB
3285919880,3285920639,FR
3285920640,3285920655,DE
3285920656,3285920671,FR
3285920672,3285920687,DE
3285920688,3285920781,FR
3285920782,3285920783,GB
3285920784,3285921165,FR
3285921166,3285921167,DE
3285921168,3285921791,FR
3285921792,3285921823,DE
3285921824,3285921855,CA
3285921856,3285921919,GB
3285921920,3285922175,CA
3285922176,3285922183,GB
3285922184,3285922191,DE
3285922192,3285922303,CA
3285922304,3285922559,DE
3285922560,3285922715,GB
3285922716,3285922717,US
3285922718,3285922815,GB
3285922816,3285924607,CA
3285924608,3285924623,IT
3285924624,3285924863,CA
3285924864,3285925613,DE
3285925614,3285925615,CA
3285925616,3285926143,DE
3285926144,3285926155,PT
3285926156,3285926415,CA
3285926416,3285926431,GB
3285926432,3285926463,CA
3285926464,3285926479,GB
3285926480,3285926495,CA
3285926496,3285926527,GB
3285926528,3285926623,CA
3285926624,3285926631,NL
3285926632,3285926671,GB
3285926672,3285926783,CA
3285926784,3285926815,GB
3285926816,3285926911,CA
3285926912,3285926921,DE
3285926922,3285926923,IT
3285926924,3285926991,DE
3285926992,3285926993,SE
3285926994,3285927137,DE
3285927138,3285927167,CA
3285927168,3285927285,DE
3285927286,3285927287,PL
3285927288,3285927423,CA
3285927424,3285927679,GB
3285927680,3285927935,FR
3285927936,3285927951,CA
3285927952,3285927975,GB
3285927976,3285928287,CA
3285928288,3285928383,GB
3285928384,3285928447,CA
3285928448,3285928541,IE
3285928542,3285928543,CA
3285928544,3285928585,IE
3285928586,3285928587,CA
3285928588,3285928595,IE
3285928596,3285928959,CA
3285928960,3285929243,DE
3285929244,3285929244,CA
3285929245,3285929245,DE
3285929246,3285929246,CA
3285929247,3285929479,DE
3285929480,3285929481,CA
3285929482,3285929511,DE
3285929512,3285929512,CA
3285929513,3285929551,DE
3285929552,3285930239,CA
3285930240,3285930511,GB
3285930512,3285930623,CA
3285930624,3285930631,GB
3285930632,3285930639,CA
3285930640,3285930655,ES
3285930656,3285930671,CA
3285930672,3285930679,DE
3285930680,3285930687,CA
3285930688,3285930703,GB
3285930704,3285930751,CA
3285930752,3285931263,GB
3285931264,3285931311,ES
3285931312,3285931519,CA
3285931520,3285931702,DE
3285931703,3285931703,CA
3285931704,3285931743,DE
3285931744,3285931775,NL
3285931776,3285932031,DE
3285932032,3285932337,NL
3285932338,3285932799,CA
3285932800,3285932803,PT
3285932804,3285932811,CA
3285932812,3285932813,PT
3285932814,3285933055,CA
3285933056,3285933183,GB
3285933184,3285933567,CA
3285933568,3285933631,IT
3285933632,3285934079,CA
3285934080,3285934335,FR
3285934336,3285934591,CA
3285934592,3285934847,ES
3285934848,3285935103,CA
3285935104,3285935487,GB
3285935488,3285935615,CA
3285935616,3285935679,GB
3285935680,3285935743,CA
3285935744,3285936127,GB
3285936128,3285936151,FR
3285936152,3285936153,GB
3285936154,3285936159,CA
3285936160,3285936247,FR
3285936248,3285936248,CA
3285936249,3285936251,FR
3285936252,3285936255,CA
3285936256,3285936279,FR
3285936280,3285936295,CA
3285936296,3285936303,FR
3285936304,3285936311,CA
3285936312,3285936319,FR
3285936320,3285936327,CA
3285936328,3285936639,FR
3285936640,3285936643,CA
3285936644,3285936644,FR
3285936645,3285936645,CA
3285936646,3285936646,FR
3285936647,3285936655,CA
3285936656,3285936663,FR
3285936664,3285936671,CA
3285936672,3285936695,FR
3285936696,3285936703,CA
3285936704,3285936735,FR
3285936736,3285938175,CA
3285938176,3285938431,FR
3285938432,3285938511,GB
3285938512,3285938655,CA
3285938656,3285938687,DE
3285938688,3285938975,CA
3285938976,3285939007,GB
3285939008,3285939071,CA
3285939072,3285939087,GB
3285939088,3285939103,CA
3285939104,3285939119,GB
3285939120,3285939127,ES
3285939128,3285939135,CA
3285939136,3285939175,GB
3285939176,3285939183,CA
3285939184,3285939199,GB
3285939200,3285939711,CA
3285939712,3285939743,GB
3285939744,3285939759,DE
3285939760,3285939775,GB
3285939776,3285939839,CA
3285939840,3285939975,GB
3285939976,3285939983,ES
3285939984,3285939999,GB
3285940000,3285940223,CA
3285940224,3285940548,GB
3285940549,3285940549,CA
3285940550,3285940649,GB
3285940650,3285940735,CA
3285940736,3285940751,IT
3285940752,3285940753,CA
3285940754,3285940754,IT
3285940755,3285940755,CA
3285940756,3285940759,IT
3285940760,3285940763,CA
3285940764,3285940783,IT
3285940784,3285940791,CA
3285940792,3285940800,IT
3285940801,3285940807,CA
3285940808,3285940823,IT
3285940824,3285940831,CA
3285940832,3285940895,IT
3285940896,3285940991,CA
3285940992,3285941247,IT
3285941248,3285941503,CA
3285941504,3285942287,GB
3285942288,3285942303,NL
3285942304,3285942319,FR
3285942320,3285942527,CA
3285942528,3285942783,PT
3285942784,3285943039,CA
3285943040,3285943295,SE
3285943296,3285943615,CA
3285943616,3285943631,GB
3285943632,3285943807,CA
3285943808,3285944066,CH
3285944067,3285944067,CA
3285944068,3285944068,CH
3285944069,3285944069,CA
3285944070,3285944115,CH
3285944116,3285944319,CA
3285944320,3285944865,NL
3285944866,3285944867,NO
3285944868,3285945053,NL
3285945054,3285945055,CA
3285945056,3285945095,NL
3285945096,3285945599,CA
3285945600,3285945615,GB
3285945616,3285945727,CA
3285945728,3285945759,GB
3285945760,3285946367,CA
3285946368,3285946623,GB
3285946624,3285946879,CA
3285946880,3285947151,NL
3285947152,3285947159,CA
3285947160,3285947183,NL
3285947184,3285947191,CA
3285947192,3285947221,NL
3285947222,3285947391,CA
3285947392,3285947647,DE
3285947648,3285947903,CA
3285947904,3285948084,NL
3285948085,3285948085,CA
3285948086,3285948107,NL
3285948108,3285948415,CA
3285948416,3285948547,BH
3285948548,3285949439,CA
3285949440,3285949695,DE
3285949696,3285949887,CA
3285949888,3285949903,GB
3285949904,3285950207,CA
3285950208,3285950271,IT
3285950272,3285950783,CA
3285950784,3285950799,GB
3285950800,3285950943,CA
3285950944,3285950975,GB
3285950976,3285951041,NL
3285951042,3285951231,CA
3285951232,3285951487,IT
3285951488,3285951503,GB
3285951504,3285951679,CA
3285951680,3285951711,GB
3285951712,3285951999,CA
3285952000,3285952255,IT
3285952256,3285953663,CA
3285953664,3285954047,GB
3285954048,3285954539,FR
3285954540,3285954559,CA
3285954560,3285954567,IT
3285954568,3285954575,PL
3285954576,3285954579,IT
3285954580,3285956351,CA
3285956352,3285956607,DE
3285956608,3285957119,CA
3285957120,3285957329,FR
3285957330,3285957331,IT
3285957332,3285957631,FR
3285957632,3285957775,PL
3285957776,3285958143,CA
3285958144,3285958277,BG
3285958278,3285958279,DE
3285958280,3285958319,BG
3285958320,3285958399,CA
3285958400,3285958415,BG
3285958416,3285958655,CA
3285958656,3285958671,GB
3285958672,3285958783,CA
3285958784,3285958799,GB
3285958800,3285959167,CA
3285959168,3285959423,NL
3285959424,3285959679,CA
3285959680,3285960031,GB
3285960032,3285960032,AT
3285960033,3285960033,FR
3285960034,3285960034,IT
3285960035,3285960035,ES
3285960036,3285960036,BE
3285960037,3285960037,LU
3285960038,3285960038,NL
3285960039,3285960039,SE
3285960040,3285960040,CH
3285960041,3285960041,NO
3285960042,3285960042,PT
3285960043,3285960043,DK
3285960044,3285960044,CZ
3285960045,3285960045,GR
3285960046,3285960046,HU
3285960047,3285960047,FI
3285960048,3285960048,RO
3285960049,3285960049,IE
3285960050,3285960050,SK
3285960051,3285960051,BG
3285960052,3285960052,HR
3285960053,3285960053,CY
3285960054,3285960054,EE
3285960055,3285960055,LV
3285960056,3285960056,LT
3285960057,3285960057,MT
3285960058,3285960058,PL
3285960059,3285960059,SI
3285960060,3285960060,DE
3285960061,3285960061,ZA
3285960062,3285960063,CA
3285960064,3285960183,GB
3285960184,3285960191,CA
3285960192,3285960447,FR
3285960448,3285961727,CA
3285961728,3285961983,GB
3285961984,3285961999,CA
3285962000,3285962031,GB
3285962032,3285962047,CA
3285962048,3285962079,GB
3285962080,3285963775,CA
3285963776,3285964287,GB
3285964288,3285964335,PT
3285964336,3285964337,ES
3285964338,3285964341,PT
3285964342,3285964799,CA
3285964800,3285965871,DE
3285965872,3285965873,TR
3285965874,3285965923,DE
3285965924,3285965925,HU
3285965926,3285966199,DE
3285966200,3285966201,TR
3285966202,3285966203,AT
3285966204,3285966205,DE
3285966206,3285966207,TR
3285966208,3285966277,DE
3285966278,3285966279,CA
3285966280,3285966287,DE
3285966288,3285966335,CA
3285966336,3285966623,DE
3285966624,3285966847,CA
3285966848,3285967103,FR
3285967104,3285967359,CA
3285967360,3285967497,ES
3285967498,3285967615,CA
3285967616,3285968383,BE
3285968384,3285968549,GB
3285968550,3285968551,CA
3285968552,3285968571,GB
3285968572,3285968575,CA
3285968576,3285968591,GB
3285968592,3285971199,CA
3285971200,3285971455,FR
3285971456,3285971967,CA
3285971968,3285972223,ES
3285972224,3285972479,CA
3285972480,3285972611,PL
3285972612,3285975039,CA
3285975040,3286106111,FR
3286106112,3286106114,NL
3286106115,3286106117,EE
3286106118,3286106118,NL
3286106119,3286106119,EE
3286106120,3286106120,NL
3286106121,3286106123,EE
3286106124,3286106124,NL
3286106125,3286106125,EE
3286106126,3286106126,NL
3286106127,3286106129,EE
3286106130,3286106132,NL
3286106133,3286106134,EE
3286106135,3286106141,NL
3286106142,3286106142,EE
3286106143,3286106144,NL
3286106145,3286106145,EE
3286106146,3286106150,NL
3286106151,3286106151,EE
3286106152,3286106370,NL
3286106371,3286106371,EE
3286106372,3286106372,RU
3286106373,3286106374,EE
3286106375,3286106375,NL
3286106376,3286106377,EE
3286106378,3286106379,NL
3286106380,3286106399,EE
3286106400,3286106431,NL
3286106432,3286106559,EE
3286106560,3286106607,NL
3286106608,3286106623,RU
3286106624,3286106627,EE
3286106628,3286106631,NL
3286106632,3286106641,EE
3286106642,3286106643,NL
3286106644,3286106645,EE
3286106646,3286106647,NL
3286106648,3286106659,EE
3286106660,3286106695,NL
3286106696,3286106711,EE
3286106712,3286106719,NL
3286106720,3286106736,EE
3286106737,3286106743,NL
3286106744,3286106787,EE
3286106788,3286106799,NL
3286106800,3286106819,EE
3286106820,3286106823,NL
3286106824,3286106831,EE
3286106832,3286107136,NL
3286107137,3286107137,EE
3286107138,3286107391,NL
3286107392,3286107455,EE
3286107456,3286107583,NL
3286107584,3286107595,EE
3286107596,3286107607,NL
3286107608,3286107615,EE
3286107616,3286107631,NL
3286107632,3286107639,EE
3286107640,3286107647,NL
3286107648,3286107711,EE
3286107712,3286107743,NL
3286107744,3286107761,EE
3286107762,3286107767,NL
3286107768,3286107775,EE
3286107776,3286107807,NL
3286107808,3286107815,EE
3286107816,3286107823,NL
3286107824,3286107825,EE
3286107826,3286107827,NL
3286107828,3286107829,EE
3286107830,3286107843,NL
3286107844,3286107851,EE
3286107852,3286107863,NL
3286107864,3286107867,EE
3286107868,3286107875,NL
3286107876,3286107879,EE
3286107880,3286107887,NL
3286107888,3286107943,EE
3286107944,3286107951,NL
3286107952,3286107967,EE
3286107968,3286107975,NL
3286107976,3286107979,EE
3286107980,3286107983,NL
3286107984,3286107991,EE
3286107992,3286107999,NL
3286108000,3286108003,EE
3286108004,3286108007,NL
3286108008,3286108009,EE
3286108010,3286108011,NL
3286108012,3286108015,EE
3286108016,3286108023,NL
3286108024,3286108025,EE
3286108026,3286108027,NL
3286108028,3286108029,EE
3286108030,3286108031,NL
3286108032,3286108043,EE
3286108044,3286108047,NL
3286108048,3286108065,EE
3286108066,3286108069,NL
3286108070,3286108079,EE
3286108080,3286108083,NL
3286108084,3286108084,EE
3286108085,3286108085,NL
3286108086,3286108086,EE
3286108087,3286108087,NL
3286108088,3286108089,EE
3286108090,3286108091,NL
3286108092,3286108127,EE
3286108128,3286108143,NL
3286108144,3286108419,EE
3286108420,3286108423,NL
3286108424,3286108439,EE
3286108440,3286108467,NL
3286108468,3286108471,EE
3286108472,3286108495,NL
3286108496,3286108507,EE
3286108508,3286108579,NL
3286108580,3286108587,EE
3286108588,3286108591,NL
3286108592,3286108607,EE
3286108608,3286108671,NL
3286108672,3286108735,EE
3286108736,3286108743,NL
3286108744,3286108747,EE
3286108748,3286108749,NL
3286108750,3286108751,EE
3286108752,3286108775,NL
3286108776,3286108791,EE
3286108792,3286108799,NL
3286108800,3286108801,EE
3286108802,3286108803,NL
3286108804,3286108807,EE
3286108808,3286108823,NL
3286108824,3286108825,EE
3286108826,3286108831,NL
3286108832,3286108839,EE
3286108840,3286108855,NL
3286108856,3286108887,EE
3286108888,3286108895,NL
3286108896,3286108903,EE
3286108904,3286108905,NL
3286108906,3286108907,EE
3286108908,3286108915,NL
3286108916,3286108919,EE
3286108920,3286108927,NL
3286108928,3286108935,EE
3286108936,3286108939,NL
3286108940,3286108943,EE
3286108944,3286108963,NL
3286108964,3286108991,EE
3286108992,3286108995,NL
3286108996,3286109007,EE
3286109008,3286109015,NL
3286109016,3286109035,EE
3286109036,3286109039,NL
3286109040,3286109047,EE
3286109048,3286109067,NL
3286109068,3286109079,EE
3286109080,3286109103,NL
3286109104,3286109115,EE
3286109116,3286109139,NL
3286109140,3286109143,EE
3286109144,3286109147,NL
3286109148,3286109161,EE
3286109162,3286109163,NL
3286109164,3286109175,EE
3286109176,3286109263,NL
3286109264,3286109267,EE
3286109268,3286109273,NL
3286109274,3286109275,EE
3286109276,3286109295,NL
3286109296,3286109303,EE
3286109304,3286109307,NL
3286109308,3286109311,EE
3286109312,3286109423,NL
3286109424,3286109427,EE
3286109428,3286109439,NL
3286109440,3286109695,EE
3286109696,3286109707,NL
3286109708,3286109712,EE
3286109713,3286109719,NL
3286109720,3286109723,EE
3286109724,3286109727,NL
3286109728,3286109743,EE
3286109744,3286109799,NL
3286109800,3286109807,EE
3286109808,3286109857,NL
3286109858,3286109871,EE
3286109872,3286109891,NL
3286109892,3286109893,EE
3286109894,3286109927,NL
3286109928,3286109943,EE
3286109944,3286109951,NL
3286109952,3286109955,EE
3286109956,3286109957,NL
3286109958,3286109967,EE
3286109968,3286109999,NL
3286110000,3286110015,EE
3286110016,3286110087,NL
3286110088,3286110111,EE
3286110112,3286110143,NL
3286110144,3286110151,EE
3286110152,3286110159,NL
3286110160,3286110191,EE
3286110192,3286110223,NL
3286110224,3286110263,EE
3286110264,3286110271,NL
3286110272,3286110279,EE
3286110280,3286110287,NL
3286110288,3286110303,EE
3286110304,3286110323,NL
3286110324,3286110343,EE
3286110344,3286110351,NL
3286110352,3286110353,EE
3286110354,3286110359,NL
3286110360,3286110367,EE
3286110368,3286110383,NL
3286110384,3286110399,EE
3286110400,3286110431,NL
3286110432,3286110447,EE
3286110448,3286110491,NL
3286110492,3286110495,EE
3286110496,3286110575,NL
3286110576,3286110583,EE
3286110584,3286110671,NL
3286110672,3286110687,EE
3286110688,3286110767,NL
3286110768,3286110783,EE
3286110784,3286110935,NL
3286110936,3286110943,EE
3286110944,3286111055,NL
3286111056,3286111059,EE
3286111060,3286111063,NL
3286111064,3286111071,EE
3286111072,3286111095,NL
3286111096,3286111099,EE
3286111100,3286111167,NL
3286111168,3286111183,EE
3286111184,3286111199,NL
3286111200,3286111223,EE
3286111224,3286111263,NL
3286111264,3286111271,EE
3286111272,3286111295,NL
3286111296,3286111303,EE
3286111304,3286111311,NL
3286111312,3286111317,EE
3286111318,3286111359,NL
3286111360,3286111399,EE
3286111400,3286111471,NL
3286111472,3286111521,EE
3286111522,3286111527,NL
3286111528,3286111543,EE
3286111544,3286111557,NL
3286111558,3286111558,EE
3286111559,3286111567,NL
3286111568,3286111583,EE
3286111584,3286111603,NL
3286111604,3286111604,EE
3286111605,3286111605,NL
3286111606,3286111606,EE
3286111607,3286111607,NL
3286111608,3286111609,EE
3286111610,3286111807,NL
3286111808,3286111871,EE
3286111872,3286111927,NL
3286111928,3286111935,EE
3286111936,3286112271,NL
3286112272,3286112287,EE
3286112288,3286112383,NL
3286112384,3286112391,EE
3286112392,3286112443,NL
3286112444,3286112455,EE
3286112456,3286112467,NL
3286112468,3286112479,EE
3286112480,3286112511,NL
3286112512,3286112639,EE
3286112640,3286112767,NL
3286112768,3286112771,FI
3286112772,3286112773,NL
3286112774,3286112775,FI
3286112776,3286112783,NL
3286112784,3286112791,FI
3286112792,3286112793,EE
3286112794,3286113023,NL
3286113024,3286113151,EE
3286113152,3286113183,NL
3286113184,3286113199,EE
3286113200,3286113215,NL
3286113216,3286113231,EE
3286113232,3286114303,NL
3286114304,3286122495,BA
3286122496,3286130687,BY
3286130688,3286131711,RS
3286131712,3286132735,PL
3286132736,3286132991,FR
3286132992,3286133247,BE
3286133248,3286133503,NL
3286133504,3286133759,SI
3286133760,3286134783,IE
3286134784,3286135807,PL
3286135808,3286136831,NL
3286136832,3286137855,AT
3286137856,3286138111,CA
3286138112,3286138367,CH
3286138368,3286138879,US
3286138880,3286155263,RU
3286155264,3286171647,DE
3286171648,3286237183,IT
3286237184,3286302719,GB
3286302720,3286310911,NO
3286310912,3286311423,CH
3286311424,3286311935,NL
3286311936,3286312447,PL
3286312448,3286312959,RU
3286312960,3286313471,IT
3286313472,3286313983,RO
3286313984,3286314495,CH
3286314496,3286315007,IL
3286315008,3286315519,UA
3286315520,3286315775,SI
3286315776,3286316031,BG
3286316032,3286316543,UA
3286316544,3286317055,NL
3286317056,3286317567,RU
3286317568,3286318079,RO
3286318080,3286318591,CH
3286318592,3286319103,IL
3286319104,3286320127,GB
3286320128,3286321151,PL
3286321152,3286322175,CZ
3286322176,3286323199,PL
3286323200,3286323455,FR
3286323456,3286323711,IN
3286323712,3286323967,NO
3286323968,3286324223,BR
3286324224,3286325247,RO
3286325248,3286326271,DK
3286326272,3286327295,PL
3286327296,3286327551,SC
3286327552,3286327807,US
3286327808,3286328063,BR
3286328064,3286328319,CH
3286328320,3286329343,NL
3286329344,3286330367,DE
3286330368,3286331391,RU
3286331392,3286332415,CY
3286332416,3286333439,CH
3286333440,3286334463,IT
3286334464,3286335487,BG
3286335488,3286336511,UA
3286336512,3286337535,DE
3286337536,3286338559,PL
3286338560,3286339583,RO
3286339584,3286340607,UA
3286340608,3286342655,DE
3286342656,3286344703,RU
3286344704,3286345727,BE
3286345728,3286346751,IT
3286346752,3286347775,UA
3286347776,3286348799,FI
3286348800,3286349823,PT
3286349824,3286350847,SE
3286350848,3286351871,GB
3286351872,3286352895,NL
3286352896,3286353919,DE
3286353920,3286354943,LI
3286354944,3286355967,FR
3286355968,3286356991,DE
3286356992,3286358015,PL
3286358016,3286359039,GB
3286359040,3286360063,BE
3286360064,3286361087,IT
3286361088,3286362111,UA
3286362112,3286362367,IR
3286362368,3286362623,RU
3286362624,3286363135,AM
3286363136,3286364159,AT
3286364160,3286365183,DE
3286365184,3286367231,PL
3286367232,3286368255,BG
3286368256,3286376447,CH
3286376448,3286384639,GB
3286384640,3286389247,DE
3286389248,3286391807,CY
3286391808,3286392063,FI
3286392064,3286392319,DE
3286392320,3286392831,CY
3286392832,3286401023,DE
3286401024,3286409215,GG
3286409216,3286417407,DE
3286417408,3286417663,UA
3286417664,3286417919,IT
3286417920,3286418175,EE
3286418176,3286418431,AT
3286418432,3286418687,TR
3286418944,3286419199,PL
3286419200,3286419455,DK
3286419456,3286419711,DE
3286419712,3286419967,GB
3286419968,3286420223,FI
3286420224,3286420735,RU
3286420736,3286420991,BR
3286420992,3286421247,RO
3286421248,3286421503,PL
3286421504,3286421759,KZ
3286421760,3286422015,RU
3286422016,3286422271,MD
3286422272,3286422527,VG
3286422528,3286422783,RO
3286422784,3286423039,UA
3286423040,3286423295,RO
3286423296,3286423551,FR
3286423552,3286423807,DE
3286423808,3286424063,CZ
3286424064,3286424319,DE
3286424320,3286424575,RO
3286424576,3286424831,SE
3286424832,3286425087,TR
3286425088,3286425343,RU
3286425344,3286425599,IR
3286425600,3286433791,KW
3286433792,3286499327,DE
3286499328,3286564863,HU
3286564864,3286630399,AE
3286630400,3286638591,BG
3286638592,3286646783,AT
3286646784,3286654975,RU
3286654976,3286655231,UA
3286655232,3286655487,IR
3286655488,3286655743,TR
3286655744,3286655999,RU
3286656000,3286656255,CH
3286656256,3286656511,RU
3286656512,3286656767,GR
3286656768,3286657023,US
3286657024,3286657279,BE
3286657280,3286657535,IR
3286657536,3286657791,HU
3286657792,3286658047,IR
3286658048,3286658303,DE
3286658304,3286658559,RU
3286658560,3286658815,NL
3286658816,3286659327,RU
3286659328,3286659583,PL
3286659584,3286659839,DE
3286659840,3286660095,UA
3286660096,3286660351,DE
3286660352,3286660607,CH
3286660608,3286660863,US
3286660864,3286661119,UA
3286661120,3286661375,PL
3286661376,3286661631,SI
3286661632,3286662143,GB
3286662144,3286662399,IR
3286662400,3286662655,UA
3286662656,3286662911,DE
3286662912,3286663167,BG
3286663168,3286671359,UA
3286671360,3286679551,AT
3286679552,3286728703,IT
3286728704,3286761471,DK
3286761472,3286794239,NL
3286794240,3286892543,DE
3286892544,3286893055,AT
3286893056,3286893567,RU
3286893568,3286894591,UA
3286894592,3286895103,PL
3286895104,3286896127,DE
3286896128,3286896639,SE
3286896640,3286897151,PL
3286897152,3286897663,AT
3286897664,3286898175,PL
3286898176,3286898687,HR
3286898688,3286899199,BE
3286899200,3286899711,HU
3286899712,3286899967,GB
3286899968,3286900223,UA
3286900224,3286900735,RO
3286900736,3286900991,BE
3286900992,3286901503,DE
3286901504,3286902015,FR
3286902016,3286902527,CH
3286902528,3286902783,GB
3286902784,3286903039,PL
3286903040,3286903551,FR
3286903552,3286903807,CH
3286903808,3286904063,AT
3286904064,3286904319,BE
3286904320,3286904575,FR
3286904576,3286904831,PT
3286904832,3286905087,GB
3286905088,3286905343,CZ
3286905344,3286905599,DE
3286905600,3286905855,MT
3286905856,3286906111,RU
3286906112,3286906367,BE
3286906368,3286906879,RO
3286906880,3286907135,RU
3286907136,3286907391,PL
3286907392,3286907647,AT
3286907648,3286907903,ES
3286907904,3286908159,CH
3286908160,3286908415,ES
3286908416,3286908671,DE
3286908672,3286908927,KZ
3286908928,3286909951,CH
3286909952,3286913023,UA
3286913024,3286913279,IR
3286913280,3286913535,TR
3286913536,3286913791,US
3286913792,3286914047,PL
3286914048,3286915071,BG
3286915072,3286915583,NL
3286915584,3286916095,RU
3286916096,3286916863,IT
3286916864,3286917119,GB
3286917120,3286917631,RU
3286917632,3286917887,US
3286917888,3286918143,IT
3286918144,3286919167,AT
3286919168,3286920191,DE
3286920192,3286921215,NL
3286921216,3286922239,UA
3286922240,3286923263,GB
3286923264,3286924287,LY
3286924288,3286924799,GB
3286924800,3286925055,DE
3286925056,3286925311,GB
3286925312,3286925823,DE
3286925824,3286926079,RU
3286926080,3286926335,LV
3286926336,3286926591,UA
3286926592,3286926847,DE
3286926848,3286927103,PT
3286927104,3286927359,FI
3286927360,3286927615,CH
3286927616,3286927871,SI
3286927872,3286928127,BG
3286928128,3286928383,DE
3286928384,3286928639,RU
3286928640,3286928895,PL
3286928896,3286929151,FI
3286929152,3286929407,RU
3286929408,3286929663,LV
3286929664,3286929919,BE
3286929920,3286930175,SE
3286930176,3286930431,NL
3286930432,3286930687,UA
3286930688,3286930943,DE
3286930944,3286931199,SE
3286931200,3286931455,AT
3286931456,3286931711,DE
3286931712,3286931967,IR
3286931968,3286932223,RU
3286932224,3286932479,DK
3286932480,3286932735,NL
3286932736,3286932991,AT
3286932992,3286933247,IL
3286933248,3286933503,NL
3286933504,3286933759,SE
3286933760,3286934015,NL
3286934016,3286934271,US
3286934272,3286934527,CH
3286934528,3286934783,PL
3286934784,3286935039,TR
3286935040,3286935551,ES
3286935552,3286935807,EG
3286935808,3286936063,SI
3286936064,3286936319,RU
3286936320,3286936575,IT
3286936576,3286936831,RO
3286936832,3286937087,NL
3286937088,3286937343,UA
3286937344,3286937599,GB
3286937600,3286937855,CH
3286937856,3286938111,RO
3286938112,3286938367,DE
3286938368,3286938623,SI
3286938624,3286938879,FR
3286938880,3286939135,SI
3286939136,3286939391,RO
3286939392,3286939647,DE
3286939648,3286939903,BE
3286939904,3286940159,EG
3286940160,3286940415,BE
3286940416,3286940671,NL
3286940672,3286940927,RO
3286940928,3286941183,SI
3286941184,3286941439,RU
3286941440,3286941695,IR
3286941696,3286942719,DE
3286942720,3286943743,FI
3286943744,3286944767,RU
3286944768,3286945791,CZ
3286945792,3286946815,RU
3286946816,3286947839,UA
3286947840,3286948863,DE
3286948864,3286949887,UA
3286949888,3286950911,CH
3286950912,3286951935,DE
3286951936,3286952959,IT
3286952960,3286953983,BG
3286953984,3286956031,GB
3286956032,3286957055,FR
3286957056,3286958079,EG
3286958080,3287023615,ES
3287023616,3287154687,FI
3287154688,3287162879,BE
3287162880,3287171071,DE
3287171072,3287171583,EE
3287171584,3287172095,PL
3287172096,3287172607,NL
3287172608,3287173119,PL
3287173120,3287173631,RU
3287173632,3287174143,NL
3287174144,3287174655,SE
3287174656,3287175167,NL
3287175168,3287175679,IT
3287175680,3287176191,RO
3287176192,3287176703,BG
3287176704,3287177215,NL
3287177216,3287178239,RO
3287178240,3287178751,UA
3287178752,3287179007,SG
3287179008,3287179263,BR
3287179264,3287180287,FR
3287180288,3287181311,RU
3287181312,3287182335,SY
3287182336,3287183359,UA
3287183360,3287184383,RU
3287184384,3287185407,UA
3287185408,3287185919,IL
3287185920,3287186175,DE
3287186176,3287186431,GB
3287186432,3287187455,LT
3287187456,3287196671,DE
3287196672,3287198719,PL
3287198720,3287199743,DE
3287199744,3287201791,UA
3287201792,3287202815,PL
3287202816,3287203839,UA
3287203840,3287212031,FI
3287212032,3287212287,DE
3287212288,3287212543,GB
3287212544,3287212799,FR
3287212800,3287213311,PL
3287213568,3287213823,AR
3287213824,3287214079,IR
3287214080,3287214335,GB
3287214336,3287214591,DE
3287214592,3287214847,NO
3287214848,3287215103,IT
3287215104,3287215359,PL
3287215360,3287215615,GB
3287215616,3287215871,DE
3287215872,3287216127,RU
3287216128,3287216383,IR
3287216384,3287216639,GB
3287216640,3287217151,BR
3287217152,3287217407,NL
3287217408,3287217663,PL
3287217664,3287217919,RU
3287217920,3287218175,IR
3287218176,3287218431,BG
3287218432,3287218687,GB
3287218688,3287218943,RU
3287218944,3287219199,FR
3287219200,3287219455,KW
3287219456,3287219711,CH
3287219712,3287220223,SE
3287220224,3287285759,RU
3287285760,3287425023,NL
3287425024,3287433215,SE
3287433216,3287433727,PL
3287433728,3287434239,DE
3287434240,3287434751,PL
3287434752,3287435263,GB
3287435264,3287436287,ES
3287436288,3287436799,RS
3287436800,3287437311,PL
3287437312,3287437823,UA
3287437824,3287438335,RU
3287438336,3287438847,CH
3287438848,3287439359,GB
3287439360,3287439871,RO
3287439872,3287440383,DE
3287440384,3287440895,PL
3287440896,3287441407,UA
3287441408,3287442431,NL
3287442432,3287443967,DE
3287443968,3287444479,BG
3287444480,3287444991,PL
3287444992,3287445503,VG
3287445504,3287446015,SC
3287446016,3287446527,UA
3287446528,3287447039,PL
3287447040,3287447551,VG
3287447552,3287448063,DK
3287448064,3287448575,GB
3287448576,3287449087,PL
3287449088,3287449599,BG
3287449600,3287450111,PL
3287450112,3287450623,DK
3287450624,3287451135,SE
3287451136,3287451647,PL
3287451648,3287452159,ES
3287452160,3287452671,PL
3287452672,3287453183,CH
3287453184,3287454207,RU
3287454208,3287454463,FR
3287454464,3287454719,LV
3287454720,3287455231,GB
3287455232,3287455743,UA
3287455744,3287456255,US
3287456256,3287457023,GB
3287457024,3287457279,JE
3287457280,3287457791,RO
3287457792,3287458047,DK
3287458048,3287458303,UA
3287458304,3287458559,DE
3287458560,3287459327,CH
3287459328,3287459583,AT
3287459584,3287459839,DE
3287459840,3287460095,AT
3287460096,3287460351,ME
3287460352,3287460607,IT
3287460608,3287460863,NL
3287460864,3287461119,BE
3287461120,3287461375,DE
3287461376,3287461631,CH
3287461632,3287461887,AT
3287461888,3287462143,PL
3287462144,3287462655,US
3287462656,3287462911,UA
3287462912,3287463167,FR
3287463168,3287463423,IT
3287463424,3287463679,SK
3287463680,3287463935,PL
3287463936,3287464191,AT
3287464192,3287464447,SK
3287464448,3287464703,PL
3287464704,3287464959,SK
3287464960,3287465215,SA
3287465216,3287465471,HK
3287465472,3287465727,DE
3287465728,3287465983,IE
3287465984,3287467007,DK
3287467008,3287468031,SA
3287468032,3287469055,UA
3287469056,3287469567,CH
3287469568,3287470079,DE
3287470080,3287471103,RO
3287471104,3287471359,US
3287471360,3287471615,CH
3287471616,3287471871,CA
3287471872,3287472127,GB
3287472128,3287472639,RU
3287472640,3287473151,UA
3287473152,3287473407,DE
3287473408,3287473919,FR
3287473920,3287474175,GB
3287474176,3287476223,DE
3287476224,3287477247,PL
3287477248,3287478271,GB
3287478272,3287478527,CY
3287478528,3287479295,DE
3287479296,3287480319,RO
3287480320,3287481343,LI
3287481344,3287482367,PL
3287482368,3287548415,DE
3287548416,3287548927,GB
3287548928,3287549439,RU
3287549440,3287549951,SE
3287549952,3287550463,UA
3287550464,3287550975,DE
3287550976,3287551487,LT
3287551488,3287551999,AE
3287552000,3287552511,GB
3287552512,3287553023,AE
3287553024,3287553535,FR
3287553536,3287554047,IL
3287554048,3287554559,RU
3287554560,3287555071,PL
3287555072,3287555583,GB
3287555584,3287556095,FR
3287556096,3287564287,TR
3287564288,3287572479,FI
3287572480,3287580671,DE
3287580672,3287588863,LV
3287588864,3287597055,BE
3287597056,3287605247,GI
3287605248,3287630591,DE
3287630592,3287630847,IT
3287630848,3287631359,PL
3287631360,3287631871,IR
3287631872,3287632383,ES
3287632384,3287632895,US
3287632896,3287633407,RU
3287633408,3287633919,SK
3287633920,3287634431,SC
3287634432,3287634943,RO
3287634944,3287635199,FR
3287635200,3287635455,OM
3287635456,3287635967,DE
3287635968,3287636479,ES
3287636480,3287636991,IE
3287636992,3287637503,AT
3287637504,3287638015,PL
3287638016,3287639039,KZ
3287639040,3287639551,GB
3287639552,3287639807,UA
3287639808,3287640063,BY
3287640064,3287640575,PL
3287640576,3287641087,SI
3287641088,3287641599,IL
3287641600,3287641855,EE
3287641856,3287642111,GB
3287642112,3287642623,NL
3287642624,3287643135,DE
3287643136,3287643647,IT
3287643648,3287644671,UA
3287644672,3287645183,DE
3287645184,3287646207,NL
3287646208,3287662591,PT
3287662592,3287662847,DE
3287662848,3287663103,SE
3287663104,3287663359,LV
3287663360,3287663615,SK
3287663872,3287664127,PT
3287664128,3287664383,GB
3287664384,3287664639,DE
3287664640,3287664895,PL
3287664896,3287665151,GB
3287665152,3287665407,NO
3287665408,3287665919,PL
3287665920,3287666431,RU
3287666432,3287666687,SK
3287666688,3287666943,SI
3287666944,3287667199,CZ
3287667200,3287667455,DK
3287667456,3287667711,RU
3287667712,3287667967,ES
3287667968,3287668223,PL
3287668224,3287668479,RU
3287668480,3287668735,UA
3287668736,3287668991,SI
3287668992,3287669247,PL
3287669248,3287669503,LI
3287669504,3287669759,SG
3287669760,3287670015,RO
3287670016,3287670271,KZ
3287670272,3287670527,PL
3287670528,3287670783,GB
3287670784,3287671039,PL
3287671040,3287671295,AT
3287671296,3287671551,PL
3287671552,3287671807,TR
3287671808,3287672063,CH
3287672064,3287672319,JP
3287672320,3287672831,GB
3287672832,3287673087,RU
3287673088,3287673343,SK
3287673344,3287673599,PT
3287673600,3287673855,PL
3287673856,3287674111,NL
3287674112,3287674367,CH
3287674368,3287674623,RU
3287674624,3287674879,DE
3287674880,3287675135,SE
3287675136,3287675647,JP
3287675648,3287675903,DE
3287675904,3287676159,RU
3287676160,3287676415,DE
3287676416,3287676671,NL
3287676672,3287676927,US
3287676928,3287677183,ES
3287677184,3287677439,RU
3287677440,3287677695,SI
3287677696,3287677951,MT
3287677952,3287678207,GB
3287678208,3287678463,UA
3287678464,3287678719,DE
3287678720,3287678975,HR
3287678976,3287687167,SI
3287687168,3287695359,EG
3287695360,3287703551,CH
3287703552,3287704063,CZ
3287704064,3287704575,GB
3287704576,3287705087,LU
3287705088,3287705599,TJ
3287705600,3287706111,SA
3287706112,3287706623,RU
3287706624,3287707135,GB
3287707136,3287707391,NL
3287707392,3287707647,RU
3287707648,3287707903,FR
3287707904,3287708159,UZ
3287708160,3287709183,NL
3287709184,3287709695,RU
3287709696,3287710207,SE
3287710208,3287711231,RU
3287711232,3287711743,PL
3287711744,3287719935,US
3287719936,3287728127,DE
3287728128,3287728383,TJ
3287728384,3287728639,JP
3287728640,3287728895,VG
3287728896,3287729151,DE
3287729152,3287729407,IL
3287729408,3287729663,NL
3287729664,3287729919,DK
3287729920,3287730175,HU
3287730176,3287732223,GB
3287732224,3287734271,IT
3287734272,3287734527,PL
3287734528,3287734783,UA
3287734784,3287735039,RU
3287735040,3287735295,NL
3287735296,3287736319,IT
3287736320,3287736831,PL
3287736832,3287737343,LV
3287737344,3287737855,GB
3287737856,3287738367,IS
3287738368,3287738879,FR
3287738880,3287739391,DE
3287739392,3287739903,NL
3287739904,3287740415,PT
3287740416,3287740927,BG
3287740928,3287741439,RO
3287741440,3287741951,CH
3287741952,3287742975,RU
3287742976,3287743487,RO
3287743488,3287743999,LV
3287744000,3287744511,RU
3287744512,3287810047,US
3287810048,3287818239,FR
3287818240,3287826431,AT
3287826432,3287826687,LV
3287826688,3287826943,RO
3287826944,3287827199,US
3287827200,3287827455,DE
3287827456,3287827711,SI
3287827712,3287827967,RU
3287827968,3287828223,GB
3287828224,3287828479,RU
3287828480,3287828735,PL
3287828736,3287828991,AT
3287828992,3287829247,DE
3287829248,3287829503,GB
3287829504,3287829759,RO
3287829760,3287830015,NL
3287830016,3287830271,DE
3287830272,3287830527,RO
3287830528,3287830783,IE
3287830784,3287831295,RU
3287831296,3287831551,DE
3287831552,3287831807,NL
3287831808,3287832063,AT
3287832064,3287832319,FI
3287832320,3287832575,NL
3287832576,3287832831,PL
3287832832,3287833087,DE
3287833088,3287833343,HK
3287833344,3287833855,CH
3287833856,3287834111,UA
3287834112,3287834367,RU
3287834368,3287834623,HU
3287834624,3287842815,GB
3287842816,3287851007,DE
3287851008,3287859199,UA
3287859200,3287867391,GB
3287867392,3287867903,UA
3287867904,3287868415,PL
3287868416,3287868927,RO
3287868928,3287869439,ES
3287869440,3287869951,RU
3287869952,3287870463,UA
3287870464,3287870975,RU
3287870976,3287871487,NL
3287871488,3287872511,AM
3287872512,3287873023,RU
3287873024,3287873535,PL
3287873536,3287874047,RU
3287874048,3287874559,FR
3287874560,3287875071,DE
3287875072,3287875583,PL
3287875584,3287941119,DK
3287941120,3287945215,DE
3287945216,3287946239,GB
3287946240,3287946751,IN
3287946752,3287947263,GB
3287947264,3287948031,US
3287948032,3287948543,MX
3287948544,3287948799,US
3287948800,3287949311,IN
3287949312,3287949567,AT
3287949568,3287949823,IL
3287949824,3287950079,IT
3287950080,3287950335,DE
3287950336,3287950591,UA
3287950592,3287951103,PL
3287951104,3287951359,HU
3287951360,3287951615,FR
3287951616,3287951871,CH
3287951872,3287952127,RU
3287952128,3287952383,UA
3287952384,3287953151,CH
3287953152,3287953407,UA
3287953408,3287953663,DE
3287953664,3287953919,SI
3287953920,3287954175,DE
3287954176,3287954431,RU
3287954432,3287954687,CH
3287954688,3287954943,RO
3287954944,3287955199,PL
3287955200,3287955455,NL
3287955456,3287955711,RU
3287955712,3287955967,DE
3287955968,3287956223,SI
3287956224,3287956479,RO
3287956480,3287956735,BG
3287956736,3287956991,SE
3287956992,3287957247,UA
3287957248,3287957503,NL
3287957504,3287965695,AM
3287965696,3287973887,RS
3287973888,3287982079,CZ
3287982080,3287990271,EE
3287990272,3287998463,SI
3287998464,3288006655,IT
3288006656,3288072191,GR
3288072192,3288088575,SE
3288088576,3288104959,RS
3288104960,3288115199,DE
3288115200,3288116223,NZ
3288116224,3288116479,HK
3288116480,3288121343,DE
3288121344,3288134603,US
3288134604,3288134604,GB
3288134605,3288137727,US
3288137728,3288188159,DE
3288188160,3288190975,NL
3288190976,3288191999,BE
3288192000,3288193023,DE
3288193024,3288195071,DK
3288195072,3288196095,CH
3288196096,3288198143,DE
3288198144,3288199167,HK
3288199168,3288199423,DE
3288199424,3288200191,NL
3288200192,3288201215,DE
3288201216,3288202239,GB
3288202240,3288203263,DE
3288203264,3288236031,US
3288236032,3288236543,LI
3288236544,3288237055,FR
3288237056,3288237311,PL
3288237312,3288238079,RO
3288238080,3288239103,PL
3288239104,3288239615,US
3288239616,3288240127,PL
3288240128,3288240639,CH
3288240640,3288241151,FR
3288241152,3288241663,ES
3288241664,3288242175,UA
3288242176,3288242687,RO
3288242688,3288243711,PL
3288243712,3288244223,DE
3288244224,3288244735,FR
3288244736,3288245247,DE
3288245248,3288245503,ES
3288245504,3288245759,IR
3288245760,3288246271,RO
3288246272,3288246783,DK
3288246784,3288247295,KW
3288247296,3288247807,NO
3288247808,3288248831,PL
3288248832,3288249343,GB
3288249344,3288249599,LB
3288249600,3288249855,TR
3288249856,3288250367,ES
3288250368,3288250879,PL
3288250880,3288251391,CH
3288251392,3288251903,RU
3288251904,3288252415,AT
3288252416,3288260607,NO
3288260608,3288268799,IT
3288268800,3288334335,FI
