3405775360,3405775871,AU
3405775872,3405776895,CN
3405776896,3405777151,RO
3405777152,3405777407,LU
3405777408,3405777919,CN
3405777920,3405778431,AU
3405779456,3405779711,CN
3405779712,3405779967,AU
3405780992,3405781247,CN
3405781248,3405781503,AU
3405781760,3405784063,AU
3405785088,3405785599,AU
3405785600,3405786111,CN
3405786368,3405787135,CN
3405787136,3405791231,AU
3405792256,3405795583,AU
3405795584,3405796351,CN
3405796352,3405797887,AU
3405797888,3405798399,CN
3405798400,3405799423,AU
3405799424,3405799935,CN
3405800448,3405800959,AU
3405801216,3405801471,AU
3405801472,3405803519,CN
3405804032,3405804543,CN
3405804544,3405806079,AU
3405806080,3405806335,CN
3405806336,3405807615,AU
3405807616,3405807871,CN
3405808128,3405809663,CN
3405809920,3405810175,CN
3405810176,3405810687,AU
3405810944,3405811199,AU
3405811200,3405811455,CN
3405811712,3405811967,CN
3405812224,3405812479,CN
3405812736,3405812991,CN
3405812992,3405813247,AU
3405813248,3405814015,CN
3405814016,3405814271,AU
3405814528,3405815807,AU
3405817856,3405819903,AU
3405820160,3405820415,CN
3405820416,3405820671,AU
3405821952,3405832191,AU
3405832192,3405832447,CN
3405833216,3405840383,AU
3405841152,3405841407,AU
3405841408,3405842431,CN
3405842432,3405844735,AU
3405844992,3405845247,CN
3405845248,3405845503,CH
3405846016,3405846527,SG
3405846528,3405846783,AU
3405846784,3405847039,ID
3405847040,3405847551,CN
3405847552,3405848319,AU
3405848576,3405857023,AU
3405857024,3405857791,CN
3405857792,3405858303,AU
3405858304,3405858815,CN
3405859840,3405860351,CN
3405860864,3405862911,AU
3405863424,3405863679,CN
3405863680,3405863935,ID
3405865216,3405867007,CN
3405867008,3405868031,AU
3405868032,3405868287,CN
3405868544,3405869055,AU
3405873152,3405905151,AU
3405905152,3405905663,CN
3405905920,3405922303,AU
3405922304,3405924351,CN
3405924608,3405924863,CN
3405925120,3405934591,AU
3405934592,3405936639,CN
3405936640,3405938175,AU
3405938176,3405938687,CN
3405938688,3405939199,AU
3405939200,3405939711,ID
3405939712,3405941759,AU
3405941760,3405942015,CN
3405942784,3405943039,MY
3405943296,3405943807,AU
3405944320,3405944575,CN
3405944576,3405944831,ID
3405944832,3405946367,CN
3405946368,3405946879,AU
3405946880,3405948927,CN
3405948928,3405950975,AU
3405952000,3405952511,CN
3405952512,3405956095,AU
3405956096,3405956607,CN
3405956608,3405956863,US
3405956864,3405957119,AU
3405959168,3405959423,AU
3405959424,3405959679,CN
3405959680,3405959935,AU
3405960192,3405960703,AU
3405960704,3405961215,CN
3405961216,3405963519,AU
3405963776,3405964287,CN
3405964288,3405964543,AU
3405964544,3405964799,CN
3405964800,3405966335,AU
3405966336,3405966847,CN
3405967360,3405988863,AU
3405988864,3405989119,CN
3405989120,3405989887,AU
3405989888,3405990399,CN
3405990656,3405990911,CN
3405990912,3405991167,AU
3405991424,3405991935,AU
3405991936,3405993983,CN
3405993984,3405994495,MY
3405994496,3405995007,ID
3405996032,3405997055,CN
3405997056,3405998079,AU
3405998336,3405998591,CN
3405999104,3406000127,AU
3406000128,3406002431,CN
3406002688,3406002943,AU
3406002944,3406003199,CN
3406003200,3406004991,AU
3406005248,3406005503,PK
3406005504,3406005759,AU
3406006016,3406006271,CN
3406006528,3406007039,AU
3406007040,3406007295,CN
3406007808,3406008063,AU
3406008064,3406008319,CN
3406010368,3406011391,AU
3406012416,3406013439,AU
3406013952,3406069759,AU
3406069760,3406070783,US
3406070784,3406071551,CN
3406071808,3406075391,AU
3406075648,3406076927,CN
3406077952,3406078207,TH
3406078208,3406078719,AU
3406078976,3406081535,AU
3406081536,3406082047,CN
3406082048,3406083071,AU
3406083072,3406083327,CN
3406083328,3406084095,AU
3406084352,3406084607,AU
3406084608,3406084863,CN
3406084864,3406085119,BD
3406085120,3406089471,AU
3406089472,3406089727,CN
3406090240,3406091263,CN
3406091264,3406095103,AU
3406095104,3406095359,CN
3406095616,3406095871,AU
3406095872,3406096383,CN
3406096384,3406103039,AU
3406103552,3406104063,CN
3406104064,3406104319,AU
3406104320,3406105087,CN
3406105088,3406105343,AU
3406105344,3406105599,CN
3406105856,3406106111,AU
3406106112,3406106623,US
3406106624,3406107391,AU
3406107904,3406108415,CN
3406108928,3406109183,AU
3406109696,3406109951,NZ
3406110720,3406113791,AU
3406113792,3406114047,CN
3406114048,3406114303,AU
3406114304,3406114815,CN
3406114816,3406115327,AU
3406115840,3406117375,CN
3406117376,3406117887,AU
3406117888,3406118399,CN
3406118656,3406120959,AU
3406121216,3406121471,AU
3406121984,3406122239,AU
3406122240,3406122495,PH
3406123008,3406131455,AU
3406131712,3406132223,CN
3406132736,3406132991,CN
3406132992,3406133247,AU
3406133248,3406133503,CN
3406133504,3406133759,AU
3406134272,3406134783,AU
3406135040,3406145535,AU
3406146560,3406146815,CN
3406147584,3406148607,AU
3406148608,3406149375,CN
3406149632,3406149887,FR
3406149888,3406150399,CN
3406150656,3406151423,CN
3406151680,3406152447,AU
3406152448,3406152703,CN
3406153472,3406153727,IN
3406153728,3406155775,AU
3406156288,3406156799,AU
3406156800,3406157055,US
3406157312,3406157823,CN
3406157824,3406158335,AU
3406158336,3406158847,CN
3406158848,3406165247,AU
3406165504,3406166015,AU
3406167040,3406200831,AU
3406201344,3406201599,US
3406201600,3406201855,CN
3406202112,3406202623,AU
3406202880,3406203135,CN
3406203136,3406203391,AU
3406203392,3406203903,CN
3406204160,3406204415,AU
3406204416,3406204671,CN
3406204672,3406205951,AU
3406205952,3406206463,ID
3406206464,3406206975,CN
3406206976,3406207999,AU
3406208256,3406208511,CN
3406208768,3406209023,CN
3406209024,3406221311,AU
3406221312,3406222335,PK
3406222336,3406225407,AU
3406225408,3406229503,CN
3406229760,3406230015,AU
3406230784,3406231039,AU
3406231040,3406231295,NZ
3406231552,3406232063,CN
3406232064,3406233087,AU
3406233344,3406266623,AU
3406266624,3406266879,CN
3406266880,3406268415,AU
3406268928,3406269439,CN
3406269440,3406270463,AU
3406271232,3406271487,CN
3406271488,3406271999,AU
3406272000,3406272511,CN
3406272768,3406273535,AU
3406274048,3406274303,CN
3406274304,3406274559,AU
3406274560,3406276607,HK
3406276864,3406277375,AU
3406277376,3406277631,ID
3406277632,3406278143,AU
3406278144,3406278655,CA
3406278656,3406282751,AU
3406282752,3406283263,CN
3406283776,3406284543,AU
3406284800,3406285055,CN
3406286592,3406286847,AU
3406290944,3406291455,AU
3406291712,3406292991,AU
3406294016,3406295039,AU
3406299136,3406299391,CN
3406299648,3406299903,AU
3406300160,3406301183,AU
3406301184,3406301439,CN
3406301440,3406304255,AU
3406304768,3406305023,AU
3406305024,3406305279,CN
3406305280,3406307327,HK
3406307328,3406315519,AU
3406316544,3406316799,AU
3406317056,3406317311,CN
3406317312,3406319615,AU
3406320128,3406320383,CN
3406321152,3406321663,CN
3406322176,3406322431,AU
3406322432,3406322687,CN
3406323456,3406323711,AU
3406323712,3406325759,GB
3406326272,3406326783,AU
3406327040,3406327295,IN
3406327296,3406327807,CN
3406328064,3406328319,AU
3406328576,3406328831,CN
3406328832,3406329343,IN
3406329344,3406329855,AU
3406330880,3406331391,AU
3406331648,3406331903,VN
3406331904,3406340607,AU
3406340864,3406341119,AU
3406341376,3406341631,LV
3406341632,3406342143,CN
3406342144,3406342399,AU
3406342400,3406342655,CN
3406343168,3406343423,VN
3406343424,3406343679,CN
3406344192,3406346239,AU
3406346240,3406346495,CN
3406346752,3406347263,CN
3406347264,3406347775,AU
3406347776,3406348543,CN
3406349056,3406349567,AU
3406349568,3406350335,CN
3406350336,3406350591,AU
3406350592,3406350847,IN
3406351104,3406351359,CN
3406351360,3406351615,AU
3406351872,3406352383,ID
3406352384,3406352639,AU
3406352640,3406354431,CN
3406354688,3406354943,CN
3406355456,3406355711,CN
3406355712,3406356223,AU
3406356224,3406356479,ID
3406364672,3406372863,AU
3406372864,3406373119,CN
3406373376,3406373887,AU
3406373888,3406374399,CN
3406374912,3406376959,CA
3406377984,3406379007,AU
3406379264,3406379519,CN
3406379520,3406380031,AU
3406380544,3406380799,AU
3406380800,3406381055,CN
3406381056,3406381311,AU
3406381312,3406381567,CN
3406381568,3406382079,AU
3406382592,3406383359,CN
3406383360,3406383871,AU
3406383872,3406384639,CN
3406384640,3406385151,SG
3406389248,3406390783,CN
3406390784,3406391039,AU
3406391808,3406392319,AU
3406392320,3406392575,CN
3406392576,3406392831,AU
3406393344,3406399487,AU
3406401536,3406403071,AU
3406403072,3406403327,US
3406403328,3406404607,AU
3406405120,3406405375,CN
3406405632,3406409727,AU
3406409728,3406411775,JP
3406411776,3406412799,AU
3406413312,3406414591,AU
3406414592,3406414847,PH
3406414848,3406415359,IN
3406415360,3406415871,NZ
3406415872,3406417919,AU
3406417920,3406418175,PH
3406418176,3406418431,AU
3406418432,3406418943,NP
3406418944,3406419455,IN
3406419456,3406419711,BD
3406419712,3406419967,US
3406419968,3406420479,NZ
3406420480,3406420735,AU
3406420736,3406420991,MM
3406420992,3406422015,AU
3406426112,3406430719,AU
3406430976,3406434303,AU
3406434304,3406436351,MY
3406436352,3406438911,AU
3406438912,3406439167,CN
3406439424,3406444543,AU
3406444544,3406444799,CN
3406444800,3406445055,AU
3406445056,3406445311,MY
3406445312,3406449151,AU
3406449152,3406449663,CN
3406449664,3406450431,AU
3406451712,3406452991,CN
3406452992,3406454527,AU
3406454528,3406454783,CN
3406454784,3406455295,US
3406455296,3406455807,JP
3406455808,3406456319,SG
3406456832,3406457087,AU
3406457344,3406457855,AU
3406458368,3406460927,AU
3406461184,3406461439,AU
3406461440,3406461695,US
3406461952,3406462207,AU
3406462208,3406462463,CN
3406462976,3406512383,AU
3406512384,3406512639,PK
3406512640,3406513151,AU
3406513408,3406513663,AU
3406513664,3406513919,CN
3406514176,3406514431,US
3406514432,3406514687,AU
3406514688,3406514943,TH
3406514944,3406515199,AU
3406515200,3406516223,CN
3406516224,3406516735,AU
3406516736,3406516991,CN
3406517248,3406518271,CN
3406518784,3406519039,AU
3406519040,3406519295,ID
3406520320,3406520575,US
3406521344,3406522367,CN
3406522368,3406523647,AU
3406523648,3406523903,CN
3406523904,3406524415,AU
3406524928,3406525183,GB
3406525696,3406525951,CN
3406525952,3406526463,AU
3406526720,3406526975,AU
3406526976,3406527231,CN
3406527744,3406527999,AU
3406528000,3406528255,CN
3406528512,3406530559,HK
3406530560,3406531583,CN
3406531584,3406531839,AU
3406531840,3406532607,CN
3406532608,3406532863,AU
3406536704,3406540799,AU
3406541056,3406541823,AU
3406541824,3406542847,CN
3406548992,3406550015,CN
3406550016,3406551039,AU
3406551552,3406551807,AU
3406552064,3406552319,AU
3406553088,3406565375,AU
3406565376,3406565631,CN
3406565888,3406566143,PH
3406566144,3406566399,CN
3406566400,3406566911,ID
3406567424,3406567679,CN
3406568448,3406568703,MK
3406568704,3406568959,AU
3406569216,3406569471,NL
3406570496,3406570751,AU
3406571008,3406572287,AU
3406572800,3406573055,AU
3406573568,3406575103,AU
3406575872,3406576127,CN
3406576640,3406577919,AU
3406577920,3406578431,CN
3406578432,3406578687,AU
3406579200,3406579711,CN
3406579712,3406583551,AU
3406583552,3406583807,CN
3406583808,3406585855,HK
3406586112,3406586367,AU
3406586624,3406586879,AU
3406586880,3406587391,CN
3406587648,3406587903,CN
3406587904,3406589951,AU
3406590464,3406590719,CN
3406590720,3406591231,AU
3406591488,3406591743,CN
3406591744,3406591999,AU
3406592512,3406593023,AU
3406594048,3406594559,AU
3406594560,3406594815,CN
3406594816,3406596095,AU
3406596352,3406596607,CN
3406596864,3406604287,AU
3406604800,3406611455,AU
3406611456,3406612479,CN
3406612480,3406614527,HK
3406615296,3406615551,CN
3406615552,3406617087,AU
3406617088,3406617343,GB
3406617344,3406617599,CN
3406617600,3406617855,MY
3406617856,3406618111,AU
3406618112,3406618623,IN
3406619136,3406619391,CN
3406619648,3406620671,AU
3406621184,3406622719,AU
3406622720,3406623743,CN
3406623744,3406625791,AU
3406625792,3406626303,VN
3406626304,3406626815,HK
3406626816,3406631167,AU
3406631424,3406631679,CN
3406631936,3406632191,FR
3406632192,3406632959,AU
3406632960,3406633215,CN
3406635008,3406635263,CY
3406635264,3406635519,AU
3406635776,3406636799,AU
3406637056,3406637311,IN
3406637312,3406637567,AU
3406637824,3406638079,AU
3406638080,3406638591,CN
3406643200,3406644479,AU
3406644480,3406644735,SG
3406644736,3406645247,AU
3406645760,3406646783,AU
3406647296,3406649343,HK
3406649344,3406649855,CN
3406649856,3406650367,AU
3406650368,3406651391,CN
3406651392,3406667775,AU
3406668032,3406668287,AU
3406668288,3406668799,BD
3406668800,3406669055,AU
3406669312,3406669567,AU
3406669824,3406670847,IN
3406670848,3406671103,AU
3406671104,3406671359,CN
3406671360,3406671615,AU
3406675968,3406683135,AU
3406684160,3406684671,CN
3406684672,3406684927,AU
3406684928,3406685183,CN
3406685440,3406685951,AU
3406685952,3406686207,NZ
3406686464,3406686719,CN
3406687232,3406687487,AU
3406688256,3406696447,AU
3406696960,3406697215,ID
3406697472,3406697727,NZ
3406698496,3406699519,CN
3406700544,3406700799,RO
3406700800,3406701055,CN
3406701312,3406705151,AU
3406705664,3406706431,AU
3406706688,3406706943,CN
3406707456,3406707967,AU
3406707968,3406708479,CN
3406708736,3406717951,AU
3406718720,3406718975,AU
3406718976,3406719231,CN
3406719232,3406719743,AU
3406720000,3406720255,AU
3406720768,3406721023,AU
3406721536,3406722047,CN
3406722048,3406722559,AU
3406722560,3406722815,CN
3406724096,3406725119,AU
3406729216,3406733823,AU
3406733824,3406734079,CN
3406734592,3406734847,AU
3406734848,3406735103,CH
3406735360,3406737407,AU
3406737408,3406737663,ID
3406738432,3406738687,AU
3406739200,3406739455,ID
3406739456,3406741503,HK
3406741504,3406741759,CN
3406741760,3406742015,AU
3406742016,3406742527,CN
3406742784,3406743039,AU
3406743296,3406743551,AU
3406743808,3406744063,AU
3406744320,3406745855,AU
3406746112,3406746623,AU
3406746624,3406746879,JP
3406746880,3406747135,AU
3406747136,3406747391,CN
3406747648,3406751487,AU
3406751488,3406751743,CN
3406751744,3406754815,AU
3406755072,3406755327,AU
3406755328,3406755583,CN
3406757888,3406761983,CN
3406761984,3406763007,IN
3406763008,3406763775,CN
3406766080,3406774783,AU
3406775296,3406780159,AU
3406780160,3406780927,CN
3406782208,3406784767,AU
3406784768,3406785023,CN
3406785024,3406785535,AU
3406785792,3406786047,AU
3406786304,3406786559,US
3406786560,3406788607,CN
3406788608,3406789119,US
3406789120,3406789375,AU
3406789632,3406790655,AU
3406790912,3406791167,AU
3406791168,3406791679,CN
3406792192,3406792703,AU
3406793472,3406793727,AU
3406793984,3406794495,AU
3406794752,3406795775,AU
3406796032,3406796287,CN
3406796288,3406796543,TW
3406796544,3406796799,CN
3406797312,3406797567,AU
3406797568,3406797823,US
3406797824,3406798847,CN
3406798848,3406802431,AU
3406802432,3406802687,CN
3406802944,3406815231,AU
3406815744,3406815999,AU
3406816000,3406816255,CN
3406816256,3406817279,AU
3406817280,3406819839,CN
3406819840,3406820607,AU
3406820864,3406821119,CN
3406821120,3406821375,AU
3406821632,3406821887,CA
3406822912,3406823167,AU
3406823424,3406825471,AU
3406825728,3406825983,AU
3406825984,3406826239,CN
3406826240,3406826495,ID
3406826496,3406827007,CN
3406827520,3406829567,CN
3406829568,3406830079,AU
3406830336,3406830591,CN
3406830592,3406832127,AU
3406832128,3406832383,PK
3406832640,3406832895,AU
3406833152,3406833407,CN
3406833408,3406835711,AU
3406835968,3406836735,CN
3406837760,3406838271,AU
3406838272,3406838527,CN
3406838784,3406839295,AU
3406839552,3406839807,CN
3406839808,3406857471,AU
3406857472,3406857727,CN
3406857984,3406860287,AU
3406864640,3406865151,CN
3406865152,3406865407,DE
3406865408,3406865663,AU
3406865664,3406865919,IN
3406866432,3406866687,AU
3406866944,3406867199,AU
3406867712,3406867967,AU
3406868224,3406868991,AU
3406869504,3406870527,AU
3406870784,3406871039,AU
3406871040,3406871551,CN
3406873600,3406875903,AU
3406876416,3406876671,CH
3406876672,3406878719,AU
3406881536,3406881791,AU
3406881792,3406882047,CN
3406882048,3406883327,AU
3406883840,3406884095,AU
3406884352,3406884607,CN
3406884864,3406885119,CN
3406885120,3406885375,AU
3406885632,3406885887,AU
3406886144,3406886399,CN
3406886400,3406886911,AU
3406889472,3406889727,CN
3406890752,3406891263,AU
3406891520,3406891775,AU
3406892032,3406892287,PH
3406893056,3406893567,AU
3406893568,3406893823,CN
3406894080,3406894335,AU
3406894336,3406894591,ID
3406894848,3406895103,MN
3406895616,3406896127,AU
3406896128,3406896383,CN
3406896384,3406896639,AU
3406896896,3406897151,IN
3406897152,3406898431,AU
3406898944,3406899199,CN
3406899200,3406901247,AU
3406902272,3406902527,JP
3406903296,3406903551,CN
3406903808,3406905343,AU
3406905600,3406905855,BD
3406905856,3406906111,AU
3406906880,3406907135,AU
3406907392,3406907903,AU
3406907904,3406908415,CN
3406908416,3406909439,AU
3406909440,3406911487,ID
3406911488,3406911999,CN
3406912768,3406913023,AU
3406913536,3406915583,AU
3406917632,3406918143,AU
3406918656,3406919167,AU
3406919680,3406919935,AU
3406920192,3406920447,AU
3406920448,3406920703,US
3406921216,3406921471,CY
3406923776,3406924031,CN
3406924032,3406924287,IN
3406924288,3406927871,AU
3406928128,3406928639,AU
3406928896,3406929919,AU
3406930432,3406930943,AU
3406930944,3406931199,CN
3406931200,3406934015,AU
3406934272,3406934527,AU
3406935040,3406936063,SG
3406936064,3406936575,AU
3406936832,3406937087,CN
3406937088,3406937343,JP
3406937344,3406937599,ID
3406937600,3406938111,CN
3406938368,3406938623,AU
3406938624,3406938879,IN
3406939136,3406942207,AU
3406943232,3406946303,AU
3406946560,3406946815,AU
3406946816,3406947071,KR
3406947840,3406948095,AU
3406948096,3406948351,CN
3406948608,3406948863,CN
3406948864,3406949631,AU
3406949632,3406949887,CA
3406950144,3406951423,AU
3406951424,3406951935,NL
3406951936,3406952191,AU
3406952448,3406952959,CN
3406953216,3406954239,AU
3406954240,3406954495,CN
3406954496,3406955007,AU
3406955008,3406955775,CN
3406956288,3406956543,CN
3406957312,3406959103,AU
3406959360,3406960639,AU
3406961152,3406961407,IN
3406961664,3406961919,AU
3406962176,3406962431,AU
3406962432,3406962687,CN
3406962688,3406962943,AU
3406963200,3406963711,AU
3406963968,3406964223,CN
3406964480,3406964735,ID
3406966784,3406967295,CN
3406967296,3406967551,HK
3406967552,3406967807,IN
3406967808,3406968063,CN
3406968320,3406968575,AU
3406968832,3406969087,AU
3406969344,3406969599,AU
3406969600,3406969855,NZ
3406969856,3406970367,AU
3406970624,3406972927,AU
3406972928,3406973951,CN
3406973952,3406974975,AU
3406974976,3406975487,CN
3406976768,3406977023,CN
3406977024,3406978047,AU
3406978560,3406978815,AU
3406979072,3406979583,AU
3406979584,3406979839,LV
3406980096,3406980607,CN
3406981120,3406981375,ID
3406981376,3406981631,CN
3406981632,3406981887,AU
3406981888,3406982143,CN
3406982144,3406982655,AU
3406982656,3406982911,CN
3406983168,3406987263,AU
3406987520,3406987775,CN
3406988032,3406988799,CN
3406989568,3406989823,IN
3406991360,3406991615,CN
3406991872,3406992383,AU
3406993152,3406993407,HK
3406993664,3406993919,CN
3406993920,3406994431,AU
3406994432,3406994943,TW
3406994944,3406995455,BD
3406995456,3406995711,AU
3406995968,3407004927,AU
3407004928,3407005183,ID
3407005440,3407005695,CN
3407005696,3407007743,AU
3407007744,3407007999,CN
3407008000,3407008255,AU
3407008512,3407008767,CN
3407008768,3407009279,AU
3407009536,3407009791,CN
3407009792,3407011839,KH
3407011840,3407012863,AU
3407013632,3407013887,AU
3407014912,3407016191,AU
3407016448,3407017215,AU
3407017216,3407017471,BR
3407017984,3407020287,AU
3407020288,3407020543,CN
3407020544,3407020799,AU
3407020800,3407021055,IN
3407021056,3407021311,ID
3407021312,3407021567,LA
3407023104,3407023359,AU
3407023872,3407024639,AU
3407024640,3407024895,CN
3407025664,3407026175,AU
3407026176,3407026431,CN
3407026432,3407026687,AU
3407027712,3407027967,CN
3407028224,3407030271,CN
3407030528,3407030783,CN
3407031296,3407032063,CN
3407032576,3407032831,AU
3407033344,3407033599,AU
3407034880,3407035135,CN
3407035136,3407035391,AU
3407035392,3407035903,CN
3407036416,3407036671,CN
3407036928,3407037183,AU
3407037440,3407037695,CN
3407037952,3407038207,AU
3407038464,3407038719,CN
3407038720,3407038975,AU
3407039232,3407039487,AU
3407040000,3407045631,AU
3407045888,3407046143,CN
3407046144,3407046399,AU
3407047168,3407047679,AU
3407048192,3407048447,AU
3407048448,3407048703,CN
3407048704,3407053055,AU
3407053312,3407053567,AU
3407053568,3407053823,CN
3407053824,3407054079,AU
3407054080,3407054335,CN
3407054336,3407054847,AU
3407055872,3407056383,AU
3407056896,3407057151,CN
3407057664,3407057919,CN
3407058176,3407058431,CN
3407058432,3407058687,AU
3407058944,3407059967,AU
3407059968,3407060223,CN
3407060224,3407062015,AU
3407065088,3407065343,CN
3407065600,3407066111,CN
3407067136,3407073279,AU
3407073280,3407073535,CN
3407073536,3407073791,AU
3407074816,3407077119,AU
3407077376,3407078399,AU
3407078400,3407079423,CN
3407079424,3407079679,AU
3407079680,3407079935,CN
3407079936,3407080191,AU
3407081984,3407082239,CN
3407082240,3407082495,SG
3407082496,3407083519,AU
3407083520,3407084031,CN
3407084288,3407084543,AU
3407084544,3407084799,SI
3407084800,3407085311,AU
3407085312,3407085567,CN
3407089664,3407089919,AU
3407089920,3407090175,CN
3407090176,3407091711,AU
3407092736,3407095807,AU
3407095808,3407096319,CN
3407096320,3407096575,PH
3407096576,3407096831,AU
3407096832,3407097087,CN
3407097088,3407097343,AU
3407097856,3407098111,CN
3407098112,3407098623,AU
3407098624,3407098879,HK
3407099392,3407100159,AU
3407100928,3407101183,AU
3407101184,3407101439,CN
3407101440,3407101695,AU
3407101696,3407101951,MY
3407101952,3407102207,AU
3407102208,3407102463,CN
3407102976,3407103487,AU
3407104000,3407104255,AU
3407104256,3407104511,TH
3407104512,3407105023,NC
3407105536,3407106047,AU
3407106304,3407106559,AU
3407107072,3407107583,CN
3407107584,3407107839,PY
3407108096,3407108351,AU
3407108352,3407108607,CN
3407109632,3407109887,AU
3407110144,3407110399,AU
3407110656,3407110911,AU
3407111168,3407112447,AU
3407112448,3407112703,SG
3407112704,3407113215,CN
3407113216,3407113727,BD
3407113728,3407114239,AU
3407114496,3407114751,US
3407114752,3407115007,AU
3407115008,3407115263,CN
3407115264,3407115519,PH
3407115520,3407116287,CN
3407116800,3407117055,CN
3407117568,3407117823,AU
3407117824,3407118335,CN
3407118336,3407119359,AU
3407120128,3407122431,CN
3407123456,3407123711,AU
3407123968,3407124223,CN
3407124480,3407126527,HK
3407126528,3407142911,AU
3407143424,3407144447,AU
3407144448,3407144703,CN
3407144960,3407145215,CN
3407145984,3407146239,CN
3407146496,3407147263,AU
3407147264,3407147519,NZ
3407147520,3407147775,CH
3407147776,3407148031,US
3407148032,3407148543,AU
3407148800,3407151103,AU
3407151104,3407151871,CN
3407152128,3407152383,RS
3407152384,3407152639,AU
3407152896,3407153151,IN
3407153152,3407153407,CN
3407153408,3407153663,AU
3407153664,3407153919,CN
3407154176,3407154431,AU
3407154944,3407155199,AU
3407155456,3407155711,AU
3407155712,3407155967,CN
3407156224,3407156991,AU
3407157248,3407159295,AU
3407159552,3407160063,CN
3407160576,3407160831,AU
3407161088,3407161599,AU
3407161600,3407161855,CN
3407161856,3407162367,TH
3407162368,3407162623,CN
3407163136,3407163391,CA
3407163392,3407167487,AU
3407167744,3407167999,AU
3407168000,3407168255,CZ
3407168256,3407168511,AU
3407168512,3407168767,CN
3407168768,3407169791,AU
3407170048,3407170559,ID
3407170560,3407171583,AU
3407172096,3407172351,CN
3407172352,3407172607,AU
3407173632,3407174655,AU
3407175424,3407175679,AU
3407175680,3407176703,CN
3407177728,3407177983,CA
3407178752,3407181823,AU
3407181824,3407182079,MN
3407182080,3407182335,AU
3407182848,3407183103,CN
3407183104,3407183359,AU
3407183872,3407184895,AU
3407185408,3407185663,AU
3407185920,3407186431,CN
3407186944,3407187199,WS
3407187200,3407187711,PH
3407187712,3407187967,FM
3407188224,3407188479,CN
3407189504,3407203327,AU
3407203840,3407204095,CN
3407204096,3407204351,AU
3407208448,3407221247,AU
3407221760,3407222015,AU
3407222272,3407222783,AU
3407222784,3407223039,CN
3407223040,3407223295,AU
3407223808,3407224319,CN
3407224320,3407224575,AU
3407224576,3407224831,CN
3407224832,3407233535,AU
3407233792,3407234047,AU
3407234048,3407234303,CN
3407234560,3407235839,AU
3407236096,3407236351,CN
3407236608,3407236863,CN
3407237120,3407238143,AU
3407238144,3407238399,CN
3407238656,3407238911,AU
3407238912,3407239167,CN
3407240192,3407241215,CN
3407241216,3407241471,AU
3407241984,3407242239,CN
3407242240,3407243775,AU
3407243776,3407244031,CN
3407244032,3407244799,AU
3407245312,3407246335,AU
3407246848,3407247359,AU
3407247872,3407248383,CN
3407248384,3407250175,AU
3407250176,3407250431,CN
3407250432,3407250687,AU
3407250944,3407255551,AU
3407258368,3407258623,CN
3407258624,3407259135,AU
3407259136,3407259391,CN
3407259904,3407260159,AU
3407260160,3407260415,CN
3407261696,3407263743,CN
3407264256,3407264511,AU
3407264768,3407265023,AU
3407266048,3407266303,AU
3407266304,3407266559,CN
3407266560,3407267071,AU
3407267840,3407268607,AU
3407268608,3407268863,CA
3407269120,3407269631,AU
3407269888,3407270911,AU
3407271424,3407272191,AU
3407272960,3407273727,AU
3407273728,3407273983,CY
3407273984,3407275007,AU
3407275264,3407275519,AU
3407276544,3407278079,AU
3407278336,3407278591,GB
3407278592,3407279103,CN
3407279360,3407279871,CN
3407280896,3407281151,AU
3407281152,3407281663,CN
3407281920,3407282175,AU
3407282176,3407282431,CN
3407282432,3407282687,IN
3407283200,3407283455,AU
3407283968,3407284479,AU
3407284992,3407285247,AU
3407286272,3407287039,AU
3407287296,3407288063,AU
3407289856,3407290367,AU
3407291392,3407291647,AU
3407291904,3407292415,AU
3407292672,3407292927,AU
3407293184,3407293951,AU
3407294208,3407294463,CN
3407294720,3407294975,MN
3407294976,3407295231,AU
3407295488,3407295743,ID
3407295744,3407295999,AU
3407296256,3407297023,AU
3407297536,3407297791,AU
3407297792,3407298559,CN
3407299584,3407300095,AU
3407300096,3407300351,ID
3407300352,3407300863,AU
3407300864,3407301119,CN
3407301120,3407301375,IN
3407301376,3407301887,AU
3407301888,3407302143,IN
3407302144,3407302655,AU
3407303936,3407304191,CN
3407304192,3407304447,AU
3407305216,3407305471,AU
3407305728,3407306751,CN
3407306752,3407307263,AU
3407307264,3407307519,CN
3407307776,3407308031,AU
3407308544,3407308799,BZ
3407308800,3407309055,CY
3407309056,3407309311,AU
3407309312,3407309567,CY
3407309568,3407309823,CN
3407310080,3407310335,AU
3407310592,3407310847,AU
3407310848,3407311103,CN
3407311872,3407312127,AU
3407312384,3407313919,AU
3407314176,3407314431,AU
3407314688,3407314943,AU
3407314944,3407315199,CA
3407315200,3407315455,AU
3407315456,3407315711,CN
3407316992,3407317247,AU
3407317504,3407318015,AU
3407318016,3407318527,CN
3407318528,3407318783,AU
3407319040,3407325183,AU
3407326208,3407326463,CN
3407326464,3407326719,AU
3407326976,3407327231,AU
3407327232,3407327743,HK
3407327744,3407328255,DE
3407328768,3407329023,CN
3407329536,3407329791,AU
3407329792,3407330303,CN
3407330304,3407330815,TH
3407330816,3407331327,AU
3407331328,3407331583,CN
3407331840,3407332607,AU
3407332608,3407333119,CN
3407333120,3407333375,MN
3407333376,3407334399,JP
3407334400,3407335423,CN
3407335424,3407339519,AU
3407339520,3407339775,CN
3407339776,3407340031,AU
3407340032,3407341567,CN
3407341568,3407342079,AU
3407342592,3407343615,AU
3407344640,3407344895,US
3407344896,3407345151,AU
3407345920,3407346175,CN
3407346176,3407346431,AU
3407346432,3407346687,CN
3407346688,3407347199,AU
3407347456,3407347711,TR
3407347712,3407349759,AU
3407350016,3407350271,AU
3407350528,3407350783,AU
3407351040,3407351295,CN
3407351808,3407352319,AU
3407352320,3407352575,CN
3407352576,3407353087,AU
3407353344,3407353599,AU
3407354368,3407354623,AU
3407354624,3407354879,CN
3407354880,3407355903,SG
3407355904,3407356415,AU
3407356672,3407356927,AU
3407357440,3407357695,IN
3407357952,3407358463,AU
3407358720,3407358975,CN
3407360000,3407360511,AU
3407360512,3407361023,ID
3407361024,3407362047,AU
3407362048,3407362303,CN
3407362560,3407362815,CN
3407362816,3407363071,AU
3407363328,3407364095,AU
3407364864,3407365119,CN
3407365120,3407366143,AU
3407366400,3407366655,AU
3407366656,3407366911,CN
3407367168,3407367679,ID
3407367680,3407367935,AU
3407367936,3407368703,CN
3407369216,3407369983,CN
3407369984,3407370239,IN
3407370240,3407370751,AU
3407370752,3407371007,CN
3407371264,3407371519,US
3407371520,3407371775,AU
3407372288,3407372799,AU
3407372800,3407373055,SG
3407373312,3407373823,AU
3407373824,3407374335,VG
3407374336,3407374591,PH
3407374592,3407374847,KI
3407374848,3407375103,FM
3407375104,3407375359,KI
3407375360,3407375615,CY
3407375616,3407375871,BZ
3407376128,3407376639,CN
3407376640,3407376895,AU
3407377408,3407377663,CN
3407377664,3407377919,AU
3407378432,3407378687,US
3407378944,3407379455,CN
3407379456,3407379711,GB
3407379968,3407380479,AU
3407380736,3407381247,AU
3407382016,3407382527,AU
3407382784,3407383039,AU
3407384320,3407384831,AU
3407384832,3407385087,CN
3407385600,3407386111,AU
3407386624,3407387135,CN
3407387904,3407388159,CN
3407388928,3407389183,CN
3407389184,3407389951,AU
3407390208,3407390463,AU
3407390464,3407390719,CN
3407391232,3407391999,AU
3407392256,3407392767,AU
3407394304,3407394815,AU
3407395328,3407395839,CN
3407395840,3407396095,KR
3407396352,3407396607,AU
3407397376,3407397631,AU
3407398656,3407398911,CN
3407399168,3407399423,AU
3407399424,3407399679,CN
3407400448,3407401215,AU
3407401216,3407401471,SG
3407401472,3407401983,AU
3407401984,3407402495,CN
3407403264,3407403519,CN
3407403776,3407404031,CN
3407409152,3407409407,AU
3407409664,3407410175,AU
3407410176,3407410431,CN
3407410944,3407411199,US
3407413248,3407417343,AU
3407417600,3407417855,AU
3407418112,3407418879,CN
3407418880,3407419135,AU
3407419136,3407419391,NZ
3407419392,3407420415,AU
3407421184,3407422463,AU
3407423488,3407424511,AU
3407425024,3407425279,CN
3407425280,3407425535,AU
3407425536,3407427583,CN
3407429632,3407430143,CN
3407430144,3407430399,ID
3407430400,3407431679,AU
3407432448,3407432703,AU
3407432960,3407433215,AU
3407433216,3407433471,MY
3407434240,3407434495,AU
3407434752,3407435263,AU
3407436544,3407436799,CN
3407436800,3407438591,AU
3407438592,3407439103,CN
3407439360,3407439615,AU
3407440384,3407440639,CN
3407440896,3407441151,RO
3407441152,3407441407,AU
3407441664,3407441919,AU
3407443712,3407443967,HK
3407443968,3407444479,AU
3407444736,3407444991,AU
3407444992,3407445247,JP
3407445504,3407446271,AU
3407446784,3407447039,CN
3407447040,3407447295,AU
3407447552,3407447807,AU
3407447808,3407448063,CN
3407448064,3407448319,IN
3407448576,3407448831,CN
3407448832,3407449087,CA
3407449088,3407449855,AU
3407449856,3407450111,RO
3407450112,3407450367,AU
3407450880,3407451135,CN
3407451392,3407451903,AU
3407452416,3407453183,CN
3407453696,3407454207,AU
3407454464,3407454719,BD
3407454720,3407454975,US
3407454976,3407455231,AU
3407455232,3407455487,CN
3407455488,3407455743,AU
3407455744,3407455999,CN
3407456768,3407457279,AU
3407457536,3407457791,AU
3407457792,3407458303,CN
3407458304,3407458559,AU
3407459328,3407459583,CN
3407459840,3407460095,CN
3407460096,3407460351,AU
3407460608,3407461119,AU
3407461120,3407461375,NZ
3407461888,3407462143,PL
3407462144,3407462399,CN
3407462656,3407463423,AU
3407464192,3407464703,CN
3407464960,3407465471,CN
3407465472,3407466495,AU
3407466496,3407470591,CN
3407471104,3407471615,AU
3407471872,3407472127,CN
3407472128,3407472639,AU
3407473152,3407473407,AU
3407473408,3407473919,CN
3407474176,3407474431,AU
3407474688,3407474943,AU
3407475200,3407475455,CN
3407475968,3407476223,AU
3407476480,3407478783,AU
3407479296,3407479551,AU
3407480320,3407480575,AU
3407480832,3407481855,AU
3407481856,3407482111,CN
3407482112,3407482623,AU
3407482880,3407487231,AU
3407487488,3407487743,CN
3407488000,3407489023,AU
3407489024,3407489279,HK
3407489280,3407490047,AU
3407490816,3407491071,ID
3407491328,3407491839,CN
3407491840,3407492095,AU
3407492352,3407492607,US
3407492864,3407493631,CN
3407494144,3407494399,CN
3407495424,3407495679,CN
3407495680,3407496191,AU
3407496192,3407496447,CN
3407496704,3407496959,AU
3407497984,3407498239,AU
3407498240,3407498495,CN
3407498496,3407498751,PK
3407498752,3407499007,ID
3407499008,3407499263,AU
3407499264,3407499519,CN
3407499520,3407499775,CZ
3407500288,3407500543,CN
3407501056,3407501311,AU
3407501824,3407502335,AU
3407502848,3407503359,AU
3407503616,3407503871,CN
3407503872,3407504127,AU
3407504384,3407504639,AU
3407504896,3407505407,CN
3407506176,3407506431,AU
3407506944,3407507199,AU
3407507456,3407507711,AU
3407508224,3407508735,CN
3407508992,3407509247,AU
3407509504,3407511039,AU
3407511808,3407512063,CN
3407512064,3407512319,AU
3407512576,3407513087,NL
3407513600,3407513855,AU
3407514112,3407514623,AU
3407515136,3407515391,AU
3407515392,3407515903,CN
3407515904,3407516671,AU
3407516672,3407517183,CN
3407517184,3407517695,BD
3407518208,3407518463,CN
3407518720,3407519231,AU
3407519232,3407519743,CN
3407519744,3407521791,NZ
3407521792,3407522047,TH
3407522304,3407522559,CN
3407522560,3407522815,AU
3407523072,3407523327,CN
3407523584,3407523839,AU
3407523840,3407524095,CN
3407524096,3407524863,AU
3407525888,3407526143,AU
3407526144,3407526399,CN
3407526400,3407526911,AU
3407526912,3407527423,MN
3407527424,3407527679,AU
3407528960,3407530495,AU
3407530496,3407531007,CN
3407531008,3407531263,PH
3407531520,3407531775,AU
3407532032,3407532287,AU
3407532544,3407532799,CN
3407532800,3407533055,AU
3407533312,3407533567,AU
3407533568,3407533823,CN
3407534336,3407534591,AU
3407534592,3407534847,ID
3407534848,3407535103,AU
3407535616,3407535871,CN
3407536128,3407536383,CN
3407536384,3407537151,AU
3407537152,3407537407,CN
3407538176,3407538431,CN
3407538688,3407538943,IN
3407538944,3407539199,AU
3407539456,3407539711,US
3407540224,3407540735,BD
3407541504,3407541759,AU
3407542272,3407544319,AU
3407544320,3407544575,CN
3407545600,3407545855,AU
3407545856,3407546367,ID
3407546880,3407547135,CN
3407547136,3407547391,AU
3407548160,3407548671,CN
3407548928,3407549183,NZ
3407549184,3407549439,AU
3407549440,3407549695,CN
3407549696,3407549951,AU
3407549952,3407550463,CN
3407550464,3407550975,AU
3407552000,3407552255,AU
3407553024,3407553279,ID
3407553280,3407553535,AU
3407554048,3407554559,AU
3407554560,3407554815,CN
3407554816,3407555839,AU
3407555840,3407556095,CN
3407556352,3407556607,AU
3407557632,3407557887,AU
3407557888,3407558143,CN
3407558656,3407558911,AU
3407559168,3407559423,CH
3407559680,3407559935,AU
3407560192,3407560703,AU
3407560704,3407560959,US
3407560960,3407561471,CN
3407561472,3407561727,NZ
3407561728,3407562495,AU
3407562752,3407563007,AU
3407564032,3407564543,AU
3407565056,3407565311,CN
3407566080,3407566335,AU
3407566592,3407566847,AU
3407566848,3407567103,CN
3407567360,3407568383,AU
3407568896,3407569151,ID
3407569152,3407569407,PH
3407569408,3407569663,AU
3407569920,3407570431,AU
3407570432,3407570687,CN
3407570688,3407571455,AU
3407571456,3407571967,SG
3407571968,3407572223,AU
3407572224,3407572479,CN
3407572736,3407572991,AU
3407573504,3407574271,AU
3407574272,3407574527,CN
3407574528,3407574783,AU
3407575296,3407576063,CN
3407576064,3407576319,US
3407576320,3407576575,CN
3407576576,3407594239,AU
3407594752,3407595519,AU
3407595520,3407595775,CN
3407595776,3407596031,AU
3407596032,3407596287,CN
3407596544,3407596799,AU
3407597568,3407599615,AU
3407600384,3407601663,AU
3407601920,3407602943,AU
3407603456,3407603711,AU
3407603968,3407604223,CN
3407604480,3407604735,IN
3407604992,3407605759,AU
3407606016,3407606271,CN
3407606784,3407608063,AU
3407608320,3407608575,CN
3407609088,3407609343,AU
3407609856,3407611903,AU
3407611904,3407612415,CY
3407612416,3407612671,CN
3407612928,3407613183,CN
3407613184,3407613695,AU
3407613696,3407613951,NL
3407614208,3407614719,AU
3407614720,3407614975,PS
3407615488,3407615743,AU
3407617024,3407617279,AU
3407618304,3407619071,CN
3407619072,3407619583,AU
3407620352,3407620607,AU
3407620864,3407621375,CN
3407621376,3407623423,AU
3407623424,3407623679,ID
3407623680,3407623935,CN
3407624192,3407624447,CN
3407624448,3407624703,HK
3407625984,3407626239,AU
3407626240,3407627263,PH
3407627264,3407627775,SG
3407627776,3407628287,CY
3407628544,3407629055,CN
3407629056,3407629311,AU
3407629312,3407629567,CN
3407630080,3407631359,AU
3407631616,3407631871,AU
3407631872,3407632127,CN
3407632384,3407632639,CN
3407632896,3407633151,AU
3407633920,3407634431,AU
3407636480,3407636991,BD
3407636992,3407637503,AU
3407638528,3407638783,CN
3407638784,3407639039,AU
3407639296,3407640575,AU
3407640832,3407641343,AU
3407642112,3407642367,AU
3407642624,3407643135,TH
3407643392,3407643647,CN
3407644160,3407644671,BD
3407644672,3407644927,CN
3407645696,3407645951,CN
3407645952,3407646463,AU
3407646464,3407646719,MY
3407646976,3407647231,CN
3407648256,3407648511,AU
3407648512,3407648767,JP
3407649536,3407650047,AU
3407650560,3407651071,AU
3407652096,3407652351,CN
3407652352,3407652863,AU
3407652864,3407653119,CA
3407653120,3407653631,CN
3407653632,3407653887,CH
3407653888,3407654399,AU
3407654912,3407655423,AU
3407655424,3407655935,CN
3407656192,3407656447,AU
3407656704,3407657215,AU
3407657216,3407657471,CN
3407657472,3407657727,AU
3407657728,3407657983,CN
3407657984,3407658495,AU
3407658752,3407659007,AU
3407659264,3407659519,AU
3407659776,3407660031,AU
3407660032,3407660287,CN
3407661056,3407661311,AU
3407661568,3407662079,AU
3407662592,3407662847,AU
3407663104,3407664383,AU
3407664640,3407665151,AU
3407665152,3407666175,ID
3407667200,3407667455,AU
3407667712,3407668223,CN
3407669760,3407670015,AU
3407670784,3407671039,AU
3407671040,3407671295,CN
3407671296,3407672575,AU
3407672576,3407672831,IN
3407673088,3407673343,NZ
3407673344,3407673599,US
3407673600,3407673855,JP
3407673856,3407674367,AU
3407674368,3407674879,BD
3407675392,3407675647,AU
3407675904,3407676159,CN
3407677440,3407677951,CN
3407677952,3407678463,AU
3407678720,3407679231,CN
3407679488,3407680511,VN
3407680512,3407681023,AU
3407682048,3407682559,ID
3407682560,3407682815,CN
3407686656,3407687167,AU
3407687168,3407687423,CN
3407688448,3407688703,AU
3407688704,3407688959,VG
3407688960,3407689215,CY
3407689216,3407689727,BZ
3407689984,3407690239,CN
3407690240,3407690751,AU
3407690752,3407691007,SG
3407691008,3407691263,CN
3407691520,3407691775,CN
3407692032,3407692287,AU
3407692544,3407693055,AU
3407693056,3407693311,CN
3407693312,3407693823,AU
3407694080,3407694335,CN
3407694592,3407695615,AU
3407695872,3407696127,AU
3407696128,3407696383,CN
3407696384,3407697151,AU
3407697408,3407698431,AU
3407698432,3407698687,CN
3407698688,3407699199,AU
3407699456,3407699711,AU
3407699712,3407699967,CN
3407699968,3407700223,AU
3407700480,3407700735,AU
3407700992,3407701247,CN
3407701248,3407701503,AU
3407701760,3407702015,CN
3407702016,3407704063,AU
3407704064,3407704319,CN
3407704576,3407705599,AU
3407706112,3407707135,CN
3407707136,3407707647,AU
3407707904,3407720447,AU
3407720704,3407721983,AU
3407721984,3407722495,CN
3407722752,3407723007,AU
3407723264,3407723519,CN
3407723776,3407724287,CN
3407724288,3407726591,AU
3407726592,3407727103,IN
3407727104,3407727615,HK
3407727616,3407727871,AU
3407727872,3407728127,CN
3407728128,3407729151,AU
3407729152,3407729407,CN
3407730176,3407730687,AU
3407730944,3407731199,CN
3407731456,3407731711,AU
3407732224,3407732479,HK
3407732736,3407733247,AU
3407733504,3407733759,CN
3407734528,3407734783,CN
3407735040,3407735551,CN
3407736064,3407736319,AU
3407736832,3407738879,AU
3407738880,3407739135,CN
3407740160,3407740415,AU
3407740416,3407740927,CN
3407740928,3407745023,AU
3407745024,3407745535,CN
3407745536,3407746047,AU
3407747072,3407747327,AU
3407747328,3407747583,CN
3407747840,3407748095,CN
3407748352,3407748607,CN
3407749376,3407749631,PT
3407749632,3407750143,AU
3407750656,3407751167,SG
3407752192,3407753215,AU
3407753216,3407753727,SG
3407755264,3407755519,AU
3407756032,3407756543,AU
3407757312,3407757823,AU
3407757824,3407758079,CN
3407758336,3407758591,AU
3407760128,3407760383,AU
3407760896,3407761407,AU
3407761664,3407761919,CN
3407761920,3407762431,AU
3407762688,3407762943,AU
3407763200,3407763455,CN
3407763456,3407763711,AU
3407763968,3407765503,AU
3407765760,3407767551,AU
3407767552,3407768575,PS
3407769344,3407769599,CN
3407769600,3407771647,AU
3407771904,3407772159,CN
3407772416,3407772671,CN
3407773440,3407773695,SG
3407774464,3407774719,AU
3407775488,3407776511,AU
3407776768,3407777279,AU
3407777536,3407777791,CA
3407779840,3407780095,CN
3407780608,3407780863,AU
3407780864,3407781119,CN
3407781120,3407781375,AU
3407782144,3407782399,AU
3407782400,3407782655,CN
3407782912,3407783423,AU
3407783936,3407784447,SG
3407785216,3407785471,CN
3407785472,3407785727,NZ
3407785728,3407785983,CN
3407785984,3407786495,AU
3407786752,3407787007,AU
3407788032,3407788543,AU
3407788800,3407789055,CN
3407789056,3407790079,BZ
3407790080,3407790591,AU
3407790592,3407790847,CN
3407790848,3407791103,JE
3407791104,3407791615,AU
3407791872,3407792127,AU
3407792384,3407792639,AU
3407793408,3407794175,AU
3407794688,3407794943,AU
3407794944,3407795199,CA
3407795200,3407795711,AU
3407796224,3407796479,AU
3407796480,3407796735,CN
3407796992,3407797247,DE
3407797248,3407797503,CN
3407797504,3407797759,ID
3407797760,3407798015,CN
3407798272,3407798783,US
3407799296,3407799807,AU
3407800064,3407800319,AU
3407800320,3407800831,CN
3407800832,3407801087,AU
3407801088,3407801343,CN
3407801344,3407801855,ID
3407802112,3407802367,AU
3407802368,3407802879,CN
3407803392,3407803903,AU
3407803904,3407804159,CN
3407804928,3407805439,CN
3407805440,3407805695,AU
3407805952,3407806463,ID
3407806464,3407807231,AU
3407807488,3407807999,AU
3407808512,3407809023,IN
3407809024,3407809791,AU
3407812352,3407813119,AU
3407814656,3407815167,HK
3407815168,3407815679,AU
3407815680,3407816703,NZ
3407816704,3407816959,RU
3407816960,3407817983,AU
3407817984,3407818495,CN
3407818496,3407819007,AU
3407819008,3407819263,CN
3407819520,3407819775,CN
3407819776,3407820287,AU
3407820288,3407820799,CN
3407820800,3407821823,AU
3407822080,3407823615,AU
3407824128,3407824383,CN
3407824384,3407824639,AU
3407824896,3407825151,CN
3407825664,3407825919,AU
3407825920,3407826175,ID
3407826688,3407826943,AU
3407826944,3407827199,CN
3407827200,3407827711,AU
3407827968,3407828223,AU
3407828224,3407828479,CN
3407829504,3407830015,AU
3407830272,3407830527,MM
3407831040,3407831295,AU
3407831296,3407831551,CN
3407832320,3407832575,AU
3407832832,3407833087,BE
3407833344,3407833855,CN
3407834112,3407834623,CN
3407834624,3407835135,AU
3407835648,3407837183,AU
3407837440,3407838207,AU
3407838208,3407838463,CN
3407847424,3407847679,US
3407847680,3407847935,NZ
3407847936,3407848191,CN
3407848448,3407848959,ID
3407849472,3407849727,AU
3407849728,3407849983,BD
3407849984,3407850239,AU
3407851008,3407851263,CN
3407851776,3407852031,CN
3407852800,3407853055,CN
3407853312,3407854079,AU
3407854336,3407854591,CN
3407854848,3407855103,CN
3407855104,3407855359,AU
3407857152,3407857663,AU
3407858176,3407858687,AU
3407858688,3407858943,CN
3407858944,3407859711,AU
3407860224,3407860479,IN
3407861248,3407861503,AU
3407861760,3407862015,AU
3407862016,3407862271,SM
3407862784,3407863039,CN
3407863040,3407863295,US
3407863296,3407863807,CN
3407864064,3407864319,CN
3407864576,3407864831,AU
3407865088,3407865343,CN
3407865344,3407866367,AU
3407866368,3407866623,SG
3407867392,3407868415,AU
3407868928,3407869439,US
3407869440,3407869695,AU
3407869952,3407870463,CN
3407870976,3407871231,AU
3407871232,3407871487,CN
3407871744,3407871999,AU
3407872000,3407873023,US
3407873024,3407873535,IN
3407873792,3407877119,AU
3407877120,3407877375,CN
3407877376,3407878655,AU
3407878656,3407878911,KR
3407878912,3407879423,AU
3407879680,3407880703,AU
3407881728,3407882751,AU
3407883264,3407883775,AU
3407884032,3407884287,AU
3407884288,3407884799,CN
3407886080,3407886335,AU
3407886336,3407886591,CN
3407886592,3407886847,AU
3407887360,3407887615,CN
3407887872,3407888127,CN
3407888640,3407889151,AU
3407889408,3407889919,CN
3407890176,3407890943,AU
3407891456,3407891711,CN
3407891712,3407892479,AU
3407892736,3407892991,CN
3407892992,3407893247,AU
3407893504,3407894015,CN
3407894016,3407894527,MY
3407895808,3407896319,AU
3407896320,3407896575,CN
3407897088,3407897599,AU
3407898112,3407898367,CN
3407898368,3407898623,AU
3407898880,3407899135,CN
3407899136,3407899647,AU
3407899648,3407899648,PH
3407899649,3407899903,AU
3407902464,3407902719,AU
3407902720,3407903231,VG
3407903232,3407904767,AU
3407905280,3407905535,CN
3407905792,3407906047,AU
3407906048,3407906303,CN
3407906816,3407907327,AU
3407907840,3407908095,CN
3407908352,3407908607,AU
3407908864,3407910911,AU
3407910912,3407911167,CN
3407911168,3407911423,AU
3407912704,3407917055,AU
3407917312,3407917823,AU
3407918080,3407918591,AU
3407919104,3407919615,AU
3407919616,3407920127,CN
3407920128,3407920383,ID
3407920640,3407921151,AU
3407921152,3407921407,CN
3407922176,3407922431,CN
3407922432,3407922687,AT
3407923968,3407924735,CN
3407926272,3407926527,CN
3407927808,3407928575,AU
3407928576,3407928831,CZ
3407929088,3407937535,AU
3407938048,3407938559,AU
3407938560,3407938815,CN
3407939328,3407941631,CN
3407942656,3407942911,AU
3407942912,3407943167,CN
3407943168,3407943423,AU
3407943680,3407943935,AU
3407944192,3407944447,CN
3407944704,3407944959,AU
3407945216,3407945471,AU
3407945728,3407945983,CN
3407946496,3407946751,ID
3407947264,3407947519,SE
3407948288,3407948543,AU
3407949056,3407949311,US
3407951616,3407951871,AU
3407952128,3407952383,IN
3407952384,3407953407,AU
3407953664,3407954175,CN
3407954176,3407954431,AU
3407954688,3407955199,CN
3407955200,3407955455,AU
3407955456,3407955711,IL
3407955712,3407956223,AU
3407956224,3407956479,CN
3407957248,3407957503,AU
3407957760,3407958015,CN
3407958016,3407962111,AU
3407963136,3407963391,CN
3407963648,3407964159,AU
3407964928,3407965695,AU
3407965952,3407968255,AU
3407968512,3407968767,AU
3407968768,3407969023,CN
3407969024,3407969279,AU
3407970304,3407970559,AU
3407970560,3407970815,CN
3407971072,3407971327,CN
3407971584,3407971839,AU
3407972352,3407973887,AU
3407973888,3407974143,HK
3407974400,3407974655,AU
3407974656,3407974911,CN
3407975680,3407976447,AU
3407976448,3407976959,US
3407976960,3407977215,AU
3407977472,3407977727,CN
3407977984,3407978495,CN
3407978496,3407980543,AU
3407981312,3407981567,AU
3407982080,3407982335,CN
3407982592,3407982847,AU
3407983616,3407984127,AU
3407984896,3407985151,CN
3407985152,3407985663,AU
3407985664,3407985919,NZ
3407985920,3407986175,HK
3407986176,3407987711,AU
3407987712,3407987967,PH
3407987968,3407988223,AU
3407988224,3407988735,IN
3407988736,3407988991,CN
3407988992,3407989247,AU
3407989248,3407990015,CN
3407990016,3407990271,AU
3407990272,3407990783,CN
3407992320,3407992831,CN
3407993088,3407993855,AU
3407994624,3407994879,AU
3407994880,3407995647,CN
3407995904,3407997183,AU
3407997184,3407997439,CN
3407997440,3407998207,AU
3407998464,3407998719,BD
3407998720,3407998975,AU
3407998976,3407999231,TH
3407999232,3407999743,AU
3407999744,3407999999,CN
3408000256,3408000767,AU
3408001536,3408001791,CN
3408001792,3408004095,AU
3408004096,3408004351,CN
3408004352,3408004863,AU
3408005888,3408006655,AU
3408006912,3408007167,CA
3408008448,3408008703,CN
3408008704,3408009983,AU
3408009984,3408010239,CN
3408010240,3408010495,VG
3408010752,3408011263,AU
3408011520,3408012287,AU
3408012288,3408012543,NC
3408012544,3408012799,MN
3408013056,3408013311,CN
3408013312,3408013823,AU
3408014080,3408014591,AU
3408015360,3408015871,CN
3408016384,3408016895,AU
3408016896,3408017151,CN
3408017408,3408017919,CN
3408017920,3408018175,AU
3408018432,3408018943,AU
3408019200,3408019711,AU
3408020224,3408020479,CN
3408020480,3408020735,AU
3408020736,3408020991,CN
3408021504,3408021759,AU
3408022272,3408022527,AU
3408022528,3408022783,CN
3408023040,3408023551,AU
3408023552,3408023807,VG
3408023808,3408024063,JP
3408024064,3408024319,BD
3408025600,3408025855,AU
3408026624,3408026879,CN
3408028672,3408029183,AU
3408029696,3408029951,AU
3408030208,3408030463,CN
3408030976,3408031231,AU
3408031232,3408031487,HK
3408031488,3408031743,AU
3408032000,3408032255,CN
3408032256,3408032767,AU
3408032768,3408033023,LK
3408033024,3408033279,IN
3408033280,3408033791,ID
3408035072,3408035327,ID
3408036608,3408037119,AU
3408038144,3408038399,AT
3408039168,3408039423,AU
3408039936,3408040191,VN
3408040704,3408040959,CN
3408040960,3408041215,AU
3408041472,3408041727,CN
3408041984,3408042495,CN
3408042496,3408042751,MY
3408042752,3408044031,AU
3408044032,3408044287,MM
3408044288,3408044799,CN
3408045056,3408045567,AU
3408045824,3408046079,HK
3408046080,3408048127,AU
3408048384,3408048639,AU
3408049408,3408049663,AU
3408050688,3408050943,AU
3408050944,3408051199,CN
3408051712,3408051967,AU
3408052224,3408054271,CN
3408055296,3408056319,CN
3408056832,3408057087,US
3408057344,3408057599,AU
3408057856,3408058367,NZ
3408058880,3408059135,AU
3408059136,3408059391,GB
3408059392,3408059903,TH
3408060160,3408062463,AU
3408062464,3408062719,CN
3408063232,3408063487,AU
3408063744,3408063999,SG
3408064000,3408064255,MY
3408064512,3408064767,CN
3408064768,3408065023,BD
3408065024,3408065279,CN
3408065280,3408065791,AU
3408065792,3408066047,CN
3408066048,3408066303,PH
3408066560,3408067071,AU
3408067328,3408067583,CN
3408067584,3408068095,HK
3408068608,3409379839,AU
3409379840,3409380607,CN
3409381632,3409381887,AU
3409381888,3409382143,CN
3409382144,3409382399,AU
3409382656,3409382911,CN
3409382912,3409383423,AU
3409383936,3409384447,AU
3409384704,3409384959,AU
3409384960,3409385215,CN
3409385728,3409385983,AU
3409386240,3409387007,AU
3409387008,3409387263,CN
3409387776,3409388031,AU
3409388288,3409388799,AU
3409389056,3409389823,AU
3409390080,3409390335,AU
3409390592,3409391103,AU
3409391616,3409392127,SG
3409392128,3409392639,AU
3409392896,3409394687,AU
3409395456,3409395711,AU
3409395968,3409396223,AU
3409396480,3409396735,PH
3409396736,3409396991,FJ
3409397504,3409397759,US
3409399040,3409399295,AU
3409399552,3409400063,AU
3409400064,3409400319,FR
3409402112,3409403135,AU
3409403136,3409403391,CN
3409403648,3409403903,AU
3409404416,3409404671,AU
3409405184,3409405439,CN
3409405440,3409405951,IN
3409406464,3409406719,AU
3409406720,3409406975,VG
3409406976,3409407231,AU
3409407232,3409407743,CN
3409407744,3409408255,AU
3409408768,3409409023,AU
3409409024,3409409535,CN
3409409536,3409409791,TW
3409409792,3409410047,CN
3409410048,3409410815,AU
3409411072,3409412095,AU
3409412096,3409412607,CN
3409412608,3409412863,AU
3409412864,3409413119,US
3409413120,3409413375,AU
3409413632,3409414143,AU
3409414656,3409414911,AU
3409415680,3409416447,AU
3409416704,3409417215,CN
3409417728,3409417983,AU
3409419008,3409420031,AU
3409420288,3409420543,IN
3409421824,3409422335,AU
3409423616,3409423871,IN
3409423872,3409424383,AU
3409424384,3409424639,SG
3409424896,3409427711,AU
3409428224,3409428479,AU
3409428480,3409428735,CN
3409428992,3409429503,AU
3409429504,3409429759,CN
3409429760,3409430271,AU
3409431040,3409431295,AU
3409432576,3409433855,AU
3409434112,3409434343,SG
3409434344,3409434351,JP
3409434352,3409434355,SG
3409434356,3409434359,JP
3409434360,3409434363,SG
3409434364,3409434367,JP
3409434368,3409434623,SG
3409434624,3409435135,AU
3409435136,3409435647,CN
3409435648,3409435903,AU
3409435904,3409436159,CN
3409436160,3409436415,US
3409436672,3409436927,CN
3409436928,3409437439,AU
3409437696,3409438719,AU
3409440000,3409440255,AU
3409440768,3409442815,AU
3409443328,3409443583,AU
3409443840,3409444095,AU
3409444352,3409444607,AU
3409444864,3409445119,AU
3409445120,3409445375,CN
3409445376,3409445887,AU
3409445888,3409446143,CN
3409446144,3409446655,AU
3409447936,3409448191,CN
3409448192,3409448447,AU
3409448448,3409448959,MY
3409448960,3409449471,AU
3409449728,3409449983,AU
3409450496,3409451007,AU
3409451008,3409451263,CN
3409451264,3409451519,MY
3409451520,3409452031,AU
3409452288,3409453055,AU
3409453056,3409453567,NZ
3409453568,3409454079,AU
3409454336,3409454591,AU
3409454592,3409454847,CN
3409455104,3409455359,CN
3409455616,3409455871,AU
3409456128,3409456383,AU
3409456384,3409456639,AT
3409456640,3409456895,CN
3409457152,3409459199,CN
3409459200,3409460223,AU
3409460736,3409461247,AU
3409462272,3409462783,CN
3409465344,3409465855,AU
3409465856,3409466879,CN
3409467136,3409467391,HK
3409467904,3409468415,HK
3409468416,3409469183,AU
3409469184,3409469439,CN
3409469696,3409470463,AU
3409470976,3409471231,AU
3409473024,3409473279,CN
3409473536,3409474559,CH
3409475072,3409475583,AU
3409475840,3409476095,CN
3409476096,3409476607,AU
3409477120,3409485823,AU
3409486080,3409486335,CN
3409486336,3409486847,SE
3409487104,3409487359,AU
3409487872,3409488127,AU
3409488128,3409488383,CN
3409488384,3409488639,AU
3409488896,3409489407,CN
3409489664,3409489919,CN
3409489920,3409490431,AU
3409490432,3409490687,CH
3409490944,3409491711,AU
3409491712,3409491967,CN
3409492224,3409492479,CN
3409492736,3409492991,CN
3409492992,3409494015,AU
3409494016,3409494271,CN
3409494272,3409494527,AU
3409494784,3409495039,AU
3409495296,3409495551,AU
3409495552,3409495807,CN
3409496320,3409496575,CN
3409497088,3409498111,AU
3409498112,3409498879,CN
3409499392,3409499647,AU
3409499648,3409499903,CN
3409499904,3409500159,AU
3409500160,3409500415,CN
3409500416,3409500671,AU
3409501184,3409502975,AU
3409502976,3409503487,CN
3409504000,3409504511,CN
3409504512,3409504767,AU
3409505280,3409506303,AU
3409506304,3409506559,CN
3409506560,3409506815,PH
3409507328,3409508351,AU
3409508864,3409509119,AU
3409509120,3409509375,HK
3409509376,3409509631,CN
3409509632,3409509887,HK
3409509888,3409510143,CN
3409510144,3409510911,AU
3409511168,3409511679,AU
3409511680,3409512191,CN
3409512448,3409512703,AU
3409512960,3409513215,AU
3409513216,3409513471,US
3409513472,3409513983,CN
3409514240,3409514495,AU
3409516288,3409516543,AU
3409516544,3409517055,ID
3409517568,3409517823,CN
3409517824,3409518079,AU
3409519104,3409519615,PH
3409519616,3409520383,AU
3409520384,3409520639,CN
3409520640,3409521151,US
3409521664,3409522175,AU
3409522176,3409522431,CN
3409522688,3409523711,AU
3409524736,3409525247,AU
3409525248,3409525503,CN
3409526016,3409526271,CN
3409526272,3409526527,AU
3409527296,3409527551,CN
3409528064,3409528831,CN
3409529088,3409529343,CN
3409529856,3409530111,AU
3409530368,3409530879,AU
3409531136,3409531391,AU
3409531392,3409531903,GB
3409532160,3409532415,IN
3409532928,3409533183,US
3409533440,3409533695,CN
3409533696,3409533951,AU
3409536256,3409536511,CN
3409538304,3409538559,CN
3409538560,3409538815,CA
3409539328,3409540095,AU
3409541120,3409541375,AU
3409541888,3409542143,CN
3409542144,3409547519,AU
3409547520,3409547775,NZ
3409548032,3409548287,AU
3409549312,3409550591,AU
3409550592,3409550847,CN
3409550848,3409559551,AU
3409561600,3409561855,CN
3409562112,3409562367,CN
3409562368,3409562879,AU
3409563136,3409563391,CN
3409563392,3409565695,AU
3409566464,3409566719,AU
3409567232,3409567487,CN
3409567488,3409567743,AU
3409567744,3409571839,CN
3409571840,3409572351,AU
3409573376,3409573887,CN
3409574144,3409574399,CN
3409574400,3409575167,AU
3409575168,3409575935,CN
3409575936,3409707007,AU
3409707008,3409772543,HK
3409772544,3409838335,AU
3409838336,3409838591,MY
3409838592,3409838847,CN
3409838848,3409871359,AU
3409871616,3409871871,CN
3409871872,3409872895,AU
3409873664,3409873919,CN
3409874688,3409874943,US
3409875712,3409875967,HK
3409875968,3409876991,AU
3409876992,3409878015,TH
3409878272,3409879295,AU
3409879296,3409879551,CN
3409879552,3409879807,AU
3409880064,3409880319,AU
3409880320,3409880575,ID
3409880576,3409881087,AU
3409881856,3409882111,US
3409882112,3409883135,IN
3409883392,3409883647,CA
3409884160,3409885183,US
3409885184,3409886207,AU
3409886464,3409886719,AU
3409888000,3409888255,SG
3409888256,3409888511,AU
3409888512,3409888767,CN
3409888768,3409889023,AU
3409889792,3409890047,AU
3409890560,3409890815,AU
3409891328,3409895423,AU
3409896448,3409897471,CN
3409897472,3409897983,AU
3409897984,3409898239,CN
3409898240,3409899519,AU
3409900544,3409901055,BD
3409901056,3409901311,CN
3409901568,3409969151,AU
3409969152,3410755583,TW
3410755584,3410771967,AU
3410771968,3410780159,JP
3410780160,3410788351,BD
3410788352,3410792447,IN
3410792448,3410794495,BD
3410794496,3410796543,US
3410796544,3410797567,CN
3410797568,3410798591,JP
3410798592,3410799615,CN
3410799616,3410800639,SG
3410800640,3410804735,IN
3410804736,3410808831,PH
3410808832,3410811903,CN
3410811904,3410812927,BD
3410812928,3410813951,AU
3410814976,3410817023,HK
3410817024,3410819071,CN
3410819072,3410820095,IN
3410820096,3410821119,LA
3410821120,3410853887,TW
3410853888,3410862079,HK
3410862080,3410864127,SG
3410864128,3410866175,LA
3410866176,3410866431,KR
3410866432,3410866687,IN
3410866688,3410866943,VN
3410866944,3410867199,AU
3410867200,3410868223,CN
3410868224,3410870271,JP
3410870272,3410874367,IN
3410874368,3410886655,ID
3410887936,3410888703,HK
3410888704,3410890751,SG
3410890752,3410894847,AU
3410894848,3410898943,HK
3410898944,3410903039,CN
3410903040,3410911231,HK
3410911232,3410915327,TH
3410915328,3410919423,ID
3410919424,3410920447,IN
3410920448,3410923519,HK
3410923520,3410924543,BD
3410924544,3410925567,SG
3410925568,3410926591,MH
3410926592,3410927615,CN
3410927616,3410927871,ES
3410927872,3410928127,LT
3410928128,3410928383,MY
3410928384,3410928639,CA
3410928640,3410928895,US
3410928896,3410929151,NP
3410929152,3410929663,LT
3410929664,3410931711,US
3410931712,3410935807,TW
3410935808,3410939903,JP
3410939904,3410943999,IN
3410944000,3410952191,JP
3410952192,3410956287,CN
3410956288,3410958335,AU
3410958336,3410958847,IN
3410958848,3410959359,ID
3410959360,3410959615,VN
3410959616,3410959871,ID
3410959872,3410960383,AU
3410960384,3410964479,CN
3410964480,3410968575,JP
3410968576,3410984959,NZ
3410984960,3411017727,TW
3411017728,3411018751,HK
3411018752,3411019263,CN
3411019264,3411019775,JP
3411019776,3411021823,ID
3411021824,3411023871,MY
3411023872,3411025919,JP
3411025920,3411030015,CN
3411030016,3411032063,NC
3411032064,3411032319,TH
3411032320,3411032575,CN
3411032576,3411033087,AU
3411033088,3411034111,NZ
3411034112,3411050495,HK
3411050496,3411050751,PK
3411050752,3411051007,CN
3411051008,3411051263,PK
3411051264,3411051519,AU
3411051520,3411058687,CN
3411058688,3411060735,KH
3411060736,3411060991,AU
3411060992,3411061247,TW
3411061248,3411061759,KH
3411061760,3411062783,AU
3411062784,3411065855,HK
3411065856,3411066879,BD
3411066880,3411083263,HK
3411083264,3411085311,CN
3411085312,3411086335,KR
3411086336,3411087359,JP
3411087360,3411091455,CN
3411091456,3411093503,SG
3411093504,3411095551,JP
3411095552,3411099647,SG
3411099648,3411107839,MM
3411107840,3411111935,LK
3411111936,3411116031,JP
3411116032,3411124223,KR
3411124224,3411128319,MM
3411128320,3411130367,HK
3411130368,3411132415,ID
3411132416,3411136511,US
3411136512,3411140607,RU
3411140608,3411144703,PK
3411144704,3411145727,IN
3411145728,3411146751,CN
3411146752,3411147775,ID
3411147776,3411148799,HK
3411148800,3411149311,CN
3411149312,3411149823,MV
3411149824,3411150847,IN
3411150848,3411152895,HK
3411152896,3411154943,CN
3411154944,3411155967,AU
3411155968,3411156991,HK
3411156992,3411161087,PH
3411161088,3411165183,PK
3411165184,3411173375,MY
3411173376,3411177471,AU
3411177472,3411181567,CN
3411181568,3411189759,JP
3411189760,3411197951,AU
3411197952,3411202047,BD
3411202048,3411204607,AU
3411204608,3411204863,BD
3411204864,3411205631,KR
3411205632,3411206143,HK
3411206144,3411210239,CN
3411210240,3411212287,KR
3411212288,3411213311,IN
3411213312,3411214335,HK
3411214336,3411215359,CN
3411215360,3411216383,AU
3411216384,3411218431,CN
3411218432,3411220479,PG
3411220480,3411226623,ID
3411226624,3411228671,IO
3411228672,3411230719,CN
3411230720,3411247103,HK
3411247104,3411255295,KR
3411255296,3411263487,BD
3411263488,3411269631,AU
3411269632,3411270143,HK
3411270144,3411270399,NZ
3411270400,3411270655,AU
3411270656,3411271679,SG
3411271680,3411275775,CN
3411275776,3411277823,JP
3411277824,3411278335,HK
3411278336,3411278591,SG
3411278592,3411278847,FJ
3411279872,3411296255,HK
3411296256,3411312639,AU
3411313152,3411313663,SG
3411313664,3411313919,AU
3411313920,3411314175,HK
3411314176,3411314687,NZ
3411314688,3411316735,ID
3411316736,3411318783,TW
3411318784,3411320831,ID
3411320832,3411329023,PH
3411329024,3411337215,HK
3411337216,3411341311,NZ
3411341312,3411345407,KR
3411345408,3411410943,HK
3411410944,3411443711,CN
3411443712,3411460095,HK
3411460096,3411464191,NZ
3411464192,3411468287,AU
3411468288,3411470335,JP
3411470336,3411472383,HK
3411472384,3411474943,JP
3411474944,3411475199,CN
3411475968,3411476479,CN
3411476480,3411509247,AU
3411509248,3411542015,PH
3411542016,3411550207,IN
3411550208,3411558399,CN
3411558400,3411562495,US
3411562496,3411563263,HK
3411563264,3411564031,US
3411564032,3411565311,HK
3411565312,3411566335,US
3411566336,3411566591,HK
3411566592,3411567359,MX
3411567360,3411567615,ES
3411568640,3411569663,AU
3411569664,3411570687,HK
3411570688,3411574783,AU
3411574784,3411582975,IN
3411582976,3411587071,HK
3411587072,3411591167,JP
3411591168,3411599359,CN
3411599360,3411607551,AU
3411608576,3411608831,IN
3411608832,3411609087,AU
3411609088,3411609599,HK
3411609600,3411611647,CN
3411611648,3411615743,ID
3411615744,3411623935,JP
3411623936,3411632127,AU
3411632128,3411633151,US
3411633152,3411634175,CN
3411634176,3411635199,US
3411635200,3411636223,PS
3411636224,3411637247,MY
3411637248,3411638271,TH
3411638272,3411640319,BD
3411640320,3411641343,JP
3411641344,3411641599,IN
3411641600,3411641855,CN
3411641856,3411642367,IN
3411642368,3411643391,CN
3411643392,3411644415,VN
3411644416,3411644671,CN
3411644672,3411644927,AU
3411644928,3411645951,ID
3411645952,3411646207,SG
3411646208,3411647487,IN
3411647488,3411648511,AU
3411648512,3411656703,NZ
3411656704,3411673087,AU
3411674112,3411674623,IN
3411674624,3411675135,HK
3411675136,3411677183,CN
3411677184,3411679231,JP
3411679232,3411681279,AU
3411681280,3411689471,KR
3411689472,3411705855,IN
3411705856,3411730431,CN
3411730432,3411732615,HK
3411732616,3411732623,MY
3411732624,3411738623,HK
3411738624,3411746815,TW
3411746816,3411755007,CN
3411755008,3411757055,AU
3411757056,3411763199,HK
3411763200,3411767295,CN
3411767296,3411769343,MN
3411769344,3411771391,CN
3411771392,3411779583,HK
3411779584,3411787775,JP
3411787776,3411795967,IN
3411795968,3411804159,AU
3411804160,3411805183,CN
3411805184,3411805695,PK
3411805696,3411805951,CN
3411805952,3411806207,AU
3411808256,3411810303,JP
3411810304,3411810815,NZ
3411810816,3411812351,AU
3411812352,3411820543,IN
3411820544,3411836927,SG
3411836928,3411845119,MY
3411845120,3411853311,CN
3411853312,3411857407,IN
3411857408,3411861503,JP
3411861504,3411869695,AU
3411869696,3411943423,CN
3411943424,3411951615,NZ
3411951616,3411967999,LK
3411968000,3411984383,AU
3411984384,3412000767,IN
3412000768,3412002815,CN
3412002816,3412004863,GU
3412004864,3412017151,JP
3412017152,3412025343,SG
3412025344,3412049919,CN
3412049920,3412050943,HK
3412050944,3412051967,KH
3412051968,3412055039,CN
3412055040,3412056063,HK
3412056064,3412057087,IN
3412057088,3412058111,BD
3412058112,3412066303,CN
3412066304,3412107263,NZ
3412107264,3412108287,LK
3412108288,3412109311,HK
3412109312,3412110335,PK
3412110336,3412111359,AU
3412111360,3412112321,US
3412112322,3412112322,AU
3412112323,3412112383,US
3412112384,3412113407,PH
3412113408,3412114431,US
3412114432,3412115455,BD
3412115456,3412123647,NZ
3412123648,3412124671,BD
3412124672,3412125695,ID
3412125696,3412126719,AU
3412126720,3412127743,JP
3412127744,3412128767,MM
3412128768,3412129791,PH
3412129792,3412131839,AU
3412131840,3412213759,NZ
3412213760,3412214015,US
3412214016,3412214527,AU
3412214528,3412214783,AT
3412214784,3412215039,GB
3412215040,3412215807,AU
3412216064,3412216831,AU
3412216832,3412217343,MN
3412217344,3412217599,US
3412217600,3412221951,AU
3412221952,3412230143,IN
3412230144,3412246527,HK
3412246528,3412246663,AU
3412246664,3412246671,US
3412246672,3412246815,AU
3412246816,3412246911,US
3412246912,3412247063,AU
3412247064,3412247103,US
3412247104,3412247167,AU
3412247168,3412247295,US
3412247296,3412249263,AU
3412249264,3412249271,US
3412249272,3412249983,AU
3412249984,3412250015,US
3412250016,3412250031,AU
3412250032,3412250047,US
3412250048,3412251967,AU
3412251968,3412252031,SG
3412252032,3412252063,US
3412252064,3412252087,AU
3412252088,3412252095,US
3412252096,3412252103,AU
3412252104,3412252111,US
3412252112,3412252127,AU
3412252128,3412252159,US
3412252160,3412254719,AU
3412254720,3412262911,NR
3412262912,3412264959,JP
3412264960,3412271103,CN
3412273152,3412275199,IN
3412275200,3412279295,PK
3412279296,3412280831,NZ
3412280832,3412281087,PK
3412281088,3412281343,NZ
3412281344,3412283391,JP
3412283392,3412287487,CN
3412287488,3412295679,ID
3412295680,3412296191,NZ
3412296192,3412296703,ID
3412296704,3412297727,NZ
3412297728,3412298751,MY
3412298752,3412299263,TH
3412299520,3412299775,HK
3412299776,3412300287,BD
3412300288,3412300799,TW
3412300800,3412301311,MY
3412301312,3412302847,AU
3412302848,3412303871,WS
3412303872,3412312063,PK
3412312064,3412320255,IN
3412320256,3412322303,JP
3412322304,3412324351,PH
3412324352,3412326399,JP
3412326400,3412327423,VN
3412327424,3412327935,TH
3412327936,3412328191,HK
3412328192,3412328447,WS
3412328448,3412336639,AU
3412336640,3412342783,CN
3412342784,3412343039,AU
3412343040,3412343295,ID
3412343296,3412343551,CN
3412343552,3412343807,AU
3412343808,3412344063,CN
3412344064,3412344319,AU
3412344320,3412344575,NZ
3412344576,3412344831,CN
3412344832,3412348927,IN
3412348928,3412361215,CN
3412361216,3412363007,JP
3412363008,3412363263,SG
3412363264,3412369407,JP
3412369408,3412377599,KR
3412377600,3412381695,CN
3412381696,3412382207,US
3412382208,3412382463,HK
3412382464,3412382719,US
3412382720,3412383743,IL
3412383744,3412385791,US
3412385792,3412393983,AU
3412393984,3412426751,IN
3412426752,3412427007,HK
3412427008,3412427263,TH
3412427264,3412428287,HK
3412428288,3412428543,VN
3412428544,3412429311,HK
3412429312,3412429823,TH
3412429824,3412431359,HK
3412431360,3412431871,TH
3412431872,3412432895,HK
3412432896,3412433791,TH
3412433792,3412433823,HK
3412433824,3412434687,TH
3412434688,3412434943,HK
3412434944,3412443135,PK
3412443136,3412451327,SG
3412451328,3412594687,AU
3412594688,3412596735,US
3412596736,3412598783,MV
3412598784,3412602879,CN
3412602880,3412606975,NC
3412606976,3412615167,PH
3412615168,3412631551,JP
3412631552,3412639743,SG
3412639744,3412656127,JP
3412656128,3412672511,HK
3412672512,3412680703,JP
3412680704,3412697087,CN
3412697088,3412705279,IN
3412705280,3412713471,AU
3412713472,3412721663,TW
3412721664,3412787199,MY
3412787200,3412819967,CN
3412819968,3412852735,TH
3412852736,3412918271,AU
3412918272,3412926463,KR
3412926464,3412927487,IN
3412927488,3412928511,MM
3412928512,3412929535,PK
3412929536,3412930559,IN
3412930560,3412931583,MM
3412931584,3412932607,US
3412932608,3412933631,HK
3412933632,3412934655,US
3412934656,3412951039,IN
3412951040,3413000191,NZ
3413000192,3413004287,LA
3413004288,3413008383,IN
3413008384,3413016575,JP
3413016576,3413024767,AU
3413024768,3413032959,CN
3413032960,3413033215,US
3413033216,3413033471,AU
3413033472,3413033727,US
3413033728,3413036287,AU
3413036288,3413036543,US
3413036544,3413037055,AU
3413037056,3413041151,CN
3413041152,3413043199,JP
3413043200,3413043967,CN
3413043968,3413044223,AU
3413044224,3413045247,HK
3413045248,3413047295,IN
3413047296,3413098495,AU
3413098496,3413102591,JP
3413102592,3413106687,TW
3413106688,3413110783,PH
3413110784,3413112831,JP
3413112832,3413113855,IN
3413113856,3413114879,ID
3413114880,3413133311,JP
3413133312,3413135359,BD
3413135360,3413139455,HK
3413139456,3413147647,AU
3413147648,3413155839,IN
3413155840,3413164031,SG
3413164032,3413172223,BD
3413172224,3413172735,HK
3413172736,3413173247,MY
3413173248,3413173503,HK
3413173504,3413177343,MY
3413177344,3413179903,HK
3413179904,3413180159,MY
3413180160,3413180415,HK
3413180416,3413213183,TH
3413213184,3413229567,VN
3413229568,3413245951,AU
3413245952,3413262335,JP
3413262336,3413263359,PH
3413263360,3413264383,TH
3413264384,3413265407,SG
3413265408,3413266431,AU
3413266432,3413270527,CN
3413270528,3413278719,TH
3413278720,3413295103,NZ
3413295104,3413303295,JP
3413303296,3413304319,ID
3413304320,3413305343,JP
3413305344,3413306367,IN
3413306368,3413307391,ID
3413307392,3413308415,IN
3413308416,3413309439,CN
3413309440,3413310463,JP
3413310464,3413311487,HK
3413311488,3413327871,LK
3413327872,3413344255,IN
3413344256,3413360639,PH
3413360640,3413377023,MY
3413377024,3413524479,SG
3413524480,3413540863,TH
3413540864,3413557247,NZ
3413557248,3413565439,CN
3413565440,3413569535,TW
3413569536,3413569791,SG
3413569792,3413570047,CN
3413570048,3413570303,KH
3413570304,3413570559,AU
3413570560,3413571583,PH
3413571584,3413572607,CN
3413572608,3413573631,JP
3413573632,3413573887,AU
3413573888,3413574143,JP
3413574144,3413574399,HK
3413574400,3413574655,TW
3413574656,3413575679,PH
3413575680,3413576703,VN
3413576704,3413576959,AU
3413576960,3413577215,ID
3413577216,3413577471,AU
3413577472,3413577727,US
3413577728,3413578751,JP
3413578752,3413579007,PK
3413579008,3413579263,AU
3413579264,3413579775,JP
3413579776,3413582847,CN
3413582848,3413583871,VN
3413583872,3413584127,JP
3413584128,3413584383,ID
3413584384,3413584639,AU
3413584896,3413585919,VN
3413585920,3413586175,ID
3413586176,3413586687,IN
3413586688,3413586943,FJ
3413586944,3413587967,ID
3413588224,3413588479,MY
3413588480,3413593087,VN
3413593088,3413593599,AU
3413593600,3413593855,SG
3413593856,3413594111,KH
3413594112,3413595135,CN
3413595136,3413595391,AU
3413595392,3413595647,CN
3413595648,3413595903,AU
3413595904,3413596159,HK
3413596160,3413596671,US
3413596672,3413597183,NP
3413597696,3413597951,TW
3413597952,3413598207,AU
3413599232,3413602303,AU
3413602304,3413602559,ID
3413602560,3413639167,CN
3413639168,3413639423,SG
3413639424,3413640959,JP
3413640960,3413643519,SG
3413643520,3413643775,JP
3413643776,3413644287,SG
3413644288,3413645311,JP
3413645312,3413646079,SG
3413646080,3413647871,JP
3413647872,3413648383,SG
3413648384,3413649407,JP
3413649408,3413649663,SG
3413649664,3413650175,JP
3413650176,3413650687,SG
3413650688,3413652735,JP
3413652736,3413653247,SG
3413653248,3413654015,JP
3413654016,3413654271,SG
3413654272,3413655039,JP
3413655040,3413655295,SG
3413655296,3413656831,JP
3413656832,3413657087,SG
3413657088,3413657343,JP
3413657344,3413657599,SG
3413657600,3413658879,JP
3413658880,3413659135,SG
3413659136,3413659903,JP
3413659904,3413660159,SG
3413660160,3413661183,JP
3413661184,3413661439,SG
3413661440,3413661951,JP
3413661952,3413662463,SG
3413662464,3413662719,JP
3413662720,3413663231,SG
3413663232,3413665023,JP
3413665024,3413665279,SG
3413665280,3413665535,JP
3413665536,3413665791,SG
3413665792,3413667327,JP
3413667328,3413667583,SG
3413667584,3413667839,JP
3413667840,3413669887,SG
3413669888,3413670143,JP
3413670144,3413670399,SG
3413670400,3413670911,JP
3413670912,3413671167,SG
3413671168,3413671423,JP
3413671424,3413671679,SG
3413671680,3413671935,JP
3413671936,3413672447,SG
3413672448,3413672959,JP
3413672960,3413673983,SG
3413673984,3413674239,JP
3413674240,3413674495,SG
3413674496,3413675007,JP
3413675008,3413675519,SG
3413675520,3413676031,JP
3413676032,3413676543,SG
3413676544,3413677311,JP
3413677312,3413677567,SG
3413677568,3413678079,JP
3413678080,3413678591,SG
3413678592,3413679359,JP
3413679360,3413679615,SG
3413679616,3413679871,JP
3413679872,3413680127,SG
3413680128,3413681407,JP
3413681408,3413681663,SG
3413681664,3413682175,JP
3413682176,3413682687,SG
3413682688,3413683199,JP
3413683200,3413683455,SG
3413683456,3413683967,JP
3413683968,3413684479,SG
3413684480,3413684735,JP
3413684736,3413685247,SG
3413685248,3413685503,JP
3413685504,3413685759,SG
3413685760,3413686015,JP
3413686016,3413686271,SG
3413686272,3413687039,JP
3413687040,3413687295,SG
3413687296,3413687551,JP
3413687552,3413687807,SG
3413687808,3413688319,JP
3413688320,3413688575,SG
3413688576,3413689343,JP
3413689344,3413689599,SG
3413689600,3413689855,JP
3413689856,3413690111,SG
3413690112,3413690623,JP
3413690624,3413691391,SG
3413691392,3413691903,JP
3413691904,3413692159,SG
3413692160,3413692415,JP
3413692416,3413692671,SG
3413692672,3413692927,JP
3413692928,3413693183,SG
3413693184,3413693439,JP
3413693440,3413693695,SG
3413693696,3413693951,JP
3413693952,3413694719,SG
3413694720,3413694975,JP
3413694976,3413695487,SG
3413695488,3413695743,JP
3413695744,3413696511,SG
3413696512,3413697535,JP
3413697536,3413699327,SG
3413699328,3413699583,JP
3413699584,3413699839,SG
3413699840,3413700351,JP
3413700352,3413700607,SG
3413700608,3413701119,JP
3413701120,3413701887,SG
3413701888,3413702399,JP
3413702400,3413703167,SG
3413703168,3413703423,JP
3413703424,3413704447,SG
3413704448,3413704703,JP
3413704704,3413737471,MY
3413737472,3413742079,TH
3413742080,3413742591,JP
3413742592,3413744127,TH
3413744128,3413745407,JP
3413745408,3413747455,TH
3413747456,3413747711,JP
3413747712,3413748223,TH
3413748224,3413748479,JP
3413748480,3413749503,TH
3413749504,3413750271,JP
3413750272,3413751039,TH
3413751040,3413751295,JP
3413751296,3413751551,TH
3413751552,3413752063,JP
3413752064,3413752575,TH
3413752576,3413752831,JP
3413752832,3413753087,TH
3413753088,3413753855,JP
3413753856,3413762047,AU
3413762048,3413770239,TW
3413770240,3413786623,IN
3413786624,3413835775,AU
3413835776,3413843967,SG
3413843968,3413848063,IN
3413848064,3413850111,SG
3413850112,3413850623,ID
3413850624,3413850879,CN
3413850880,3413851135,AU
3413851136,3413852159,ID
3413852160,3413856255,AU
3413856256,3413860351,ZA
3413860352,3413868543,AU
3413868544,3413884927,HK
3413884928,3413893119,KR
3413893120,3413901311,ID
3413901312,3413902847,SG
3413902848,3413903359,JP
3413903360,3413905407,HK
3413905408,3413907455,NZ
3413907456,3413917695,PK
3413917696,3413925887,JP
3413925888,3413934079,SG
3413934080,3413946367,IN
3413946368,3413950463,AU
3413950464,3413966847,IN
3413966848,3414163455,SG
3414163456,3414171647,PK
3414171648,3414179839,CN
3414179840,3414188031,ID
3414188032,3414196223,CN
3414196224,3414204415,AU
3414204416,3414220799,KR
3414220800,3414222847,CN
3414222848,3414223871,AU
3414223872,3414224895,KR
3414224896,3414226943,VN
3414226944,3414227967,ID
3414227968,3414228991,PK
3414230016,3414230527,PH
3414230528,3414231039,KR
3414231040,3414233087,CN
3414233088,3414245375,AU
3414245376,3414253567,HK
3414253568,3414261759,JP
3414261760,3414269951,AU
3414269952,3414278143,JP
3414278144,3414294527,IN
3414294528,3414302719,PK
3414302720,3414310911,CN
3414310912,3414327295,KR
3414327296,3414335487,TH
3414335488,3414339583,AU
3414339584,3414343679,KR
3414343680,3414360063,ID
3414360064,3414376447,AU
3414376448,3414409215,PH
3414409216,3414413311,JP
3414413312,3414417407,TH
3414417408,3414421503,HK
3414421504,3414421535,JP
3414421536,3414421551,HK
3414421552,3414422527,JP
3414422528,3414422783,HK
3414422784,3414423919,JP
3414423920,3414423935,HK
3414423936,3414425599,JP
3414425600,3414426623,HK
3414426624,3414427647,NZ
3414427648,3414429695,AU
3414429696,3414429951,CA
3414429952,3414430207,SG
3414430208,3414430463,CA
3414430464,3414430719,US
3414430720,3414430975,CA
3414430976,3414431231,SG
3414431232,3414431743,FR
3414431744,3414431999,NL
3414432000,3414432511,CA
3414432512,3414432767,FR
3414432768,3414433023,CA
3414433024,3414433279,SG
3414433280,3414433791,CA
3414433792,3414441983,CN
3414441984,3414450175,AU
3414450176,3414458367,JP
3414458368,3414466559,IN
3414466560,3414474751,KR
3414474752,3414478847,HK
3414478848,3414482943,IN
3414482944,3414491135,AU
3414491136,3414523903,TW
3414523904,3414532095,JP
3414532096,3414540287,KR
3414540288,3414555647,JP
3414555648,3414556671,PK
3414556672,3414605823,AU
3414605824,3414616063,IN
3414616064,3414618111,ID
3414618112,3414620159,CN
3414620160,3414620671,IN
3414620672,3414621183,NP
3414622208,3414638591,PK
3414638592,3414646783,TW
3414646784,3414654975,CN
3414654976,3414663167,HK
3414663168,3414667263,CN
3414667264,3414669311,ID
3414669312,3414670335,AU
3414670336,3414670591,IN
3414670592,3414670847,SG
3414670848,3414671359,MY
3414671360,3415080959,JP
3415080960,3415082239,MY
3415082240,3415082495,MX
3415082496,3415083007,MY
3415083008,3415083519,AU
3415083520,3415083775,JP
3415083776,3415085055,US
3415085056,3415087615,SG
3415087616,3415087871,ID
3415087872,3415089151,SG
3415089152,3415097343,MY
3415097344,3415103487,ID
3415103488,3415113727,HK
3415113728,3415121919,AU
3415121920,3415130111,KR
3415130112,3415136255,JP
3415136256,3415136767,KR
3415136768,3415137023,PK
3415137024,3415137279,CN
3415137280,3415137535,IN
3415137536,3415137791,NF
3415137792,3415138303,AU
3415138304,3415146495,CN
3415146496,3415162879,LK
3415162880,3415171071,AU
3415171072,3415179263,JP
3415179264,3415187455,SG
3415187456,3415191551,AU
3415191552,3415195647,IN
3415195648,3415212031,AU
3415212032,3415213055,PH
3415213056,3415220223,AU
3415220224,3415224319,NZ
3415224320,3415228415,US
3415228416,3415236607,KH
3415236608,3415244799,CN
3415244800,3415277567,TH
3415277568,3415285759,CN
3415285760,3415286271,BD
3415286272,3415286783,ID
3415286784,3415287551,BD
3415287552,3415287807,IN
3415287808,3415288319,HK
3415288320,3415288831,IN
3415288832,3415289855,VN
3415289856,3415290367,IN
3415290368,3415290879,MY
3415290880,3415292415,IN
3415292416,3415293951,ID
3415293952,3415302143,HK
3415302144,3415306239,JP
3415306240,3415308287,TH
3415308288,3415310335,JP
3415310336,3415326719,IN
3415326720,3415334911,TW
3415334912,3415343103,JP
3415343104,3415425023,TH
3415425024,3415431167,NC
3415431168,3415432191,IN
3415432192,3415435263,AU
3415436288,3415436799,AU
3415436800,3415437311,HK
3415437312,3415441407,JP
3415441408,3415445503,KH
3415445504,3415449599,US
3415449600,3415474175,SG
3415474176,3415495679,CN
3415495680,3415496191,ID
3415496192,3415496703,CN
3415496704,3415497727,BD
3415497728,3415497983,PH
3415497984,3415498751,AU
3415498752,3415506943,JP
3415506944,3415556095,TH
3415556096,3415563263,AU
3415563264,3415564287,CN
3415564288,3415568383,JP
3415568384,3415572479,KR
3415572480,3415605247,SG
3415605248,3415737599,TH
3415737600,3415737855,JP
3415737856,3415738879,TH
3415738880,3415739135,JP
3415739136,3415740159,TH
3415740160,3415740415,JP
3415740416,3415741695,TH
3415741696,3415741951,JP
3415741952,3415742207,TH
3415742208,3415742463,JP
3415742464,3415746047,TH
3415746048,3415746303,JP
3415746304,3415746815,TH
3415746816,3415747071,JP
3415747072,3415747839,TH
3415747840,3415748351,JP
3415748352,3415749375,TH
3415749376,3415749887,JP
3415749888,3415750143,TH
3415750144,3415750399,JP
3415750400,3415751423,TH
3415751424,3415752191,JP
3415752192,3415752703,TH
3415752704,3415760895,CN
3415760896,3415769087,NZ
3415769088,3415777279,CN
3415777280,3415785471,KR
3415785472,3415793663,JP
3415793664,3415801855,AU
3415801856,3415802879,CN
3415802880,3415803391,HK
3415803392,3415805951,PH
3415805952,3415806975,AU
3415806976,3415810047,ID
3415810048,3415814143,IN
3415814400,3415814655,ID
3415814656,3415815167,TH
3415815168,3415816191,IN
3415816192,3415817215,JP
3415817216,3415818239,BD
3415818240,3415822335,JP
3415822336,3415826431,MY
3415826432,3415834623,ID
3415834624,3415838719,TH
3415838720,3415842815,KR
3415842816,3415851007,TH
3415851008,3415855103,AU
3415855104,3415856127,IN
3415856128,3415858175,ID
3415858176,3415859199,LK
3415859200,3415867391,AU
3415867392,3416047615,TH
3416047616,3416063999,CN
3416064000,3416131583,TH
3416131584,3416133631,PH
3416133632,3416135679,CN
3416135680,3416137727,MY
3416137728,3416145919,AU
3416145920,3416154111,IN
3416154112,3416215551,TH
3416215552,3416215807,BR
3416215808,3416216063,IL
3416216064,3416216319,SE
3416216320,3416216575,DE
3416216576,3416216831,SG
3416216832,3416217087,US
3416217088,3416217343,SG
3416217344,3416217599,US
3416217600,3416217855,SG
3416217856,3416218111,US
3416218112,3416218367,NL
3416218368,3416218623,US
3416218624,3416260607,TH
3416260608,3416261119,VN
3416261120,3416261631,AU
3416261632,3416262655,TH
3416262656,3416264703,AU
3416264704,3416268799,JP
3416268800,3416272127,HK
3416272128,3416272383,SG
3416272384,3416272639,TH
3416272640,3416272895,MY
3416272896,3416273919,ID
3416273920,3416274943,CN
3416274944,3416276991,ID
3416276992,3416285183,HK
3416285184,3416287231,VN
3416287232,3416289279,CN
3416289280,3416290303,US
3416290304,3416290559,SA
3416290560,3416290815,RO
3416290816,3416292607,US
3416292608,3416292863,BE
3416292864,3416293119,US
3416293120,3416293375,SA
3416293376,3416293631,ID
3416293632,3416293887,CN
3416293888,3416294399,KR
3416294400,3416295423,VN
3416295424,3416295679,IN
3416295680,3416295935,US
3416296448,3416297471,KR
3416297472,3416301567,TW
3416301568,3416309759,PH
3416309760,3416317951,CN
3416317952,3416326143,TW
3416326144,3416327167,CN
3416327168,3416328191,HK
3416328192,3416330239,AU
3416330240,3416334335,ID
3416334336,3416337663,US
3416337664,3416337919,NL
3416337920,3416342527,US
3416342528,3416371199,AU
3416371200,3416371711,PH
3416371712,3416371967,VN
3416371968,3416372223,PK
3416372480,3416372735,SG
3416372736,3416372991,AU
3416372992,3416373247,CN
3416373248,3416373759,ID
3416373760,3416374015,AU
3416374016,3416374271,NZ
3416374272,3416374527,PH
3416374528,3416374783,IN
3416374784,3416375295,ID
3416375296,3416383487,CN
3416383488,3416391679,HK
3416391680,3416457215,VN
3416457216,3416489983,JP
3416489984,3416506367,VN
3416506368,3416514559,TW
3416514560,3416522751,IN
3416522752,3416588287,AU
3416588288,3416653823,JP
3416653824,3416686591,AU
3416686592,3416690687,SG
3416690688,3416694271,US
3416694272,3416694783,SG
3416694784,3416702975,CN
3416702976,3416707071,ID
3416707072,3416709119,KR
3416709120,3416709375,AU
3416709376,3416709631,ID
3416709632,3416710143,AU
3416710144,3416711167,HK
3416711168,3416719359,AU
3416719360,3416721407,PH
3416721408,3416723455,VN
3416723456,3416724479,KH
3416724480,3416724991,HK
3416724992,3416725247,EG
3416725248,3416725503,HK
3416725504,3416726527,AU
3416726528,3416727551,CN
3416727552,3416735743,JP
3416735744,3416752127,PH
3416752128,3416784895,NZ
3416784896,3416793087,CN
3416793088,3416801279,AU
3416801280,3416817663,JP
3416817664,3416818687,SG
3416818688,3416819711,HK
3416819712,3416825855,US
3416825856,3416834047,MY
3416834048,3416838143,SG
3416838144,3416840191,PH
3416840192,3416841215,AU
3416841216,3416850431,HK
3416851456,3416851967,KR
3416851968,3416852223,TW
3416852224,3416852479,NZ
3416852480,3416854527,JP
3416854528,3416856575,AU
3416856576,3416858623,BD
3416858624,3416862719,HK
3416862720,3416863743,MN
3416863744,3416864767,ID
3416864768,3416866815,HK
3416866816,3416883199,SG
3416883200,3416915967,HK
3416915968,3416920063,AU
3416920064,3416921087,TH
3416921088,3416922111,PH
3416922112,3416922367,AU
3416922624,3416923135,VN
3416923136,3416924159,HK
3416924160,3416928255,JP
3416928256,3416928511,IN
3416928512,3416928767,HK
3416928768,3416929279,TH
3416929280,3416929535,JP
3416929536,3416929551,HK
3416929552,3416930303,JP
3416930304,3416930559,NZ
3416930560,3416930815,AU
3416930816,3416931327,CN
3416931328,3416932351,IN
3416932352,3416936447,PK
3416936448,3416939007,AU
3416939008,3416939519,JP
3416939520,3416940543,AU
3416940544,3416948735,KR
3416948736,3416981503,TH
3416981504,3416982527,CN
3416982528,3416982783,NZ
3416982784,3416983039,AU
3416983040,3416983551,PH
3416983552,3416985599,JP
3416985600,3416989695,VN
3416989696,3416997887,NZ
3416997888,3417006079,PT
3417006080,3417014271,AF
3417014272,3417022463,JP
3417022464,3417030655,KR
3417030656,3417034751,AU
3417034752,3417035007,CN
3417035008,3417035775,IN
3417035776,3417036799,JP
3417036800,3417037823,ID
3417037824,3417038079,AU
3417038080,3417038335,ID
3417038336,3417038591,IN
3417038592,3417038847,NZ
3417038848,3417042943,CN
3417042944,3417044991,IN
3417044992,3417046015,AU
3417046016,3417047039,KH
3417047040,3417055231,PH
3417055232,3417112575,TH
3417112576,3417128959,AU
3417128960,3417135103,JP
3417135104,3417137151,ID
3417137152,3417145343,KR
3417145344,3417178111,NZ
3417179136,3417179391,CN
3417179392,3417179647,ID
3417179648,3417180159,CN
3417180160,3417182207,ID
3417182208,3417182719,MY
3417182720,3417184255,IN
3417184256,3417184767,AU
3417184768,3417185023,MN
3417185024,3417185279,AF
3417185280,3417185791,SG
3417185792,3417186303,NZ
3417186304,3417194495,HK
3417194496,3417198591,JP
3417198592,3417200639,SG
3417200640,3417202687,JP
3417202688,3417210879,CN
3417210880,3417227263,AU
3417227264,3417243647,JP
3417243648,3417244671,PH
3417244672,3417245695,IN
3417245696,3417246719,ID
3417246720,3417247743,HK
3417247744,3417251839,JP
3417251840,3417260031,KR
3417260032,3417264127,PK
3417264128,3417268223,JP
3417268224,3417268735,VN
3417269248,3417270271,ID
3417270272,3417270783,TW
3417270784,3417271295,VN
3417271296,3417271807,BD
3417271808,3417272063,NZ
3417272320,3417275391,AU
3417275392,3417276415,ID
3417276416,3417284607,CN
3417284608,3417288703,SG
3417288704,3417289215,IN
3417289216,3417289727,AU
3417289728,3417291263,IN
3417291264,3417291775,AU
3417291776,3417292799,KR
3417292800,3417333759,CN
3417333760,3417337855,AU
3417337856,3417338367,IN
3417338368,3417338879,HK
3417338880,3417339903,NZ
3417339904,3417340415,AU
3417340416,3417340927,NZ
3417340928,3417341951,HK
3417341952,3417346047,KH
3417346048,3417348095,MY
3417348096,3417348351,AU
3417348352,3417348607,IN
3417348608,3417349119,NZ
3417349120,3417349631,IN
3417349632,3417350143,AU
3417350144,3417352191,VN
3417352192,3417354239,CN
3417354240,3417356287,ID
3417356288,3417357311,AU
3417357312,3417357567,NZ
3417357568,3417357823,AU
3417357824,3417358335,PK
3417358336,3417374719,HK
3417374720,3417440255,PH
3417440256,3417833471,JP
3417833472,3417849855,NZ
3417849856,3417853951,US
3417853952,3417858047,CN
3417858048,3417866239,JP
3417866240,3417915391,HK
3417915392,3417939967,TH
3417939968,3417946111,PF
3417946112,3417946375,AU
3417946376,3417946383,MY
3417946384,3417946495,AU
3417946496,3417946503,US
3417946504,3417947135,AU
3417947136,3417947391,TH
3417947392,3417947647,CN
3417947648,3417947903,AU
3417947904,3417948159,IN
3417948160,3417964543,AU
3417964544,3418030079,HK
3418030080,3418062847,TW
3418062848,3418071039,US
3418071040,3418079231,CN
3418079232,3418095615,IN
3418095616,3418111999,TH
3418112000,3418128383,HK
3418128384,3418136575,AU
3418136576,3418137599,IN
3418137600,3418137855,NL
3418137856,3418138111,US
3418138112,3418138367,NL
3418138368,3418138623,PT
3418138624,3418138879,BR
3418138880,3418139135,IL
3418139136,3418139391,JP
3418139392,3418139647,US
3418139648,3418139903,AT
3418139904,3418140415,NL
3418140416,3418140671,CR
3418140672,3418141951,NL
3418141952,3418142207,DE
3418142208,3418142463,GB
3418142464,3418142719,FR
3418142720,3418143999,NL
3418144000,3418144255,KE
3418144256,3418144511,CY
3418144512,3418144767,SG
3418144768,3418148863,TW
3418148864,3418150911,JP
3418150912,3418152959,AU
3418152960,3418155007,TH
3418155008,3418157055,MY
3418157056,3418161151,BD
3418161152,3418161663,CN
3418161664,3418162431,AU
3418162432,3418162687,IN
3418162688,3418163199,CN
3418163200,3418165247,PH
3418165248,3418167295,MY
3418167296,3418167551,NZ
3418167552,3418167807,AU
3418167808,3418168319,HK
3418168320,3418169343,VN
3418169344,3418177535,JP
3418177536,3418181631,LK
3418181632,3418183679,AU
3418183680,3418184191,ID
3418184448,3418184959,IN
3418184960,3418185727,AU
3418185728,3418189823,JP
3418189824,3418190847,CN
3418190848,3418191871,PH
3418191872,3418192895,ID
3418192896,3418193919,AU
3418193920,3418202111,KH
3418202112,3418206207,HK
3418206208,3418208255,IN
3418208256,3418210303,LK
3418210304,3418218495,CN
3418218496,3418220543,PK
3418220544,3418221567,JP
3418221568,3418222591,PS
3418222592,3418223615,CN
3418223616,3418226687,IN
3418226688,3418227711,LT
3418227712,3418228735,KR
3418228736,3418230783,BD
3418230784,3418232831,TW
3418232832,3418233343,AU
3418233344,3418233855,KR
3418233856,3418234879,JP
3418234880,3418235903,BD
3418235904,3418236415,ID
3418236928,3418241023,ID
3418241024,3418243071,US
3418243072,3418243327,HK
3418243328,3418243583,PH
3418243584,3418243839,HK
3418243840,3418244095,PH
3418244096,3418244351,HK
3418244352,3418251263,PH
3418251264,3418255359,CN
3418255360,3418257407,ID
3418257408,3418259455,HK
3418259456,3418267647,IN
3418267648,3418271743,VN
3418271744,3418273791,SG
3418273792,3418275839,ID
3418275840,3418279935,AU
3418279936,3418281983,NZ
3418281984,3418282239,NR
3418282240,3418282495,NZ
3418282496,3418283007,PH
3418283520,3418284031,AU
3418284032,3418286079,JP
3418286080,3418287103,AU
3418287104,3418288127,JP
3418288128,3418290175,ID
3418290176,3418290431,IN
3418290432,3418290687,CN
3418290688,3418291199,TH
3418291200,3418291711,AU
3418291712,3418292223,BD
3418292224,3418292991,CN
3418292992,3418293503,HK
3418293504,3418293759,CN
3418293760,3418294015,AU
3418294016,3418294271,CN
3418294272,3418296319,VN
3418296320,3418300415,CN
3418300416,3418300927,BD
3418300928,3418301439,IN
3418301440,3418302463,US
3418302464,3418304511,ID
3418304512,3418306559,VN
3418306560,3418308607,IN
3418308608,3418324991,CN
3418324992,3418326015,VU
3418326016,3418326271,AU
3418326272,3418326527,CN
3418326528,3418327039,KR
3418327040,3418329087,JP
3418329088,3418333183,CN
3418333184,3418345471,AU
3418345472,3418357759,JP
3418357760,3418365951,CN
3418365952,3418374143,TH
3418374144,3418382335,AU
3418382336,3418396415,JP
3418396416,3418396671,PH
3418396672,3418396839,TW
3418396840,3418396847,PH
3418396848,3418396927,TW
3418396928,3418397183,HK
3418397184,3418397439,SG
3418397440,3418397695,PH
3418397696,3418397951,HK
3418397952,3418398207,KR
3418398208,3418399231,JP
3418399232,3418399487,TW
3418399488,3418399743,SG
3418399744,3418400255,KR
3418400256,3418400511,AU
3418400512,3418400767,NZ
3418400768,3418401279,SG
3418401280,3418401791,TW
3418401792,3418402815,JP
3418402816,3418403327,SG
3418403328,3418403583,HK
3418403584,3418403839,AU
3418403840,3418404095,HK
3418404096,3418404351,TW
3418404352,3418404607,DE
3418404608,3418404863,GB
3418404864,3418405119,HK
3418405120,3418405631,AU
3418405632,3418405887,SG
3418405888,3418406143,PH
3418406144,3418406655,JP
3418406656,3418406911,PH
3418406912,3418423295,IN
3418423296,3418456063,HK
3418456064,3418472447,IN
3418472448,3418480639,AU
3418480640,3418488831,CN
3418488832,3418505215,AU
3418505216,3418513407,JP
3418513408,3418517503,IN
3418517504,3418518527,ID
3418518528,3418519551,BD
3418519552,3418521599,CN
3418521600,3418554367,HK
3418554368,3418570751,VN
3418570752,3418578943,CN
3418578944,3418583039,TH
3418583040,3418585087,CN
3418585088,3418586111,SG
3418586112,3418586367,NZ
3418586368,3418586623,SG
3418586624,3418587135,AU
3418587136,3418623999,CN
3418624000,3418626047,JP
3418626048,3418627071,VN
3418627072,3418628095,CN
3418628096,3418636287,AU
3418636288,3418642943,JP
3418642944,3418643199,ID
3418643200,3418643455,JP
3418643456,3418644479,AU
3418644480,3418652671,JP
3418652672,3418750975,IN
3418750976,3418816511,HK
3418816512,3418947583,IN
3418947584,3418955775,AU
3418955776,3418959871,TW
3418959872,3418960383,BD
3418960384,3418960895,ID
3418960896,3418961919,JP
3418961920,3418962943,VN
3418962944,3418963967,IN
3418963968,3418988543,AU
3418988544,3418992639,ID
3418992640,3418993663,SG
3418993664,3418993919,PH
3418993920,3418994431,CN
3418994432,3418994687,AU
3418994688,3418995711,MY
3418995712,3418996223,MM
3418996224,3418996735,ID
3418996736,3419013119,IN
3419013120,3419062271,AU
3419062272,3419070463,JP
3419070464,3419072511,HK
3419072512,3419073023,TR
3419073280,3419073535,FJ
3419073536,3419074559,CN
3419074560,3419078655,BD
3419078656,3419209727,TW
3419209728,3419226111,VN
3419226112,3419234303,CN
3419234304,3419242495,JP
3419242496,3419275263,CN
3419275264,3419340799,AU
3419340800,3419344895,TW
3419344896,3419348991,KR
3419348992,3419353087,TW
3419353088,3419354111,JP
3419354112,3419356159,ID
3419356160,3419356671,NZ
3419356672,3419356927,IN
3419356928,3419357183,TH
3419357184,3419406335,CN
3419411456,3419411711,HK
3419411712,3419411967,NZ
3419411968,3419412223,HK
3419412224,3419412479,JP
3419412480,3419414527,PH
3419414528,3419422719,CN
3419422720,3419439103,AU
3419439104,3419471871,SG
3419471872,3419504639,TH
3419504640,3419508735,HK
3419508736,3419512831,JP
3419512832,3419516927,AU
3419516928,3419517951,JP
3419517952,3419518975,VN
3419518976,3419519999,JP
3419520000,3419520767,ID
3419520768,3419521023,TH
3419521024,3419529215,AU
3419529216,3419537407,CN
3419537408,3419541503,HK
3419541504,3419553791,KR
3419553792,3419557887,AU
3419557888,3419558399,IN
3419558400,3419558655,AU
3419558656,3419559935,ID
3419559936,3419560959,JP
3419560960,3419561471,AU
3419561472,3419561983,ID
3419561984,3419570175,AU
3419570176,3419602943,VN
3419602944,3419611135,TW
3419611136,3419617279,JP
3419617280,3419618303,PH
3419618304,3419619327,SG
3419619328,3419635711,NZ
3419635712,3419643903,SG
3419643904,3419668479,JP
3419668480,3419672575,CN
3419672576,3419674623,AU
3419674624,3419675647,IN
3419675648,3419676671,PK
3419676672,3419684863,JP
3419684864,3419688959,IN
3419688960,3419693055,CN
3419693056,3419701247,KR
3419701248,3419709439,AU
3419709440,3419717631,KR
3419717632,3419734015,IN
3419734016,3419774975,AU
3419774976,3419783167,JP
3419783168,3419791359,PH
3419791360,3419873279,AU
3419873280,3419877375,AF
3419877376,3419877631,ID
3419877632,3419877887,IN
3419877888,3419878143,ID
3419878400,3419879423,GU
3419879424,3419880447,JP
3419880448,3419881471,MM
3419881472,3419897855,PH
3419897856,3419906047,AU
3419906048,3419914239,PK
3419914240,3419922431,KR
3419922432,3419924479,JP
3419924480,3419926527,CN
3419926528,3419930623,HK
3419930624,3419971583,JP
3419971584,3419979775,KR
3419979776,3419996159,JP
3419996160,3420020735,AU
3420020736,3420028927,TW
3420028928,3420029951,MY
3420029952,3420030975,ID
3420030976,3420031231,IN
3420031232,3420031487,US
3420031488,3420031999,MN
3420032000,3420032255,ID
3420032256,3420032511,AU
3420032512,3420033023,NZ
3420033024,3420034047,IN
3420034048,3420034559,US
3420034560,3420035071,AU
3420036096,3420037119,JP
3420037120,3420038143,AU
3420038144,3420039167,CN
3420039168,3420040191,KH
3420040192,3420040703,ID
3420040704,3420040959,IN
3420041216,3420042239,MY
3420042240,3420043263,JP
3420043264,3420044287,SG
3420044288,3420045311,ID
3420045312,3420061695,KR
3420061696,3420127231,HK
3420127232,3420323839,AU
3420323840,3420332031,TW
3420332032,3420332815,AU
3420332816,3420332823,GB
3420332824,3420332975,AU
3420332976,3420332983,GB
3420332984,3420333379,AU
3420333380,3420333387,JP
3420333388,3420333391,AU
3420333392,3420333395,JP
3420333396,3420334439,AU
3420334440,3420334443,SG
3420334444,3420334479,AU
3420334480,3420334483,SG
3420334484,3420334527,AU
3420334528,3420334559,GB
3420334560,3420334575,AU
3420334576,3420334583,SG
3420334584,3420334847,AU
3420334848,3420334879,US
3420334880,3420335047,AU
3420335048,3420335055,US
3420335056,3420335327,AU
3420335328,3420335335,US
3420335336,3420335615,AU
3420335616,3420335631,US
3420335632,3420335647,AU
3420335648,3420335679,US
3420335680,3420335871,AU
3420335872,3420336127,MY
3420336128,3420336639,AU
3420336640,3420336655,US
3420336656,3420336895,AU
3420336896,3420337151,US
3420337152,3420339199,AU
3420339200,3420339711,HK
3420339712,3420340103,AU
3420340104,3420340111,US
3420340112,3420364879,AU
3420364880,3420364887,HK
3420364888,3420364907,AU
3420364908,3420364911,HK
3420364912,3420365071,AU
3420365072,3420365079,JP
3420365080,3420365083,AU
3420365084,3420365087,JP
3420365088,3420365159,AU
3420365160,3420365163,JP
3420365164,3420365247,AU
3420365248,3420365255,JP
3420365256,3420365455,AU
3420365456,3420365463,JP
3420365464,3420365471,GB
3420365472,3420365903,AU
3420365904,3420365911,US
3420365912,3420365951,AU
3420365952,3420365967,US
3420365968,3420366447,AU
3420366448,3420366463,SG
3420366464,3420366607,AU
3420366608,3420366623,US
3420366624,3420368071,AU
3420368072,3420368079,US
3420368080,3420368927,AU
3420368928,3420368935,SG
3420368936,3420368967,AU
3420368968,3420368975,SG
3420368976,3420369007,AU
3420369008,3420369023,SG
3420369024,3420369663,AU
3420369664,3420369695,GB
3420369696,3420372895,AU
3420372896,3420372927,IL
3420372928,3420372959,AU
3420372960,3420372975,US
3420372976,3420372991,AU
3420372992,3420377087,HK
3420377088,3420389375,JP
3420393472,3420395519,CN
3420395520,3420397567,JP
3420397568,3420401663,KH
3420401664,3420411903,JP
3420411904,3420412415,BD
3420412416,3420412927,ID
3420412928,3420413951,BD
3420413952,3420422143,KR
3420422144,3420430335,MY
3420430336,3420434431,PK
3420434432,3420434687,IN
3420434688,3420434943,KR
3420434944,3420435199,HK
3420435200,3420435455,AU
3420435456,3420436479,JP
3420436480,3420437503,AU
3420437504,3420438527,IN
3420438528,3420454911,HK
3420454912,3422552063,KR
