3556769792,3556786175,DE
3556786176,3556794367,RU
3556794368,3556802559,ES
3556802560,3556810751,SD
3556810752,3556818943,PT
3556818944,3556827135,MD
3556827136,3556843519,US
3556843520,3556851711,DE
3556851712,3556868095,UA
3556868096,3556876287,GB
3556876288,3556884479,NL
3556884480,3556886527,IR
3556886528,3556888575,GB
3556888576,3556890623,US
3556890624,3556892671,GB
3556892672,3556900863,RU
3556900864,3556909055,GB
3556909056,3556909311,NL
3556909312,3556909567,DE
3556909568,3556909823,PL
3556909824,3556910079,IT
3556910080,3556910335,EE
3556910336,3556910591,CH
3556910592,3556911103,BG
3556911104,3556912127,IT
3556912128,3556925439,DE
3556925440,3556933631,PL
3556933632,3556941823,SA
3556941824,3556950015,IE
3556950016,3556958207,TR
3556958208,3556960767,KG
3556960768,3556961279,ES
3556961280,3556961535,US
3556961536,3556961791,IL
3556961792,3556962303,SE
3556962304,3556964351,US
3556964352,3556966399,IN
3556966400,3556974591,SE
3556974592,3556982783,ES
3556982784,3556990975,DE
3556990976,3556999167,UA
3556999168,3557007359,RU
3557007360,3557015551,IT
3557015552,3557023743,LV
3557023744,3557031935,GB
3557031936,3557040127,IT
3557040128,3557048319,NO
3557048320,3557056511,CH
3557056512,3557064703,ES
3557064704,3557072895,CZ
3557072896,3557081087,DE
3557081088,3557089279,IE
3557089280,3557105663,DE
3557105664,3557113855,BG
3557113856,3557130239,RU
3557130240,3557138431,BG
3557138432,3557146623,RU
3557146624,3557154815,SK
3557154816,3557171199,RU
3557171200,3557171455,SK
3557171456,3557171711,IR
3557171712,3557172223,DK
3557172224,3557172479,DE
3557172480,3557172735,KW
3557172736,3557172991,CZ
3557172992,3557173247,FR
3557173248,3557174271,DE
3557174272,3557174527,LV
3557174528,3557174783,CH
3557174784,3557175039,NL
3557175040,3557175295,FR
3557175296,3557175551,US
3557175552,3557175807,AL
3557175808,3557176063,IT
3557176064,3557176319,GB
3557176320,3557176575,FR
3557176576,3557176831,NL
3557176832,3557177087,FI
3557177088,3557177343,IT
3557177344,3557177599,RU
3557177600,3557178111,NL
3557178112,3557178623,IT
3557178624,3557178879,SA
3557178880,3557179135,DK
3557179136,3557179391,UA
3557179392,3557228543,DE
3557228544,3557236735,EE
3557236736,3557244927,ES
3557244928,3557253119,IT
3557253120,3557261311,RU
3557261312,3557277695,DE
3557277696,3557282815,NL
3557282816,3557285887,PL
3557285888,3557294079,RU
3557294080,3557302271,DE
3557302272,3557310463,UA
3557310464,3557326847,ES
3557326848,3557335039,DE
3557335040,3557343231,GB
3557343232,3557351423,DE
3557351424,3557352959,RU
3557352960,3557353471,MY
3557353472,3557355519,RU
3557355520,3557355775,NL
3557355776,3557356031,US
3557356032,3557357311,NL
3557357312,3557357567,RU
3557357568,3557358335,NL
3557358336,3557358591,AE
3557358592,3557359103,NL
3557359104,3557359615,MY
3557359616,3557367807,JE
3557367808,3557375999,DE
3557376000,3557384191,ES
3557384192,3557392383,GB
3557392384,3557400575,AT
3557400576,3557408767,DE
3557408768,3557416959,GB
3557416960,3557425151,UA
3557425152,3557490687,DK
3557490688,3557490943,HK
3557490944,3557492223,VN
3557492224,3557492479,HK
3557492480,3557492735,VN
3557492736,3557492991,IN
3557492992,3557493503,HK
3557493504,3557494015,VN
3557494016,3557494271,HK
3557494272,3557494783,VN
3557494784,3557497599,FR
3557497600,3557497855,NL
3557497856,3557498111,FR
3557498112,3557498367,HU
3557498368,3557498623,HK
3557498624,3557501183,FR
3557501184,3557501439,US
3557501440,3557501951,FR
3557501952,3557502207,SG
3557502208,3557502975,PH
3557502976,3557503487,HK
3557503488,3557503999,PH
3557504000,3557504255,HK
3557504256,3557504767,PH
3557504768,3557505023,SG
3557505024,3557505279,FR
3557505280,3557506047,PH
3557506048,3557506559,FR
3557506560,3557506815,DE
3557506816,3557507071,FR
3557507328,3557510911,GB
3557510912,3557511167,PL
3557511168,3557513215,US
3557513216,3557514239,NL
3557514240,3557514495,PS
3557514496,3557514751,AT
3557514752,3557515007,NL
3557515008,3557515263,GB
3557515264,3557523455,CZ
3557523456,3557531647,RU
3557531648,3557539839,SA
3557539840,3557548031,SY
3557548032,3557556223,DE
3557556224,3557564415,RU
3557564416,3557572607,DE
3557572608,3557580799,RU
3557580800,3557588991,ES
3557588992,3557597183,TR
3557597184,3557605375,SA
3557605376,3557613567,LT
3557621760,3557629951,RU
3557629952,3557638143,PT
3557638144,3557646335,MK
3557646336,3557654527,RU
3557654528,3557670911,KZ
3557670912,3557679103,GB
3557679104,3557687295,SI
3557687296,3557703679,PL
3557703680,3557703687,IE
3557703688,3557703703,SE
3557703704,3557703711,HU
3557703712,3557703719,IT
3557703720,3557703775,ES
3557703776,3557703783,CH
3557703784,3557703791,NO
3557703792,3557703807,DK
3557703808,3557703815,AT
3557703816,3557703823,ES
3557703824,3557703831,AT
3557703832,3557703855,ES
3557703856,3557703863,FR
3557703864,3557703871,HU
3557703872,3557703887,CH
3557703888,3557703903,DK
3557703904,3557703911,ES
3557703912,3557703919,IE
3557703920,3557703927,HU
3557703928,3557703935,BG
3557703936,3557703939,US
3557703940,3557703943,PL
3557703944,3557703959,BE
3557703960,3557703963,ES
3557703964,3557703971,PL
3557703972,3557703975,BE
3557703976,3557703983,PL
3557703984,3557703991,BE
3557703992,3557703999,AT
3557704000,3557704007,MD
3557704008,3557704015,BE
3557704016,3557704023,PT
3557704024,3557704047,ES
3557704048,3557704051,BE
3557704052,3557704055,ES
3557704056,3557704063,AT
3557704064,3557704079,ES
3557704080,3557704087,IT
3557704088,3557704095,ES
3557704096,3557704103,US
3557704104,3557704107,BE
3557704108,3557704123,PL
3557704124,3557704131,IT
3557704132,3557704143,ES
3557704144,3557704147,BE
3557704148,3557704151,RO
3557704152,3557704167,IT
3557704168,3557704171,PT
3557704172,3557704191,BE
3557704192,3557704207,IT
3557704208,3557704211,BE
3557704212,3557704223,CZ
3557704224,3557704247,BE
3557704248,3557704255,PL
3557704256,3557704263,DK
3557704264,3557704267,CZ
3557704268,3557704287,BE
3557704288,3557704291,PL
3557704292,3557704295,US
3557704296,3557704303,IT
3557704304,3557704319,BE
3557704320,3557704323,RO
3557704324,3557704335,BE
3557704336,3557704351,US
3557704352,3557704371,BE
3557704372,3557704379,PT
3557704380,3557704383,BE
3557704384,3557704391,PL
3557704392,3557704399,SK
3557704400,3557704403,PL
3557704404,3557704407,SK
3557704408,3557704415,US
3557704416,3557704423,BE
3557704424,3557704447,IT
3557704448,3557704455,PL
3557704456,3557704459,BE
3557704460,3557704463,RO
3557704464,3557704471,GB
3557704472,3557704479,BE
3557704480,3557704483,GB
3557704484,3557704487,PT
3557704488,3557704495,GB
3557704496,3557704503,CZ
3557704504,3557704519,GB
3557704520,3557704527,CZ
3557704528,3557704535,US
3557704536,3557704543,AT
3557704544,3557704551,FR
3557704552,3557704559,ES
3557704560,3557704575,CH
3557704576,3557704583,ES
3557704584,3557704587,IT
3557704588,3557704591,BE
3557704592,3557704599,FR
3557704600,3557704615,NL
3557704616,3557704623,FR
3557704624,3557704631,SK
3557704632,3557704639,ES
3557704640,3557704647,BE
3557704648,3557704655,CY
3557704656,3557704663,BE
3557704664,3557704667,RO
3557704668,3557704671,PT
3557704672,3557704679,ES
3557704680,3557704687,US
3557704688,3557704695,PL
3557704696,3557704699,BE
3557704700,3557704703,IT
3557704704,3557705215,DE
3557705216,3557705223,BE
3557705224,3557705471,FR
3557705472,3557705487,IT
3557705488,3557705495,GB
3557705496,3557705511,DK
3557705512,3557705519,US
3557705520,3557705527,RS
3557705528,3557705535,FR
3557705536,3557705567,US
3557705568,3557705575,BG
3557705576,3557705599,IT
3557705600,3557705615,DK
3557705616,3557705619,CZ
3557705620,3557705623,HU
3557705624,3557705627,IT
3557705628,3557705631,HU
3557705632,3557705639,RO
3557705640,3557705647,GB
3557705648,3557705655,DK
3557705656,3557705663,IT
3557705664,3557705679,CH
3557705680,3557705695,IT
3557705696,3557705703,NO
3557705704,3557705711,IT
3557705712,3557705719,BE
3557705720,3557705727,US
3557705728,3557705731,AT
3557705732,3557705735,US
3557705736,3557705743,IT
3557705744,3557705751,SE
3557705752,3557705759,LU
3557705760,3557705767,CZ
3557705768,3557705787,PL
3557705788,3557705791,CZ
3557705792,3557705795,SK
3557705796,3557705799,BE
3557705800,3557705807,IT
3557705808,3557705815,ES
3557705816,3557705819,BE
3557705820,3557705823,CZ
3557705824,3557705835,BE
3557705836,3557705839,US
3557705840,3557705847,IT
3557705848,3557705855,PL
3557705856,3557705859,ES
3557705860,3557705863,PL
3557705864,3557705871,DK
3557705872,3557705879,BE
3557705880,3557705883,US
3557705884,3557705887,PL
3557705888,3557705895,RO
3557705896,3557705911,US
3557705912,3557705923,RO
3557705924,3557705927,PL
3557705928,3557705935,CZ
3557705936,3557705943,AT
3557705944,3557705951,SI
3557705952,3557705959,IT
3557705960,3557705967,IS
3557705968,3557705971,RO
3557705972,3557705975,CZ
3557705976,3557705983,HR
3557705984,3557705987,CZ
3557705988,3557705991,LU
3557705992,3557705995,ES
3557705996,3557705999,AT
3557706000,3557706003,ES
3557706004,3557706007,HU
3557706008,3557706015,CZ
3557706016,3557706019,AT
3557706020,3557706031,ES
3557706032,3557706039,CZ
3557706040,3557706047,NO
3557706048,3557706055,BE
3557706056,3557706063,US
3557706064,3557706079,ES
3557706080,3557706091,AT
3557706092,3557706103,PL
3557706104,3557706111,ES
3557706112,3557706127,HU
3557706128,3557706131,AT
3557706132,3557706135,CZ
3557706136,3557706139,PL
3557706140,3557706143,ES
3557706144,3557706147,PL
3557706148,3557706151,ES
3557706152,3557706159,AT
3557706160,3557706167,CZ
3557706168,3557706183,PL
3557706184,3557706191,SE
3557706192,3557706199,CZ
3557706200,3557706207,AT
3557706208,3557706215,ES
3557706216,3557706219,LU
3557706220,3557706223,SK
3557706224,3557706231,SI
3557706232,3557706235,SK
3557706236,3557706239,CZ
3557706240,3557706243,SK
3557706244,3557706251,CZ
3557706252,3557706255,IT
3557706256,3557706259,SK
3557706260,3557706267,PL
3557706268,3557706275,ES
3557706276,3557706279,SK
3557706280,3557706283,PL
3557706284,3557706287,SK
3557706288,3557706295,ES
3557706296,3557706311,PL
3557706312,3557706315,CZ
3557706316,3557706319,PL
3557706320,3557706327,IT
3557706328,3557706335,IE
3557706336,3557706339,ES
3557706340,3557706343,US
3557706344,3557706347,ES
3557706348,3557706351,CZ
3557706352,3557706367,PL
3557706368,3557706375,IT
3557706376,3557706379,CZ
3557706380,3557706383,RO
3557706384,3557706387,PL
3557706388,3557706391,LU
3557706392,3557706415,IT
3557706416,3557706419,CZ
3557706420,3557706423,DK
3557706424,3557706431,ES
3557706432,3557706439,DK
3557706440,3557706451,CZ
3557706452,3557706459,SK
3557706460,3557706463,FR
3557706464,3557706479,CZ
3557706480,3557706487,GB
3557706488,3557706495,FR
3557706496,3557706671,DE
3557706672,3557706679,CZ
3557706680,3557706727,DE
3557706728,3557706731,HR
3557706732,3557706751,DE
3557706752,3557707007,US
3557707008,3557707519,NL
3557707520,3557707775,US
3557707776,3557707799,FR
3557707800,3557707803,DE
3557707804,3557708031,FR
3557708032,3557708035,CZ
3557708036,3557708039,BE
3557708040,3557708047,US
3557708048,3557708087,ES
3557708088,3557708095,PL
3557708096,3557708127,ES
3557708128,3557708135,RO
3557708136,3557708143,SK
3557708144,3557708151,PT
3557708152,3557708167,IT
3557708168,3557708175,HU
3557708176,3557708191,CH
3557708192,3557708199,PL
3557708200,3557708263,ES
3557708264,3557708287,PL
3557708288,3557708359,DE
3557708360,3557708367,DK
3557708368,3557708451,DE
3557708452,3557708455,LU
3557708456,3557708471,DE
3557708472,3557708487,PL
3557708488,3557708503,DE
3557708504,3557708511,PL
3557708512,3557708543,DE
3557708544,3557708799,FR
3557708800,3557709311,US
3557709312,3557709567,FR
3557709568,3557709823,US
3557709824,3557709839,GB
3557709840,3557709847,IM
3557709848,3557710035,GB
3557710036,3557710039,LU
3557710040,3557710335,GB
3557710336,3557710343,CZ
3557710344,3557710347,DE
3557710348,3557710351,US
3557710352,3557710359,DE
3557710360,3557710367,FR
3557710368,3557710375,DE
3557710376,3557710383,FR
3557710384,3557710391,NL
3557710392,3557710399,IE
3557710400,3557710407,PL
3557710408,3557710415,ES
3557710416,3557710423,PL
3557710424,3557710431,BG
3557710432,3557710439,RO
3557710440,3557710447,DK
3557710448,3557710455,HU
3557710456,3557710463,CY
3557710464,3557710471,IT
3557710472,3557710479,GB
3557710480,3557710487,NL
3557710488,3557710495,SE
3557710496,3557710511,SK
3557710512,3557710527,ES
3557710528,3557710535,AT
3557710536,3557710543,CH
3557710544,3557710551,DE
3557710552,3557710555,LU
3557710556,3557710559,US
3557710560,3557710575,RW
3557710576,3557710583,ES
3557710584,3557710591,BE
3557710592,3557710595,SK
3557710596,3557710599,CZ
3557710600,3557710631,ES
3557710632,3557710639,IT
3557710640,3557710643,NL
3557710644,3557710647,SK
3557710648,3557710655,NL
3557710656,3557710663,SE
3557710664,3557710687,ES
3557710688,3557710695,BE
3557710696,3557710703,BG
3557710704,3557710719,HU
3557710720,3557710727,IT
3557710728,3557710735,DE
3557710736,3557710739,ES
3557710740,3557710743,CZ
3557710744,3557710751,NL
3557710752,3557710759,CZ
3557710760,3557710775,RO
3557710776,3557710791,NO
3557710792,3557710795,ES
3557710796,3557710799,US
3557710800,3557710815,RO
3557710816,3557710831,HR
3557710832,3557710835,CZ
3557710836,3557710839,DE
3557710840,3557710847,BE
3557710848,3557711103,US
3557711104,3557711359,GB
3557711360,3557711615,FR
3557711616,3557711871,US
3557711872,3557720063,ES
3557720064,3557728255,IT
3557728256,3557744639,RU
3557744640,3557752831,PS
3557752832,3557761023,TR
3557761024,3557769215,RU
3557769216,3557773311,IT
3557773312,3557775359,DE
3557775360,3557777407,CH
3557777408,3557785599,RU
3557785600,3557793791,UA
3557793792,3557801983,HR
3557801984,3557810175,DE
3557810176,3557818367,ES
3557818368,3557826559,RU
3557826560,3557834751,AT
3557834752,3557838335,IR
3557838336,3557838591,NL
3557838592,3557838847,IR
3557838848,3557839103,RU
3557839104,3557842943,IR
3557842944,3557847039,FI
3557847040,3557851135,NL
3557851136,3557859327,HU
3557859328,3557859839,SE
3557859840,3557860095,NO
3557860096,3557860831,SE
3557860832,3557860847,FI
3557860848,3557861943,SE
3557861944,3557861947,FI
3557861948,3557861983,SE
3557861984,3557862015,FI
3557862016,3557862031,BE
3557862032,3557863295,SE
3557863296,3557863327,FI
3557863328,3557863351,SE
3557863352,3557863359,FI
3557863360,3557863391,SE
3557863392,3557863399,FI
3557863400,3557863483,SE
3557863484,3557863487,FI
3557863488,3557863503,NO
3557863504,3557863519,DK
3557863520,3557863903,SE
3557863904,3557863919,FI
3557863920,3557864287,SE
3557864288,3557864303,DK
3557864304,3557864311,SE
3557864312,3557864319,FI
3557864320,3557867519,SE
3557867520,3557875711,RU
3557875712,3557883903,DE
3557883904,3557892095,RU
3557892096,3557900287,IE
3557900288,3557916671,AT
3557916672,3557924863,NO
3557924864,3557931007,FI
3557931008,3557932031,SE
3557932032,3557933055,FI
3557933056,3557941247,IT
3557941248,3557944063,DE
3557944064,3557944319,US
3557944320,3557957631,DE
3557957632,3557965823,SI
3557965824,3557974015,DE
3557974016,3557974271,RU
3557974272,3557974527,UA
3557974528,3557974783,RU
3557974784,3557975039,ES
3557975040,3557975295,SC
3557975296,3557975551,CZ
3557975552,3557975807,US
3557975808,3557976063,IL
3557976064,3557976319,GB
3557976320,3557976575,NL
3557976576,3557977087,US
3557977088,3557977343,TR
3557977344,3557977599,PL
3557977600,3557977855,GB
3557977856,3557978111,US
3557978112,3557978367,NL
3557978368,3557978623,US
3557978624,3557978879,BR
3557978880,3557979391,LT
3557979392,3557979903,RU
3557979904,3557980159,US
3557980160,3557980415,TH
3557980416,3557980671,TR
3557980672,3557980927,SC
3557980928,3557981183,NZ
3557981184,3557981439,FR
3557981440,3557981567,NL
3557981568,3557981695,MX
3557981696,3557981951,TH
3557981952,3557982207,US
3557982208,3557990399,NO
3557990400,3557998591,PT
3557998592,3558006783,DE
3558006784,3558008319,GB
3558008320,3558008575,NL
3558008576,3558010879,GB
3558010880,3558012927,FR
3558012928,3558013951,GB
3558013952,3558014975,IL
3558014976,3558023167,RU
3558023168,3558031359,DE
3558031360,3558039551,GB
3558039552,3558047743,IT
3558047744,3558055935,KZ
3558055936,3558064127,FR
3558064128,3558072319,NL
3558072320,3558073343,US
3558073344,3558080511,NL
3558080512,3558096895,RU
3558096896,3558113279,CZ
3558113280,3558114303,GB
3558114304,3558114559,SK
3558114560,3558114751,US
3558114752,3558114759,DE
3558114760,3558114767,US
3558114768,3558114775,DE
3558114776,3558114815,US
3558114816,3558115327,BG
3558115328,3558118399,TR
3558118400,3558118911,BG
3558118912,3558119167,DE
3558119168,3558119423,UZ
3558119424,3558121471,GB
3558121472,3558129663,DE
3558129664,3558137855,NO
3558137856,3558146047,GB
3558146048,3558154239,RU
3558154240,3558162431,US
3558162432,3558170623,DE
3558170624,3558171647,GB
3558171648,3558171903,TR
3558171904,3558172159,GB
3558172160,3558172415,US
3558172416,3558178815,GB
3558178816,3558187007,BG
3558187008,3558195199,DE
3558195200,3558203391,GB
3558203392,3558211583,ES
3558211584,3558219775,GB
3558219776,3558227967,ES
3558227968,3558230527,RU
3558230528,3558230783,NL
3558230784,3558236159,RU
3558236160,3558244351,ES
3558244352,3558252543,IT
3558252544,3558260735,KE
3558260736,3558268927,UA
3558268928,3558277119,GI
3558277120,3558285311,GB
3558285312,3558289783,US
3558289784,3558289791,IT
3558289792,3558291455,US
3558291456,3558291711,GB
3558291712,3558293503,US
3558293504,3558301695,RU
3558301696,3558318079,DE
3558318080,3558326271,FR
3558326272,3558326783,GB
3558326784,3558327039,NZ
3558327040,3558327295,US
3558327296,3558327807,DE
3558327808,3558328063,NL
3558328064,3558328319,UA
3558328320,3558328575,LT
3558328576,3558328831,IR
3558328832,3558329087,EE
3558329088,3558329343,UA
3558329344,3558329599,GB
3558329600,3558329855,DE
3558329856,3558330111,UA
3558330112,3558330367,GB
3558330368,3558330623,AU
3558330624,3558330879,TR
3558330880,3558331135,CY
3558331136,3558331391,SC
3558331392,3558331647,GB
3558331648,3558331903,DE
3558331904,3558332159,IR
3558332160,3558332415,DE
3558332416,3558332671,IR
3558332672,3558332927,IQ
3558332928,3558333183,KZ
3558333184,3558333439,LT
3558333440,3558333695,SE
3558333696,3558333951,NL
3558333952,3558334207,PL
3558334208,3558334463,ES
3558334464,3558334919,CH
3558334920,3558334927,DE
3558334928,3558336563,CH
3558336564,3558336567,DE
3558336568,3558338511,CH
3558338512,3558338515,DE
3558338516,3558341223,CH
3558341224,3558341231,FR
3558341232,3558342655,CH
3558342656,3558350847,IT
3558350848,3558359039,RU
3558359040,3558367231,GB
3558367232,3558371327,LT
3558371328,3558371583,UA
3558371584,3558371839,BR
3558371840,3558372095,GB
3558372096,3558372351,RU
3558372352,3558373375,AT
3558373376,3558373631,DK
3558373632,3558373887,IT
3558373888,3558374143,FR
3558374144,3558374399,US
3558374400,3558374655,BG
3558374656,3558374911,DE
3558374912,3558375167,NL
3558375168,3558375423,LT
3558375424,3558383615,CZ
3558383616,3558391807,HU
3558391808,3558399999,LU
3558400000,3558408191,SA
3558408192,3558416383,CH
3558416384,3558424575,BG
3558424576,3558440959,IL
3558440960,3558449151,SE
3558449152,3558457343,IT
3558457344,3558465535,NL
3558465536,3558473727,SE
3558473728,3558506495,SA
3558506496,3558514687,UA
3558514688,3558522879,SK
3558522880,3558531071,NL
3558531072,3558539263,RU
3558539264,3558547455,SE
3558547456,3558555647,FR
3558555648,3558572031,AT
3558572032,3558580223,DE
3558580224,3558583095,US
3558583096,3558583103,NL
3558583104,3558588415,US
3558588416,3558596607,CZ
3558596608,3558596863,EE
3558596864,3558597135,NL
3558597136,3558597143,PL
3558597144,3558597151,NL
3558597152,3558597159,PL
3558597160,3558597163,NL
3558597164,3558597167,PL
3558597168,3558597191,NL
3558597192,3558597199,PL
3558597200,3558597207,NL
3558597208,3558597219,PL
3558597220,3558597231,NL
3558597232,3558597239,PL
3558597240,3558597247,NL
3558597248,3558597263,PL
3558597264,3558597271,NL
3558597272,3558597279,PL
3558597280,3558597303,NL
3558597304,3558597315,PL
3558597316,3558597327,NL
3558597328,3558597335,PL
3558597336,3558597343,NL
3558597344,3558597359,PL
3558597360,3558597375,NL
3558597376,3558597503,PL
3558597504,3558597535,NL
3558597536,3558597537,PL
3558597538,3558597543,NL
3558597544,3558597563,PL
3558597564,3558597693,NL
3558597694,3558597695,GE
3558597696,3558597703,UA
3558597704,3558597705,RU
3558597706,3558597707,NL
3558597708,3558597709,DE
3558597710,3558597711,EE
3558597712,3558597713,LT
3558597714,3558597715,SE
3558597716,3558597717,FI
3558597718,3558597721,SE
3558597722,3558597723,PL
3558597724,3558597725,UA
3558597726,3558597731,GE
3558597732,3558597733,UA
3558597734,3558597735,HU
3558597736,3558597751,NL
3558597752,3558597763,HU
3558597764,3558597767,NL
3558597768,3558597775,HU
3558597776,3558598143,NL
3558598144,3558598159,LT
3558598160,3558598783,NL
3558598784,3558598911,RU
3558598912,3558601735,NL
3558601736,3558601743,EE
3558601744,3558602247,NL
3558602248,3558602263,EE
3558602264,3558602271,NL
3558602272,3558602751,EE
3558602752,3558602847,NL
3558602848,3558602879,EE
3558602880,3558602911,NL
3558602912,3558602943,EE
3558602944,3558604799,NL
3558604800,3558612991,GB
3558612992,3558621183,DE
3558621184,3558629375,MD
3558629376,3558637567,DE
3558637568,3558645759,CH
3558645760,3558649855,IT
3558649856,3558653951,US
3558653952,3558662143,SE
3558662144,3558670335,LB
3558670336,3558686719,DE
3558686720,3558703103,TR
3558703104,3558711295,IT
3558711296,3558719487,NL
3558719488,3558735871,IL
3558735872,3558744063,GG
3558744064,3558745087,LB
3558745088,3558745343,DE
3558745344,3558745599,NL
3558745600,3558751999,LB
3558752000,3558752255,JP
3558752256,3558760447,SI
3558760448,3558768639,FR
3558768640,3558785023,RU
3558785024,3558801407,IS
3558801408,3558809599,TR
3558809600,3558817791,ES
3558817792,3558825983,AT
3558825984,3558834175,CY
3558834176,3558842367,GB
3558842368,3558850559,SE
3558850560,3558858751,GB
3558858752,3558860559,IT
3558860560,3558860563,DE
3558860564,3558866943,IT
3558866944,3558867199,GB
3558867200,3558867455,IE
3558867456,3558867711,DE
3558867712,3558867967,GB
3558867968,3558868479,DE
3558868480,3558868735,IE
3558868736,3558871039,DE
3558871040,3558873087,CY
3558873088,3558874367,GB
3558874624,3558875135,NP
3558875136,3558877183,US
3558877184,3558877695,NP
3558877696,3558877951,GB
3558877952,3558878207,AL
3558878208,3558878463,GB
3558878464,3558878719,DE
3558878720,3558879231,NP
3558879232,3558879487,CA
3558879488,3558879999,US
3558880000,3558880255,NL
3558880256,3558880767,NP
3558880768,3558881023,IL
3558881024,3558881279,GB
3558881280,3558883327,CY
3558883328,3558883839,CH
3558883840,3558884095,GB
3558884096,3558884351,BE
3558884352,3558884863,US
3558884864,3558885119,NL
3558885120,3558885375,US
3558885376,3558885631,MX
3558885632,3558885887,AU
3558885888,3558886143,FR
3558886144,3558886399,FI
3558886400,3558886655,JP
3558886656,3558887423,NL
3558887424,3558891519,DE
3558891520,3558899711,US
3558899712,3558916095,SE
3558916096,3558924287,RU
3558924288,3558932479,NL
3558932480,3558940671,RU
3558940672,3558948863,AT
3558948864,3558957055,PL
3558957056,3558965247,PS
3558965248,3558973439,NO
3558973440,3558981631,SA
3558981632,3558989823,IR
3558989824,3558998015,RU
3558998016,3559006207,JO
3559006208,3559014399,RU
3559014400,3559022591,DE
3559022592,3559030783,RU
3559030784,3559037951,NL
3559037952,3559038975,ES
3559038976,3559047167,DE
3559047168,3559055359,ID
3559055360,3559063551,AM
3559063552,3559079935,CH
3559079936,3559088127,JO
3559088128,3559088583,BE
3559088584,3559088591,LU
3559088592,3559088903,BE
3559088904,3559088911,FR
3559088912,3559088935,BE
3559088936,3559088943,LU
3559088944,3559088975,BE
3559088976,3559088991,NL
3559088992,3559089071,BE
3559089072,3559089079,NL
3559089080,3559089439,BE
3559089440,3559089447,NL
3559089448,3559089775,BE
3559089776,3559089779,NL
3559089780,3559089791,BE
3559089792,3559089795,NL
3559089796,3559090479,BE
3559090480,3559090487,LU
3559090488,3559090511,BE
3559090512,3559090519,LU
3559090520,3559090895,BE
3559090896,3559090903,LU
3559090904,3559091167,BE
3559091168,3559091175,LU
3559091176,3559091199,BE
3559091200,3559091207,NL
3559091208,3559091879,BE
3559091880,3559091887,LU
3559091888,3559091975,BE
3559091976,3559091979,LU
3559091980,3559092007,BE
3559092008,3559092015,LU
3559092016,3559092031,BE
3559092032,3559092051,LU
3559092052,3559092415,BE
3559092416,3559092423,LU
3559092424,3559092455,BE
3559092456,3559092463,NL
3559092464,3559092479,BE
3559092480,3559092483,LU
3559092484,3559092487,BE
3559092488,3559092491,LU
3559092492,3559092495,BE
3559092496,3559092499,LU
3559092500,3559092503,BE
3559092504,3559092507,LU
3559092508,3559092511,BE
3559092512,3559092543,LU
3559092544,3559092551,BE
3559092552,3559092555,LU
3559092556,3559092559,BE
3559092560,3559092561,LU
3559092562,3559092563,BE
3559092564,3559092567,LU
3559092568,3559092585,BE
3559092586,3559092587,LU
3559092588,3559092591,BE
3559092592,3559092599,LU
3559092600,3559092879,BE
3559092880,3559092895,NL
3559092896,3559093151,BE
3559093152,3559093183,NL
3559093184,3559093519,BE
3559093520,3559093535,NL
3559093536,3559093543,LU
3559093544,3559093839,BE
3559093840,3559093847,LU
3559093848,3559093871,BE
3559093872,3559093879,LU
3559093880,3559093955,BE
3559093956,3559093959,LU
3559093960,3559093975,BE
3559093976,3559093983,LU
3559093984,3559094295,BE
3559094296,3559094299,NL
3559094300,3559094311,BE
3559094312,3559094315,NL
3559094316,3559094331,BE
3559094332,3559094335,NL
3559094336,3559094367,BE
3559094368,3559094371,NL
3559094372,3559094431,BE
3559094432,3559094435,NL
3559094436,3559094439,BE
3559094440,3559094443,NL
3559094444,3559094491,BE
3559094492,3559094495,NL
3559094496,3559094499,BE
3559094500,3559094503,NL
3559094504,3559094671,BE
3559094672,3559094679,NL
3559094680,3559095143,BE
3559095144,3559095151,NL
3559095152,3559095327,BE
3559095328,3559095335,NL
3559095336,3559095367,BE
3559095368,3559095375,NL
3559095376,3559095471,BE
3559095472,3559095487,NL
3559095488,3559095559,BE
3559095560,3559095563,LU
3559095564,3559095579,BE
3559095580,3559095591,LU
3559095592,3559095601,BE
3559095602,3559095603,LU
3559095604,3559095611,BE
3559095612,3559095615,LU
3559095616,3559095631,BE
3559095632,3559095637,LU
3559095638,3559095647,BE
3559095648,3559095651,LU
3559095652,3559095663,BE
3559095664,3559095671,LU
3559095672,3559095679,BE
3559095680,3559095687,LU
3559095688,3559095695,BE
3559095696,3559095703,LU
3559095704,3559095707,BE
3559095708,3559095711,LU
3559095712,3559095715,BE
3559095716,3559095727,LU
3559095728,3559095735,BE
3559095736,3559095751,LU
3559095752,3559095757,BE
3559095758,3559095759,LU
3559095760,3559095767,BE
3559095768,3559095771,LU
3559095772,3559095783,BE
3559095784,3559095803,LU
3559095804,3559095903,BE
3559095904,3559095911,NL
3559095912,3559096319,BE
3559096320,3559104511,RO
3559104512,3559112703,RU
3559112704,3559120895,IT
3559120896,3559129087,GB
3559129088,3559137279,BG
3559137280,3559145471,GB
3559145472,3559153663,ES
3559153664,3559166975,GB
3559166976,3559167175,DE
3559167176,3559167199,GB
3559167200,3559167231,DE
3559167232,3559168259,GB
3559168260,3559168263,BE
3559168264,3559168267,GB
3559168268,3559168271,BE
3559168272,3559168283,GB
3559168284,3559168291,BE
3559168292,3559168303,GB
3559168304,3559168307,BE
3559168308,3559168319,GB
3559168320,3559168331,BE
3559168332,3559168335,GB
3559168336,3559168343,BE
3559168344,3559168347,GB
3559168348,3559168349,BE
3559168350,3559168351,LU
3559168352,3559168359,BE
3559168360,3559168361,GB
3559168362,3559168367,BE
3559168368,3559168371,GB
3559168372,3559168373,BE
3559168374,3559168379,GB
3559168380,3559168407,BE
3559168408,3559168427,GB
3559168428,3559168431,BE
3559168432,3559168435,LU
3559168436,3559168439,BE
3559168440,3559168443,GB
3559168444,3559168451,BE
3559168452,3559168455,GB
3559168456,3559168459,BE
3559168460,3559168463,GB
3559168464,3559168471,BE
3559168472,3559168475,GB
3559168476,3559168511,BE
3559168512,3559168623,GB
3559168624,3559168627,IE
3559168628,3559171591,GB
3559171592,3559171615,DE
3559171616,3559171647,GB
3559171648,3559171679,DE
3559171680,3559171719,GB
3559171720,3559171727,DE
3559171728,3559171743,GB
3559171744,3559171791,DE
3559171792,3559171799,GB
3559171800,3559171855,DE
3559171856,3559171863,GB
3559171864,3559171879,DE
3559171880,3559171887,GB
3559171888,3559171983,DE
3559171984,3559171991,GB
3559171992,3559172095,DE
3559172096,3559172607,GB
3559172608,3559172647,DE
3559172648,3559172655,GB
3559172656,3559172671,DE
3559172672,3559172687,GB
3559172688,3559172695,DE
3559172696,3559172719,GB
3559172720,3559172735,DE
3559172736,3559172743,GB
3559172744,3559172759,DE
3559172760,3559172767,GB
3559172768,3559172775,DE
3559172776,3559172799,GB
3559172800,3559172863,DE
3559172864,3559176999,GB
3559177000,3559177007,IE
3559177008,3559178239,GB
3559178240,3559186431,LB
3559186432,3559194623,RU
3559194624,3559197695,SE
3559197696,3559197703,DK
3559197704,3559198463,SE
3559198464,3559198719,FI
3559198720,3559200543,SE
3559200544,3559200559,FI
3559200560,3559200639,SE
3559200640,3559200641,DK
3559200642,3559202815,SE
3559202816,3559211007,DE
3559211008,3559219199,SK
3559219200,3559227391,SE
3559227392,3559235583,DK
3559235584,3559243775,DE
3559243776,3559251967,FR
3559251968,3559260159,NO
3559260160,3559268351,DE
3559268352,3559276543,IT
3559276544,3559277567,GB
3559277568,3559277823,CA
3559277824,3559279103,GB
3559279104,3559279359,SG
3559279360,3559280895,GB
3559280896,3559281151,IN
3559281152,3559281407,GB
3559281408,3559281663,IT
3559281664,3559281919,BR
3559281920,3559282943,GB
3559282944,3559283199,BR
3559283200,3559284223,GB
3559284224,3559284479,IN
3559284480,3559284735,US
3559284736,3559292927,RU
3559292928,3559301119,SA
3559301120,3559309311,GB
3559309312,3559317503,PL
3559317504,3559325695,FI
3559325696,3559325967,IT
3559325968,3559325983,ES
3559325984,3559325999,IT
3559326000,3559326007,DK
3559326008,3559326127,IT
3559326128,3559326135,DK
3559326136,3559326143,CH
3559326144,3559326191,IT
3559326192,3559326199,HU
3559326200,3559326207,SE
3559326208,3559333887,IT
3559333888,3559342079,SE
3559342080,3559350271,BG
3559350272,3559358463,BA
3559358464,3559366655,FR
3559366656,3559374847,GB
3559374848,3559383039,AT
3559383040,3559391231,FR
3559391232,3559399423,CH
3559399424,3559407615,UA
3559407616,3559423999,HU
3559424000,3559432191,LB
3559432192,3559440383,DE
3559440384,3559448575,RU
3559448576,3559456767,ES
3559456768,3559473151,RU
3559473152,3559489535,CH
3559489536,3559505919,GB
3559505920,3559514111,CH
3559514112,3559522303,AT
3559522304,3559530495,GB
3559530496,3559538687,RU
3559538688,3559546879,UA
3559546880,3559555071,KG
3559555072,3559563263,CH
3559563264,3559571455,GB
3559571456,3559572991,US
3559572992,3559573247,CH
3559573248,3559573503,US
3559573504,3559573759,AM
3559573760,3559574015,SG
3559574016,3559574271,CH
3559574272,3559574527,US
3559574528,3559574783,SG
3559574784,3559575551,US
3559575552,3559579647,JP
3559579648,3559587839,DE
3559587840,3559596031,KW
3559596032,3559604223,BG
3559604224,3559612415,DE
3559612416,3559620607,IT
3559620608,3559624703,SA
3559624704,3559624959,DE
3559624960,3559625215,NL
3559625216,3559625471,DE
3559625472,3559625727,US
3559625728,3559626239,NL
3559626240,3559626751,DE
3559626752,3559627263,US
3559627264,3559628287,NL
3559628288,3559628799,DE
3559628800,3559636991,GB
3559636992,3559653375,FR
3559653376,3559669759,GB
3559669760,3559677951,RU
3559677952,3559686143,SI
3559686144,3559694335,RU
3559694336,3559710719,DE
3559710720,3559718911,FR
3559718912,3559727103,RU
3559727104,3559735295,NL
3559735296,3559739391,BG
3559739392,3559743487,KZ
3559743488,3559745535,IT
3559745536,3559747583,DE
3559747584,3559751679,DK
3559751680,3559759871,IT
3559759872,3559768063,NO
3559768064,3559776255,CH
3559776256,3559792895,RU
3559792896,3559793151,LT
3559793152,3559793407,RU
3559793408,3559793663,US
3559793664,3559793919,RU
3559793920,3559794175,CH
3559794176,3559794431,ES
3559794432,3559794687,US
3559794688,3559794943,IL
3559794944,3559795199,UA
3559795200,3559795455,US
3559795456,3559795711,BE
3559795712,3559795967,CZ
3559795968,3559796223,IR
3559796224,3559796479,US
3559796480,3559796735,RU
3559796736,3559796991,UA
3559796992,3559797247,FR
3559797248,3559797503,IT
3559797504,3559797759,SE
3559797760,3559798015,FR
3559798016,3559798271,KZ
3559798272,3559798527,RU
3559798528,3559798783,US
3559798784,3559799039,KZ
3559799040,3559799551,GB
3559799552,3559799807,AT
3559799808,3559800063,IS
3559800064,3559800319,DE
3559800320,3559800575,CZ
3559800576,3559800831,SA
3559800832,3559809023,IT
3559809024,3559817215,DE
3559817216,3559817471,US
3559817472,3559818495,GB
3559818496,3559818751,US
3559818752,3559819775,GB
3559819776,3559820031,US
3559820032,3559820799,GB
3559820800,3559821311,US
3559821312,3559821567,GB
3559821568,3559821823,US
3559821824,3559822591,GB
3559822592,3559822847,US
3559822848,3559825151,GB
3559825152,3559825407,US
3559825408,3559833599,IT
3559833600,3559849983,RU
3559849984,3559858175,CZ
3559858176,3559858431,RU
3559858432,3559858687,PL
3559858688,3559858943,GB
3559858944,3559859199,BR
3559859200,3559859455,KR
3559859456,3559859711,TR
3559859712,3559860479,DE
3559860480,3559860735,TR
3559860736,3559861247,GB
3559861248,3559861503,TR
3559861504,3559861759,BA
3559861760,3559862015,TR
3559862016,3559862271,SA
3559862272,3559862527,NL
3559862528,3559862783,SE
3559862784,3559863295,TR
3559863296,3559863551,GB
3559863552,3559863807,CH
3559863808,3559864063,NO
3559864064,3559864319,IE
3559864320,3559864575,IL
3559864576,3559864831,IM
3559864832,3559865087,UZ
3559865088,3559865343,ES
3559865344,3559865599,RO
3559865600,3559865855,IQ
3559865856,3559866111,US
3559866112,3559866367,DE
3559866368,3559870463,FR
3559870464,3559870975,GB
3559870976,3559871487,PS
3559871488,3559871743,GB
3559871744,3559871999,CA
3559872000,3559872511,GB
3559872512,3559874559,BG
3559874560,3559882751,LT
3559882752,3559890943,AZ
3559890944,3559899135,CH
3559899136,3559899309,PL
3559899310,3559899313,NL
3559899314,3559899319,PL
3559899320,3559899323,NL
3559899324,3559899331,PL
3559899332,3559900351,NL
3559900352,3559900415,EE
3559900416,3559901023,NL
3559901024,3559901039,EE
3559901040,3559901055,NL
3559901056,3559901151,EE
3559901152,3559901175,NL
3559901176,3559901183,EE
3559901184,3559901375,NL
3559901376,3559901407,EE
3559901408,3559901449,NL
3559901450,3559901459,RU
3559901460,3559901460,EE
3559901461,3559901461,SE
3559901462,3559901462,EE
3559901463,3559901463,FI
3559901464,3559901465,RU
3559901466,3559901467,DE
3559901468,3559901471,EE
3559901472,3559901472,NL
3559901473,3559901473,SE
3559901474,3559901474,EE
3559901475,3559901476,NL
3559901477,3559901477,SE
3559901478,3559901478,LT
3559901479,3559901479,NL
3559901480,3559901487,RU
3559901488,3559901489,SE
3559901490,3559901493,NL
3559901494,3559901495,RU
3559901496,3559901496,EE
3559901497,3559901497,NL
3559901498,3559901499,RU
3559901500,3559901500,EE
3559901501,3559901501,NL
3559901502,3559901502,GE
3559901503,3559901505,RU
3559901506,3559901507,NL
3559901508,3559901508,EE
3559901509,3559901509,SE
3559901510,3559901510,PL
3559901511,3559901511,LT
3559901512,3559901512,LV
3559901513,3559901513,LT
3559901514,3559901514,EE
3559901515,3559901515,NL
3559901516,3559901517,EE
3559901518,3559901520,DE
3559901521,3559901521,NL
3559901522,3559901522,SE
3559901523,3559901523,LV
3559901524,3559901524,FI
3559901525,3559901525,RU
3559901526,3559901527,EE
3559901528,3559901531,RU
3559901532,3559901532,GE
3559901533,3559901533,DE
3559901534,3559901535,EE
3559901536,3559901536,LV
3559901537,3559901537,RU
3559901538,3559901539,NL
3559901540,3559901540,UA
3559901541,3559901541,RU
3559901542,3559901543,PL
3559901544,3559901545,DE
3559901546,3559901546,EE
3559901547,3559901548,SE
3559901549,3559901549,DE
3559901550,3559901553,NL
3559901554,3559901555,GE
3559901556,3559901556,EE
3559901557,3559901557,LV
3559901558,3559901558,EE
3559901559,3559901559,LT
3559901560,3559901560,SE
3559901561,3559901562,EE
3559901563,3559901563,LV
3559901564,3559901565,NL
3559901566,3559901567,PL
3559901568,3559901569,LT
3559901570,3559901570,PL
3559901571,3559901571,UA
3559901572,3559901572,DE
3559901573,3559901573,HU
3559901574,3559901575,EE
3559901576,3559901577,RU
3559901578,3559901579,LT
3559901580,3559901581,EE
3559901582,3559901583,DE
3559901584,3559901585,RU
3559901586,3559901587,NL
3559901588,3559901588,RU
3559901589,3559901589,KZ
3559901590,3559901590,RU
3559901591,3559901591,KZ
3559901592,3559901593,RU
3559901594,3559901595,PL
3559901596,3559901596,EE
3559901597,3559901597,NL
3559901598,3559901599,LV
3559901600,3559901600,NL
3559901601,3559901601,RU
3559901602,3559901602,NL
3559901603,3559901605,EE
3559901606,3559901607,RU
3559901608,3559901609,EE
3559901610,3559901627,NL
3559901628,3559901628,PL
3559901629,3559901629,HU
3559901630,3559901630,SE
3559901631,3559901633,EE
3559901634,3559901634,DE
3559901635,3559901635,PL
3559901636,3559901637,DE
3559901638,3559901638,EE
3559901639,3559901640,FI
3559901641,3559901641,SE
3559901642,3559901643,DE
3559901644,3559901645,EE
3559901646,3559901647,GB
3559901648,3559901649,PL
3559901650,3559901651,NL
3559901652,3559901652,DE
3559901653,3559901653,GB
3559901654,3559901654,NL
3559901655,3559901655,GB
3559901656,3559901656,DE
3559901657,3559901657,NL
3559901658,3559901659,PL
3559901660,3559901663,NL
3559901664,3559901667,EE
3559901668,3559901668,NL
3559901669,3559901669,EE
3559901670,3559901671,NL
3559901672,3559901673,LT
3559901674,3559901675,HU
3559901676,3559901677,EE
3559901678,3559901678,PL
3559901679,3559901679,UA
3559901680,3559901687,EE
3559901688,3559901695,NL
3559901696,3559901711,EE
3559901712,3559901807,NL
3559901808,3559901823,EE
3559901824,3559901919,NL
3559901920,3559901951,EE
3559901952,3559902111,NL
3559902112,3559902127,LT
3559902128,3559902239,NL
3559902240,3559902287,EE
3559902288,3559902591,NL
3559902592,3559902617,EE
3559902618,3559902719,NL
3559902720,3559902975,EE
3559902976,3559903631,NL
3559903632,3559903679,EE
3559903680,3559904003,NL
3559904004,3559904015,EE
3559904016,3559904063,NL
3559904064,3559904127,EE
3559904128,3559904131,NL
3559904132,3559904135,EE
3559904136,3559904679,NL
3559904680,3559904699,EE
3559904700,3559904703,NL
3559904704,3559904767,EE
3559904768,3559904799,NL
3559904800,3559904815,EE
3559904816,3559904823,NL
3559904824,3559904831,EE
3559904832,3559905023,NL
3559905024,3559905025,EE
3559905026,3559905055,NL
3559905056,3559905123,EE
3559905124,3559905125,NL
3559905126,3559905127,EE
3559905128,3559905131,NL
3559905132,3559905133,EE
3559905134,3559905135,NL
3559905136,3559905139,EE
3559905140,3559905161,NL
3559905162,3559905163,EE
3559905164,3559905167,NL
3559905168,3559905175,EE
3559905176,3559905183,NL
3559905184,3559905193,EE
3559905194,3559905227,NL
3559905228,3559905247,EE
3559905248,3559905249,NL
3559905250,3559905251,EE
3559905252,3559905257,NL
3559905258,3559905259,EE
3559905260,3559905263,NL
3559905264,3559905267,EE
3559905268,3559905279,NL
3559905280,3559905281,EE
3559905282,3559905299,NL
3559905300,3559905303,EE
3559905304,3559905307,NL
3559905308,3559905317,EE
3559905318,3559905367,NL
3559905368,3559905372,EE
3559905373,3559905373,UA
3559905374,3559905379,EE
3559905380,3559905551,NL
3559905552,3559905567,EE
3559905568,3559905615,NL
3559905616,3559905623,EE
3559905624,3559905631,NL
3559905632,3559905663,EE
3559905664,3559905695,NL
3559905696,3559905711,EE
3559905712,3559905903,NL
3559905904,3559905919,EE
3559905920,3559906119,NL
3559906120,3559906127,EE
3559906128,3559906143,NL
3559906144,3559906159,EE
3559906160,3559906191,NL
3559906192,3559906199,EE
3559906200,3559906223,NL
3559906224,3559906267,EE
3559906268,3559906271,NL
3559906272,3559906303,EE
3559906304,3559906687,NL
3559906688,3559906703,EE
3559906704,3559906719,NL
3559906720,3559906735,EE
3559906736,3559906799,NL
3559906800,3559906815,EE
3559906816,3559906847,NL
3559906848,3559906943,EE
3559906944,3559907327,NL
3559907328,3559915519,FR
3559915520,3559923711,IT
3559923712,3559931903,RU
3559931904,3559932927,DE
3559932928,3559933951,GB
3559933952,3559934719,DE
3559934720,3559934975,GB
3559934976,3559937279,DE
3559937280,3559937535,GB
3559937536,3559937791,DE
3559937792,3559938047,GB
3559938048,3559948287,DE
3559948288,3559956479,RU
3559956480,3559964671,IT
3559964672,3559976959,RU
3559976960,3559981055,HU
3559981056,3559981279,NL
3559981280,3559981295,EE
3559981296,3559983427,NL
3559983428,3559983431,EE
3559983432,3559983487,NL
3559983488,3559983491,EE
3559983492,3559983575,NL
3559983576,3559983579,EE
3559983580,3559983631,NL
3559983632,3559983639,EE
3559983640,3559986191,NL
3559986192,3559986195,EE
3559986196,3559986247,NL
3559986248,3559986255,EE
3559986256,3559986271,NL
3559986272,3559986275,EE
3559986276,3559986287,NL
3559986288,3559986295,EE
3559986296,3559986311,NL
3559986312,3559986319,EE
3559986320,3559986687,NL
3559986688,3559986691,EE
3559986692,3559986695,NL
3559986696,3559986699,EE
3559986700,3559986711,NL
3559986712,3559986719,EE
3559986720,3559986731,NL
3559986732,3559986743,EE
3559986744,3559986751,NL
3559986752,3559986759,EE
3559986760,3559986795,NL
3559986796,3559986799,EE
3559986800,3559986819,NL
3559986820,3559986823,EE
3559986824,3559986827,NL
3559986828,3559986831,EE
3559986832,3559986847,NL
3559986848,3559986851,EE
3559986852,3559987759,NL
3559987760,3559987771,DE
3559987772,3559987791,NL
3559987792,3559987807,DE
3559987808,3559988095,NL
3559988096,3559988103,DE
3559988104,3559988735,NL
3559988736,3559988751,EE
3559988752,3559989031,NL
3559989032,3559989035,EE
3559989036,3559989123,NL
3559989124,3559989135,EE
3559989136,3559989151,NL
3559989152,3559989155,EE
3559989156,3559989247,NL
3559989248,3559997439,PL
3559997440,3560005631,KE
3560005632,3560013823,RU
3560013824,3560030207,ES
3560030208,3560046591,GB
3560046592,3560054783,BG
3560054784,3560062975,TR
3560062976,3560071167,BG
3560071168,3560079359,CY
3560079360,3560087551,FI
3560087552,3560095743,GB
3560095744,3560103935,FI
3560103936,3560104959,JP
3560104960,3560105983,US
3560105984,3560107007,JP
3560107008,3560109055,SG
3560109056,3560112127,JP
3560112128,3560120319,DE
3560120320,3560128511,ES
3560128512,3560144895,HU
3560144896,3560153087,CH
3560153088,3560161279,FR
3560161280,3560169471,PL
3560169472,3560177663,AT
3560177664,3560177919,JP
3560177920,3560178175,DE
3560178176,3560178431,GB
3560178432,3560178687,AT
3560178688,3560179199,SC
3560179200,3560179455,GB
3560179456,3560179711,CZ
3560179712,3560179967,UA
3560179968,3560180735,US
3560180736,3560180991,NL
3560180992,3560181247,RU
3560181248,3560181503,GE
3560181504,3560181759,US
3560181760,3560182015,GR
3560182016,3560182271,FR
3560182272,3560182527,GE
3560182528,3560182783,PL
3560182784,3560183039,LT
3560183040,3560183295,IT
3560183296,3560183551,NO
3560183552,3560183807,PT
3560183808,3560184063,FR
3560184064,3560184575,UA
3560184576,3560184831,IT
3560184832,3560185087,GE
3560185088,3560185343,US
3560185344,3560185855,ID
3560185856,3560194047,LT
3560194048,3560210431,IT
3560210432,3560218623,BF
3560218624,3560226815,HU
3560226816,3560235007,AT
3560235008,3560243199,NL
3560243200,3560247295,BE
3560247296,3560251391,NL
3560251392,3560259583,RU
3560259584,3560267775,GB
3560267776,3560275967,EE
3560275968,3560308735,DE
3560308736,3560316927,FI
3560316928,3560325119,NL
3560325120,3560333311,DK
3560333312,3560341503,RO
3560341504,3560357887,GB
3560357888,3560366079,GR
3560366080,3560374271,IT
3560374272,3560382463,ES
3560382464,3560390655,FO
3560390656,3560398847,LV
3560398848,3560407039,RU
3560407040,3560421375,PT
3560421376,3560423423,IL
3560423424,3560431615,CH
3560431616,3560439807,SK
3560439808,3560439815,BE
3560439816,3560439823,PL
3560439824,3560439831,BE
3560439832,3560439847,PL
3560439848,3560439863,BE
3560439864,3560439871,PL
3560439872,3560439879,DK
3560439880,3560439887,IT
3560439888,3560439895,AT
3560439896,3560439903,ES
3560439904,3560439911,BE
3560439912,3560439919,SE
3560439920,3560439927,CZ
3560439928,3560439935,TR
3560439936,3560439943,HR
3560439944,3560439951,PL
3560439952,3560439959,BE
3560439960,3560439967,IT
3560439968,3560439975,NO
3560439976,3560439991,SE
3560439992,3560439999,BE
3560440000,3560440063,BG
3560440064,3560440071,IT
3560440072,3560440103,BE
3560440104,3560440111,IT
3560440112,3560440115,NL
3560440116,3560440119,ES
3560440120,3560440127,IT
3560440128,3560440135,PL
3560440136,3560440151,ES
3560440152,3560440159,BE
3560440160,3560440167,IT
3560440168,3560440175,SE
3560440176,3560440263,BE
3560440264,3560440271,ES
3560440272,3560440279,US
3560440280,3560440287,BE
3560440288,3560440303,US
3560440304,3560440323,BE
3560440324,3560440327,IT
3560440328,3560440331,BE
3560440332,3560440335,DK
3560440336,3560440351,CH
3560440352,3560440359,PT
3560440360,3560440367,BE
3560440368,3560440375,US
3560440376,3560440383,ES
3560440384,3560440391,AT
3560440392,3560440399,ES
3560440400,3560440407,PL
3560440408,3560440415,IT
3560440416,3560440423,PL
3560440424,3560440431,IT
3560440432,3560440439,IE
3560440440,3560440447,CH
3560440448,3560440455,ES
3560440456,3560440463,BE
3560440464,3560440471,PL
3560440472,3560440479,DE
3560440480,3560440483,BE
3560440484,3560440487,DK
3560440488,3560440495,SE
3560440496,3560440503,IT
3560440504,3560440519,PL
3560440520,3560440527,DK
3560440528,3560440535,HU
3560440536,3560440543,ES
3560440544,3560440551,HU
3560440552,3560440559,NL
3560440560,3560440579,DK
3560440580,3560440583,DE
3560440584,3560440595,DK
3560440596,3560440607,PL
3560440608,3560440615,IE
3560440616,3560440623,ES
3560440624,3560440631,BE
3560440632,3560440639,SE
3560440640,3560440647,BE
3560440648,3560440655,HU
3560440656,3560440671,BE
3560440672,3560440687,ES
3560440688,3560440695,PL
3560440696,3560440711,IT
3560440712,3560440719,CZ
3560440720,3560440735,IT
3560440736,3560440743,SE
3560440744,3560440751,IT
3560440752,3560440759,ES
3560440760,3560440767,CZ
3560440768,3560440775,IE
3560440776,3560440783,PL
3560440784,3560440799,CZ
3560440800,3560440815,SE
3560440816,3560440823,HU
3560440824,3560440827,SK
3560440828,3560440831,ES
3560440832,3560441343,US
3560441344,3560441347,BG
3560441348,3560441351,HR
3560441352,3560441355,CZ
3560441356,3560441359,DK
3560441360,3560441363,FI
3560441364,3560441367,HU
3560441368,3560441371,LT
3560441372,3560441375,NO
3560441376,3560441379,SK
3560441380,3560441383,SI
3560441384,3560441387,CH
3560441388,3560441391,BG
3560441392,3560441395,HR
3560441396,3560441399,CZ
3560441400,3560441403,DK
3560441404,3560441407,FI
3560441408,3560441411,HU
3560441412,3560441415,LT
3560441416,3560441419,NO
3560441420,3560441423,SK
3560441424,3560441427,SI
3560441428,3560441431,CH
3560441432,3560441435,BG
3560441436,3560441439,HR
3560441440,3560441443,CZ
3560441444,3560441447,DK
3560441448,3560441451,FI
3560441452,3560441455,HU
3560441456,3560441459,LT
3560441460,3560441463,NO
3560441464,3560441467,SK
3560441468,3560441471,SI
3560441472,3560441475,CH
3560441476,3560441479,RO
3560441480,3560441487,PT
3560441488,3560441495,IE
3560441496,3560441503,BE
3560441504,3560441535,US
3560441536,3560441543,NO
3560441544,3560441551,US
3560441552,3560441567,IE
3560441568,3560441599,BE
3560441600,3560441607,US
3560441608,3560441631,IE
3560441632,3560441647,BE
3560441648,3560441663,ES
3560441664,3560441687,IE
3560441688,3560441695,IT
3560441696,3560441711,IE
3560441712,3560441719,US
3560441720,3560441727,PL
3560441728,3560441743,DK
3560441744,3560441751,CH
3560441752,3560441759,PL
3560441760,3560441775,US
3560441776,3560441783,IT
3560441784,3560441799,BE
3560441800,3560441807,IE
3560441808,3560441815,CH
3560441816,3560441823,IE
3560441824,3560441831,LV
3560441832,3560441839,IE
3560441840,3560441855,BE
3560441856,3560441863,IT
3560441864,3560441871,BG
3560441872,3560441879,ES
3560441880,3560441887,RO
3560441888,3560441895,IT
3560441896,3560441903,ES
3560441904,3560441911,RO
3560441912,3560441919,NO
3560441920,3560441927,HU
3560441928,3560441935,IT
3560441936,3560441943,IE
3560441944,3560441947,BE
3560441948,3560441951,ES
3560441952,3560441959,CH
3560441960,3560441967,GB
3560441968,3560441975,DK
3560441976,3560441983,BE
3560441984,3560441999,RO
3560442000,3560442031,IT
3560442032,3560442039,CZ
3560442040,3560442071,IT
3560442072,3560442087,BE
3560442088,3560442095,IE
3560442096,3560442103,AT
3560442104,3560442111,FR
3560442112,3560442115,AT
3560442116,3560442119,BE
3560442120,3560442127,NL
3560442128,3560442143,BE
3560442144,3560442167,SE
3560442168,3560442175,ES
3560442176,3560442179,BE
3560442180,3560442183,DK
3560442184,3560442191,PL
3560442192,3560442207,IT
3560442208,3560442215,ES
3560442216,3560442231,IT
3560442232,3560442239,SI
3560442240,3560442247,IE
3560442248,3560442255,DK
3560442256,3560442263,IT
3560442264,3560442271,BE
3560442272,3560442279,US
3560442280,3560442287,HU
3560442288,3560442311,CH
3560442312,3560442319,IT
3560442320,3560442327,CZ
3560442328,3560442335,PL
3560442336,3560442343,ES
3560442344,3560442347,BE
3560442348,3560442351,IT
3560442352,3560442359,PL
3560442360,3560442367,AT
3560442368,3560442371,PL
3560442372,3560442375,RO
3560442376,3560442383,BE
3560442384,3560442391,AT
3560442392,3560442399,IT
3560442400,3560442415,ES
3560442416,3560442431,BE
3560442432,3560442439,PL
3560442440,3560442447,BE
3560442448,3560442455,CH
3560442456,3560442463,LU
3560442464,3560442471,FI
3560442472,3560442475,DK
3560442476,3560442479,CH
3560442480,3560442503,DK
3560442504,3560442511,IE
3560442512,3560442519,US
3560442520,3560442527,CH
3560442528,3560442531,CZ
3560442532,3560442535,DK
3560442536,3560442543,BE
3560442544,3560442551,DK
3560442552,3560442559,IT
3560442560,3560442567,SK
3560442568,3560442603,DK
3560442604,3560442607,IT
3560442608,3560442631,ES
3560442632,3560442647,DK
3560442648,3560442671,PL
3560442672,3560442679,IE
3560442680,3560442695,PT
3560442696,3560442703,CH
3560442704,3560442711,DK
3560442712,3560442719,IE
3560442720,3560442767,BE
3560442768,3560442783,AT
3560442784,3560442791,CH
3560442792,3560442799,ES
3560442800,3560442807,IE
3560442808,3560442815,SE
3560442816,3560442823,CZ
3560442824,3560442831,US
3560442832,3560442839,ES
3560442840,3560442847,IE
3560442848,3560442855,SE
3560442856,3560442863,ES
3560442864,3560442871,PL
3560442872,3560442879,BE
3560442880,3560442887,NO
3560442888,3560442895,IT
3560442896,3560442903,AT
3560442904,3560442911,PL
3560442912,3560442919,AT
3560442920,3560442923,ES
3560442924,3560442927,IT
3560442928,3560442935,ES
3560442936,3560442943,LU
3560442944,3560442951,ES
3560442952,3560442959,IE
3560442960,3560442975,US
3560442976,3560442983,SE
3560442984,3560442991,ES
3560442992,3560442999,IT
3560443000,3560443007,NO
3560443008,3560443015,ES
3560443016,3560443039,PL
3560443040,3560443047,HU
3560443048,3560443055,IE
3560443056,3560443063,IT
3560443064,3560443071,PL
3560443072,3560443079,CZ
3560443080,3560443087,HU
3560443088,3560443095,PL
3560443096,3560443103,US
3560443104,3560443111,BE
3560443112,3560443119,IT
3560443120,3560443127,RO
3560443128,3560443135,LV
3560443136,3560443151,HU
3560443152,3560443159,DK
3560443160,3560443167,GR
3560443168,3560443175,ES
3560443176,3560443191,HU
3560443192,3560443199,ES
3560443200,3560443207,NL
3560443208,3560443215,US
3560443216,3560443223,BE
3560443224,3560443231,RO
3560443232,3560443239,ES
3560443240,3560443247,US
3560443248,3560443255,BE
3560443256,3560443263,ES
3560443264,3560443279,SE
3560443280,3560443287,NO
3560443288,3560443303,IT
3560443304,3560443311,IE
3560443312,3560443327,GB
3560443328,3560443335,RO
3560443336,3560443343,ES
3560443344,3560443351,PL
3560443352,3560443359,SE
3560443360,3560443367,IT
3560443368,3560443371,LT
3560443372,3560443375,BE
3560443376,3560443383,CH
3560443384,3560443391,FI
3560443392,3560443399,IT
3560443400,3560443407,DK
3560443408,3560443439,IT
3560443440,3560443447,NO
3560443448,3560443455,PL
3560443456,3560443463,CH
3560443464,3560443471,ES
3560443472,3560443479,BE
3560443480,3560443487,CH
3560443488,3560443495,AT
3560443496,3560443503,NO
3560443504,3560443519,BE
3560443520,3560443527,IE
3560443528,3560443531,PL
3560443532,3560443535,DK
3560443536,3560443543,RO
3560443544,3560443551,IE
3560443552,3560443575,PL
3560443576,3560443583,ES
3560443584,3560443584,BE
3560443585,3560443585,LU
3560443586,3560443587,US
3560443588,3560443591,BE
3560443592,3560443599,US
3560443600,3560443607,BE
3560443608,3560443615,CH
3560443616,3560443623,ES
3560443624,3560443631,NO
3560443632,3560443639,IE
3560443640,3560443647,SE
3560443648,3560443679,US
3560443680,3560443687,RO
3560443688,3560443695,BE
3560443696,3560443703,US
3560443704,3560443711,SE
3560443712,3560443719,ES
3560443720,3560443727,AT
3560443728,3560443735,FI
3560443736,3560443743,IT
3560443744,3560443751,FI
3560443752,3560443759,NO
3560443760,3560443767,ES
3560443768,3560443775,AT
3560443776,3560443783,NO
3560443784,3560443791,NL
3560443792,3560443799,BE
3560443800,3560443807,ES
3560443808,3560443823,SE
3560443824,3560443839,DE
3560443840,3560443847,SE
3560443848,3560443863,NL
3560443864,3560443871,IT
3560443872,3560443895,BE
3560443896,3560443903,DK
3560443904,3560443919,NL
3560443920,3560443959,GB
3560443960,3560443975,NL
3560443976,3560444415,GB
3560444416,3560444423,US
3560444424,3560444463,GB
3560444464,3560444471,US
3560444472,3560444927,GB
3560444928,3560445951,US
3560445952,3560446063,DE
3560446064,3560446071,FR
3560446072,3560446079,DE
3560446080,3560446087,CZ
3560446088,3560446107,DE
3560446108,3560446111,CZ
3560446112,3560446439,DE
3560446440,3560446447,NL
3560446448,3560446487,DE
3560446488,3560446495,HU
3560446496,3560446591,DE
3560446592,3560446599,AT
3560446600,3560447255,DE
3560447256,3560447263,DK
3560447264,3560447623,DE
3560447624,3560447631,LU
3560447632,3560447827,DE
3560447828,3560447831,CH
3560447832,3560447839,DE
3560447840,3560447871,CZ
3560447872,3560447887,DE
3560447888,3560447895,FR
3560447896,3560447935,DE
3560447936,3560447943,CZ
3560447944,3560447999,DE
3560448000,3560452095,US
3560452096,3560452351,NL
3560452352,3560452607,CA
3560452608,3560452863,CH
3560452864,3560453119,NL
3560453120,3560453375,CA
3560453376,3560453887,US
3560453888,3560454143,NL
3560454144,3560454655,GB
3560454656,3560455167,DE
3560455168,3560456191,IN
3560456192,3560472575,GB
3560472576,3560480767,MT
3560480768,3560488959,AT
3560488960,3560497151,MD
3560497152,3560505343,LU
3560505344,3560513535,TR
3560513536,3560515583,SK
3560515584,3560517631,RS
3560517632,3560521727,NL
3560521728,3560529919,ES
3560529920,3560554495,RU
3560554496,3560562687,SA
3560562688,3560570879,GB
3560570880,3560579071,TR
3560579072,3560587263,GB
3560587264,3560595455,DE
3560595456,3560603647,GE
3560603648,3560611839,US
3560611840,3560620031,UA
3560620032,3560628223,RU
3560628224,3560636415,GB
3560636416,3560644607,LT
3560644608,3560652799,DE
3560652800,3560653055,IL
3560653056,3560653311,GB
3560653312,3560653567,SE
3560653568,3560653823,DE
3560653824,3560654079,AE
3560654080,3560654335,GB
3560654336,3560654591,IL
3560654592,3560654847,AE
3560654848,3560656895,GB
3560656896,3560660991,US
3560660992,3560669183,RU
3560669184,3560685567,CH
3560685568,3560693759,ES
3560693760,3560701951,PL
3560701952,3560702975,US
3560702976,3560703231,BY
3560703232,3560703999,RU
3560704000,3560704015,IE
3560704016,3560704031,GB
3560704032,3560704047,US
3560704048,3560704063,HK
3560704064,3560704079,CA
3560704080,3560704095,JP
3560704096,3560704111,ES
3560704112,3560704127,FR
3560704128,3560704143,AU
3560704144,3560704159,SE
3560704160,3560704175,TR
3560704176,3560704191,KR
3560704192,3560704207,NO
3560704208,3560704223,NZ
3560704224,3560704239,BR
3560704240,3560705023,IE
3560705024,3560705279,US
3560705280,3560705535,IN
3560705536,3560706559,US
3560706560,3560706815,TR
3560706816,3560707071,US
3560707072,3560708095,RU
3560708096,3560710143,AT
3560710144,3560718335,CH
3560718336,3560726527,GM
3560726528,3560734719,DK
3560734720,3560740863,DE
3560740864,3560741119,NL
3560741120,3560742655,DE
3560742656,3560742911,HK
3560742912,3560751103,AT
3560751104,3560767487,DE
3560767488,3560833023,NL
3560833024,3560841215,GB
3560841216,3560849407,RS
3560849408,3560857599,DE
3560857600,3560865791,SA
3560865792,3560882175,FR
3560882176,3560890367,DE
3560890368,3560898559,NO
3560898560,3560906751,FI
3560906752,3560923135,DE
3560923136,3560931327,ES
3560931328,3560947711,DE
3560947712,3560955903,SE
3560955904,3560964095,LU
3560964096,3560996863,CN
3560996864,3561005055,GB
3561005056,3561013247,ES
3561013248,3561021439,TR
3561021440,3561037823,DE
3561037824,3561046015,BE
3561046016,3561054207,RU
3561054208,3561062399,MT
3561062400,3561070591,TR
3561070592,3561078783,CH
3561078784,3561095167,CZ
3561095168,3561103359,DE
3561103360,3561107455,RU
3561107456,3561107711,UA
3561107712,3561107967,KR
3561107968,3561108223,UA
3561108224,3561108479,US
3561108480,3561108735,BR
3561108736,3561108991,KR
3561108992,3561109503,UA
3561109504,3561111551,RU
3561111552,3561119743,LU
3561119744,3561127935,IT
3561127936,3561136127,DE
3561136128,3561144319,ES
3561144320,3561152511,FI
3561152512,3561160703,IT
3561160704,3561166847,RU
3561166848,3561167103,KZ
3561167104,3561167359,BY
3561167360,3561168895,RU
3561168896,3561172991,FR
3561172992,3561177087,NO
3561177088,3561185279,CZ
3561185280,3561193471,GB
3561193472,3561201663,PL
3561201664,3561209855,NL
3561209856,3561215487,DE
3561215488,3561215743,GB
3561215744,3561216767,DE
3561216768,3561217535,GB
3561217536,3561218047,DE
3561218048,3561226239,AT
3561226240,3561234431,FI
3561234432,3561242623,TR
3561242624,3561259007,DE
3561259008,3561267199,IL
3561267200,3561268223,UA
3561268224,3561269247,US
3561269248,3561270271,UA
3561270272,3561271295,JP
3561271296,3561272319,UA
3561272320,3561273343,SG
3561273344,3561274367,JP
3561274368,3561275391,SG
3561275392,3561291775,BE
3561291776,3561292031,AU
3561292032,3561292287,DK
3561292288,3561293055,RS
3561293056,3561293311,BR
3561293312,3561294335,RS
3561294336,3561294591,DE
3561294592,3561299967,RS
3561299968,3561308159,GB
3561308160,3561313279,PL
3561313280,3561313791,NL
3561313792,3561314047,FR
3561314048,3561314303,NL
3561314304,3561315327,JP
3561315328,3561316351,IN
3561316352,3561324543,RU
3561324544,3561325567,CZ
3561325568,3561325823,TR
3561325824,3561326079,ID
3561326080,3561326335,TR
3561326336,3561326591,CA
3561326592,3561328639,IT
3561328640,3561332735,US
3561332736,3561339391,FR
3561339392,3561339647,AT
3561339648,3561340927,FR
3561340928,3561357311,GB
3561357312,3561357823,US
3561357824,3561358079,DK
3561358080,3561365503,US
3561365504,3561373695,SA
3561373696,3561381887,GB
3561381888,3561390079,QA
3561390080,3561398271,BG
3561398272,3561406463,LV
3561406464,3561414655,GR
3561414656,3561422847,IT
3561422848,3561431039,BE
3561431040,3561439231,SA
3561439232,3561447423,NO
3561447424,3561455615,CH
3561455616,3561471999,CZ
3561472000,3561480191,DE
3561480192,3561488383,GB
3561488384,3561496575,OM
3561496576,3561504767,GB
3561504768,3561512959,DE
3561512960,3561521151,SI
3561521152,3561529343,GE
3561529344,3561537535,DE
3561537536,3561545727,BG
3561545728,3561553919,NL
3561553920,3561562111,SE
3561562112,3561570303,ES
3561570304,3561578495,AM
3561578496,3561586687,RU
3561586688,3561588479,BG
3561588480,3561588735,IT
3561588736,3561588991,BG
3561588992,3561589247,HU
3561589248,3561591807,BG
3561591808,3561592063,NL
3561592064,3561592319,IT
3561592320,3561592575,CY
3561592576,3561592831,BG
3561592832,3561593343,IT
3561593344,3561593599,CH
3561593600,3561594879,BG
3561594880,3561603071,SE
3561603072,3561609983,GB
3561609984,3561610239,FR
3561610240,3561620991,GB
3561620992,3561621503,US
3561621504,3561628415,GB
3561628416,3561629183,KR
3561629184,3561630719,GB
3561630720,3561631231,BE
3561631232,3561633535,GB
3561633536,3561633791,NL
3561633792,3561639423,GB
3561639424,3561639679,DE
3561639680,3561639807,GB
3561639808,3561639935,DE
3561639936,3561652223,GB
3561652224,3561668607,CH
3561668608,3561678591,RU
3561678592,3561678847,LV
3561678848,3561684991,RU
3561684992,3561693183,BG
3561693184,3561701375,DE
3561701376,3561709567,SE
3561709568,3561717759,PL
3561717760,3561725951,RU
3561725952,3561734143,ES
3561734144,3561750527,RU
3561750528,3561758719,KZ
3561758720,3561766911,PL
3561766912,3561775103,SA
3561775104,3561783295,IL
3561783296,3561799679,RU
3561799680,3561807871,DE
3561807872,3561816063,BE
3561816064,3561824255,VA
3561824256,3561832447,LI
3561832448,3561840639,IT
3561840640,3561848831,PL
3561848832,3561857023,RU
3561857024,3561865215,DE
3561865216,3561873407,QA
3561873408,3561881599,DE
3561881600,3561889791,IT
3561889792,3561897983,FR
3561897984,3561906175,GB
3561906176,3561914367,DE
3561914368,3561922559,ES
3561922560,3561925951,NL
3561925952,3561925959,DE
3561925960,3561925967,FR
3561925968,3561928447,NL
3561928448,3561928451,DE
3561928452,3561928455,NL
3561928456,3561928495,DE
3561928496,3561928499,NL
3561928500,3561928527,DE
3561928528,3561928535,NL
3561928536,3561928539,DE
3561928540,3561928547,NL
3561928548,3561928555,DE
3561928556,3561928559,NL
3561928560,3561928567,DE
3561928568,3561928575,NL
3561928576,3561928579,DE
3561928580,3561928583,NL
3561928584,3561928587,DE
3561928588,3561928603,NL
3561928604,3561928607,DE
3561928608,3561928627,NL
3561928628,3561928643,DE
3561928644,3561928651,NL
3561928652,3561928671,DE
3561928672,3561928679,NL
3561928680,3561928691,DE
3561928692,3561928695,NL
3561928696,3561928699,DE
3561928700,3561928991,NL
3561928992,3561928999,BE
3561929000,3561938943,NL
3561938944,3561944063,IE
3561944064,3561944319,NO
3561944320,3561944575,PL
3561944576,3561944831,PT
3561944832,3561945087,SG
3561945088,3561945343,ZA
3561945344,3561945599,ES
3561945600,3561945855,SE
3561945856,3561946111,CH
3561946112,3561947135,IE
3561947136,3561963519,DE
3561963520,3561971711,BE
3561971712,3561975807,CZ
3561975808,3561979903,UA
3561979904,3561988095,ES
3561988096,3562012671,DE
3562012672,3562012927,FR
3562012928,3562014463,IR
3562014464,3562014719,DE
3562014720,3562020863,IR
3562020864,3562029055,UA
3562029056,3562037247,CZ
3562037248,3562045439,CH
3562045440,3562061823,ES
3562061824,3562062847,LT
3562062848,3562063871,UA
3562063872,3562064895,SE
3562064896,3562065919,IL
3562065920,3562066943,ES
3562066944,3562067967,TH
3562067968,3562068991,AE
3562068992,3562069247,GB
3562069248,3562070015,IE
3562070016,3562078207,DE
3562078208,3562086399,SK
3562086400,3562088447,RU
3562088448,3562088703,AU
3562088704,3562089215,FR
3562089216,3562089471,US
3562089472,3562090239,DE
3562090240,3562090495,AU
3562090496,3562091519,NO
3562091520,3562092543,LB
3562092544,3562093567,RO
3562093568,3562094591,IT
3562094592,3562094879,US
3562094880,3562094895,NO
3562094896,3562094903,DK
3562094904,3562094911,BE
3562094912,3562094919,ES
3562094920,3562094923,CH
3562094924,3562094927,BE
3562094928,3562094935,NO
3562094936,3562094943,IE
3562094944,3562094951,SE
3562094952,3562094959,BE
3562094960,3562094975,ES
3562094976,3562095007,PL
3562095008,3562095015,BE
3562095016,3562095023,AT
3562095024,3562095031,BG
3562095032,3562095035,PL
3562095036,3562095039,ES
3562095040,3562095047,IT
3562095048,3562095055,EE
3562095056,3562095063,PL
3562095064,3562095071,BE
3562095072,3562095079,IT
3562095080,3562095087,SE
3562095088,3562095103,IT
3562095104,3562095519,FR
3562095520,3562095527,BE
3562095528,3562095615,FR
3562095616,3562096847,GB
3562096848,3562096855,IE
3562096856,3562097403,GB
3562097404,3562097407,US
3562097408,3562098687,GB
3562098688,3562099199,US
3562099200,3562099455,NL
3562099456,3562099711,US
3562099712,3562100735,FR
3562100736,3562101555,NL
3562101556,3562101559,BE
3562101560,3562101759,NL
3562101760,3562102015,US
3562102016,3562102271,DE
3562102272,3562103295,US
3562103296,3562103551,NL
3562103552,3562103559,US
3562103560,3562103567,IE
3562103568,3562103583,US
3562103584,3562103591,HU
3562103592,3562103599,IT
3562103600,3562103607,DK
3562103608,3562103615,IT
3562103616,3562103623,US
3562103624,3562103631,IT
3562103632,3562103639,BE
3562103640,3562103647,HU
3562103648,3562103663,ES
3562103664,3562103667,IT
3562103668,3562103671,AT
3562103672,3562103679,PL
3562103680,3562103687,ES
3562103688,3562103695,SI
3562103696,3562103703,GR
3562103704,3562103707,BE
3562103708,3562103719,ES
3562103720,3562103727,SE
3562103728,3562103735,ES
3562103736,3562103759,BE
3562103760,3562103767,PL
3562103768,3562103775,RO
3562103776,3562103783,IT
3562103784,3562103791,CH
3562103792,3562103799,ES
3562103800,3562103807,CH
3562103808,3562104831,US
3562104832,3562104839,GR
3562104840,3562104847,FI
3562104848,3562104855,PL
3562104856,3562104859,US
3562104860,3562104863,GR
3562104864,3562104879,PT
3562104880,3562104887,NO
3562104888,3562104895,PL
3562104896,3562104903,IT
3562104904,3562104927,PL
3562104928,3562104935,NO
3562104936,3562104943,CZ
3562104944,3562104951,US
3562104952,3562104959,AT
3562104960,3562104975,BE
3562104976,3562104983,DK
3562104984,3562104984,PL
3562104985,3562104987,US
3562104988,3562104991,ES
3562104992,3562104999,DK
3562105000,3562105007,ES
3562105008,3562105015,PL
3562105016,3562105023,IT
3562105024,3562105087,BE
3562105088,3562105103,SE
3562105104,3562105119,CH
3562105120,3562105123,IT
3562105124,3562105135,BE
3562105136,3562105151,CH
3562105152,3562105167,PT
3562105168,3562105175,RO
3562105176,3562105183,PL
3562105184,3562105191,SE
3562105192,3562105199,DK
3562105200,3562105207,IT
3562105208,3562105215,BE
3562105216,3562105231,PT
3562105232,3562105239,PL
3562105240,3562105247,CZ
3562105248,3562105263,IE
3562105264,3562105271,BE
3562105272,3562105279,IT
3562105280,3562105287,PL
3562105288,3562105295,BE
3562105296,3562105311,IT
3562105312,3562105319,BE
3562105320,3562105327,IT
3562105328,3562105335,IE
3562105336,3562105343,PL
3562105344,3562105351,IE
3562105352,3562105359,HU
3562105360,3562105367,SK
3562105368,3562105375,SE
3562105376,3562105383,ES
3562105384,3562105391,FI
3562105392,3562105415,PL
3562105416,3562105423,BE
3562105424,3562105427,IT
3562105428,3562105431,BE
3562105432,3562105439,PL
3562105440,3562105447,ES
3562105448,3562105455,IT
3562105456,3562105463,CH
3562105464,3562105471,AT
3562105472,3562105487,IT
3562105488,3562105495,HR
3562105496,3562105511,IT
3562105512,3562105519,DK
3562105520,3562105527,IT
3562105528,3562105543,ES
3562105544,3562105551,IT
3562105552,3562105567,ES
3562105568,3562105575,FR
3562105576,3562105583,IE
3562105584,3562105591,IT
3562105592,3562105599,SE
3562105600,3562105855,US
3562105856,3562106879,GB
3562106880,3562107487,DE
3562107488,3562107495,LU
3562107496,3562107535,DE
3562107536,3562107543,CZ
3562107544,3562107583,DE
3562107584,3562107591,AT
3562107592,3562107823,DE
3562107824,3562107839,DK
3562107840,3562107903,DE
3562107904,3562107911,IT
3562107912,3562107927,PL
3562107928,3562107935,IT
3562107936,3562107943,ES
3562107944,3562107951,BE
3562107952,3562107959,IE
3562107960,3562107983,IT
3562107984,3562107987,CZ
3562107988,3562107991,DK
3562107992,3562108031,BE
3562108032,3562108039,ES
3562108040,3562108047,DK
3562108048,3562108055,NO
3562108056,3562108071,BE
3562108072,3562108075,SE
3562108076,3562108079,IT
3562108080,3562108087,FI
3562108088,3562108119,ES
3562108120,3562108127,GR
3562108128,3562108135,IT
3562108136,3562108151,PT
3562108152,3562108159,LT
3562108160,3562108167,SE
3562108168,3562108183,BE
3562108184,3562108191,IT
3562108192,3562108215,BE
3562108216,3562108223,FI
3562108224,3562108239,BE
3562108240,3562108247,IT
3562108248,3562108251,ES
3562108252,3562108255,RO
3562108256,3562108279,BE
3562108280,3562108287,FI
3562108288,3562108295,PL
3562108296,3562108335,BE
3562108336,3562108343,IE
3562108344,3562108351,IT
3562108352,3562108359,IE
3562108360,3562108407,IT
3562108408,3562108415,HU
3562108416,3562108423,RO
3562108424,3562108471,BE
3562108472,3562108479,PL
3562108480,3562108487,RO
3562108488,3562108495,IT
3562108496,3562108503,BE
3562108504,3562108511,PT
3562108512,3562108519,CZ
3562108520,3562108527,RO
3562108528,3562108543,SK
3562108544,3562108551,ES
3562108552,3562108575,CZ
3562108576,3562108583,RO
3562108584,3562108591,HU
3562108592,3562108599,CZ
3562108600,3562108607,US
3562108608,3562108615,SK
3562108616,3562108623,NO
3562108624,3562108627,IT
3562108628,3562108631,PL
3562108632,3562108639,DK
3562108640,3562108647,NO
3562108648,3562108671,IT
3562108672,3562108687,CH
3562108688,3562108691,BE
3562108692,3562108695,ES
3562108696,3562108703,BE
3562108704,3562108727,IE
3562108728,3562108735,ES
3562108736,3562108743,NO
3562108744,3562108759,PL
3562108760,3562108767,IE
3562108768,3562108775,US
3562108776,3562108791,CZ
3562108792,3562108807,PL
3562108808,3562108815,ES
3562108816,3562108831,DK
3562108832,3562108855,IT
3562108856,3562108871,PL
3562108872,3562108895,US
3562108896,3562108903,IT
3562108904,3562108927,BE
3562108928,3562109951,GB
3562109952,3562110975,US
3562110976,3562143743,ES
3562143744,3562151935,GB
3562151936,3562160127,DE
3562160128,3562176511,GB
3562176512,3562184703,FR
3562184704,3562192895,DE
3562192896,3562201087,UA
3562201088,3562209279,DE
3562209280,3562217471,RU
3562217472,3562225663,DE
3562225664,3562233855,NL
3562233856,3562242047,FI
3562242048,3562258431,FR
3562258432,3562283007,NL
3562283008,3562285055,IT
3562285056,3562287103,IE
3562287104,3562289151,IT
3562289152,3562291199,FR
3562291200,3562307583,GB
3562307584,3562315775,NL
3562315776,3562323967,GB
3562323968,3562340351,DE
3562340352,3562346495,BR
3562346496,3562347519,ID
3562347520,3562348031,US
3562348032,3562348543,GB
3562348544,3562354687,ES
3562354688,3562356735,NL
3562356736,3562364927,SE
3562364928,3562373119,PL
3562373120,3562381311,FR
3562381312,3562389503,SI
3562389504,3562397695,GH
3562397696,3562398719,TR
3562398720,3562398975,GB
3562398976,3562399743,FR
3562399744,3562403839,ES
3562403840,3562405887,GB
3562405888,3562414079,FI
3562414080,3562422271,DE
3562422272,3562430463,IR
3562430464,3562430719,CA
3562430720,3562430975,GI
3562430976,3562431231,ES
3562431232,3562431487,RU
3562431488,3562431743,FR
3562431744,3562432255,NL
3562432256,3562432511,GI
3562432512,3562433023,GB
3562433024,3562433279,CA
3562433280,3562433535,GI
3562433536,3562434047,NL
3562434048,3562434559,UA
3562434560,3562434815,GI
3562434816,3562435071,UA
3562435072,3562435583,NL
3562435584,3562436607,UA
3562436608,3562437119,NL
3562437120,3562437631,SG
3562437632,3562437887,UA
3562437888,3562438655,NL
3562438656,3562463231,DE
3562463232,3562471423,UA
3562471424,3562479615,PL
3562479616,3562487807,DE
3562487808,3562495999,GB
3562496000,3562504191,BE
3562504192,3562512895,DE
3562512896,3562513407,NL
3562513408,3562513919,DE
3562513920,3562514431,NL
3562514432,3562514687,UA
3562514688,3562516479,EE
3562516480,3562516991,DE
3562516992,3562517503,SE
3562517504,3562518015,DE
3562518016,3562518527,GB
3562518528,3562519039,DE
3562519040,3562520575,EE
3562520576,3562521599,JP
3562521600,3562522623,TR
3562522624,3562522879,FR
3562522880,3562523135,RO
3562523136,3562523391,CH
3562523392,3562523647,RO
3562523648,3562523903,DE
3562523904,3562524159,AL
3562524160,3562524415,SA
3562524416,3562524671,BG
3562524672,3562526719,DE
3562526720,3562526975,US
3562526976,3562527231,HK
3562527232,3562527743,US
3562527744,3562527999,NL
3562528000,3562528511,BG
3562528512,3562528767,NL
3562528768,3562536959,PL
3562536960,3562545151,AT
3562545152,3562553343,GB
3562553344,3562561535,DK
3562561536,3562569727,UG
3562569728,3562577919,DE
3562577920,3562586111,AT
3562586112,3562594303,DE
3562594304,3562602495,BE
3562602496,3562610687,ES
3562610688,3562618879,NO
3562618880,3562627071,GB
3562627072,3562635263,NO
3562635264,3562643455,DE
3562643456,3562651647,AT
3562651648,3562659839,DE
3562659840,3562668031,SK
3562668032,3562676223,IT
3562676224,3562684415,UA
3562684416,3562692607,FI
3562692608,3562693631,RU
3562693632,3562694655,AU
3562694656,3562695679,DE
3562695680,3562696703,IL
3562696704,3562697727,GB
3562697728,3562698751,ES
3562698752,3562699263,FR
3562699264,3562699775,DE
3562699776,3562700799,UA
3562700800,3562708991,DE
3562708992,3562717183,UA
3562717184,3562725375,CH
3562725376,3562733567,CZ
3562733568,3562741759,PL
3562741760,3562758143,IT
3562758144,3562766335,HR
3562766336,3562774527,SE
3562774528,3562782719,BG
3562782720,3562790911,RU
3562790912,3562799103,DE
3562799104,3562807295,HU
3562807296,3562815487,ES
3562815488,3562823679,NL
3562823680,3562825215,RU
3562825216,3562825727,MY
3562825728,3562831359,NL
3562831360,3562831615,FR
3562831616,3562831871,NL
3562831872,3562848255,RU
3562848256,3562856447,HR
3562856448,3562864639,UA
3562864640,3562872831,DE
3562872832,3562881023,DK
3562881024,3562889215,GB
3562889216,3562897407,LV
3562897408,3562905599,RO
3562905600,3562921983,SA
3562921984,3562930175,SI
3562930176,3562938367,RU
3562938368,3562944255,CH
3562944256,3562944511,BE
3562944512,3562946559,CH
3562946560,3562954751,FI
3562954752,3562962943,RU
3562962944,3562971135,IT
3562971136,3562987519,FR
3562987520,3562995711,DE
3562995712,3563003903,AT
3563003904,3563012095,DE
3563012096,3563020287,FR
3563020288,3563028479,DE
3563028480,3563036671,IQ
3563036672,3563044863,BG
3563044864,3563053055,ES
3563053056,3563061247,GB
3563061248,3563065343,GH
3563065344,3563069439,ZA
3563069440,3563077631,HU
3563077632,3563085823,KZ
3563085824,3563094015,RU
3563094016,3563102207,DE
3563102208,3563110399,CZ
3563110400,3563118591,RU
3563118592,3563126783,PL
3563126784,3563134975,KG
3563134976,3563143167,IT
3563143168,3563145215,DE
3563145216,3563149311,GB
3563149312,3563151359,ES
3563151360,3563159551,DE
3563159552,3563167743,DK
3563167744,3563175935,ES
3563175936,3563192319,DK
3563192320,3563200511,TR
3563200512,3563208703,CH
3563208704,3563225087,DK
3563225088,3563233279,LB
3563233280,3563241471,BY
3563241472,3563257855,TR
3563257856,3563290623,FR
3563290624,3563315199,DE
3563315200,3563323391,DK
3563323392,3563331583,GB
3563331584,3563339775,DE
3563339776,3563347967,NG
3563347968,3563356159,SE
3563356160,3563364351,RU
3563364352,3563366655,BE
3563366656,3563366911,HK
3563366912,3563367167,BE
3563367168,3563367423,DE
3563367424,3563367935,GB
3563367936,3563368191,JP
3563368192,3563370495,BE
3563370496,3563370751,GB
3563370752,3563371519,BE
3563371520,3563371775,GE
3563371776,3563372543,BE
3563372544,3563380735,SA
3563380736,3563388927,GB
3563388928,3563397119,CH
3563397120,3563405311,DE
3563405312,3563413503,ES
3563413504,3563421695,TR
3563421696,3563438079,SI
3563438080,3563446271,DE
3563446272,3563454463,LB
3563454464,3563462655,SA
3563462656,3563462911,GB
3563462912,3563463167,US
3563463168,3563463679,NL
3563463680,3563464191,CH
3563464192,3563464703,CZ
3563464704,3563465215,US
3563465216,3563465471,HK
3563465472,3563465727,DE
3563465728,3563466751,US
3563466752,3563467263,ES
3563467264,3563467775,JP
3563467776,3563468287,GB
3563468288,3563468799,IT
3563468800,3563469311,DE
3563469312,3563470335,US
3563470336,3563470591,SE
3563470592,3563470847,GB
3563479040,3563479295,GR
3563479296,3563479551,DE
3563479552,3563479807,IT
3563479808,3563480063,HU
3563480064,3563480575,FR
3563480576,3563480831,DE
3563480832,3563481087,TR
3563481088,3563481343,IT
3563481344,3563481599,BG
3563481600,3563481855,RO
3563481856,3563482111,TR
3563482112,3563482367,ES
3563482368,3563482879,IT
3563482880,3563483135,ES
3563483136,3563483391,AT
3563483392,3563483647,BG
3563483648,3563483903,UA
3563483904,3563484415,BE
3563484416,3563484927,DE
3563484928,3563485183,FR
3563485184,3563485439,DE
3563485440,3563485695,FR
3563485696,3563485951,IT
3563485952,3563486207,AZ
3563486208,3563486463,GB
3563486464,3563486719,NL
3563486720,3563486975,CH
3563486976,3563487231,DE
3563487232,3563494399,RS
3563494400,3563494655,NO
3563494656,3563494911,RS
3563494912,3563495167,NZ
3563495168,3563495423,RO
3563495424,3563503615,DE
3563503616,3563511807,GB
3563511808,3563519999,DE
3563520000,3563528191,FR
3563528192,3563529215,DE
3563529216,3563530239,TR
3563530240,3563531263,DE
3563531264,3563532287,LV
3563532288,3563532799,US
3563532800,3563533055,DE
3563533056,3563533311,RO
3563533312,3563534335,DE
3563534336,3563535359,IL
3563535360,3563535871,DE
3563535872,3563536127,US
3563536128,3563536383,DE
3563536384,3563544575,CH
3563544576,3563552767,RU
3563552768,3563560959,SI
3563560960,3563569151,EG
3563569152,3563577343,IT
3563577344,3563585535,GB
3563585536,3563601919,IT
3563601920,3563610111,RU
3563610112,3563618303,BG
3563618304,3563618559,FI
3563618560,3563619071,GB
3563619072,3563619327,RU
3563619328,3563619583,GB
3563619584,3563619839,AT
3563619840,3563621375,GB
3563621376,3563621887,US
3563621888,3563622143,IT
3563622144,3563622399,GB
3563622400,3563623423,IN
3563623424,3563624191,GB
3563624192,3563624447,TR
3563624448,3563624703,GB
3563624704,3563624959,IT
3563625216,3563625983,GB
3563625984,3563626239,DE
3563626240,3563626495,GB
3563626496,3563634687,ES
3563634688,3563636223,CA
3563636224,3563636735,FR
3563636736,3563636991,SE
3563636992,3563637247,IT
3563637248,3563637503,US
3563637504,3563637759,CA
3563637760,3563638015,JP
3563638016,3563638271,CA
3563638272,3563638783,FR
3563638784,3563639295,PT
3563639296,3563639551,NL
3563639552,3563639807,AT
3563639808,3563640319,IL
3563640320,3563640575,CH
3563640576,3563640831,CA
3563640832,3563642879,CH
3563642880,3563646975,LK
3563646976,3563651071,FR
3563651072,3563683839,SE
3563683840,3563684351,GB
3563684352,3563684863,PL
3563684864,3563685375,JO
3563685376,3563685887,DK
3563685888,3563686399,RO
3563686400,3563686911,AE
3563686912,3563687423,ES
3563687424,3563687935,QA
3563687936,3563688447,SE
3563688448,3563688959,GB
3563688960,3563689471,SJ
3563689472,3563689983,FR
3563689984,3563691007,IT
3563691008,3563691519,BG
3563691520,3563691775,SI
3563691776,3563692031,HR
3563692032,3563700223,GB
3563700224,3563708415,DE
3563708416,3563716607,HU
3563716608,3563724799,PL
3563724800,3563732991,RU
3563732992,3563741183,PS
3563741184,3563749375,FR
3563749376,3563765759,PL
3563765760,3563782143,ES
3563782144,3563783167,IL
3563783168,3563784191,TR
3563784192,3563785215,DE
3563785216,3563786239,US
3563786240,3563786751,NL
3563786752,3563787263,US
3563787264,3563788287,AE
3563788288,3563788543,RU
3563788544,3563788799,DE
3563788800,3563789055,UA
3563789056,3563789311,DE
3563789312,3563789823,HK
3563789824,3563790335,JP
3563790336,3563798527,EE
3563798528,3563806719,FR
3563806720,3563814911,SA
3563814912,3563823103,SE
3563823104,3563831295,DE
3563831296,3563847679,RU
3563847680,3563855871,GB
3563855872,3563864063,AT
3563864064,3563868671,GB
3563868672,3563868927,NL
3563868928,3563869439,GB
3563869440,3563869695,SA
3563869696,3563870207,KZ
3563870208,3563872255,GB
3563872256,3563872511,IT
3563872512,3563873023,IR
3563873024,3563873279,TR
3563873280,3563873535,SA
3563873536,3563873791,SI
3563873792,3563874047,IR
3563874048,3563874303,DE
3563874304,3563874559,CH
3563874560,3563874815,SE
3563874816,3563875071,GR
3563875072,3563875327,TR
3563875328,3563875583,FR
3563875584,3563875839,RU
3563875840,3563876095,DE
3563876096,3563876351,AE
3563876352,3563876863,US
3563877376,3563877631,IS
3563877632,3563878143,FR
3563878144,3563878399,CY
3563878400,3563878655,TR
3563878656,3563878911,PL
3563878912,3563879167,SG
3563879168,3563879423,FR
3563879424,3563879935,IR
3563879936,3563880191,AE
3563880192,3563880447,IR
3563880448,3563888639,TR
3563888640,3563896831,DE
3563896832,3563913215,HU
3563913216,3563921407,RU
3563921408,3563929599,UA
3563929600,3563937791,CH
3563937792,3563945983,TR
3563945984,3563956223,PL
3563956224,3563958271,RU
3563958272,3563962367,CZ
3563962368,3563970559,RU
3563970560,3563978751,TR
3563978752,3563995135,IT
3563995136,3564003327,MK
3564003328,3564011519,DE
3564011520,3564013055,UA
3564013056,3564013567,PL
3564013568,3564015103,UA
3564015104,3564015615,PL
3564015616,3564017663,US
3564017664,3564018687,UA
3564018688,3564019711,RU
3564019712,3564027903,GB
3564027904,3564044287,DE
3564044288,3564052479,CZ
3564052480,3564060671,GB
3564060672,3564064767,RU
3564064768,3564065535,NL
3564065536,3564065791,RU
3564065792,3564066815,KZ
3564066816,3564067327,NL
3564067328,3564068863,RU
3564068864,3564077055,ES
3564077056,3564085247,VG
3564085248,3564093439,US
3564093440,3564099327,UA
3564099328,3564099583,GB
3564099584,3564101631,UA
3564101632,3564109823,DE
3564109824,3564112895,SE
3564112896,3564114175,FI
3564114176,3564114719,SE
3564114720,3564114751,DK
3564114752,3564114783,FI
3564114784,3564114815,NO
3564114816,3564114863,FI
3564114864,3564114879,DK
3564114880,3564114911,SE
3564114912,3564114927,FI
3564114928,3564115199,SE
3564115200,3564115455,FI
3564115456,3564115711,NO
3564115712,3564115967,DK
3564115968,3564126207,SE
3564126208,3564134399,IT
3564134400,3564142591,KG
3564142592,3564150783,DK
3564150784,3564152607,SE
3564152608,3564152639,NO
3564152640,3564153087,SE
3564153088,3564153151,NO
3564153152,3564154943,SE
3564154944,3564154975,FI
3564154976,3564155151,SE
3564155152,3564155159,NO
3564155160,3564155311,SE
3564155312,3564155315,NL
3564155316,3564155695,SE
3564155696,3564155711,FI
3564155712,3564156415,SE
3564156416,3564156419,NO
3564156420,3564156703,SE
3564156704,3564156735,FI
3564156736,3564156923,SE
3564156924,3564156927,FI
3564156928,3564157207,SE
3564157208,3564157215,NO
3564157216,3564158951,SE
3564158952,3564158955,NO
3564158956,3564158975,SE
3564158976,3564175359,DE
3564175360,3564183551,GB
3564183552,3564191743,UA
3564191744,3564199935,BE
3564199936,3564200703,RU
3564200704,3564200959,DE
3564200960,3564201983,SE
3564201984,3564202239,DE
3564202240,3564202495,RU
3564202496,3564202751,AT
3564202752,3564203007,DE
3564203008,3564203263,RU
3564203264,3564203519,NL
3564203520,3564204031,RU
3564204032,3564204287,DE
3564204288,3564205055,RU
3564205056,3564205311,DE
3564205312,3564205823,RU
3564205824,3564206079,AT
3564206080,3564208127,RU
3564208128,3564216319,GB
3564216320,3564224511,PT
3564224512,3564232703,GB
3564232704,3564240895,RU
3564240896,3564249087,FR
3564249088,3564265471,DE
3564265472,3564273663,NL
3564273664,3564306431,DE
3564306432,3564314623,TR
3564314624,3564315647,DE
3564315648,3564316671,NL
3564316672,3564316927,BG
3564316928,3564317183,FR
3564317184,3564317695,BG
3564317696,3564318719,ES
3564318720,3564319999,RU
3564320000,3564320767,HK
3564320768,3564321791,RU
3564321792,3564322815,RO
3564322816,3564332031,IT
3564332032,3564332543,SA
3564332544,3564333055,TR
3564333056,3564334079,NL
3564334080,3564334591,GB
3564334592,3564334847,DE
3564334848,3564335103,IL
3564335104,3564336127,UZ
3564336128,3564337151,PL
3564337152,3564338175,RS
3564338176,3564338431,US
3564338432,3564338687,BR
3564338688,3564339711,US
3564339712,3564339967,ES
3564339968,3564340223,US
3564340224,3564340295,NL
3564340296,3564340303,GB
3564340304,3564341119,NL
3564341120,3564341127,DE
3564341128,3564341163,NL
3564341164,3564341167,BE
3564341168,3564341247,NL
3564341248,3564341263,CH
3564341264,3564341279,NL
3564341280,3564341287,GB
3564341288,3564341299,DE
3564341300,3564341303,BE
3564341304,3564341319,GB
3564341320,3564341323,NL
3564341324,3564341331,ES
3564341332,3564341339,DE
3564341340,3564341351,FR
3564341352,3564341359,GB
3564341360,3564341379,FR
3564341380,3564341383,PT
3564341384,3564341391,NL
3564341392,3564341399,ES
3564341400,3564341403,FR
3564341404,3564341407,ES
3564341408,3564341415,SE
3564341416,3564341419,DE
3564341420,3564341423,FR
3564341424,3564341427,NL
3564341428,3564341431,IE
3564341432,3564341435,NL
3564341436,3564341439,DE
3564341440,3564341443,AT
3564341444,3564341459,DE
3564341460,3564341463,CH
3564341464,3564341487,FR
3564341488,3564341491,DE
3564341492,3564341495,GB
3564341496,3564341503,CH
3564341504,3564341511,IE
3564341512,3564341519,GR
3564341520,3564341527,IT
3564341528,3564341535,IE
3564341536,3564341555,GB
3564341556,3564341559,US
3564341560,3564341563,GB
3564341564,3564341567,GR
3564341568,3564341575,NL
3564341576,3564341583,GB
3564341584,3564341591,NL
3564341592,3564341595,FR
3564341596,3564341599,SE
3564341600,3564341607,NL
3564341608,3564341615,DE
3564341616,3564341623,FR
3564341624,3564341631,IE
3564341632,3564341639,NL
3564341640,3564341643,GR
3564341644,3564341663,FR
3564341664,3564341679,GB
3564341680,3564341687,IT
3564341688,3564341695,CH
3564341696,3564341703,DE
3564341704,3564341719,GB
3564341720,3564341727,SE
3564341728,3564341743,IT
3564341744,3564341763,GB
3564341764,3564341767,DE
3564341768,3564341775,FR
3564341776,3564341779,DE
3564341780,3564341783,GB
3564341784,3564341787,DE
3564341788,3564341823,GB
3564341824,3564341831,FR
3564341832,3564341847,DE
3564341848,3564341851,FR
3564341852,3564341875,GB
3564341876,3564341879,NL
3564341880,3564341887,HU
3564341888,3564341903,US
3564341904,3564341919,IE
3564341920,3564341927,GB
3564341928,3564341943,DE
3564341944,3564341951,GB
3564341952,3564341959,FR
3564341960,3564341983,GB
3564341984,3564342011,FR
3564342012,3564342015,GB
3564342016,3564342023,NL
3564342024,3564342031,US
3564342032,3564342047,DE
3564342048,3564342055,GB
3564342056,3564342063,IT
3564342064,3564342091,GB
3564342092,3564342095,DE
3564342096,3564342127,GB
3564342128,3564342135,NL
3564342136,3564342139,ES
3564342140,3564342143,FR
3564342144,3564342151,GB
3564342152,3564342159,HK
3564342160,3564342167,GB
3564342168,3564342175,FR
3564342176,3564342191,CH
3564342192,3564342271,FR
3564342272,3564342279,HU
3564342280,3564342287,PL
3564342288,3564342303,GB
3564342304,3564342311,DE
3564342312,3564342315,SE
3564342316,3564342319,US
3564342320,3564342327,HU
3564342328,3564342343,BE
3564342344,3564342351,US
3564342352,3564342359,AT
3564342360,3564342363,US
3564342364,3564342367,NO
3564342368,3564342375,ES
3564342376,3564342379,SE
3564342380,3564342383,US
3564342384,3564342387,NO
3564342388,3564342395,FI
3564342396,3564342399,SE
3564342400,3564342407,BE
3564342408,3564342415,SE
3564342416,3564342423,NO
3564342424,3564342431,CH
3564342432,3564342439,AL
3564342440,3564342447,US
3564342448,3564342455,DK
3564342456,3564342463,SE
3564342464,3564342479,ES
3564342480,3564342495,SE
3564342496,3564342503,BE
3564342504,3564342511,ES
3564342512,3564342512,PT
3564342513,3564342513,US
3564342514,3564342514,IE
3564342515,3564342519,US
3564342520,3564342527,BE
3564342528,3564342783,US
3564342784,3564342791,ES
3564342792,3564342799,HU
3564342800,3564342815,DK
3564342816,3564342823,ES
3564342824,3564342831,RU
3564342832,3564342839,LU
3564342840,3564342871,IT
3564342872,3564342879,CZ
3564342880,3564342883,LU
3564342884,3564342903,PL
3564342904,3564342907,US
3564342908,3564342911,EE
3564342912,3564342927,ES
3564342928,3564342935,PL
3564342936,3564342943,LT
3564342944,3564342947,EE
3564342948,3564342951,PL
3564342952,3564342959,AT
3564342960,3564342967,CZ
3564342968,3564342971,ES
3564342972,3564342975,CH
3564342976,3564342983,FI
3564342984,3564342987,ES
3564342988,3564342991,US
3564342992,3564343007,ES
3564343008,3564343015,DK
3564343016,3564343031,SE
3564343032,3564343039,FR
3564343040,3564343047,IE
3564343048,3564343063,HU
3564343064,3564343071,SK
3564343072,3564343075,PL
3564343076,3564343079,ES
3564343080,3564343087,DK
3564343088,3564343095,FR
3564343096,3564343103,US
3564343104,3564343107,FI
3564343108,3564343111,PL
3564343112,3564343115,US
3564343116,3564343119,SE
3564343120,3564343127,ES
3564343128,3564343131,SE
3564343132,3564343135,IE
3564343136,3564343139,CH
3564343140,3564343143,PL
3564343144,3564343151,ES
3564343152,3564343159,CZ
3564343160,3564343167,IT
3564343168,3564343175,SE
3564343176,3564343179,IT
3564343180,3564343183,BE
3564343184,3564343191,NO
3564343192,3564343199,US
3564343200,3564343207,IT
3564343208,3564343211,CZ
3564343212,3564343215,ES
3564343216,3564343231,IT
3564343232,3564343239,LU
3564343240,3564343247,US
3564343248,3564343263,IT
3564343264,3564343271,CZ
3564343272,3564343279,IT
3564343280,3564343283,PL
3564343284,3564343287,ES
3564343288,3564343295,BE
3564343296,3564345343,US
3564345344,3564345695,FR
3564345696,3564345699,GF
3564345700,3564346367,FR
3564346368,3564346415,GB
3564346416,3564346423,GG
3564346424,3564346471,GB
3564346472,3564346479,US
3564346480,3564347159,GB
3564347160,3564347167,IE
3564347168,3564347211,GB
3564347212,3564347215,US
3564347216,3564347363,GB
3564347364,3564347367,KE
3564347368,3564347375,GB
3564347376,3564347383,KE
3564347384,3564347391,GB
3564347392,3564347903,US
3564347904,3564348159,NL
3564348160,3564348415,US
3564348416,3564348431,IT
3564348432,3564348439,CH
3564348440,3564348443,IE
3564348444,3564348447,US
3564348448,3564348455,ES
3564348456,3564348463,BE
3564348464,3564348495,IT
3564348496,3564348503,AT
3564348504,3564348519,PL
3564348520,3564348527,IT
3564348528,3564348535,ES
3564348536,3564348543,IT
3564348544,3564348547,IE
3564348548,3564348559,PL
3564348560,3564348563,SE
3564348564,3564348567,RO
3564348568,3564348575,EE
3564348576,3564348583,HU
3564348584,3564348591,CH
3564348592,3564348607,RU
3564348608,3564348623,PL
3564348624,3564348639,CH
3564348640,3564348647,AT
3564348648,3564348655,CZ
3564348656,3564348663,SE
3564348664,3564348667,US
3564348668,3564348671,BE
3564348672,3564348679,ES
3564348680,3564348695,FI
3564348696,3564348703,CH
3564348704,3564348743,ES
3564348744,3564348759,CH
3564348760,3564348767,BE
3564348768,3564348771,GB
3564348772,3564348775,ES
3564348776,3564348783,IT
3564348784,3564348791,RU
3564348792,3564348799,ES
3564348800,3564348815,NO
3564348816,3564348839,CZ
3564348840,3564348847,HU
3564348848,3564348851,IE
3564348852,3564348863,CZ
3564348864,3564348871,SK
3564348872,3564348879,BE
3564348880,3564348883,AT
3564348884,3564348887,ES
3564348888,3564348891,US
3564348892,3564348903,IT
3564348904,3564348915,ES
3564348916,3564348919,PT
3564348920,3564348923,ES
3564348924,3564348927,PL
3564348928,3564348935,ES
3564348936,3564348943,BG
3564348944,3564348955,PL
3564348956,3564348959,ES
3564348960,3564348967,BG
3564348968,3564348975,FI
3564348976,3564348983,ES
3564348984,3564348991,DK
3564348992,3564349007,ES
3564349008,3564349011,BE
3564349012,3564349015,IT
3564349016,3564349023,ES
3564349024,3564349031,SK
3564349032,3564349039,HR
3564349040,3564349063,ES
3564349064,3564349071,US
3564349072,3564349079,ES
3564349080,3564349087,HR
3564349088,3564349103,US
3564349104,3564349107,PL
3564349108,3564349111,PT
3564349112,3564349115,PL
3564349116,3564349119,ES
3564349120,3564349135,CH
3564349136,3564349143,IE
3564349144,3564349151,ES
3564349152,3564349159,PL
3564349160,3564349167,IT
3564349168,3564349175,IE
3564349176,3564349179,CH
3564349180,3564349183,AT
3564349184,3564349191,US
3564349192,3564349199,GR
3564349200,3564349207,IT
3564349208,3564349215,LV
3564349216,3564349219,PL
3564349220,3564349223,IE
3564349224,3564349231,CH
3564349232,3564349239,US
3564349240,3564349247,FI
3564349248,3564349255,NO
3564349256,3564349263,ES
3564349264,3564349271,RU
3564349272,3564349275,US
3564349276,3564349279,PT
3564349280,3564349287,FI
3564349288,3564349295,DK
3564349296,3564349303,PT
3564349304,3564349307,ES
3564349308,3564349327,HU
3564349328,3564349343,CH
3564349344,3564349351,RU
3564349352,3564349359,ES
3564349360,3564349363,BE
3564349364,3564349367,US
3564349368,3564349379,IE
3564349380,3564349383,CH
3564349384,3564349399,IT
3564349400,3564349407,HU
3564349408,3564349423,CH
3564349424,3564349431,HU
3564349432,3564349439,ES
3564349440,3564350463,US
3564350464,3564350583,DE
3564350584,3564350591,CA
3564350592,3564350599,DE
3564350600,3564350603,MT
3564350604,3564350607,DE
3564350608,3564350615,RU
3564350616,3564350703,DE
3564350704,3564350711,RU
3564350712,3564350795,DE
3564350796,3564350799,DK
3564350800,3564350975,DE
3564350976,3564351999,US
3564352000,3564352159,DE
3564352160,3564352163,PL
3564352164,3564352451,DE
3564352452,3564352455,IT
3564352456,3564352471,DE
3564352472,3564352479,PL
3564352480,3564352511,DE
3564352512,3564352519,PL
3564352520,3564352527,IE
3564352528,3564352535,PL
3564352536,3564352539,CZ
3564352540,3564352543,PL
3564352544,3564352551,ES
3564352552,3564352559,PL
3564352560,3564352567,US
3564352568,3564352591,IT
3564352592,3564352595,RO
3564352596,3564352599,ES
3564352600,3564352639,IT
3564352640,3564352647,ES
3564352648,3564352651,DK
3564352652,3564352655,US
3564352656,3564352671,ES
3564352672,3564352675,IT
3564352676,3564352679,ES
3564352680,3564352687,PL
3564352688,3564352695,CH
3564352696,3564352711,BE
3564352712,3564352719,IT
3564352720,3564352727,NO
3564352728,3564352731,RO
3564352732,3564352735,NO
3564352736,3564352739,ES
3564352740,3564352751,IT
3564352752,3564352759,SI
3564352760,3564352763,PL
3564352764,3564352767,HU
3564352768,3564352775,ES
3564352776,3564352783,NO
3564352784,3564352787,IT
3564352788,3564352791,HU
3564352792,3564352807,NO
3564352808,3564352815,ES
3564352816,3564352823,IT
3564352824,3564352827,PT
3564352828,3564352831,ES
3564352832,3564352839,BE
3564352840,3564352855,HU
3564352856,3564352863,TR
3564352864,3564352879,ES
3564352880,3564352883,PL
3564352884,3564352887,AT
3564352888,3564352895,BE
3564352896,3564352899,US
3564352900,3564352903,ES
3564352904,3564352911,CZ
3564352912,3564352927,IT
3564352928,3564352935,RO
3564352936,3564352943,US
3564352944,3564352951,SI
3564352952,3564352959,PT
3564352960,3564352967,AT
3564352968,3564352975,RO
3564352976,3564352991,PL
3564352992,3564353007,CH
3564353008,3564353011,BE
3564353012,3564353015,ES
3564353016,3564353023,NO
3564353024,3564353535,US
3564353536,3564353551,IE
3564353552,3564353559,PL
3564353560,3564353563,IT
3564353564,3564353567,IE
3564353568,3564353575,IT
3564353576,3564353591,PL
3564353592,3564353607,BE
3564353608,3564353611,AT
3564353612,3564353615,BE
3564353616,3564353623,DK
3564353624,3564353639,BE
3564353640,3564353643,ES
3564353644,3564353647,IE
3564353648,3564353655,PL
3564353656,3564353663,IE
3564353664,3564353679,BE
3564353680,3564353687,US
3564353688,3564353695,ES
3564353696,3564353703,IT
3564353704,3564353711,GB
3564353712,3564353719,PL
3564353720,3564353727,ES
3564353728,3564353759,HU
3564353760,3564353763,IT
3564353764,3564353775,ES
3564353776,3564353783,DK
3564353784,3564353791,BE
3564353792,3564353799,ES
3564353800,3564353803,GB
3564353804,3564353807,IT
3564353808,3564353815,ES
3564353816,3564353823,BE
3564353824,3564353827,ES
3564353828,3564353831,CZ
3564353832,3564353839,US
3564353840,3564353843,HU
3564353844,3564353847,BE
3564353848,3564353855,NL
3564353856,3564353863,DE
3564353864,3564353871,SE
3564353872,3564353879,DE
3564353880,3564353883,RO
3564353884,3564353887,FR
3564353888,3564353903,GB
3564353904,3564353911,CH
3564353912,3564353919,PT
3564353920,3564353927,IE
3564353928,3564353935,ES
3564353936,3564353939,PT
3564353940,3564353943,FR
3564353944,3564353959,BE
3564353960,3564353963,ES
3564353964,3564353967,IT
3564353968,3564353975,ES
3564353976,3564353983,BE
3564353984,3564353999,IE
3564354000,3564354007,IT
3564354008,3564354015,GB
3564354016,3564354031,ES
3564354032,3564354039,US
3564354040,3564354043,PL
3564354044,3564354047,LU
3564354048,3564354055,ES
3564354056,3564354063,SE
3564354064,3564354071,HU
3564354072,3564354075,IT
3564354076,3564354079,GR
3564354080,3564354083,ES
3564354084,3564354087,PL
3564354088,3564354095,US
3564354096,3564354103,NO
3564354104,3564354107,PL
3564354108,3564354111,FR
3564354112,3564354115,ES
3564354116,3564354127,PL
3564354128,3564354135,ES
3564354136,3564354143,PL
3564354144,3564354151,IT
3564354152,3564354163,ES
3564354164,3564354167,PL
3564354168,3564354183,ES
3564354184,3564354187,DK
3564354188,3564354191,PL
3564354192,3564354199,FR
3564354200,3564354207,ES
3564354208,3564354211,DK
3564354212,3564354239,ES
3564354240,3564354247,IT
3564354248,3564354251,BE
3564354252,3564354255,DK
3564354256,3564354263,BE
3564354264,3564354267,DK
3564354268,3564354271,BE
3564354272,3564354279,PL
3564354280,3564354287,ES
3564354288,3564354303,HR
3564354304,3564354307,PL
3564354308,3564354311,FR
3564354312,3564354319,IE
3564354320,3564354327,AT
3564354328,3564354335,ES
3564354336,3564354359,DE
3564354360,3564354367,PL
3564354368,3564354431,IT
3564354432,3564354447,GB
3564354448,3564354451,BE
3564354452,3564354455,IT
3564354456,3564354459,SE
3564354460,3564354463,DK
3564354464,3564354471,AT
3564354472,3564354475,HR
3564354476,3564354479,SK
3564354480,3564354487,GR
3564354488,3564354495,CZ
3564354496,3564354499,BG
3564354500,3564354503,TR
3564354504,3564354511,IE
3564354512,3564354519,DE
3564354520,3564354527,PL
3564354528,3564354531,NL
3564354532,3564354535,DK
3564354536,3564354543,IT
3564354544,3564354551,AT
3564354552,3564354559,PL
3564354560,3564354607,GB
3564354608,3564354615,BH
3564354616,3564354623,IE
3564354624,3564354635,GB
3564354636,3564354639,CI
3564354640,3564354863,GB
3564354864,3564354871,IN
3564354872,3564355031,GB
3564355032,3564355035,CI
3564355036,3564355039,GB
3564355040,3564355047,CI
3564355048,3564355335,GB
3564355336,3564355343,IE
3564355344,3564355559,GB
3564355560,3564355567,IE
3564355568,3564355583,GB
3564355584,3564363775,NL
3564363776,3564371967,UA
3564371968,3564380159,DE
3564380160,3564388351,FI
3564388352,3564396543,SE
3564396544,3564404735,RU
3564404736,3564412927,BG
3564412928,3564421119,IL
3564421120,3564429311,SA
3564429312,3564429823,KZ
3564429824,3564430079,VN
3564430080,3564430847,KZ
3564430848,3564431359,GB
3564431360,3564433151,KZ
3564433152,3564433407,GB
3564433408,3564436479,KZ
3564436480,3564437503,US
3564437504,3564445695,LT
3564445696,3564449791,US
3564449792,3564453887,ID
3564453888,3564462079,DE
3564462080,3564470271,CH
3564470272,3564478463,IL
3564478464,3564486655,LU
3564486656,3564494847,CH
3564494848,3564503039,GB
3564503040,3564511231,JO
3564511232,3564512255,RU
3564512256,3564514303,NL
3564514304,3564516351,RU
3564516352,3564517375,NL
3564517376,3564517631,RU
3564517632,3564518399,ES
3564518400,3564518655,RU
3564518656,3564518911,ES
3564518912,3564519423,RU
3564519424,3564527615,SI
3564527616,3564543999,SA
3564544000,3564560383,DE
3564560384,3564575679,GB
3564575680,3564575683,IT
3564575684,3564576767,GB
3564576768,3564577023,UY
3564577024,3564577279,BZ
3564577280,3564577535,US
3564577536,3564577791,NL
3564577792,3564578815,CZ
3564578816,3564579327,IL
3564579328,3564579583,RU
3564579584,3564580863,IL
3564580864,3564582911,ES
3564582912,3564583935,GB
3564583936,3564584959,SE
3564584960,3564593151,SA
3564593152,3564601343,RU
3564601344,3564609535,EE
3564609536,3564634111,RU
3564634112,3564650495,CH
3564650496,3564666879,NL
3564666880,3564675071,IE
3564675072,3564683263,RU
3564683264,3564691455,IR
3564691456,3564699647,GI
3564699648,3564709119,GB
3564709120,3564709375,US
3564709376,3564716031,GB
3564716032,3564724223,IT
3564724224,3564732415,NL
3564732416,3564735231,DE
3564735232,3564735487,GB
3564735488,3564740607,DE
3564740608,3564748799,FR
3564748800,3564756991,GB
3564756992,3564765183,ES
3564765184,3564773375,RU
3564773376,3564781567,DE
3564781568,3564789759,LT
3564789760,3564797951,FR
3564797952,3564806143,DE
3564806144,3564814335,BG
3564814336,3564822527,PL
3564830720,3564838911,BE
3564838912,3564847103,DE
3564847104,3564855295,IT
3564855296,3564863487,DE
3564863488,3564881395,NL
3564881396,3564881403,IT
3564881404,3564881447,NL
3564881448,3564881455,BE
3564881456,3564883455,NL
3564883456,3564883711,IT
3564883712,3564884479,NL
3564884480,3564884511,DE
3564884512,3564884519,NL
3564884520,3564884991,DE
3564884992,3564886751,NL
3564886752,3564886759,DE
3564886760,3564886783,NL
3564886784,3564887039,ES
3564887040,3564888335,NL
3564888336,3564888351,BE
3564888352,3564889967,NL
3564889968,3564889983,BE
3564889984,3564891391,NL
3564891392,3564891647,DE
3564891648,3564892015,IT
3564892016,3564892023,ES
3564892024,3564892159,IT
3564892160,3564895527,NL
3564895528,3564895535,BE
3564895536,3564895743,NL
3564895744,3564896255,DE
3564896256,3564904447,RU
3564904448,3564912639,DE
3564912640,3564913663,NL
3564913664,3564913919,ES
3564913920,3564914175,IE
3564914176,3564914431,FR
3564914432,3564914687,NL
3564914688,3564915711,GB
3564915712,3564915967,BR
3564915968,3564916223,ES
3564916224,3564916479,GB
3564916480,3564916735,FR
3564916736,3564918783,NL
3564918784,3564919807,IT
3564919808,3564920063,PL
3564920064,3564920319,SG
3564920320,3564920831,US
3564920832,3564929023,RU
3564929024,3564937215,AT
3564937216,3564945407,IT
3564945408,3564961791,GB
3564961792,3564969983,TR
3564969984,3564978175,DE
3564978176,3564986367,GB
3564986368,3564994559,DE
3564994560,3564998655,NL
3564998656,3565002751,BA
3565002752,3565027327,NO
3565027328,3565035519,PL
3565035520,3565043711,IE
3565043712,3565051903,AT
3565051904,3565060095,IQ
3565060096,3565068287,GB
3565068288,3565076479,CH
3565076480,3565084671,DE
3565084672,3565092863,IS
3565092864,3565101055,GB
3565101056,3565109247,DE
3565109248,3565117439,PL
3565117440,3565125631,TR
3565125632,3565158399,NL
3565158400,3565223935,ES
3565223936,3565240319,FR
3565240320,3565248511,IE
3565248512,3565256703,RU
3565256704,3565289471,CN
3565289472,3565355007,DK
3565355008,3565420543,IT
3565420544,3565436927,GB
3565436928,3565453311,DE
3565453312,3565461503,SE
3565461504,3565518847,GB
3565518848,3565551615,TR
3565551616,3565553663,GB
3565553664,3565554175,UA
3565554176,3565554431,GB
3565554432,3565554687,ES
3565554688,3565556735,GB
3565556736,3565556991,US
3565556992,3565558271,GB
3565558272,3565558527,BR
3565558528,3565558783,US
3565558784,3565559807,DE
3565559808,3565561343,GB
3565561344,3565561599,HK
3565561600,3565562879,GB
3565562880,3565563135,GR
3565563136,3565568255,GB
3565568256,3565568511,ES
3565568512,3565569023,PL
3565569024,3565570047,NL
3565570048,3565570559,ES
3565570560,3565570815,GB
3565570816,3565571071,JP
3565571072,3565571583,IN
3565571584,3565571839,ES
3565571840,3565573119,GB
3565573120,3565574143,BE
3565574144,3565575679,GB
3565575680,3565575935,US
3565575936,3565581311,GB
3565581312,3565582335,HK
3565582336,3565589503,GB
3565589504,3565590527,HK
3565590528,3565592063,GB
3565592064,3565592319,HK
3565592320,3565595647,GB
3565595648,3565596159,US
3565596160,3565597695,GB
3565597696,3565597951,TH
3565597952,3565605887,GB
3565605888,3565606911,DE
3565606912,3565613055,GB
3565613056,3565614079,KZ
3565614080,3565617151,GB
3565617152,3565617407,ES
3565617408,3565617663,GB
3565617664,3565618175,ES
3565618176,3565618431,GB
3565618432,3565618687,ES
3565618688,3565619199,US
3565619200,3565619455,GB
3565619456,3565620223,ES
3565620224,3565620735,TR
3565620736,3565621247,SG
3565621248,3565624831,GB
3565624832,3565625087,PH
3565625088,3565625343,DE
3565625344,3565629439,GB
3565629440,3565633535,NL
3565633536,3565636607,GB
3565636608,3565637119,US
3565637120,3565637631,GB
3565637632,3565641727,DE
3565641728,3565657855,GB
3565657856,3565658111,HK
3565658112,3565661951,GB
3565661952,3565662207,US
3565662208,3565662719,DE
3565662720,3565662975,ES
3565662976,3565663231,GB
3565663232,3565663743,TR
3565663744,3565665535,SG
3565665536,3565665791,GB
3565665792,3565666303,MX
3565666304,3565670399,GB
3565670400,3565672447,JP
3565672448,3565672959,SG
3565672960,3565673215,IN
3565673216,3565673471,GB
3565673472,3565674495,NL
3565674496,3565675007,US
3565675008,3565675519,SG
3565675520,3565675775,GB
3565675776,3565676031,DE
3565676032,3565677055,US
3565677056,3565677567,GB
3565677568,3565678079,ES
3565678080,3565678591,US
3565678592,3565680639,GB
3565680640,3565681151,BE
3565681152,3565682687,GB
3565682688,3565748223,NL
3565748224,3565813759,GB
3565813760,3565879295,SA
3565879296,3566010367,GB
3566010368,3566075903,IT
3566075904,3566092287,NL
3566092288,3566108671,LV
3566108672,3566141439,ES
3566141440,3566206975,IL
3566206976,3566272511,DE
3566272512,3566338047,ES
3566338048,3566354431,FI
3566354432,3566370815,RO
3566370816,3566372863,TR
3566372864,3566379007,DE
3566379008,3566387199,OM
3566387200,3566403583,FR
3566403584,3566436351,CH
3566436352,3566460927,IE
3566460928,3566469119,FI
3566469120,3566534655,GB
3566534656,3566551039,DE
3566551040,3566600191,FI
3566600192,3566665727,IL
3566665728,3566739455,SE
3566739456,3566747647,RU
3566747648,3566764031,GR
3566764032,3566796799,AT
3566796800,3566862335,NL
3566862336,3566895103,TR
3566895104,3566927871,KZ
3566927872,3566993407,FR
3566993408,3567058943,TR
3567058944,3567124479,FR
3567124480,3567157247,GB
3567157248,3567165439,CZ
3567165440,3567169535,RU
3567169536,3567173631,MK
3567173632,3567239167,GB
3567239168,3567255551,NL
3567255552,3567321087,PL
3567321088,3567321103,GB
3567321104,3567321135,DK
3567321136,3567322887,GB
3567322888,3567322889,DE
3567322890,3567322903,GB
3567322904,3567322911,DE
3567322912,3567322915,GB
3567322916,3567322927,DE
3567322928,3567322931,GB
3567322932,3567322963,DE
3567322964,3567322967,GB
3567322968,3567322975,DE
3567322976,3567322979,GB
3567322980,3567322983,DE
3567322984,3567322987,GB
3567322988,3567323003,DE
3567323004,3567323009,GB
3567323010,3567323021,DE
3567323022,3567323027,GB
3567323028,3567323031,DE
3567323032,3567323039,GB
3567323040,3567323047,DE
3567323048,3567323051,GB
3567323052,3567323055,DE
3567323056,3567323059,GB
3567323060,3567323091,DE
3567323092,3567323099,GB
3567323100,3567323103,DE
3567323104,3567323111,GB
3567323112,3567323123,DE
3567323124,3567323127,GB
3567323128,3567323135,DE
3567323136,3567326719,GB
3567326720,3567327231,DE
3567327232,3567336623,GB
3567336624,3567336631,FR
3567336632,3567336959,GB
3567336960,3567337215,DE
3567337216,3567337471,ES
3567337472,3567337727,GB
3567337728,3567337743,ES
3567337744,3567337751,GB
3567337752,3567337759,ES
3567337760,3567337775,GB
3567337776,3567337783,ES
3567337784,3567337815,GB
3567337816,3567337823,ES
3567337824,3567337871,GB
3567337872,3567337887,ES
3567337888,3567337911,GB
3567337912,3567337919,ES
3567337920,3567338495,GB
3567338496,3567338895,DE
3567338896,3567338903,CZ
3567338904,3567339007,DE
3567339008,3567339519,GB
3567339520,3567339655,IE
3567339656,3567339663,GB
3567339664,3567339695,IE
3567339696,3567339703,GB
3567339704,3567339711,IE
3567339712,3567339775,GB
3567339776,3567339791,IE
3567339792,3567339831,GB
3567339832,3567339839,IE
3567339840,3567339871,GB
3567339872,3567339879,IE
3567339880,3567339895,GB
3567339896,3567339911,IE
3567339912,3567339935,GB
3567339936,3567339943,IE
3567339944,3567339951,GB
3567339952,3567339959,IE
3567339960,3567339975,GB
3567339976,3567339983,IE
3567339984,3567340543,GB
3567340544,3567340783,IT
3567340784,3567340799,FR
3567340800,3567341055,IT
3567341056,3567341311,GB
3567341312,3567341527,BE
3567341528,3567341535,LU
3567341536,3567341551,BE
3567341552,3567341567,LU
3567341568,3567343359,GB
3567343360,3567343371,AT
3567343372,3567343375,GB
3567343376,3567343383,AT
3567343384,3567343387,GB
3567343388,3567343391,AT
3567343392,3567343395,GB
3567343396,3567343439,AT
3567343440,3567343443,GB
3567343444,3567343451,AT
3567343452,3567343459,GB
3567343460,3567343475,AT
3567343476,3567343479,GB
3567343480,3567343519,AT
3567343520,3567343523,GB
3567343524,3567343527,AT
3567343528,3567343531,DE
3567343532,3567343535,AT
3567343536,3567343539,GB
3567343540,3567343595,AT
3567343596,3567343599,GB
3567343600,3567343871,AT
3567343872,3567344383,GB
3567344384,3567344639,ES
3567344640,3567345151,GB
3567345152,3567345155,BE
3567345156,3567345159,NL
3567345160,3567345167,GB
3567345168,3567345175,BE
3567345176,3567345179,GB
3567345180,3567345187,BE
3567345188,3567345191,GB
3567345192,3567345201,BE
3567345202,3567345203,GB
3567345204,3567345207,LU
3567345208,3567345215,GB
3567345216,3567345219,BE
3567345220,3567345223,GB
3567345224,3567345227,BE
3567345228,3567345239,GB
3567345240,3567345243,BE
3567345244,3567345247,LU
3567345248,3567345251,BE
3567345252,3567345259,GB
3567345260,3567345263,BE
3567345264,3567345267,GB
3567345268,3567345271,BE
3567345272,3567345275,GB
3567345276,3567345287,BE
3567345288,3567345291,LU
3567345292,3567345295,BE
3567345296,3567345303,GB
3567345304,3567345363,BE
3567345364,3567345367,GB
3567345368,3567345379,BE
3567345380,3567345383,GB
3567345384,3567345387,LU
3567345388,3567345389,GB
3567345390,3567345407,BE
3567345408,3567346175,GB
3567346176,3567346351,BE
3567346352,3567346359,LU
3567346360,3567346431,BE
3567346432,3567346943,GB
3567346944,3567346947,DE
3567346948,3567346955,GB
3567346956,3567346963,DE
3567346964,3567346971,GB
3567346972,3567346979,DE
3567346980,3567346983,GB
3567346984,3567346987,DE
3567346988,3567346991,GB
3567346992,3567346997,DE
3567346998,3567347003,GB
3567347004,3567347027,DE
3567347028,3567347043,GB
3567347044,3567347051,DE
3567347052,3567347063,GB
3567347064,3567347079,DE
3567347080,3567347083,GB
3567347084,3567347087,DE
3567347088,3567347091,GB
3567347092,3567347099,DE
3567347100,3567347103,GB
3567347104,3567347107,DE
3567347108,3567347119,GB
3567347120,3567347139,DE
3567347140,3567347155,GB
3567347156,3567347163,DE
3567347164,3567347167,GB
3567347168,3567347171,DE
3567347172,3567347179,GB
3567347180,3567347183,DE
3567347184,3567347187,GB
3567347188,3567347191,DE
3567347192,3567347195,GB
3567347196,3567347199,DE
3567347200,3567347711,GB
3567347712,3567347723,CH
3567347724,3567347731,GB
3567347732,3567347735,CH
3567347736,3567347743,GB
3567347744,3567347747,CH
3567347748,3567347759,GB
3567347760,3567347763,CH
3567347764,3567347767,GB
3567347768,3567347791,CH
3567347792,3567347795,GB
3567347796,3567347807,CH
3567347808,3567347819,GB
3567347820,3567347827,CH
3567347828,3567347831,GB
3567347832,3567347835,CH
3567347836,3567347843,GB
3567347844,3567347847,CH
3567347848,3567347851,GB
3567347852,3567347855,CH
3567347856,3567347863,GB
3567347864,3567347895,CH
3567347896,3567347899,GB
3567347900,3567347907,CH
3567347908,3567347915,GB
3567347916,3567347919,CH
3567347920,3567347923,GB
3567347924,3567347927,CH
3567347928,3567347939,GB
3567347940,3567347943,CH
3567347944,3567347951,GB
3567347952,3567347959,CH
3567347960,3567347963,GB
3567347964,3567347967,CH
3567347968,3567348223,GB
3567348224,3567348247,IE
3567348248,3567348255,GB
3567348256,3567348271,IE
3567348272,3567348275,GB
3567348276,3567348279,IE
3567348280,3567348287,GB
3567348288,3567348327,IE
3567348328,3567348343,GB
3567348344,3567348367,IE
3567348368,3567348375,GB
3567348376,3567348383,IE
3567348384,3567348399,GB
3567348400,3567348439,IE
3567348440,3567348463,GB
3567348464,3567348471,IE
3567348472,3567348487,GB
3567348488,3567348495,IT
3567348496,3567348499,GB
3567348500,3567348503,IT
3567348504,3567348507,GB
3567348508,3567348519,IT
3567348520,3567348523,GB
3567348524,3567348531,IT
3567348532,3567348535,GB
3567348536,3567348543,IT
3567348544,3567348551,GB
3567348552,3567348563,IT
3567348564,3567348567,GB
3567348568,3567348583,IT
3567348584,3567348595,GB
3567348596,3567348599,IT
3567348600,3567348623,GB
3567348624,3567348627,IT
3567348628,3567348647,GB
3567348648,3567348651,IT
3567348652,3567348655,GB
3567348656,3567348663,IT
3567348664,3567348671,GB
3567348672,3567348675,IT
3567348676,3567348687,GB
3567348688,3567348699,IT
3567348700,3567348703,GB
3567348704,3567348719,IT
3567348720,3567348723,GB
3567348724,3567348727,IT
3567348728,3567348731,GB
3567348732,3567348735,IT
3567348736,3567350271,GB
3567350272,3567350527,ES
3567350528,3567350531,DE
3567350532,3567350535,AT
3567350536,3567350543,GB
3567350544,3567350547,AT
3567350548,3567350571,GB
3567350572,3567350583,AT
3567350584,3567350587,GB
3567350588,3567350607,AT
3567350608,3567350611,GB
3567350612,3567350615,DE
3567350616,3567350617,AT
3567350618,3567350619,GB
3567350620,3567350627,AT
3567350628,3567350635,GB
3567350636,3567350675,AT
3567350676,3567350679,GB
3567350680,3567350683,AT
3567350684,3567350687,GB
3567350688,3567350703,AT
3567350704,3567350707,GB
3567350708,3567350731,AT
3567350732,3567350739,GB
3567350740,3567350747,AT
3567350748,3567350751,GB
3567350752,3567350755,AT
3567350756,3567350763,GB
3567350764,3567350771,AT
3567350772,3567353855,GB
3567353856,3567386623,CH
3567386624,3567403007,GB
3567403008,3567419391,IT
3567419392,3567420415,GB
3567420416,3567422463,RU
3567422464,3567423487,HU
3567423488,3567424511,NO
3567424512,3567425535,CA
3567425536,3567426303,NL
3567426304,3567426559,PL
3567426560,3567427583,GB
3567427584,3567435775,SE
3567435776,3567452159,GB
3567452160,3567517695,ES
3567517696,3567583231,RU
3567583232,3567591423,GB
3567591424,3567599615,IT
3567599616,3567615999,NL
3567616000,3567648767,LU
3567648768,3567665151,BE
3567665152,3567673343,ES
3567673344,3567681535,AT
3567681536,3567714303,ES
3567714304,3567779839,US
3567779840,3567780095,DE
3567780096,3567845375,US
3567845376,3567861759,GB
3567861760,3567878143,NO
3567878144,3567976447,ES
3567976448,3568041983,IT
3568041984,3568107519,DE
3568107520,3568140287,GB
3568140288,3568173055,US
3568173056,3568304127,TR
3568304128,3568369663,RU
3568369664,3568435199,IT
3568435200,3568443391,UA
3568443392,3568476159,NL
3568476160,3568484351,DK
3568484352,3568492543,NL
3568492544,3568500735,US
3568500736,3568566271,IL
3568566272,3568568575,FR
3568568576,3568568831,ES
3568568832,3568571391,FR
3568571392,3568571903,BR
3568571904,3568572415,FR
3568572416,3568572927,DE
3568572928,3568573951,FR
3568573952,3568574463,BR
3568574464,3568575999,FR
3568576000,3568576511,BR
3568576512,3568576767,JP
3568576768,3568577023,FR
3568577024,3568577279,DE
3568577280,3568579071,FR
3568579072,3568579327,JP
3568579328,3568580095,FR
3568580096,3568580607,BR
3568580608,3568586751,FR
3568586752,3568587263,BR
3568587264,3568588287,FR
3568588288,3568588799,ES
3568588800,3568589823,SE
3568589824,3568590335,BR
3568590336,3568594943,FR
3568594944,3568595199,TH
3568595200,3568595455,JP
3568595456,3568595711,HK
3568595712,3568596223,FR
3568596224,3568596479,MX
3568596480,3568596735,HK
3568596736,3568596991,MX
3568596992,3568597503,FR
3568597504,3568598015,IN
3568598016,3568599039,FR
3568599040,3568631807,PL
3568631808,3568697343,SE
3568697344,3568730111,PL
3568730112,3568746495,NL
3568746496,3568762879,FI
3568762880,3568795647,AT
3568795648,3568803839,GB
3568803840,3568812031,IT
3568812032,3568828415,ES
3568828416,3568892347,DE
3568892348,3568892351,AT
3568892352,3568893223,DE
3568893224,3568893227,NL
3568893228,3568893235,DE
3568893236,3568893239,US
3568893240,3568893243,AT
3568893244,3568893323,DE
3568893324,3568893327,US
3568893328,3568893331,FR
3568893332,3568893335,SG
3568893336,3568893383,DE
3568893384,3568893387,HK
3568893388,3568893431,DE
3568893432,3568893435,US
3568893436,3568893447,DE
3568893448,3568893455,AT
3568893456,3568893551,DE
3568893552,3568893555,US
3568893556,3568893699,DE
3568893700,3568893703,FR
3568893704,3568893803,DE
3568893804,3568893807,NL
3568893808,3568893907,DE
3568893908,3568893911,US
3568893912,3568959487,DE
3568959488,3569025023,AT
3569025024,3569057791,NL
3569057792,3569090559,GB
3569090560,3569123327,RU
3569123328,3569156095,GB
3569156096,3569157887,US
3569157888,3569158143,KR
3569158144,3569162239,US
3569162240,3569162495,HK
3569162496,3569165311,US
3569165312,3569165567,KR
3569165568,3569166079,US
3569166080,3569166335,BR
3569166336,3569167615,US
3569167616,3569167871,DE
3569167872,3569168383,US
3569168384,3569168639,HK
3569168640,3569169919,US
3569169920,3569170175,HK
3569170176,3569171711,US
3569171712,3569171967,KR
3569171968,3569182975,US
3569182976,3569183231,SG
3569183232,3569183743,HK
3569183744,3569185023,US
3569185024,3569185279,HK
3569185280,3569186303,US
3569186304,3569186559,BE
3569186560,3569186815,DE
3569186816,3569188863,US
3569188864,3569221631,IT
3569221632,3569287167,BE
3569287168,3569352703,PL
3569352704,3569352959,NL
3569352960,3569353727,AE
3569353728,3569353983,DE
3569353984,3569354239,AE
3569354240,3569354495,TR
3569354496,3569354751,ES
3569354752,3569355007,FI
3569355008,3569355263,NL
3569355264,3569355519,EE
3569355520,3569355775,PL
3569355776,3569356287,HK
3569356288,3569356543,AE
3569356544,3569356799,HK
3569356800,3569357823,AE
3569357824,3569358079,NL
3569358080,3569358335,ES
3569358336,3569358591,PL
3569358592,3569358847,LT
3569358848,3569359871,RU
3569359872,3569360383,US
3569360384,3569360639,ES
3569360640,3569360895,DE
3569360896,3569405951,RU
3569405952,3569406463,AE
3569406464,3569406719,CZ
3569406720,3569406975,ES
3569406976,3569407231,FI
3569407232,3569407487,AE
3569407488,3569407743,SE
3569407744,3569409023,NL
3569409024,3569409279,KZ
3569409280,3569409535,JP
3569409536,3569409791,CZ
3569409792,3569410047,FI
3569410048,3569414143,RU
3569414144,3569414399,NL
3569414400,3569414655,AT
3569414656,3569414911,SG
3569414912,3569415167,NL
3569415168,3569415423,CZ
3569415424,3569415679,NL
3569415680,3569415935,DE
3569415936,3569416191,AT
3569416192,3569416447,IN
3569416448,3569417727,CZ
3569417728,3569417983,GB
3569417984,3569418495,CZ
3569418496,3569418751,NL
3569418752,3569419007,FR
3569419008,3569419775,DE
3569419776,3569420031,CA
3569420032,3569420799,CZ
3569420800,3569421055,BE
3569421056,3569421823,CZ
3569421824,3569422079,SI
3569422080,3569422335,EE
3569422336,3569422847,CZ
3569422848,3569423103,FI
3569423104,3569423359,CZ
3569423360,3569423615,LV
3569423616,3569424127,CZ
3569424128,3569424383,FI
3569424384,3569424639,RU
3569424640,3569424895,CZ
3569424896,3569425407,RU
3569425408,3569425663,CZ
3569425664,3569425919,NL
3569425920,3569483775,RU
3569483776,3569614847,FR
3569614848,3569680383,GB
3569680384,3569713151,NO
3569713152,3569729535,AT
3569729536,3569811455,FR
3569811456,3569876991,IL
3569876992,3569942527,RS
3569942528,3570073599,DE
3570073600,3570081791,NL
3570081792,3570090783,CH
3570090784,3570090815,DE
3570090816,3570100863,CH
3570100864,3570100895,GB
3570100896,3570106367,CH
3570106368,3570139135,PL
3570139136,3570171903,DE
3570171904,3570204671,NL
3570204672,3570270207,GR
3570270208,3570335743,NL
3570335744,3570401279,GB
3570401280,3570466815,FR
3570466816,3570532351,SE
3570532352,3570597887,IT
3570597888,3570630655,NL
3570630656,3570663423,DE
3570663424,3570670079,GB
3570670080,3570670335,DE
3570670336,3570679807,GB
3570679808,3570696191,HK
3570696192,3570728959,SG
3570728960,3570794495,FI
3570794496,3570860031,SE
3570860032,3570892799,CH
3570892800,3570925567,SA
3570925568,3570991103,IT
3570991104,3571023871,MA
3571023872,3571056639,SE
3571056640,3571122175,DE
3571122176,3571187711,GB
3571187712,3571253247,RU
3571253248,3571254271,US
3571254272,3571254279,BE
3571254280,3571254287,ES
3571254288,3571254295,IT
3571254296,3571254303,PT
3571254304,3571254319,CH
3571254320,3571254343,IT
3571254344,3571254351,SE
3571254352,3571254355,ES
3571254356,3571254359,RO
3571254360,3571254367,ES
3571254368,3571254375,DK
3571254376,3571254391,ES
3571254392,3571254399,IT
3571254400,3571254423,ES
3571254424,3571254447,NL
3571254448,3571254455,ES
3571254456,3571254463,IE
3571254464,3571254479,SE
3571254480,3571254483,IE
3571254484,3571254499,ES
3571254500,3571254503,IE
3571254504,3571254507,ES
3571254508,3571254515,IT
3571254516,3571254519,RO
3571254520,3571254527,ES
3571254528,3571254559,NO
3571254560,3571254563,SE
3571254564,3571254567,ES
3571254568,3571254599,GR
3571254600,3571254607,BG
3571254608,3571254615,CH
3571254616,3571254623,DK
3571254624,3571254635,IT
3571254636,3571254639,RO
3571254640,3571254655,FI
3571254656,3571254663,BE
3571254664,3571254671,IT
3571254672,3571254687,PT
3571254688,3571254703,IE
3571254704,3571254719,BE
3571254720,3571254735,IT
3571254736,3571254751,ES
3571254752,3571254767,IT
3571254768,3571254783,US
3571254784,3571254791,IT
3571254792,3571254799,BE
3571254800,3571254815,CH
3571254816,3571254823,IE
3571254824,3571254831,IT
3571254832,3571254863,PL
3571254864,3571254871,IE
3571254872,3571254879,BE
3571254880,3571254887,IT
3571254888,3571254895,SK
3571254896,3571254899,IT
3571254900,3571254903,BE
3571254904,3571254911,BG
3571254912,3571254919,CH
3571254920,3571254935,CZ
3571254936,3571254939,RO
3571254940,3571254943,AT
3571254944,3571254948,SE
3571254949,3571254949,CH
3571254950,3571254950,ES
3571254951,3571254951,IT
3571254952,3571254952,CZ
3571254953,3571254953,BE
3571254954,3571254955,US
3571254956,3571254959,CZ
3571254960,3571254967,ES
3571254968,3571254975,IE
3571254976,3571254983,BE
3571254984,3571254995,SE
3571254996,3571254999,IT
3571255000,3571255007,LU
3571255008,3571255015,BE
3571255016,3571255019,BG
3571255020,3571255039,CZ
3571255040,3571255055,CH
3571255056,3571255063,HR
3571255064,3571255067,SE
3571255068,3571255071,DK
3571255072,3571255087,US
3571255088,3571255095,AT
3571255096,3571255099,IT
3571255100,3571255103,RO
3571255104,3571255111,ES
3571255112,3571255119,NO
3571255120,3571255127,CH
3571255128,3571255135,BE
3571255136,3571255167,CH
3571255168,3571255175,IT
3571255176,3571255183,SE
3571255184,3571255187,ES
3571255188,3571255191,IT
3571255192,3571255195,ES
3571255196,3571255199,AT
3571255200,3571255207,RS
3571255208,3571255215,FI
3571255216,3571255223,ES
3571255224,3571255231,IE
3571255232,3571255235,ES
3571255236,3571255239,IT
3571255240,3571255247,ES
3571255248,3571255255,MT
3571255256,3571255263,AT
3571255264,3571255291,IT
3571255292,3571255295,SE
3571255296,3571256063,US
3571256064,3571256319,GB
3571256320,3571256831,US
3571256832,3571256839,PL
3571256840,3571256843,NL
3571256844,3571256851,CZ
3571256852,3571256855,RS
3571256856,3571256871,PT
3571256872,3571256927,ES
3571256928,3571256931,FR
3571256932,3571256939,BE
3571256940,3571256943,ES
3571256944,3571256947,BE
3571256948,3571256975,ES
3571256976,3571256983,FR
3571256984,3571256991,BE
3571256992,3571256995,ES
3571256996,3571256999,FR
3571257000,3571257007,PL
3571257008,3571257015,IT
3571257016,3571257019,RO
3571257020,3571257023,ES
3571257024,3571257055,GB
3571257056,3571257059,ES
3571257060,3571257063,BE
3571257064,3571257071,CZ
3571257072,3571257087,IE
3571257088,3571257091,SE
3571257092,3571257095,ES
3571257096,3571257099,NL
3571257100,3571257103,IT
3571257104,3571257111,NO
3571257112,3571257115,FR
3571257116,3571257119,CH
3571257120,3571257123,GB
3571257124,3571257127,IT
3571257128,3571257135,CZ
3571257136,3571257151,IE
3571257152,3571257159,DK
3571257160,3571257167,GB
3571257168,3571257171,IT
3571257172,3571257175,HU
3571257176,3571257183,AT
3571257184,3571257215,IT
3571257216,3571257223,ES
3571257224,3571257239,RO
3571257240,3571257247,DK
3571257248,3571257255,CH
3571257256,3571257263,NO
3571257264,3571257267,US
3571257268,3571257275,BE
3571257276,3571257279,PL
3571257280,3571257287,LU
3571257288,3571257311,CH
3571257312,3571257315,BE
3571257316,3571257319,ES
3571257320,3571257327,IE
3571257328,3571257331,DK
3571257332,3571257335,PL
3571257336,3571257343,BE
3571257344,3571258367,US
3571258368,3571259091,GB
3571259092,3571259095,US
3571259096,3571259287,GB
3571259288,3571259291,IE
3571259292,3571259391,GB
3571259392,3571260159,US
3571260160,3571260415,GB
3571260416,3571260431,AT
3571260432,3571260447,SE
3571260448,3571260463,IE
3571260464,3571260479,IT
3571260480,3571260495,SE
3571260496,3571260511,BE
3571260512,3571260519,SE
3571260520,3571260527,IT
3571260528,3571260543,ES
3571260544,3571260559,AT
3571260560,3571260591,IE
3571260592,3571260607,NO
3571260608,3571260623,CZ
3571260624,3571260627,ES
3571260628,3571260631,DK
3571260632,3571260639,CH
3571260640,3571260647,IE
3571260648,3571260655,BE
3571260656,3571260659,CZ
3571260660,3571260663,SE
3571260664,3571260671,CH
3571260672,3571260679,BE
3571260680,3571260695,ES
3571260696,3571260703,DK
3571260704,3571260711,SE
3571260712,3571260715,PT
3571260716,3571260719,SE
3571260720,3571260727,ES
3571260728,3571260731,HU
3571260732,3571260735,PL
3571260736,3571260739,SE
3571260740,3571260743,IT
3571260744,3571260751,ES
3571260752,3571260755,IT
3571260756,3571260759,DK
3571260760,3571260767,PL
3571260768,3571260775,IT
3571260776,3571260779,DK
3571260780,3571260783,IT
3571260784,3571260791,ES
3571260792,3571260795,BE
3571260796,3571260799,FI
3571260800,3571260807,IT
3571260808,3571260815,PL
3571260816,3571260819,ZA
3571260820,3571260823,LT
3571260824,3571260879,IT
3571260880,3571260887,ES
3571260888,3571260895,AT
3571260896,3571260927,CH
3571260928,3571260935,ZA
3571260936,3571260943,BE
3571260944,3571260947,SE
3571260948,3571260951,CZ
3571260952,3571260959,CH
3571260960,3571260975,IT
3571260976,3571260979,HU
3571260980,3571260983,ES
3571260984,3571260991,CZ
3571260992,3571261007,SE
3571261008,3571261011,NO
3571261012,3571261015,ES
3571261016,3571261019,NO
3571261020,3571261023,ES
3571261024,3571261027,BE
3571261028,3571261031,SE
3571261032,3571261039,IT
3571261040,3571261047,DK
3571261048,3571261055,BE
3571261056,3571261063,IT
3571261064,3571261095,BE
3571261096,3571261103,ES
3571261104,3571261111,DK
3571261112,3571261119,SI
3571261120,3571261127,IT
3571261128,3571261131,SE
3571261132,3571261135,IE
3571261136,3571261139,BE
3571261140,3571261151,LU
3571261152,3571261167,ES
3571261168,3571261311,US
3571261312,3571261319,PL
3571261320,3571261327,CH
3571261328,3571261335,IT
3571261336,3571261343,HU
3571261344,3571261347,BG
3571261348,3571261351,ES
3571261352,3571261359,IT
3571261360,3571261367,RO
3571261368,3571261371,PL
3571261372,3571261375,SE
3571261376,3571261383,ES
3571261384,3571261391,PL
3571261392,3571261399,IT
3571261400,3571261403,PL
3571261404,3571261407,ES
3571261408,3571261415,PL
3571261416,3571261423,GR
3571261424,3571261427,AT
3571261428,3571261439,ES
3571261440,3571261482,DE
3571261483,3571261483,US
3571261484,3571261487,DE
3571261488,3571261491,DK
3571261492,3571261495,DE
3571261496,3571261503,LU
3571261504,3571261623,DE
3571261624,3571261631,US
3571261632,3571261735,DE
3571261736,3571261739,CV
3571261740,3571262223,DE
3571262224,3571262231,HU
3571262232,3571262463,DE
3571262464,3571263311,NL
3571263312,3571263319,BE
3571263320,3571263487,NL
3571263488,3571263519,CH
3571263520,3571263527,IE
3571263528,3571263535,FI
3571263536,3571263551,CH
3571263552,3571263559,FR
3571263560,3571263567,SE
3571263568,3571263583,IT
3571263584,3571263591,NO
3571263592,3571263599,SE
3571263600,3571263607,DK
3571263608,3571263615,BE
3571263616,3571263623,RO
3571263624,3571263631,PL
3571263632,3571263639,US
3571263640,3571263647,DK
3571263648,3571263663,BE
3571263664,3571263671,RO
3571263672,3571263679,BE
3571263680,3571263687,ES
3571263688,3571263695,CH
3571263696,3571263703,SE
3571263704,3571263707,PT
3571263708,3571263711,RO
3571263712,3571263727,US
3571263728,3571263735,DK
3571263736,3571263739,IT
3571263740,3571263743,ES
3571263744,3571263807,IT
3571263808,3571263815,IE
3571263816,3571263823,SE
3571263824,3571263831,FI
3571263832,3571263839,RO
3571263840,3571263847,ES
3571263848,3571263855,BE
3571263856,3571263863,RU
3571263864,3571263871,TK
3571263872,3571263935,LU
3571263936,3571263943,CZ
3571263944,3571263951,ES
3571263952,3571263983,CH
3571263984,3571263999,SE
3571264000,3571264031,CH
3571264032,3571264047,BE
3571264048,3571264055,SE
3571264056,3571264063,AT
3571264064,3571264079,CH
3571264080,3571264087,BG
3571264088,3571264095,NO
3571264096,3571264111,ES
3571264112,3571264127,PL
3571264128,3571264191,BG
3571264192,3571264199,IE
3571264200,3571264207,CZ
3571264208,3571264215,IT
3571264216,3571264223,CH
3571264224,3571264255,IT
3571264256,3571264287,US
3571264288,3571264295,IT
3571264296,3571264299,SE
3571264300,3571264303,PL
3571264304,3571264319,IT
3571264320,3571264327,RO
3571264328,3571264331,IT
3571264332,3571264335,PT
3571264336,3571264343,PL
3571264344,3571264351,IT
3571264352,3571264359,PT
3571264360,3571264363,RO
3571264364,3571264367,BE
3571264368,3571264375,US
3571264376,3571264379,DK
3571264380,3571264383,UA
3571264384,3571264391,AT
3571264392,3571264399,CZ
3571264400,3571264407,CH
3571264408,3571264415,BE
3571264416,3571264423,IT
3571264424,3571264431,PT
3571264432,3571264439,AE
3571264440,3571264447,CH
3571264448,3571264455,BG
3571264456,3571264471,CZ
3571264472,3571264479,ES
3571264480,3571264487,IT
3571264488,3571264495,BE
3571264496,3571264503,MK
3571264504,3571264511,SE
3571264512,3571265535,FR
3571265536,3571266231,GB
3571266232,3571266239,IL
3571266240,3571266295,GB
3571266296,3571266303,IM
3571266304,3571266407,GB
3571266408,3571266415,IE
3571266416,3571266471,GB
3571266472,3571266479,IL
3571266480,3571266559,GB
3571266560,3571267583,FR
3571267584,3571267799,DE
3571267800,3571267803,UA
3571267804,3571267919,DE
3571267920,3571267935,GB
3571267936,3571267983,DE
3571267984,3571267987,UA
3571267988,3571268127,DE
3571268128,3571268135,AT
3571268136,3571268143,HU
3571268144,3571268271,DE
3571268272,3571268279,AT
3571268280,3571268551,DE
3571268552,3571268559,PL
3571268560,3571268567,DE
3571268568,3571268575,SI
3571268576,3571268607,DE
3571268608,3571268639,US
3571268640,3571268655,CH
3571268656,3571268663,BA
3571268664,3571268671,PL
3571268672,3571268679,AT
3571268680,3571268687,FI
3571268688,3571268695,CZ
3571268696,3571268703,BE
3571268704,3571268719,CH
3571268720,3571268727,DK
3571268728,3571268735,PL
3571268736,3571268863,US
3571268864,3571269119,ES
3571269120,3571269135,CH
3571269136,3571269143,IT
3571269144,3571269151,BG
3571269152,3571269155,ES
3571269156,3571269159,AT
3571269160,3571269167,IT
3571269168,3571269175,BE
3571269176,3571269183,IT
3571269184,3571269187,HU
3571269188,3571269199,US
3571269200,3571269215,CH
3571269216,3571269223,PT
3571269224,3571269239,IT
3571269240,3571269247,ES
3571269248,3571269255,PL
3571269256,3571269263,US
3571269264,3571269271,AT
3571269272,3571269279,PL
3571269280,3571269287,AT
3571269288,3571269291,US
3571269292,3571269295,BE
3571269296,3571269303,SK
3571269304,3571269311,BE
3571269312,3571269327,CH
3571269328,3571269335,PL
3571269336,3571269343,ES
3571269344,3571269351,AT
3571269352,3571269359,ES
3571269360,3571269367,BG
3571269368,3571269375,PL
3571269376,3571269383,LT
3571269384,3571269391,PL
3571269392,3571269403,IT
3571269404,3571269407,ES
3571269408,3571269415,CZ
3571269416,3571269419,US
3571269420,3571269423,IT
3571269424,3571269431,BE
3571269432,3571269435,AT
3571269436,3571269439,IT
3571269440,3571269455,US
3571269456,3571269471,PL
3571269472,3571269479,RO
3571269480,3571269495,AT
3571269496,3571269503,RO
3571269504,3571269511,IT
3571269512,3571269519,IE
3571269520,3571269523,NO
3571269524,3571269527,BE
3571269528,3571269535,NO
3571269536,3571269543,US
3571269544,3571269559,AT
3571269560,3571269567,CZ
3571269568,3571269575,US
3571269576,3571269583,BE
3571269584,3571269591,IT
3571269592,3571269599,SE
3571269600,3571269607,NL
3571269608,3571269623,IT
3571269624,3571269631,IE
3571269632,3571270503,GB
3571270504,3571270507,ZA
3571270508,3571270607,GB
3571270608,3571270639,ZA
3571270640,3571270655,GB
3571270656,3571270663,PT
3571270664,3571270671,SE
3571270672,3571270679,PL
3571270680,3571270687,BG
3571270688,3571270695,IT
3571270696,3571270703,BE
3571270704,3571270711,RU
3571270712,3571270719,PL
3571270720,3571270751,US
3571270752,3571270755,ES
3571270756,3571270759,HU
3571270760,3571270775,CZ
3571270776,3571270783,BG
3571270784,3571270799,CH
3571270800,3571270803,BE
3571270804,3571270807,US
3571270808,3571270815,SE
3571270816,3571270823,DK
3571270824,3571270831,CH
3571270832,3571270839,BE
3571270840,3571270847,IT
3571270848,3571270851,BE
3571270852,3571270855,ES
3571270856,3571270871,SK
3571270872,3571270879,SE
3571270880,3571270887,IT
3571270888,3571270895,NO
3571270896,3571271167,IT
3571271168,3571271175,DK
3571271176,3571271179,LU
3571271180,3571271183,ES
3571271184,3571271191,CZ
3571271192,3571271195,ES
3571271196,3571271199,GR
3571271200,3571271215,ES
3571271216,3571271239,IT
3571271240,3571271247,ES
3571271248,3571271255,IE
3571271256,3571271263,US
3571271264,3571271279,ES
3571271280,3571271287,US
3571271288,3571271295,BE
3571271296,3571271323,ES
3571271324,3571271327,BE
3571271328,3571271335,GR
3571271336,3571271343,ES
3571271344,3571271351,CH
3571271352,3571271367,PL
3571271368,3571271375,BE
3571271376,3571271379,US
3571271380,3571271387,ES
3571271388,3571271391,SE
3571271392,3571271399,DK
3571271400,3571271407,AT
3571271408,3571271411,ES
3571271412,3571271415,IE
3571271416,3571271423,AT
3571271424,3571271431,ES
3571271432,3571271439,BG
3571271440,3571271455,CH
3571271456,3571271463,ES
3571271464,3571271471,IT
3571271472,3571271487,CH
3571271488,3571271495,NL
3571271496,3571271503,BE
3571271504,3571271507,PL
3571271508,3571271511,SE
3571271512,3571271519,CZ
3571271520,3571271523,GR
3571271524,3571271527,LU
3571271528,3571271535,SE
3571271536,3571271551,IT
3571271552,3571271615,ES
3571271616,3571271631,CZ
3571271632,3571271639,IT
3571271640,3571271643,US
3571271644,3571271647,RO
3571271648,3571271671,ES
3571271672,3571271679,BE
3571271680,3571271687,US
3571271688,3571271691,IT
3571271692,3571271695,ZA
3571271696,3571271703,BE
3571271704,3571271711,SK
3571271712,3571271719,BE
3571271720,3571271727,US
3571271728,3571271735,ES
3571271736,3571271743,PL
3571271744,3571271751,BE
3571271752,3571271759,ES
3571271760,3571271767,US
3571271768,3571271775,GR
3571271776,3571271791,CH
3571271792,3571271803,ES
3571271804,3571271807,SE
3571271808,3571271839,IT
3571271840,3571271847,CH
3571271848,3571271851,SE
3571271852,3571271855,HU
3571271856,3571271863,SI
3571271864,3571271871,CH
3571271872,3571271895,IT
3571271896,3571271903,PL
3571271904,3571271911,HU
3571271912,3571271919,PL
3571271920,3571271927,IE
3571271928,3571271935,CH
3571271936,3571271943,NO
3571271944,3571271947,SE
3571271948,3571271951,DK
3571271952,3571271959,RO
3571271960,3571271967,DK
3571271968,3571271983,CH
3571271984,3571271999,RO
3571272000,3571272007,DK
3571272008,3571272023,ES
3571272024,3571272031,DK
3571272032,3571272039,ES
3571272040,3571272043,SE
3571272044,3571272071,CH
3571272072,3571272075,IE
3571272076,3571272079,IT
3571272080,3571272095,PL
3571272096,3571272103,PT
3571272104,3571272111,ES
3571272112,3571272119,IT
3571272120,3571272127,IE
3571272128,3571272143,ES
3571272144,3571272151,IE
3571272152,3571272167,ES
3571272168,3571272175,DK
3571272176,3571272183,ES
3571272184,3571272191,IT
3571272192,3571272199,PL
3571272200,3571272207,CZ
3571272208,3571272215,BE
3571272216,3571272223,PL
3571272224,3571272239,IT
3571272240,3571272255,CZ
3571272256,3571272295,CH
3571272296,3571272303,NL
3571272304,3571272319,IT
3571272320,3571272327,CH
3571272328,3571272335,BG
3571272336,3571272343,BE
3571272344,3571272344,US
3571272345,3571272345,RO
3571272346,3571272347,US
3571272348,3571272351,RO
3571272352,3571272359,BE
3571272360,3571272367,SI
3571272368,3571272375,SK
3571272376,3571272383,IT
3571272384,3571272391,ES
3571272392,3571272407,AT
3571272408,3571272415,ES
3571272416,3571272423,SK
3571272424,3571272439,ES
3571272440,3571272447,TR
3571272448,3571272459,RO
3571272460,3571272463,ES
3571272464,3571272471,BE
3571272472,3571272487,GR
3571272488,3571272495,ES
3571272496,3571272511,AT
3571272512,3571272519,IT
3571272520,3571272527,AT
3571272528,3571272543,NO
3571272544,3571272551,ES
3571272552,3571272559,IT
3571272560,3571272567,SI
3571272568,3571272575,ES
3571272576,3571272583,HU
3571272584,3571272591,IT
3571272592,3571272599,CZ
3571272600,3571272607,CH
3571272608,3571272623,HU
3571272624,3571272631,BE
3571272632,3571272639,SE
3571272640,3571272647,IE
3571272648,3571272655,SK
3571272656,3571272663,US
3571272664,3571272671,CH
3571272672,3571272679,BE
3571272680,3571272687,IT
3571272688,3571272695,CH
3571272696,3571272699,DK
3571272700,3571272703,PT
3571272704,3571278847,US
3571278848,3571279871,GB
3571279872,3571280895,US
3571280896,3571280959,DE
3571280960,3571280967,PL
3571280968,3571280975,DE
3571280976,3571280983,PL
3571280984,3571281087,DE
3571281088,3571281095,PL
3571281096,3571281111,DE
3571281112,3571281119,PL
3571281120,3571281143,DE
3571281144,3571281191,PL
3571281192,3571281343,DE
3571281344,3571281351,PL
3571281352,3571281623,DE
3571281624,3571281631,DK
3571281632,3571281663,DE
3571281664,3571281671,AT
3571281672,3571281695,DE
3571281696,3571281703,NL
3571281704,3571281747,DE
3571281748,3571281751,LU
3571281752,3571281767,PL
3571281768,3571281799,DE
3571281800,3571281807,PL
3571281808,3571281879,DE
3571281880,3571281895,PL
3571281896,3571281919,DE
3571281920,3571282063,NL
3571282064,3571282071,BE
3571282072,3571282415,NL
3571282416,3571282423,BE
3571282424,3571282895,NL
3571282896,3571282903,US
3571282904,3571282943,NL
3571282944,3571282951,AT
3571282952,3571282959,BE
3571282960,3571282963,DK
3571282964,3571282967,ES
3571282968,3571282975,DE
3571282976,3571282983,CZ
3571282984,3571282991,SK
3571282992,3571282999,IE
3571283000,3571283007,RO
3571283008,3571283015,SK
3571283016,3571283023,BE
3571283024,3571283031,HU
3571283032,3571283039,IT
3571283040,3571283047,BE
3571283048,3571283055,CH
3571283056,3571283063,HR
3571283064,3571283071,SK
3571283072,3571283079,CZ
3571283080,3571283087,SK
3571283088,3571283095,PL
3571283096,3571283103,CZ
3571283104,3571283111,BE
3571283112,3571283119,US
3571283120,3571283127,AT
3571283128,3571283135,SK
3571283136,3571283143,AT
3571283144,3571283151,CH
3571283152,3571283159,CZ
3571283160,3571283167,DK
3571283168,3571283171,PL
3571283172,3571283175,CZ
3571283176,3571283183,US
3571283184,3571283187,CZ
3571283188,3571283191,IT
3571283192,3571283199,AT
3571283200,3571283207,CZ
3571283208,3571283215,US
3571283216,3571283223,SK
3571283224,3571283231,IT
3571283232,3571283235,SE
3571283236,3571283239,ES
3571283240,3571283243,US
3571283244,3571283259,IT
3571283260,3571283263,US
3571283264,3571283267,PL
3571283268,3571283271,ES
3571283272,3571283275,AT
3571283276,3571283283,ES
3571283284,3571283287,SE
3571283288,3571283295,PL
3571283296,3571283299,DK
3571283300,3571283303,ES
3571283304,3571283311,IE
3571283312,3571283319,SK
3571283320,3571283327,BE
3571283328,3571283335,CZ
3571283336,3571283351,DK
3571283352,3571283359,AT
3571283360,3571283363,HU
3571283364,3571283367,ES
3571283368,3571283375,AT
3571283376,3571283379,PL
3571283380,3571283383,IT
3571283384,3571283391,SK
3571283392,3571283411,PL
3571283412,3571283415,ES
3571283416,3571283423,AT
3571283424,3571283431,ES
3571283432,3571283435,HR
3571283436,3571283439,ES
3571283440,3571283455,IT
3571283456,3571283463,PL
3571283464,3571283471,ES
3571283472,3571283487,CZ
3571283488,3571283495,AT
3571283496,3571283503,ES
3571283504,3571283511,SK
3571283512,3571283515,US
3571283516,3571283519,CH
3571283520,3571283527,BE
3571283528,3571283535,US
3571283536,3571283543,CH
3571283544,3571283551,IT
3571283552,3571283559,CZ
3571283560,3571283575,PL
3571283576,3571283583,CZ
3571283584,3571283591,IT
3571283592,3571283595,ES
3571283596,3571283599,US
3571283600,3571283607,ES
3571283608,3571283615,SK
3571283616,3571283623,AT
3571283624,3571283631,ES
3571283632,3571283647,BE
3571283648,3571283655,IT
3571283656,3571283687,ES
3571283688,3571283695,CH
3571283696,3571283703,IT
3571283704,3571283707,BE
3571283708,3571283711,IT
3571283712,3571283727,ZA
3571283728,3571283735,RO
3571283736,3571283743,RS
3571283744,3571283759,RO
3571283760,3571283775,CZ
3571283776,3571283783,SE
3571283784,3571283791,SI
3571283792,3571283799,BE
3571283800,3571283807,AT
3571283808,3571283815,BE
3571283816,3571283819,IT
3571283820,3571283827,PL
3571283828,3571283835,IT
3571283836,3571283839,US
3571283840,3571283967,IT
3571283968,3571284143,GB
3571284144,3571284151,IL
3571284152,3571284327,GB
3571284328,3571284335,IN
3571284336,3571284543,GB
3571284544,3571284551,NG
3571284552,3571284887,GB
3571284888,3571284891,ZA
3571284892,3571285007,GB
3571285008,3571285351,DE
3571285352,3571285359,PL
3571285360,3571285399,DE
3571285400,3571285407,CZ
3571285408,3571285415,DE
3571285416,3571285423,PL
3571285424,3571285599,DE
3571285600,3571285607,DK
3571285608,3571285647,DE
3571285648,3571285655,PL
3571285656,3571285719,DE
3571285720,3571285723,LU
3571285724,3571285927,DE
3571285928,3571285935,UA
3571285936,3571286015,DE
3571286016,3571318783,GB
3571318784,3571319295,US
3571319296,3571319551,GB
3571319552,3571320839,US
3571320840,3571320847,DK
3571320848,3571320863,US
3571320864,3571320871,CZ
3571320872,3571320875,RS
3571320876,3571320879,ES
3571320880,3571320887,IT
3571320888,3571320895,CZ
3571320896,3571320903,IT
3571320904,3571320911,ES
3571320912,3571320919,LV
3571320920,3571320927,ES
3571320928,3571320935,PT
3571320936,3571320943,DK
3571320944,3571320951,SI
3571320952,3571320959,IT
3571320960,3571320967,ES
3571320968,3571320975,AT
3571320976,3571320983,NC
3571320984,3571320991,NO
3571320992,3571320999,FI
3571321000,3571321007,DK
3571321008,3571321015,IT
3571321016,3571321023,HU
3571321024,3571321031,CH
3571321032,3571321039,ES
3571321040,3571321055,PL
3571321056,3571321071,US
3571321072,3571321079,CH
3571321080,3571321087,DK
3571321088,3571321095,IE
3571321096,3571321103,US
3571321104,3571321111,ES
3571321112,3571321119,BE
3571321120,3571321127,PL
3571321128,3571321151,SE
3571321152,3571321159,CZ
3571321160,3571321167,HU
3571321168,3571321171,IT
3571321172,3571321175,IE
3571321176,3571321183,SK
3571321184,3571321191,SE
3571321192,3571321199,ES
3571321200,3571321207,PT
3571321208,3571321211,US
3571321212,3571321215,AT
3571321216,3571321263,BE
3571321264,3571321271,FI
3571321272,3571321279,IT
3571321280,3571321287,RS
3571321288,3571321295,ES
3571321296,3571321303,CH
3571321304,3571321311,AT
3571321312,3571321315,IE
3571321316,3571321319,ES
3571321320,3571321323,DK
3571321324,3571321327,SE
3571321328,3571321343,IE
3571321344,3571321347,AT
3571321348,3571321351,ES
3571321352,3571321355,AT
3571321356,3571321359,IT
3571321360,3571321363,SE
3571321364,3571321371,PT
3571321372,3571321375,CZ
3571321376,3571321391,BE
3571321392,3571321395,LU
3571321396,3571321407,IT
3571321408,3571321423,ES
3571321424,3571321431,BE
3571321432,3571321439,CH
3571321440,3571321447,ES
3571321448,3571321455,BE
3571321456,3571321463,SE
3571321464,3571321471,BE
3571321472,3571321487,CZ
3571321488,3571321495,BE
3571321496,3571321511,IT
3571321512,3571321519,BG
3571321520,3571321527,SK
3571321528,3571321535,RO
3571321536,3571321543,CH
3571321544,3571321551,CZ
3571321552,3571321559,RO
3571321560,3571321567,PL
3571321568,3571321571,CZ
3571321572,3571321575,IT
3571321576,3571321583,ES
3571321584,3571321591,IT
3571321592,3571321595,PT
3571321596,3571321603,ES
3571321604,3571321607,SE
3571321608,3571321615,PL
3571321616,3571321623,ES
3571321624,3571321627,CH
3571321628,3571321655,IT
3571321656,3571321659,TR
3571321660,3571321663,IT
3571321664,3571321671,IE
3571321672,3571321679,BE
3571321680,3571321687,IE
3571321688,3571321695,IT
3571321696,3571321727,AT
3571321728,3571321731,IE
3571321732,3571321735,US
3571321736,3571321759,ES
3571321760,3571321767,GR
3571321768,3571321775,PT
3571321776,3571321783,UA
3571321784,3571321791,RS
3571321792,3571321799,ES
3571321800,3571321807,FI
3571321808,3571321815,ES
3571321816,3571321831,BE
3571321832,3571321839,SE
3571321840,3571321855,IT
3571321856,3571322415,DE
3571322416,3571322423,UA
3571322424,3571322879,DE
3571322880,3571323903,US
3571323904,3571323915,GB
3571323916,3571323919,FR
3571323920,3571323927,PL
3571323928,3571323951,GB
3571323952,3571323955,IE
3571323956,3571323959,FR
3571323960,3571323967,LU
3571323968,3571324031,US
3571324032,3571324047,PL
3571324048,3571324055,IE
3571324056,3571324063,GB
3571324064,3571324071,IE
3571324072,3571324083,NL
3571324084,3571324087,GB
3571324088,3571324095,ES
3571324096,3571324103,PL
3571324104,3571324111,DE
3571324112,3571324119,FI
3571324120,3571324123,PT
3571324124,3571324127,SI
3571324128,3571324135,CZ
3571324136,3571324139,SK
3571324140,3571324143,GB
3571324144,3571324151,CZ
3571324152,3571324155,GB
3571324156,3571324159,RS
3571324160,3571324191,US
3571324192,3571324195,GB
3571324196,3571324415,US
3571324416,3571324671,JP
3571324672,3571324927,SG
3571324928,3571325951,US
3571325952,3571326975,FR
3571326976,3571326983,AT
3571326984,3571326991,BE
3571326992,3571326999,ES
3571327000,3571327015,PL
3571327016,3571327047,PT
3571327048,3571327055,PL
3571327056,3571327063,IE
3571327064,3571327071,CH
3571327072,3571327075,HU
3571327076,3571327079,LU
3571327080,3571327087,ES
3571327088,3571327095,BE
3571327096,3571327103,HU
3571327104,3571327127,ES
3571327128,3571327143,BE
3571327144,3571327159,ES
3571327160,3571327175,DK
3571327176,3571327191,IE
3571327192,3571327199,BE
3571327200,3571327203,LU
3571327204,3571327215,ES
3571327216,3571327223,IE
3571327224,3571327231,ES
3571327232,3571327239,IE
3571327240,3571327247,ES
3571327248,3571327255,PL
3571327256,3571327263,CZ
3571327264,3571327271,SI
3571327272,3571327279,AT
3571327280,3571327295,ES
3571327296,3571327303,CH
3571327304,3571327311,RS
3571327312,3571327319,HU
3571327320,3571327327,BE
3571327328,3571327351,ES
3571327352,3571327355,CH
3571327356,3571327359,IT
3571327360,3571327367,BE
3571327368,3571327375,SE
3571327376,3571327383,RO
3571327384,3571327391,HU
3571327392,3571327399,RO
3571327400,3571327407,PL
3571327408,3571327415,PT
3571327416,3571327423,ES
3571327424,3571327427,CH
3571327428,3571327431,ES
3571327432,3571327447,AT
3571327448,3571327451,ES
3571327452,3571327455,SE
3571327456,3571327463,BE
3571327464,3571327479,IT
3571327480,3571327487,HU
3571327488,3571327743,ES
3571327744,3571327751,CZ
3571327752,3571327759,CH
3571327760,3571327767,IT
3571327768,3571327775,ZA
3571327776,3571327779,PL
3571327780,3571327783,US
3571327784,3571327791,CZ
3571327792,3571327799,BE
3571327800,3571327807,ES
3571327808,3571327811,FI
3571327812,3571327819,PL
3571327820,3571327823,BE
3571327824,3571327831,ES
3571327832,3571327839,PT
3571327840,3571327847,NO
3571327848,3571327855,BE
3571327856,3571327863,PL
3571327864,3571327879,ES
3571327880,3571327887,CZ
3571327888,3571327911,CH
3571327912,3571327919,ES
3571327920,3571327927,PL
3571327928,3571327935,BE
3571327936,3571327943,IT
3571327944,3571327951,PL
3571327952,3571327959,IE
3571327960,3571327967,IT
3571327968,3571327975,ES
3571327976,3571327983,IT
3571327984,3571327991,ES
3571327992,3571327999,ZA
3571328000,3571328383,GB
3571328384,3571328391,IE
3571328392,3571328407,GB
3571328408,3571328415,IE
3571328416,3571328455,GB
3571328456,3571328463,BE
3571328464,3571328831,GB
3571328832,3571328839,IN
3571328840,3571329023,GB
3571329024,3571329031,RO
3571329032,3571329039,IT
3571329040,3571329047,TR
3571329048,3571329051,IT
3571329052,3571329055,SE
3571329056,3571329063,IT
3571329064,3571329071,ES
3571329072,3571329087,IT
3571329088,3571329103,ES
3571329104,3571329111,HU
3571329112,3571329119,IE
3571329120,3571329135,CH
3571329136,3571329143,BE
3571329144,3571329151,GR
3571329152,3571329167,IT
3571329168,3571329175,LU
3571329176,3571329183,PL
3571329184,3571329187,IT
3571329188,3571329191,AT
3571329192,3571329199,ES
3571329200,3571329207,DE
3571329208,3571329215,IT
3571329216,3571329219,PL
3571329220,3571329223,ES
3571329224,3571329231,RO
3571329232,3571329239,ES
3571329240,3571329247,US
3571329248,3571329271,ES
3571329272,3571329279,IT
3571329280,3571329287,IE
3571329288,3571329295,ES
3571329296,3571329311,SE
3571329312,3571329315,HU
3571329316,3571329319,ES
3571329320,3571329327,BE
3571329328,3571329335,CH
3571329336,3571329343,IT
3571329344,3571329351,DE
3571329352,3571329355,RO
3571329356,3571329359,SE
3571329360,3571329375,PL
3571329376,3571329383,HU
3571329384,3571329399,ES
3571329400,3571329403,IT
3571329404,3571329407,FI
3571329408,3571329411,BE
3571329412,3571329415,CH
3571329416,3571329423,BE
3571329424,3571329431,IT
3571329432,3571329439,HU
3571329440,3571329447,ES
3571329448,3571329455,SE
3571329456,3571329471,RO
3571329472,3571329479,IE
3571329480,3571329487,BE
3571329488,3571329495,IT
3571329496,3571329503,BE
3571329504,3571329507,CH
3571329508,3571329511,ES
3571329512,3571329519,HU
3571329520,3571329527,DK
3571329528,3571329535,CZ
3571329536,3571329543,RO
3571329544,3571329551,DE
3571329552,3571329559,HU
3571329560,3571329567,PL
3571329568,3571329575,LI
3571329576,3571329583,AT
3571329584,3571329591,BE
3571329592,3571329663,ES
3571329664,3571329671,HU
3571329672,3571329679,PL
3571329680,3571329687,DE
3571329688,3571329703,PL
3571329704,3571329711,BE
3571329712,3571329727,ES
3571329728,3571329743,CZ
3571329744,3571329751,IE
3571329752,3571329759,SE
3571329760,3571329767,PL
3571329768,3571329775,CZ
3571329776,3571329779,PL
3571329780,3571329783,CH
3571329784,3571329791,PT
3571329792,3571329799,CZ
3571329800,3571329807,RO
3571329808,3571329823,DE
3571329824,3571329831,BE
3571329832,3571329839,IE
3571329840,3571329855,ES
3571329856,3571329871,RO
3571329872,3571329887,MK
3571329888,3571329895,FR
3571329896,3571329903,PL
3571329904,3571329911,IT
3571329912,3571329919,DE
3571329920,3571329927,DK
3571329928,3571329935,IE
3571329936,3571329943,ES
3571329944,3571329947,BE
3571329948,3571329951,RO
3571329952,3571329955,IT
3571329956,3571329959,ES
3571329960,3571329967,CH
3571329968,3571329975,DE
3571329976,3571329983,IT
3571329984,3571329991,BE
3571329992,3571329999,RO
3571330000,3571330007,BE
3571330008,3571330015,IE
3571330016,3571330031,ES
3571330032,3571330039,PL
3571330040,3571330047,BG
3571330048,3571331071,US
3571331072,3571331431,DE
3571331432,3571331439,PL
3571331440,3571332095,DE
3571332096,3571332311,GB
3571332312,3571332319,ZM
3571332320,3571332831,GB
3571332832,3571332839,IN
3571332840,3571333119,GB
3571333120,3571335167,US
3571335168,3571335295,DE
3571335296,3571335303,RO
3571335304,3571335839,DE
3571335840,3571335871,GB
3571335872,3571335895,DE
3571335896,3571335903,GB
3571335904,3571336175,DE
3571336176,3571336183,GR
3571336184,3571336191,DE
3571336192,3571337727,US
3571337728,3571337935,DE
3571337936,3571337943,LT
3571337944,3571337983,DE
3571337984,3571338495,US
3571338496,3571338671,FR
3571338672,3571338679,US
3571338680,3571338911,FR
3571338912,3571338919,US
3571338920,3571339007,FR
3571339008,3571339775,US
3571339776,3571340031,GB
3571340032,3571340287,US
3571340288,3571340387,DE
3571340388,3571340391,LU
3571340392,3571340399,GR
3571340400,3571340455,DE
3571340456,3571340463,NL
3571340464,3571340599,DE
3571340600,3571340607,RO
3571340608,3571340615,PL
3571340616,3571340623,DE
3571340624,3571340631,LU
3571340632,3571340639,DE
3571340640,3571340647,LV
3571340648,3571340831,DE
3571340832,3571340847,CH
3571340848,3571340855,DE
3571340856,3571340863,RO
3571340864,3571340871,AT
3571340872,3571340887,DE
3571340888,3571340895,AT
3571340896,3571340927,DE
3571340928,3571340935,LV
3571340936,3571340967,DE
3571340968,3571340975,GR
3571340976,3571340991,DE
3571340992,3571340999,PL
3571341000,3571341063,DE
3571341064,3571341067,RO
3571341068,3571341215,DE
3571341216,3571341223,CZ
3571341224,3571341267,DE
3571341268,3571341271,MT
3571341272,3571341311,DE
3571341312,3571342335,US
3571342336,3571342343,ES
3571342344,3571342351,CH
3571342352,3571342355,ES
3571342356,3571342359,AT
3571342360,3571342367,PT
3571342368,3571342399,IT
3571342400,3571342403,PT
3571342404,3571342407,US
3571342408,3571342419,IE
3571342420,3571342423,ES
3571342424,3571342431,PT
3571342432,3571342439,RO
3571342440,3571342447,IE
3571342448,3571342455,PL
3571342456,3571342463,BE
3571342464,3571342471,ES
3571342472,3571342475,RO
3571342476,3571342479,ES
3571342480,3571342491,PL
3571342492,3571342503,SE
3571342504,3571342511,AT
3571342512,3571342543,PL
3571342544,3571342551,CZ
3571342552,3571342567,ES
3571342568,3571342571,CZ
3571342572,3571342575,ES
3571342576,3571342591,CH
3571342592,3571342599,LU
3571342600,3571342603,HU
3571342604,3571342607,ES
3571342608,3571342639,NO
3571342640,3571342647,ES
3571342648,3571342655,PL
3571342656,3571342663,ES
3571342664,3571342679,CH
3571342680,3571342687,SE
3571342688,3571342695,CZ
3571342696,3571342703,SE
3571342704,3571342711,CH
3571342712,3571342727,BE
3571342728,3571342735,SE
3571342736,3571342751,BE
3571342752,3571342755,RS
3571342756,3571342759,CZ
3571342760,3571342767,LU
3571342768,3571342775,ES
3571342776,3571342783,SE
3571342784,3571342799,PL
3571342800,3571342807,CH
3571342808,3571342823,IE
3571342824,3571342839,ES
3571342840,3571342847,IT
3571342848,3571342855,AT
3571342856,3571342863,PL
3571342864,3571342871,IE
3571342872,3571342875,BE
3571342876,3571342899,IT
3571342900,3571342903,RO
3571342904,3571342911,US
3571342912,3571342919,IT
3571342920,3571342951,ES
3571342952,3571342975,IE
3571342976,3571342983,CZ
3571342984,3571342991,ES
3571342992,3571343003,CZ
3571343004,3571343007,PL
3571343008,3571343015,CZ
3571343016,3571343023,IT
3571343024,3571343027,US
3571343028,3571343039,BE
3571343040,3571343047,IE
3571343048,3571343055,PL
3571343056,3571343063,BE
3571343064,3571343071,ES
3571343072,3571343075,BE
3571343076,3571343079,DK
3571343080,3571343087,BE
3571343088,3571343095,LU
3571343096,3571343099,DK
3571343100,3571343103,US
3571343104,3571343111,BE
3571343112,3571343119,DK
3571343120,3571343135,AT
3571343136,3571343143,BE
3571343144,3571343151,IE
3571343152,3571343159,PL
3571343160,3571343163,US
3571343164,3571343167,BG
3571343168,3571343175,IT
3571343176,3571343183,LT
3571343184,3571343191,AT
3571343192,3571343199,RO
3571343200,3571343207,ES
3571343208,3571343215,PT
3571343216,3571343231,LU
3571343232,3571343239,BE
3571343240,3571343247,CH
3571343248,3571343263,NO
3571343264,3571343271,AT
3571343272,3571343279,IT
3571343280,3571343287,IE
3571343288,3571343295,IT
3571343296,3571343303,CZ
3571343304,3571343307,IE
3571343308,3571343311,BE
3571343312,3571343319,IT
3571343320,3571343327,BE
3571343328,3571343335,ES
3571343336,3571343343,AT
3571343344,3571343351,BE
3571343352,3571343359,DK
3571343360,3571343367,PL
3571343368,3571343391,DE
3571343392,3571343407,CZ
3571343408,3571343511,DE
3571343512,3571343519,AT
3571343520,3571343919,DE
3571343920,3571343927,IT
3571343928,3571344255,DE
3571344256,3571344271,DK
3571344272,3571344279,DE
3571344280,3571344287,DK
3571344288,3571344351,DE
3571344352,3571344359,DK
3571344360,3571344383,DE
3571344384,3571344639,US
3571344640,3571344647,DE
3571344648,3571344655,CZ
3571344656,3571344879,DE
3571344880,3571344887,HU
3571344888,3571344895,DE
3571344896,3571345151,US
3571345152,3571345391,DE
3571345392,3571345399,RO
3571345400,3571345407,LU
3571345408,3571345919,US
3571345920,3571346003,NL
3571346004,3571346007,US
3571346008,3571346175,NL
3571346176,3571346687,US
3571346688,3571346863,GB
3571346864,3571346871,US
3571346872,3571347199,GB
3571347200,3571348479,US
3571348480,3571348907,FR
3571348908,3571348911,GF
3571348912,3571348991,FR
3571348992,3571348999,GF
3571349000,3571349479,FR
3571349480,3571349495,MA
3571349496,3571349503,FR
3571349504,3571350799,US
3571350800,3571350803,IE
3571350804,3571350807,FI
3571350808,3571350811,SE
3571350812,3571350815,BE
3571350816,3571350831,US
3571350832,3571350835,LU
3571350836,3571350839,PL
3571350840,3571350843,AT
3571350844,3571350847,BG
3571350848,3571350911,US
3571350912,3571350919,AT
3571350920,3571350923,UA
3571350924,3571350927,IL
3571350928,3571350935,LU
3571350936,3571350943,FR
3571350944,3571350975,US
3571350976,3571350983,PL
3571350984,3571350991,IT
3571350992,3571351007,PL
3571351008,3571351023,US
3571351024,3571351027,CH
3571351028,3571351031,CZ
3571351032,3571351035,HU
3571351036,3571351039,RO
3571351040,3571352575,US
3571352576,3571353599,NL
3571353600,3571353615,IT
3571353616,3571353623,ES
3571353624,3571353631,DK
3571353632,3571353647,BE
3571353648,3571353655,IT
3571353656,3571353659,IE
3571353660,3571353663,GB
3571353664,3571353671,IT
3571353672,3571353679,ES
3571353680,3571353687,IE
3571353688,3571353695,GB
3571353696,3571353703,BE
3571353704,3571353711,RO
3571353712,3571353727,IT
3571353728,3571353735,ES
3571353736,3571353739,NO
3571353740,3571353743,IT
3571353744,3571353751,CH
3571353752,3571353759,ES
3571353760,3571353775,IT
3571353776,3571353783,ES
3571353784,3571353799,IT
3571353800,3571353807,SK
3571353808,3571353815,HU
3571353816,3571353823,ES
3571353824,3571353831,IE
3571353832,3571353839,GR
3571353840,3571353847,BE
3571353848,3571353855,FI
3571353856,3571353863,NO
3571353864,3571353879,IT
3571353880,3571353887,CH
3571353888,3571353895,ES
3571353896,3571353903,PT
3571353904,3571353919,CH
3571353920,3571353935,BE
3571353936,3571353939,IT
3571353940,3571353943,SE
3571353944,3571353947,LV
3571353948,3571353951,SE
3571353952,3571353967,IT
3571353968,3571353975,SE
3571353976,3571353979,US
3571353980,3571353983,ES
3571353984,3571353991,CH
3571353992,3571353999,IT
3571354000,3571354015,ES
3571354016,3571354023,IT
3571354024,3571354031,CH
3571354032,3571354039,SK
3571354040,3571354047,PT
3571354048,3571354055,NL
3571354056,3571354071,ES
3571354072,3571354079,IT
3571354080,3571354083,ES
3571354084,3571354087,FI
3571354088,3571354095,CH
3571354096,3571354127,IT
3571354128,3571354135,NL
3571354136,3571354143,FI
3571354144,3571354151,SK
3571354152,3571354159,AT
3571354160,3571354163,NO
3571354164,3571354167,IT
3571354168,3571354175,ES
3571354176,3571354191,ZA
3571354192,3571354199,ES
3571354200,3571354207,SE
3571354208,3571354223,HU
3571354224,3571354255,RO
3571354256,3571354263,HU
3571354264,3571354271,IT
3571354272,3571354279,IE
3571354280,3571354287,NO
3571354288,3571354295,IT
3571354296,3571354303,SE
3571354304,3571354311,LV
3571354312,3571354327,IT
3571354328,3571354331,IE
3571354332,3571354335,ES
3571354336,3571354343,SE
3571354344,3571354351,BE
3571354352,3571354367,IE
3571354368,3571354375,SE
3571354376,3571354383,DK
3571354384,3571354387,ES
3571354388,3571354395,IT
3571354396,3571354399,NO
3571354400,3571354407,PL
3571354408,3571354411,NO
3571354412,3571354415,CH
3571354416,3571354423,IT
3571354424,3571354431,CH
3571354432,3571354447,ES
3571354448,3571354455,AT
3571354456,3571354459,DK
3571354460,3571354463,ES
3571354464,3571354479,IT
3571354480,3571354495,ES
3571354496,3571354559,IT
3571354560,3571354575,PL
3571354576,3571354599,CH
3571354600,3571354607,PL
3571354608,3571354615,AT
3571354616,3571354623,ES
3571354624,3571354919,GB
3571354920,3571354935,NL
3571354936,3571355647,GB
3571355648,3571355671,DE
3571355672,3571355679,PL
3571355680,3571355879,DE
3571355880,3571355883,MK
3571355884,3571355951,DE
3571355952,3571355959,DK
3571355960,3571355983,DE
3571355984,3571355991,DK
3571355992,3571356031,DE
3571356032,3571356035,RO
3571356036,3571356183,DE
3571356184,3571356191,IL
3571356192,3571356303,DE
3571356304,3571356311,PL
3571356312,3571356327,DE
3571356328,3571356343,DK
3571356344,3571356367,DE
3571356368,3571356375,DK
3571356376,3571356431,DE
3571356432,3571356439,DK
3571356440,3571356511,DE
3571356512,3571356519,DK
3571356520,3571356527,DE
3571356528,3571356535,DK
3571356536,3571356635,DE
3571356636,3571356639,LV
3571356640,3571356671,DE
3571356672,3571357183,US
3571357184,3571357239,DE
3571357240,3571357247,GR
3571357248,3571357303,DE
3571357304,3571357311,NL
3571357312,3571357439,DE
3571357440,3571357695,US
3571357696,3571357751,DE
3571357752,3571357759,CZ
3571357760,3571357767,AT
3571357768,3571357791,DE
3571357792,3571357807,AT
3571357808,3571357943,DE
3571357944,3571357951,DK
3571357952,3571357971,DE
3571357972,3571357975,TR
3571357976,3571357983,DE
3571357984,3571357991,AT
3571357992,3571358063,DE
3571358064,3571358071,DK
3571358072,3571358535,DE
3571358536,3571358543,CY
3571358544,3571358551,PL
3571358552,3571358583,DE
3571358584,3571358591,DK
3571358592,3571358719,DE
3571358720,3571358727,AT
3571358728,3571358743,PL
3571358744,3571358751,RO
3571358752,3571358759,PL
3571358760,3571358767,ES
3571358768,3571358775,BG
3571358776,3571358791,ES
3571358792,3571358799,IT
3571358800,3571358807,CH
3571358808,3571358815,IT
3571358816,3571358823,AT
3571358824,3571358831,DK
3571358832,3571358839,GB
3571358840,3571358847,CZ
3571358848,3571358855,NO
3571358856,3571358863,AT
3571358864,3571358871,US
3571358872,3571358879,SI
3571358880,3571358895,PL
3571358896,3571358903,HU
3571358904,3571358919,RO
3571358920,3571358927,LT
3571358928,3571358943,IT
3571358944,3571358951,PL
3571358952,3571358959,HU
3571358960,3571358963,BE
3571358964,3571358967,IT
3571358968,3571358975,SE
3571358976,3571359743,ES
3571359744,3571359759,BE
3571359760,3571359775,SE
3571359776,3571359783,IE
3571359784,3571359791,ES
3571359792,3571359799,HU
3571359800,3571359803,CZ
3571359804,3571359823,IT
3571359824,3571359839,BE
3571359840,3571359847,IE
3571359848,3571359855,PL
3571359856,3571359879,ES
3571359880,3571359883,US
3571359884,3571359895,ES
3571359896,3571359903,BE
3571359904,3571359919,ES
3571359920,3571359927,US
3571359928,3571359935,RO
3571359936,3571359939,IT
3571359940,3571359943,FI
3571359944,3571360007,ES
3571360008,3571360015,US
3571360016,3571360023,ES
3571360024,3571360027,IE
3571360028,3571360031,IT
3571360032,3571360047,CH
3571360048,3571360055,IT
3571360056,3571360063,BG
3571360064,3571360071,BE
3571360072,3571360075,IT
3571360076,3571360079,HU
3571360080,3571360095,PL
3571360096,3571360103,IT
3571360104,3571360111,IE
3571360112,3571360119,IT
3571360120,3571360123,US
3571360124,3571360143,ES
3571360144,3571360151,RS
3571360152,3571360167,ES
3571360168,3571360175,DK
3571360176,3571360203,ES
3571360204,3571360207,BE
3571360208,3571360215,SE
3571360216,3571360219,BE
3571360220,3571360223,ES
3571360224,3571360231,BE
3571360232,3571360239,CH
3571360240,3571360255,AT
3571360256,3571360279,CH
3571360280,3571360287,SE
3571360288,3571360303,PT
3571360304,3571360311,SE
3571360312,3571360327,AT
3571360328,3571360331,US
3571360332,3571360335,IE
3571360336,3571360351,CZ
3571360352,3571360367,ES
3571360368,3571360375,PL
3571360376,3571360383,BE
3571360384,3571360399,ES
3571360400,3571360423,AT
3571360424,3571360431,BA
3571360432,3571360439,IT
3571360440,3571360447,CZ
3571360448,3571360463,ES
3571360464,3571360471,CZ
3571360472,3571360479,DK
3571360480,3571360503,IT
3571360504,3571360519,US
3571360520,3571360543,IT
3571360544,3571360551,US
3571360552,3571360567,PT
3571360568,3571360575,GR
3571360576,3571360583,US
3571360584,3571360599,IT
3571360600,3571360607,BE
3571360608,3571360615,PL
3571360616,3571360631,IT
3571360632,3571360647,PT
3571360648,3571360703,ES
3571360704,3571360711,NO
3571360712,3571360735,IT
3571360736,3571360743,AT
3571360744,3571360759,GR
3571360760,3571360767,IE
3571360768,3571360831,GB
3571360832,3571360835,IN
3571360836,3571361127,GB
3571361128,3571361143,GH
3571361144,3571361791,GB
3571361792,3571362815,US
3571362816,3571362935,FR
3571362936,3571362943,IN
3571362944,3571363375,FR
3571363376,3571363391,NL
3571363392,3571363839,FR
3571363840,3571363847,PL
3571363848,3571363851,AT
3571363852,3571363855,IT
3571363856,3571363863,NO
3571363864,3571363871,RS
3571363872,3571363879,PL
3571363880,3571363895,BE
3571363896,3571363903,IT
3571363904,3571363911,GR
3571363912,3571363919,PL
3571363920,3571363927,GB
3571363928,3571363935,PL
3571363936,3571363951,HU
3571363952,3571363959,CZ
3571363960,3571363967,SE
3571363968,3571363975,FI
3571363976,3571363983,AT
3571363984,3571363991,HU
3571363992,3571363999,FI
3571364000,3571364003,BE
3571364004,3571364015,FI
3571364016,3571364031,EE
3571364032,3571364035,BE
3571364036,3571364039,CZ
3571364040,3571364047,DK
3571364048,3571364079,SE
3571364080,3571364095,PL
3571364096,3571364103,IT
3571364104,3571364111,PL
3571364112,3571364127,HU
3571364128,3571364159,PL
3571364160,3571364167,BE
3571364168,3571364199,PL
3571364200,3571364207,US
3571364208,3571364223,ES
3571364224,3571364231,DK
3571364232,3571364239,CZ
3571364240,3571364255,EE
3571364256,3571364263,GR
3571364264,3571364287,ES
3571364288,3571364295,DK
3571364296,3571364303,BG
3571364304,3571364311,CH
3571364312,3571364319,IT
3571364320,3571364335,HU
3571364336,3571364343,BE
3571364344,3571364351,ES
3571364352,3571364359,BG
3571364360,3571364367,NL
3571364368,3571364383,IT
3571364384,3571364391,CH
3571364392,3571364399,PL
3571364400,3571364407,ES
3571364408,3571364415,RO
3571364416,3571364423,IE
3571364424,3571364431,ES
3571364432,3571364439,PL
3571364440,3571364451,ES
3571364452,3571364463,IT
3571364464,3571364471,AT
3571364472,3571364479,PT
3571364480,3571364487,PL
3571364488,3571364495,IT
3571364496,3571364503,CH
3571364504,3571364511,HU
3571364512,3571364527,CH
3571364528,3571364535,BE
3571364536,3571364543,ES
3571364544,3571364547,US
3571364548,3571364551,ES
3571364552,3571364559,CH
3571364560,3571364563,IT
3571364564,3571364567,PL
3571364568,3571364575,ES
3571364576,3571364591,PL
3571364592,3571364599,ES
3571364600,3571364607,NO
3571364608,3571364615,RO
3571364616,3571364623,HU
3571364624,3571364631,CZ
3571364632,3571364671,CH
3571364672,3571364695,PL
3571364696,3571364703,NO
3571364704,3571364711,ES
3571364712,3571364727,IT
3571364728,3571364735,PT
3571364736,3571364743,PL
3571364744,3571364751,GR
3571364752,3571364759,ES
3571364760,3571364775,SE
3571364776,3571364783,IE
3571364784,3571364791,IT
3571364792,3571364799,ES
3571364800,3571364807,IT
3571364808,3571364815,EE
3571364816,3571364823,IT
3571364824,3571364831,ES
3571364832,3571364839,BE
3571364840,3571364847,NO
3571364848,3571364855,IT
3571364856,3571364863,PL
3571364864,3571365119,US
3571365120,3571365175,GB
3571365176,3571365191,IL
3571365192,3571365375,GB
3571365376,3571365887,US
3571365888,3571366063,GB
3571366064,3571366071,CI
3571366072,3571366087,GB
3571366088,3571366095,MG
3571366096,3571366111,GB
3571366112,3571366119,MG
3571366120,3571366351,GB
3571366352,3571366359,IL
3571366360,3571366759,GB
3571366760,3571366767,IL
3571366768,3571367063,GB
3571367064,3571367071,ZA
3571367072,3571368279,GB
3571368280,3571368287,IL
3571368288,3571368343,GB
3571368344,3571368351,IL
3571368352,3571368387,GB
3571368388,3571368391,IE
3571368392,3571368455,GB
3571368456,3571368463,IE
3571368464,3571368895,GB
3571368896,3571368899,ZA
3571368900,3571368959,GB
3571368960,3571368967,PT
3571368968,3571368991,PL
3571368992,3571368999,PT
3571369000,3571369007,PL
3571369008,3571369015,IT
3571369016,3571369023,ES
3571369024,3571369031,PL
3571369032,3571369039,SE
3571369040,3571369047,IT
3571369048,3571369055,CZ
3571369056,3571369071,PT
3571369072,3571369079,LV
3571369080,3571369087,GR
3571369088,3571369095,HR
3571369096,3571369103,IT
3571369104,3571369111,GR
3571369112,3571369119,RO
3571369120,3571369127,IT
3571369128,3571369135,BE
3571369136,3571369143,IT
3571369144,3571369151,LU
3571369152,3571369175,CH
3571369176,3571369183,BE
3571369184,3571369191,ES
3571369192,3571369199,BE
3571369200,3571369207,PL
3571369208,3571369215,BE
3571369216,3571369231,NO
3571369232,3571369239,IT
3571369240,3571369255,RO
3571369256,3571369263,LU
3571369264,3571369271,NO
3571369272,3571369279,LT
3571369280,3571369287,PT
3571369288,3571369295,GR
3571369296,3571369303,IE
3571369304,3571369319,ES
3571369320,3571369327,SK
3571369328,3571369335,IE
3571369336,3571369343,ES
3571369344,3571369351,BE
3571369352,3571369359,HU
3571369360,3571369367,RO
3571369368,3571369375,ES
3571369376,3571369383,US
3571369384,3571369391,IT
3571369392,3571369399,FI
3571369400,3571369407,SK
3571369408,3571369415,IE
3571369416,3571369423,FI
3571369424,3571369439,HU
3571369440,3571369463,IT
3571369464,3571369471,RO
3571369472,3571369479,IT
3571369480,3571369487,ES
3571369488,3571369495,FI
3571369496,3571369503,DK
3571369504,3571369519,CH
3571369520,3571369527,PL
3571369528,3571369535,BA
3571369536,3571369543,RO
3571369544,3571369551,EE
3571369552,3571369559,HR
3571369560,3571369583,MK
3571369584,3571369591,BA
3571369592,3571369599,EE
3571369600,3571369607,SK
3571369608,3571369615,IT
3571369616,3571369623,BE
3571369624,3571369631,CH
3571369632,3571369639,SE
3571369640,3571369647,CH
3571369648,3571369663,BE
3571369664,3571369679,PT
3571369680,3571369695,BE
3571369696,3571369711,SE
3571369712,3571369727,ES
3571369728,3571369735,BE
3571369736,3571369743,ES
3571369744,3571369751,BE
3571369752,3571369759,SE
3571369760,3571369767,NO
3571369768,3571369775,BG
3571369776,3571369783,LV
3571369784,3571369791,ES
3571369792,3571369807,FI
3571369808,3571369815,IE
3571369816,3571369823,CZ
3571369824,3571369839,IE
3571369840,3571369847,FI
3571369848,3571369855,ES
3571369856,3571369863,CH
3571369864,3571369871,IT
3571369872,3571369879,ES
3571369880,3571369887,CZ
3571369888,3571369895,ES
3571369896,3571369903,IE
3571369904,3571369911,CZ
3571369912,3571369927,BE
3571369928,3571369935,IE
3571369936,3571369943,IT
3571369944,3571369951,CZ
3571369952,3571369967,DK
3571369968,3571369975,US
3571369976,3571369983,DK
3571369984,3571370063,NL
3571370064,3571370067,DE
3571370068,3571370135,NL
3571370136,3571370143,HU
3571370144,3571370591,NL
3571370592,3571370599,NA
3571370600,3571371007,NL
3571371008,3571371671,GB
3571371672,3571371679,ZA
3571371680,3571372031,GB
3571372032,3571372043,CH
3571372044,3571372047,MK
3571372048,3571372051,IT
3571372052,3571372055,PL
3571372056,3571372063,CH
3571372064,3571372079,SE
3571372080,3571372083,IT
3571372084,3571372087,US
3571372088,3571372103,FI
3571372104,3571372111,IE
3571372112,3571372119,PT
3571372120,3571372127,SE
3571372128,3571372135,HU
3571372136,3571372139,SE
3571372140,3571372143,FI
3571372144,3571372151,DK
3571372152,3571372159,IE
3571372160,3571372167,CH
3571372168,3571372175,US
3571372176,3571372183,SE
3571372184,3571372191,BE
3571372192,3571372199,HU
3571372200,3571372207,ES
3571372208,3571372215,PL
3571372216,3571372219,MK
3571372220,3571372223,LV
3571372224,3571372231,DE
3571372232,3571372311,DK
3571372312,3571372319,HU
3571372320,3571372327,IT
3571372328,3571372335,PT
3571372336,3571372343,ES
3571372344,3571372351,AT
3571372352,3571372359,DK
3571372360,3571372367,PL
3571372368,3571372375,DK
3571372376,3571372391,PL
3571372392,3571372399,NO
3571372400,3571372407,SE
3571372408,3571372419,IT
3571372420,3571372423,CH
3571372424,3571372471,SE
3571372472,3571372479,DK
3571372480,3571372487,BE
3571372488,3571372495,PL
3571372496,3571372503,IE
3571372504,3571372519,DK
3571372520,3571372527,ZA
3571372528,3571372535,DK
3571372536,3571372543,IT
3571372544,3571372559,DK
3571372560,3571372567,BE
3571372568,3571372575,ES
3571372576,3571372583,SE
3571372584,3571372591,PL
3571372592,3571372599,IT
3571372600,3571372607,SE
3571372608,3571372623,IE
3571372624,3571372639,SE
3571372640,3571372655,DK
3571372656,3571372663,SE
3571372664,3571372671,DK
3571372672,3571372679,PL
3571372680,3571372687,DK
3571372688,3571372695,PL
3571372696,3571372703,DK
3571372704,3571372719,SE
3571372720,3571372727,FI
3571372728,3571372743,SE
3571372744,3571372751,FI
3571372752,3571372759,SE
3571372760,3571372767,DK
3571372768,3571372775,PL
3571372776,3571372783,HU
3571372784,3571372791,CZ
3571372792,3571372799,BE
3571372800,3571372807,CZ
3571372808,3571372815,ES
3571372816,3571372831,PL
3571372832,3571372835,IE
3571372836,3571372847,IT
3571372848,3571372855,RO
3571372856,3571372863,FI
3571372864,3571372871,DK
3571372872,3571372887,TR
3571372888,3571372895,SE
3571372896,3571372927,PL
3571372928,3571372935,SE
3571372936,3571372943,FI
3571372944,3571372967,IT
3571372968,3571372975,HU
3571372976,3571372999,IT
3571373000,3571373047,PL
3571373048,3571373055,BE
3571373056,3571373127,FR
3571373128,3571373131,ZA
3571373132,3571373535,FR
3571373536,3571373559,NL
3571373560,3571373615,FR
3571373616,3571373623,NL
3571373624,3571373743,FR
3571373744,3571373751,NL
3571373752,3571374079,FR
3571374080,3571374087,SE
3571374088,3571374095,DK
3571374096,3571374103,TR
3571374104,3571374107,IT
3571374108,3571374111,DK
3571374112,3571374119,PL
3571374120,3571374127,ES
3571374128,3571374131,RO
3571374132,3571374135,SE
3571374136,3571374143,IT
3571374144,3571374151,FI
3571374152,3571374159,BE
3571374160,3571374167,DK
3571374168,3571374175,FI
3571374176,3571374183,NO
3571374184,3571374191,IE
3571374192,3571374203,PL
3571374204,3571374207,NL
3571374208,3571374215,SE
3571374216,3571374223,IT
3571374224,3571374231,PT
3571374232,3571374239,IT
3571374240,3571374255,BE
3571374256,3571374263,DK
3571374264,3571374271,PL
3571374272,3571374279,CH
3571374280,3571374287,AT
3571374288,3571374295,US
3571374296,3571374311,CH
3571374312,3571374319,IE
3571374320,3571374327,FI
3571374328,3571374335,ES
3571374336,3571374343,AT
3571374344,3571374359,BE
3571374360,3571374367,CZ
3571374368,3571374375,ES
3571374376,3571374383,CZ
3571374384,3571374399,ES
3571374400,3571374407,HU
3571374408,3571374411,IT
3571374412,3571374415,CZ
3571374416,3571374423,PL
3571374424,3571374431,ES
3571374432,3571374439,AT
3571374440,3571374447,US
3571374448,3571374455,FI
3571374456,3571374459,BE
3571374460,3571374463,HU
3571374464,3571374467,BG
3571374468,3571374483,BE
3571374484,3571374487,PL
3571374488,3571374495,TR
3571374496,3571374499,PL
3571374500,3571374503,BE
3571374504,3571374511,ES
3571374512,3571374519,IT
3571374520,3571374527,PT
3571374528,3571374543,BE
3571374544,3571374551,ES
3571374552,3571374559,DK
3571374560,3571374563,BE
3571374564,3571374567,US
3571374568,3571374575,BE
3571374576,3571374583,IT
3571374584,3571374591,ES
3571374592,3571374599,BE
3571374600,3571374607,RO
3571374608,3571374615,CH
3571374616,3571374623,BE
3571374624,3571374631,IT
3571374632,3571374647,GR
3571374648,3571374671,ES
3571374672,3571374679,DK
3571374680,3571374687,SE
3571374688,3571374703,IE
3571374704,3571374711,CZ
3571374712,3571374727,ES
3571374728,3571374735,AT
3571374736,3571374751,DK
3571374752,3571374759,ES
3571374760,3571374767,SE
3571374768,3571374783,ES
3571374784,3571374791,RS
3571374792,3571374807,IE
3571374808,3571374815,FI
3571374816,3571374823,RS
3571374824,3571374831,SE
3571374832,3571374839,ES
3571374840,3571374847,IT
3571374848,3571374975,US
3571374976,3571374983,BG
3571374984,3571374991,DK
3571374992,3571374999,SI
3571375000,3571375007,CZ
3571375008,3571375015,GR
3571375016,3571375023,AT
3571375024,3571375071,IT
3571375072,3571375079,ES
3571375080,3571375103,DK
3571375104,3571375111,IT
3571375112,3571375119,PL
3571375120,3571375127,PT
3571375128,3571375135,ES
3571375136,3571375139,IT
3571375140,3571375143,PL
3571375144,3571375151,FI
3571375152,3571375159,PL
3571375160,3571375167,GR
3571375168,3571375175,AT
3571375176,3571375179,IE
3571375180,3571375183,PL
3571375184,3571375191,AT
3571375192,3571375195,BE
3571375196,3571375199,SI
3571375200,3571375207,CH
3571375208,3571375215,IT
3571375216,3571375247,NO
3571375248,3571375255,LU
3571375256,3571375263,IT
3571375264,3571375271,PL
3571375272,3571375279,IE
3571375280,3571375287,SE
3571375288,3571375295,PT
3571375296,3571375303,DK
3571375304,3571375307,PL
3571375308,3571375311,LU
3571375312,3571375319,IE
3571375320,3571375327,DK
3571375328,3571375351,IT
3571375352,3571375359,HU
3571375360,3571375367,SE
3571375368,3571375375,IT
3571375376,3571375391,IE
3571375392,3571375407,ES
3571375408,3571375415,IT
3571375416,3571375423,SE
3571375424,3571375431,BE
3571375432,3571375439,PL
3571375440,3571375447,BE
3571375448,3571375463,FI
3571375464,3571375471,HU
3571375472,3571375479,SE
3571375480,3571375487,ES
3571375488,3571375495,HU
3571375496,3571375503,DK
3571375504,3571375511,PL
3571375512,3571375527,PT
3571375528,3571375535,RS
3571375536,3571375559,ES
3571375560,3571375567,SE
3571375568,3571375575,FI
3571375576,3571375583,IT
3571375584,3571375591,SE
3571375592,3571375607,IE
3571375608,3571375615,ES
3571375616,3571375623,LT
3571375624,3571375631,US
3571375632,3571375639,IT
3571375640,3571375647,SE
3571375648,3571375655,CZ
3571375656,3571375659,LU
3571375660,3571375663,PL
3571375664,3571375671,ES
3571375672,3571375679,IT
3571375680,3571375687,PL
3571375688,3571375695,SE
3571375696,3571375703,BE
3571375704,3571375711,NO
3571375712,3571375719,LV
3571375720,3571375727,US
3571375728,3571375735,SE
3571375736,3571375743,EE
3571375744,3571375759,ES
3571375760,3571375767,PL
3571375768,3571375771,CH
3571375772,3571375775,AT
3571375776,3571375783,FI
3571375784,3571375799,ES
3571375800,3571375815,SE
3571375816,3571375831,IE
3571375832,3571375835,DK
3571375836,3571375839,SE
3571375840,3571375855,ES
3571375856,3571375863,IE
3571375864,3571375871,IT
3571375872,3571375879,ES
3571375880,3571375887,BE
3571375888,3571375891,IE
3571375892,3571375895,FI
3571375896,3571375899,RO
3571375900,3571375903,ES
3571375904,3571375935,IT
3571375936,3571375967,ES
3571375968,3571375975,CZ
3571375976,3571375991,CH
3571375992,3571375999,IT
3571376000,3571376007,ES
3571376008,3571376015,IT
3571376016,3571376023,CZ
3571376024,3571376031,ES
3571376032,3571376039,CH
3571376040,3571376047,SE
3571376048,3571376055,IE
3571376056,3571376063,AT
3571376064,3571376071,RS
3571376072,3571376079,NO
3571376080,3571376095,SE
3571376096,3571376103,CH
3571376104,3571376111,DK
3571376112,3571376127,BG
3571376128,3571376895,US
3571376896,3571377151,NL
3571377152,3571377319,GB
3571377320,3571377327,US
3571377328,3571377663,GB
3571377664,3571377671,IL
3571377672,3571378927,GB
3571378928,3571378935,IL
3571378936,3571379191,GB
3571379192,3571379199,IL
3571379200,3571379319,DE
3571379320,3571379327,CZ
3571379328,3571379719,DE
3571379720,3571379727,GB
3571379728,3571380119,DE
3571380120,3571380127,TR
3571380128,3571380143,DE
3571380144,3571380151,DK
3571380152,3571380167,DE
3571380168,3571380175,HU
3571380176,3571380223,DE
3571380224,3571380231,AT
3571380232,3571380239,ES
3571380240,3571380247,IE
3571380248,3571380255,CH
3571380256,3571380263,BG
3571380264,3571380279,ME
3571380280,3571380287,PL
3571380288,3571380303,DK
3571380304,3571380311,TR
3571380312,3571380319,IT
3571380320,3571380327,US
3571380328,3571380335,EE
3571380336,3571380343,HU
3571380344,3571380351,BE
3571380352,3571380359,SE
3571380360,3571380375,US
3571380376,3571380383,ES
3571380384,3571380391,DK
3571380392,3571380399,GR
3571380400,3571380407,RO
3571380408,3571380415,IT
3571380416,3571380423,CZ
3571380424,3571380439,BE
3571380440,3571380447,PL
3571380448,3571380455,BA
3571380456,3571380463,IE
3571380464,3571380471,RO
3571380472,3571380479,PT
3571380480,3571380495,PL
3571380496,3571380503,IT
3571380504,3571380507,PL
3571380508,3571380511,IT
3571380512,3571380519,ES
3571380520,3571380543,IT
3571380544,3571380559,IE
3571380560,3571380567,CZ
3571380568,3571380607,FI
3571380608,3571380611,IT
3571380612,3571380615,LV
3571380616,3571380623,PL
3571380624,3571380631,FI
3571380632,3571380639,IT
3571380640,3571380647,IE
3571380648,3571380655,ES
3571380656,3571380663,SK
3571380664,3571380679,ES
3571380680,3571380695,IT
3571380696,3571380719,ES
3571380720,3571380735,IT
3571380736,3571380743,DK
3571380744,3571380751,HU
3571380752,3571380759,PT
3571380760,3571380775,HU
3571380776,3571380791,PL
3571380792,3571380807,NO
3571380808,3571380823,PL
3571380824,3571380827,IT
3571380828,3571380828,FI
3571380829,3571380829,IT
3571380830,3571380831,US
3571380832,3571380839,ES
3571380840,3571380847,IE
3571380848,3571380871,AT
3571380872,3571380879,ES
3571380880,3571380887,PT
3571380888,3571380895,BE
3571380896,3571380903,SE
3571380904,3571380911,PT
3571380912,3571380919,CZ
3571380920,3571380927,IE
3571380928,3571380935,AT
3571380936,3571380951,PT
3571380952,3571380959,PL
3571380960,3571380967,SE
3571380968,3571380975,IT
3571380976,3571380983,PT
3571380984,3571380991,SE
3571380992,3571381023,CZ
3571381024,3571381039,FI
3571381040,3571381047,IT
3571381048,3571381055,CH
3571381056,3571381063,PL
3571381064,3571381071,DK
3571381072,3571381087,PT
3571381088,3571381091,FI
3571381092,3571381103,BE
3571381104,3571381111,SE
3571381112,3571381119,ES
3571381120,3571381127,FI
3571381128,3571381135,IT
3571381136,3571381143,PL
3571381144,3571381191,US
3571381192,3571381199,SE
3571381200,3571381215,AT
3571381216,3571381231,ES
3571381232,3571381239,CZ
3571381240,3571381247,NO
3571381248,3571382135,GB
3571382136,3571382143,ZA
3571382144,3571382219,GB
3571382220,3571382223,IL
3571382224,3571382271,GB
3571382272,3571382279,IE
3571382280,3571382287,CZ
3571382288,3571382295,FI
3571382296,3571382303,IT
3571382304,3571382311,PL
3571382312,3571382319,PT
3571382320,3571382327,IT
3571382328,3571382335,PT
3571382336,3571382343,CZ
3571382344,3571382351,AT
3571382352,3571382359,FI
3571382360,3571382367,PL
3571382368,3571382375,RO
3571382376,3571382383,BG
3571382384,3571382391,ES
3571382392,3571382399,BE
3571382400,3571382407,PL
3571382408,3571382415,CH
3571382416,3571382431,ES
3571382432,3571382435,BE
3571382436,3571382439,AT
3571382440,3571382455,BE
3571382456,3571382471,SE
3571382472,3571382475,ES
3571382476,3571382479,RO
3571382480,3571382487,TR
3571382488,3571382495,AT
3571382496,3571382527,HU
3571382528,3571382535,BE
3571382536,3571382543,FI
3571382544,3571382551,IT
3571382552,3571382559,SE
3571382560,3571382575,ES
3571382576,3571382579,IE
3571382580,3571382591,BE
3571382592,3571382599,SE
3571382600,3571382607,US
3571382608,3571382615,ES
3571382616,3571382623,IT
3571382624,3571382631,SE
3571382632,3571382639,LU
3571382640,3571382647,SE
3571382648,3571382655,SI
3571382656,3571382663,IT
3571382664,3571382671,FI
3571382672,3571382679,BE
3571382680,3571382687,LU
3571382688,3571382695,CZ
3571382696,3571382711,IT
3571382712,3571382719,TR
3571382720,3571382727,IT
3571382728,3571382735,RO
3571382736,3571382743,AT
3571382744,3571382751,RO
3571382752,3571382759,CH
3571382760,3571382767,IE
3571382768,3571382775,BE
3571382776,3571382783,PL
3571382784,3571382799,BG
3571382800,3571382803,PL
3571382804,3571382807,BE
3571382808,3571382815,IT
3571382816,3571382823,CZ
3571382824,3571382847,BE
3571382848,3571382855,HU
3571382856,3571382863,BE
3571382864,3571382871,SE
3571382872,3571382879,GB
3571382880,3571382895,SE
3571382896,3571382899,US
3571382900,3571382903,GR
3571382904,3571382911,FI
3571382912,3571382927,IT
3571382928,3571382935,CZ
3571382936,3571382951,AT
3571382952,3571382959,ZA
3571382960,3571382967,IT
3571382968,3571382975,FI
3571382976,3571382991,ES
3571382992,3571382995,CZ
3571382996,3571382999,BE
3571383000,3571383007,PT
3571383008,3571383015,BE
3571383016,3571383023,FI
3571383024,3571383031,BE
3571383032,3571383039,AT
3571383040,3571383047,IE
3571383048,3571383071,PL
3571383072,3571383087,IT
3571383088,3571383091,FI
3571383092,3571383095,IE
3571383096,3571383119,IT
3571383120,3571383151,ES
3571383152,3571383155,LU
3571383156,3571383159,IE
3571383160,3571383167,BE
3571383168,3571383183,ES
3571383184,3571383191,BE
3571383192,3571383199,GR
3571383200,3571383207,IT
3571383208,3571383215,PT
3571383216,3571383223,IT
3571383224,3571383231,FI
3571383232,3571383295,IE
3571383296,3571383951,GB
3571383952,3571383959,ZA
3571383960,3571384319,GB
3571384320,3571462143,DE
3571462144,3571466239,US
3571466240,3571482623,DE
3571482624,3571515391,BE
3571515392,3571548159,GB
3571548160,3571580927,ES
3571580928,3571646463,FI
3571646464,3571711999,DE
3571712000,3571843071,GB
3571843072,3571974143,ES
3571974144,3571978239,RU
3571978240,3571978751,SK
3571978752,3571979263,DE
3571979264,3571979775,SI
3571979776,3571980031,US
3571980032,3571980287,IN
3571980288,3571982335,AT
3571982336,3571994623,RU
3571994624,3571998719,DE
3571998720,3572006911,ES
3572006912,3572039679,CH
3572039680,3572056063,BE
3572056064,3572058111,RU
3572058112,3572060159,KZ
3572060160,3572062207,RU
3572062208,3572065279,KZ
3572065280,3572070399,RU
3572070400,3572071423,KZ
3572071424,3572072447,RU
3572072448,3572105215,BG
3572105216,3572170751,FR
3572170752,3572203519,IL
3572203520,3572236287,SI
3572236288,3572301823,AT
3572301824,3572318207,IT
3572318208,3572326399,GB
3572326400,3572330495,DK
3572330496,3572334591,IQ
3572334592,3572338687,DK
3572338688,3572340735,SE
3572340736,3572342783,JP
3572342784,3572346879,DE
3572346880,3572348927,DK
3572348928,3572350975,RS
3572350976,3572355071,SE
3572355072,3572356095,CH
3572356096,3572357119,GB
3572357120,3572358143,FI
3572358144,3572360191,GB
3572360192,3572360447,DE
3572360448,3572360703,CZ
3572360704,3572361215,ES
3572361216,3572362239,LT
3572362240,3572363263,ES
3572363264,3572364287,RS
3572364288,3572365311,DE
3572365312,3572366335,DK
3572366336,3572366591,IT
3572366592,3572366847,NL
3572366848,3572367103,DE
3572367104,3572367359,ES
3572367360,3572432895,NL
3572432896,3572465663,IT
3572465664,3572498431,BE
3572498432,3572563967,GB
3572563968,3572572159,KG
3572572160,3572580351,NL
3572580352,3572596735,AT
3572596736,3572629503,GB
3572629504,3572695039,DK
3572695040,3572760575,CH
3572760576,3572826111,PL
3572826112,3572891647,IT
3572891648,3572957183,FI
3572957184,3573022719,SE
3573022720,3573055487,RU
3573055488,3573088255,GB
3573088256,3573153791,CH
3573153792,3573219327,GB
3573219328,3573252095,GR
3573252096,3573284863,NO
3573284864,3573415935,TR
3573415936,3573481471,CH
3573481472,3573547007,US
