3573547008,3573612543,ES
3573612544,3573743615,GB
3573743616,3573809151,CH
3573809152,3573874687,ES
3573874688,3573878783,PL
3573878784,3573879807,RU
3573879808,3573880831,US
3573880832,3573882879,RU
3573882880,3573884927,DK
3573884928,3573886975,PL
3573886976,3573889023,RU
3573889024,3573891071,HR
3573891072,3573893119,NL
3573893120,3573893375,EE
3573893376,3573897215,RU
3573897216,3573899263,GB
3573899264,3573903359,RU
3573903360,3573905407,SI
3573905408,3573907455,RU
3573907456,3573907711,PL
3573907712,3573907967,US
3573907968,3573908223,FR
3573908224,3573908479,UA
3573908480,3573908735,GB
3573908992,3573909247,IT
3573909248,3573909503,RU
3573909504,3573913599,PL
3573913600,3573915647,CH
3573915648,3573917695,RU
3573917696,3573919743,SA
3573919744,3573921791,GB
3573921792,3573923839,KZ
3573923840,3573925887,UA
3573925888,3573929983,PL
3573929984,3573932543,RU
3573932544,3573932799,UA
3573932800,3573934079,RU
3573934080,3573936127,NL
3573936128,3573938175,RU
3573938176,3573940223,PL
3573940224,3574005759,PS
3574005760,3574071295,CY
3574071296,3574136831,IL
3574136832,3574169599,DE
3574169600,3574202367,ES
3574202368,3574267903,NL
3574267904,3574333439,FR
3574333440,3574398975,GB
3574398976,3574464511,PT
3574464512,3574530047,TR
3574530048,3574595583,GB
3574595584,3574603775,GP
3574603776,3574611967,BG
3574611968,3574628351,HU
3574628352,3574661119,GR
3574661120,3574677503,DE
3574677504,3574693887,GB
3574693888,3574726655,PL
3574726656,3574759423,JP
3574759424,3574775807,GB
3574775808,3574783999,US
3574784000,3574792191,GB
3574792192,3574824959,CZ
3574824960,3574843035,GB
3574843036,3574843037,NL
3574843038,3574843043,GB
3574843044,3574843045,NL
3574843046,3574857727,GB
3574857728,3574923263,DE
3574923264,3574931455,RU
3574931456,3574935551,DE
3574935552,3574939647,RU
3574939648,3574956031,SE
3574956032,3574972415,IT
3574972416,3574981631,LV
3574981632,3574981887,FR
3574981888,3574982143,SE
3574982144,3574982911,LV
3574982912,3574983167,SE
3574983168,3574983423,LV
3574983424,3574983679,SE
3574983680,3574983935,DE
3574983936,3574984191,LV
3574984192,3574984447,DE
3574984448,3574984703,LV
3574984704,3574984959,SE
3574984960,3574985215,DE
3574985216,3574985471,SE
3574985472,3574985983,LV
3574985984,3574986239,DE
3574986240,3574986495,SE
3574986496,3574986751,LV
3574986752,3574987007,NL
3574987008,3574987263,LV
3574987264,3574988031,SE
3574988032,3574988287,DE
3574988288,3574988543,SE
3574988544,3574988799,LV
3574988800,3575054335,PT
3575054336,3575119871,DE
3575119872,3575185407,RU
3575185408,3575250943,PL
3575250944,3575316479,IT
3575316480,3575349247,RU
3575349248,3575358015,ES
3575358016,3575358047,GB
3575358048,3575358423,ES
3575358424,3575358427,GB
3575358428,3575365331,ES
3575365332,3575365335,DE
3575365336,3575367721,ES
3575367722,3575367723,DE
3575367724,3575382015,ES
3575382016,3575447551,FI
3575447552,3575513087,CZ
3575513088,3575545855,PT
3575545856,3575562239,FR
3575562240,3575578623,DE
3575578624,3575644159,GB
3575644160,3575693311,FR
3575693312,3575697407,DE
3575697408,3575701503,IT
3575701504,3575703551,GB
3575703552,3575705599,SE
3575705600,3575707647,DK
3575707648,3575708671,GB
3575708672,3575709695,IQ
3575709696,3575742463,AT
3575742464,3575775231,RU
3575775232,3575824383,NL
3575824384,3575832575,KW
3575832576,3575840767,NL
3575840768,3575857151,US
3575857152,3575865343,SE
3575865344,3575873535,SG
3575873536,3575906303,EE
3575906304,3575971839,FR
3575971840,3576037375,ES
3576037376,3576102911,GB
3576102912,3576103023,DE
3576103024,3576103031,UA
3576103032,3576103055,US
3576103056,3576103063,GB
3576103064,3576103079,DE
3576103080,3576103087,LU
3576103088,3576103151,DE
3576103152,3576103159,US
3576103160,3576103191,DE
3576103192,3576103199,LT
3576103200,3576103255,DE
3576103256,3576103263,CZ
3576103264,3576103423,DE
3576103424,3576103935,US
3576103936,3576104191,FR
3576104192,3576105215,US
3576105216,3576105471,NL
3576105472,3576105759,GB
3576105760,3576105775,NL
3576105776,3576105791,GB
3576105792,3576105799,NO
3576105800,3576105811,GB
3576105812,3576105815,IE
3576105816,3576105983,GB
3576105984,3576106015,DE
3576106016,3576106019,NL
3576106020,3576106047,DE
3576106048,3576106055,FR
3576106056,3576106079,DE
3576106080,3576106087,AT
3576106088,3576106239,DE
3576106240,3576106751,US
3576106752,3576106831,DE
3576106832,3576106839,LU
3576106840,3576107007,DE
3576107008,3576107519,US
3576107520,3576107719,GB
3576107720,3576107727,IE
3576107728,3576107775,GB
3576107776,3576108031,FR
3576108032,3576108287,US
3576108288,3576108343,GB
3576108344,3576108351,IE
3576108352,3576108367,US
3576108368,3576108375,GB
3576108376,3576108383,US
3576108384,3576108391,GB
3576108392,3576108423,US
3576108424,3576108543,GB
3576108544,3576108663,FR
3576108664,3576108679,NL
3576108680,3576109055,FR
3576109056,3576109311,US
3576109312,3576109319,PT
3576109320,3576109327,IT
3576109328,3576109343,PT
3576109344,3576109375,IT
3576109376,3576109447,US
3576109448,3576109455,IT
3576109456,3576109463,DK
3576109464,3576109471,PL
3576109472,3576109479,PT
3576109480,3576109503,US
3576109504,3576109507,CH
3576109508,3576109511,US
3576109512,3576109519,ES
3576109520,3576109527,DK
3576109528,3576109535,PT
3576109536,3576109543,CH
3576109544,3576109551,US
3576109552,3576109559,PT
3576109560,3576109823,US
3576109824,3576109895,NL
3576109896,3576109903,DK
3576109904,3576110079,NL
3576110080,3576111103,US
3576111104,3576111111,NL
3576111112,3576111231,FR
3576111232,3576111239,GB
3576111240,3576111375,FR
3576111376,3576111383,US
3576111384,3576111615,FR
3576111616,3576113663,US
3576113664,3576113919,FR
3576113920,3576114687,US
3576114688,3576114751,FR
3576114752,3576114759,US
3576114760,3576114767,GB
3576114768,3576114943,FR
3576114944,3576115455,US
3576115456,3576115711,DE
3576115712,3576115967,US
3576115968,3576116175,DE
3576116176,3576116199,LU
3576116200,3576116223,DE
3576116224,3576116479,US
3576116480,3576116735,DE
3576116736,3576118703,US
3576118704,3576118711,FR
3576118712,3576118871,US
3576118872,3576118879,DE
3576118880,3576119039,US
3576119040,3576119167,GB
3576119168,3576119175,US
3576119176,3576119263,GB
3576119264,3576119271,US
3576119272,3576119295,GB
3576119296,3576119303,PL
3576119304,3576119311,DE
3576119312,3576119319,CZ
3576119320,3576119351,DE
3576119352,3576119359,GR
3576119360,3576119479,DE
3576119480,3576119487,NL
3576119488,3576119519,DE
3576119520,3576119531,AT
3576119532,3576119647,DE
3576119648,3576119663,CY
3576119664,3576119807,DE
3576119808,3576120703,US
3576120704,3576120711,IT
3576120712,3576120719,US
3576120720,3576120735,ES
3576120736,3576120743,CH
3576120744,3576120747,ES
3576120748,3576120751,SE
3576120752,3576120759,DK
3576120760,3576120767,ES
3576120768,3576120771,HU
3576120772,3576120775,PT
3576120776,3576120783,IE
3576120784,3576120799,US
3576120800,3576120815,BG
3576120816,3576120831,BE
3576120832,3576120835,IE
3576120836,3576120839,US
3576120840,3576120847,IE
3576120848,3576120855,BG
3576120856,3576120863,LU
3576120864,3576120871,IE
3576120872,3576120875,US
3576120876,3576120883,IE
3576120884,3576120891,US
3576120892,3576120899,ES
3576120900,3576120907,US
3576120908,3576120911,ES
3576120912,3576120919,PL
3576120920,3576120927,ES
3576120928,3576120935,PT
3576120936,3576120947,US
3576120948,3576120951,ES
3576120952,3576120971,US
3576120972,3576120975,BE
3576120976,3576120983,HU
3576120984,3576121003,US
3576121004,3576121007,ES
3576121008,3576121015,CH
3576121016,3576121023,US
3576121024,3576121027,IT
3576121028,3576121031,US
3576121032,3576121039,CH
3576121040,3576121063,US
3576121064,3576121071,IT
3576121072,3576121343,US
3576121344,3576121359,GB
3576121360,3576121399,NL
3576121400,3576121407,IE
3576121408,3576121599,NL
3576121600,3576122367,US
3576122368,3576122375,DK
3576122376,3576122383,HU
3576122384,3576122391,LU
3576122392,3576122399,NO
3576122400,3576122407,IT
3576122408,3576122423,PL
3576122424,3576122439,IT
3576122440,3576122447,CZ
3576122448,3576122455,CH
3576122456,3576122463,AT
3576122464,3576122471,ES
3576122472,3576122487,IT
3576122488,3576122495,HU
3576122496,3576122503,PL
3576122504,3576122515,ES
3576122516,3576122519,NO
3576122520,3576122527,IE
3576122528,3576122535,IT
3576122536,3576122539,ES
3576122540,3576122543,PT
3576122544,3576122551,US
3576122552,3576122559,IT
3576122560,3576122567,SK
3576122568,3576122575,SE
3576122576,3576122591,BG
3576122592,3576122599,AT
3576122600,3576122623,BE
3576122624,3576122631,BG
3576122632,3576122639,ES
3576122640,3576122647,IT
3576122648,3576122651,LU
3576122652,3576122655,US
3576122656,3576122703,PT
3576122704,3576122711,IE
3576122712,3576122719,AT
3576122720,3576122723,IT
3576122724,3576122727,IE
3576122728,3576122735,PL
3576122736,3576122743,US
3576122744,3576122751,CZ
3576122752,3576122759,PL
3576122760,3576122767,IT
3576122768,3576122783,NO
3576122784,3576122791,US
3576122792,3576122807,RO
3576122808,3576122815,US
3576122816,3576122823,BE
3576122824,3576122839,SK
3576122840,3576122847,SE
3576122848,3576122855,IT
3576122856,3576122863,PL
3576122864,3576122871,US
3576122872,3576122875,ES
3576122876,3576122879,IT
3576122880,3576122887,AT
3576122888,3576122903,IE
3576122904,3576122904,AT
3576122905,3576122905,CZ
3576122906,3576122906,IT
3576122907,3576122907,CH
3576122908,3576122908,SK
3576122909,3576122909,TR
3576122910,3576122910,PL
3576122911,3576122911,FI
3576122912,3576122919,SE
3576122920,3576122920,ES
3576122921,3576122921,BE
3576122922,3576122922,IE
3576122923,3576122923,US
3576122924,3576122927,ES
3576122928,3576122935,IT
3576122936,3576122943,CH
3576122944,3576122975,BE
3576122976,3576122983,CH
3576122984,3576122991,IT
3576122992,3576122999,DE
3576123000,3576123007,NL
3576123008,3576123015,SE
3576123016,3576123031,NL
3576123032,3576123047,ES
3576123048,3576123055,IT
3576123056,3576123071,LU
3576123072,3576123087,PL
3576123088,3576123103,IT
3576123104,3576123111,BG
3576123112,3576123119,ES
3576123120,3576123127,LU
3576123128,3576123135,IT
3576123136,3576124671,US
3576124672,3576124679,PL
3576124680,3576124735,US
3576124736,3576124751,NL
3576124752,3576124759,ES
3576124760,3576124783,US
3576124784,3576124791,PL
3576124792,3576124807,IT
3576124808,3576124815,BE
3576124816,3576124819,SE
3576124820,3576124823,PL
3576124824,3576124827,IE
3576124828,3576124831,ZA
3576124832,3576124839,SE
3576124840,3576124847,CZ
3576124848,3576124855,US
3576124856,3576124867,IE
3576124868,3576124869,US
3576124870,3576124870,NL
3576124871,3576124871,US
3576124872,3576124879,PL
3576124880,3576124895,BE
3576124896,3576124903,BG
3576124904,3576124927,HU
3576124928,3576125183,US
3576125184,3576125191,CH
3576125192,3576125199,DK
3576125200,3576125207,ES
3576125208,3576125231,IT
3576125232,3576125239,BE
3576125240,3576125247,IT
3576125248,3576125255,ES
3576125256,3576125263,DK
3576125264,3576125271,ES
3576125272,3576125279,DK
3576125280,3576125287,HU
3576125288,3576125295,IT
3576125296,3576125303,HU
3576125304,3576125311,PL
3576125312,3576125319,ES
3576125320,3576125327,BE
3576125328,3576125335,NO
3576125336,3576125343,CH
3576125344,3576125351,ES
3576125352,3576125359,DK
3576125360,3576125367,IE
3576125368,3576125375,ES
3576125376,3576125383,NO
3576125384,3576125391,US
3576125392,3576125399,CH
3576125400,3576125407,SK
3576125408,3576125415,CZ
3576125416,3576125423,IT
3576125424,3576125431,PT
3576125432,3576125439,BE
3576125440,3576127231,US
3576127232,3576127239,CZ
3576127240,3576127247,IT
3576127248,3576127255,PL
3576127256,3576127263,CZ
3576127264,3576127271,ES
3576127272,3576127279,NO
3576127280,3576127295,IT
3576127296,3576127303,US
3576127304,3576127311,NL
3576127312,3576127319,ES
3576127320,3576127327,PT
3576127328,3576127359,US
3576127360,3576127363,SE
3576127364,3576127367,PL
3576127368,3576127371,IE
3576127372,3576127375,SE
3576127376,3576127379,PL
3576127380,3576127383,IE
3576127384,3576127391,IT
3576127392,3576127399,IE
3576127400,3576127407,SE
3576127408,3576127415,US
3576127416,3576127431,IE
3576127432,3576127439,PL
3576127440,3576127447,DK
3576127448,3576127455,BE
3576127456,3576127479,IT
3576127480,3576127487,ES
3576127488,3576128511,US
3576128512,3576128767,NL
3576128768,3576129791,US
3576129792,3576130007,GB
3576130008,3576130015,IE
3576130016,3576130047,GB
3576130048,3576130815,US
3576130816,3576131071,GB
3576131072,3576131455,US
3576131456,3576131583,GB
3576131584,3576131607,DE
3576131608,3576131615,HU
3576131616,3576131631,US
3576131632,3576131655,NL
3576131656,3576131751,DE
3576131752,3576131759,NL
3576131760,3576131775,DE
3576131776,3576131783,HU
3576131784,3576131951,DE
3576131952,3576131955,US
3576131956,3576132023,DE
3576132024,3576132027,FR
3576132028,3576132095,DE
3576132096,3576132607,US
3576132608,3576133119,GB
3576133120,3576133631,US
3576133632,3576133639,CZ
3576133640,3576133647,BE
3576133648,3576133655,HU
3576133656,3576133663,CH
3576133664,3576133695,HU
3576133696,3576133703,BE
3576133704,3576133711,IT
3576133712,3576133715,ES
3576133716,3576133719,FI
3576133720,3576133727,IT
3576133728,3576133735,PL
3576133736,3576133743,ES
3576133744,3576133759,PL
3576133760,3576133767,LU
3576133768,3576133775,BE
3576133776,3576133783,IT
3576133784,3576133791,HU
3576133792,3576133799,TR
3576133800,3576133807,CH
3576133808,3576133815,BE
3576133816,3576133831,IT
3576133832,3576133839,CH
3576133840,3576133847,BE
3576133848,3576133863,ES
3576133864,3576133871,IT
3576133872,3576133879,ES
3576133880,3576133887,IT
3576133888,3576133895,GR
3576133896,3576133903,ES
3576133904,3576133911,PL
3576133912,3576133919,CZ
3576133920,3576133927,PL
3576133928,3576133935,CZ
3576133936,3576133943,GR
3576133944,3576133951,SE
3576133952,3576133959,NL
3576133960,3576133963,DK
3576133964,3576133967,IT
3576133968,3576133983,IE
3576133984,3576133991,US
3576133992,3576133999,NL
3576134000,3576134007,PL
3576134008,3576134015,NO
3576134016,3576134023,IE
3576134024,3576134031,US
3576134032,3576134039,NO
3576134040,3576134047,ES
3576134048,3576134095,BE
3576134096,3576134103,SE
3576134104,3576134135,US
3576134136,3576134143,IE
3576134144,3576134151,BE
3576134152,3576134159,PL
3576134160,3576134167,BE
3576134168,3576134175,AT
3576134176,3576134191,CH
3576134192,3576134207,SE
3576134208,3576134215,AT
3576134216,3576134223,CH
3576134224,3576134231,DK
3576134232,3576134239,BE
3576134240,3576134247,ES
3576134248,3576134255,BE
3576134256,3576134259,AT
3576134260,3576134263,ES
3576134264,3576134271,PL
3576134272,3576134279,CZ
3576134280,3576134287,IT
3576134288,3576134295,AT
3576134296,3576134303,SE
3576134304,3576134311,BG
3576134312,3576134319,TR
3576134320,3576134335,BE
3576134336,3576134343,HU
3576134344,3576134351,SE
3576134352,3576134359,CH
3576134360,3576134367,ES
3576134368,3576134383,PL
3576134384,3576134391,TR
3576134392,3576134399,CZ
3576134400,3576134463,US
3576134464,3576134479,ES
3576134480,3576134483,PT
3576134484,3576134487,IT
3576134488,3576134495,CZ
3576134496,3576135167,US
3576135168,3576135679,FR
3576135680,3576168447,DE
3576168448,3576233983,VG
3576233984,3576234767,FR
3576234768,3576234775,DE
3576234776,3576234807,FR
3576234808,3576234831,DE
3576234832,3576234863,FR
3576234864,3576234871,DE
3576234872,3576234895,FR
3576234896,3576234911,DE
3576234912,3576234927,FR
3576234928,3576234935,DE
3576234936,3576234959,FR
3576234960,3576234963,DE
3576234964,3576234975,FR
3576234976,3576234991,DE
3576234992,3576234999,FR
3576235000,3576235007,DE
3576235008,3576236927,FR
3576236928,3576236939,AT
3576236940,3576236943,FR
3576236944,3576236951,AT
3576236952,3576236953,FR
3576236954,3576236955,AT
3576236956,3576236963,FR
3576236964,3576236975,AT
3576236976,3576236983,FR
3576236984,3576236991,AT
3576236992,3576236995,FR
3576236996,3576237003,AT
3576237004,3576237007,FR
3576237008,3576237011,AT
3576237012,3576237015,FR
3576237016,3576237023,AT
3576237024,3576237027,FR
3576237028,3576237031,AT
3576237032,3576237035,FR
3576237036,3576237039,AT
3576237040,3576237043,FR
3576237044,3576237047,AT
3576237048,3576237315,FR
3576237316,3576237327,GB
3576237328,3576237331,FR
3576237332,3576237335,GB
3576237336,3576237339,FR
3576237340,3576237343,GB
3576237344,3576237347,FR
3576237348,3576237367,GB
3576237368,3576237371,FR
3576237372,3576237379,GB
3576237380,3576237387,FR
3576237388,3576237411,GB
3576237412,3576237415,FR
3576237416,3576237487,GB
3576237488,3576237491,FR
3576237492,3576237503,GB
3576237504,3576237507,FR
3576237508,3576237519,GB
3576237520,3576237523,FR
3576237524,3576237531,GB
3576237532,3576237535,FR
3576237536,3576237539,GB
3576237540,3576237543,IE
3576237544,3576237547,FR
3576237548,3576237551,GB
3576237552,3576237563,FR
3576237564,3576237567,GB
3576237568,3576239103,FR
3576239104,3576239359,ES
3576239360,3576239383,DE
3576239384,3576239391,ES
3576239392,3576239615,DE
3576239616,3576241071,FR
3576241072,3576241075,ES
3576241076,3576241151,FR
3576241152,3576241407,GB
3576241408,3576241419,FR
3576241420,3576241431,DE
3576241432,3576241435,FR
3576241436,3576241447,DE
3576241448,3576241451,FR
3576241452,3576241463,DE
3576241464,3576241467,FR
3576241468,3576241519,DE
3576241520,3576241523,FR
3576241524,3576241531,DE
3576241532,3576241535,FR
3576241536,3576241539,DE
3576241540,3576241547,FR
3576241548,3576241559,DE
3576241560,3576241563,FR
3576241564,3576241575,DE
3576241576,3576241579,FR
3576241580,3576241595,DE
3576241596,3576241599,FR
3576241600,3576241607,DE
3576241608,3576241611,FR
3576241612,3576241615,DE
3576241616,3576241619,FR
3576241620,3576241661,DE
3576241662,3576242431,FR
3576242432,3576242687,ES
3576242688,3576242711,IT
3576242712,3576242715,FR
3576242716,3576242731,IT
3576242732,3576242735,FR
3576242736,3576242765,IT
3576242766,3576242767,FR
3576242768,3576242771,IT
3576242772,3576242775,FR
3576242776,3576242791,IT
3576242792,3576242799,FR
3576242800,3576242843,IT
3576242844,3576242847,FR
3576242848,3576242851,IT
3576242852,3576242855,FR
3576242856,3576242859,IT
3576242860,3576242863,FR
3576242864,3576242871,IT
3576242872,3576242879,FR
3576242880,3576242883,IT
3576242884,3576242887,FR
3576242888,3576242899,IT
3576242900,3576242903,FR
3576242904,3576242927,IT
3576242928,3576242935,FR
3576242936,3576242939,IT
3576242940,3576242943,FR
3576242944,3576243199,ES
3576243200,3576244991,FR
3576244992,3576245003,DE
3576245004,3576245007,FR
3576245008,3576245027,DE
3576245028,3576245031,FR
3576245032,3576245039,DE
3576245040,3576245043,IT
3576245044,3576245047,DE
3576245048,3576245055,FR
3576245056,3576245059,DE
3576245060,3576245067,FR
3576245068,3576245083,DE
3576245084,3576245087,FR
3576245088,3576245091,DE
3576245092,3576245095,FR
3576245096,3576245103,DE
3576245104,3576245107,FR
3576245108,3576245115,DE
3576245116,3576245119,FR
3576245120,3576245123,DE
3576245124,3576245135,FR
3576245136,3576245147,DE
3576245148,3576245155,FR
3576245156,3576245183,DE
3576245184,3576245191,FR
3576245192,3576245195,DE
3576245196,3576245199,FR
3576245200,3576245215,DE
3576245216,3576245231,FR
3576245232,3576245233,DE
3576245234,3576245235,FR
3576245236,3576245247,DE
3576245248,3576246983,FR
3576246984,3576246999,DE
3576247000,3576247807,FR
3576247808,3576247839,ES
3576247840,3576247871,FR
3576247872,3576247999,ES
3576248000,3576248031,IT
3576248032,3576248063,ES
3576248064,3576248331,FR
3576248332,3576248335,DE
3576248336,3576248347,FR
3576248348,3576248355,DE
3576248356,3576248359,FR
3576248360,3576248363,DE
3576248364,3576248379,FR
3576248380,3576248387,DE
3576248388,3576248391,FR
3576248392,3576248403,DE
3576248404,3576248411,FR
3576248412,3576248415,DE
3576248416,3576248419,FR
3576248420,3576248427,DE
3576248428,3576248435,FR
3576248436,3576248447,DE
3576248448,3576248455,FR
3576248456,3576248463,DE
3576248464,3576248471,FR
3576248472,3576248479,DE
3576248480,3576248483,FR
3576248484,3576248487,DE
3576248488,3576248503,FR
3576248504,3576248515,DE
3576248516,3576248519,FR
3576248520,3576248523,DE
3576248524,3576248527,FR
3576248528,3576248531,DE
3576248532,3576248535,FR
3576248536,3576248543,DE
3576248544,3576248559,FR
3576248560,3576248575,DE
3576248576,3576248679,AT
3576248680,3576248687,HU
3576248688,3576248831,AT
3576248832,3576252991,FR
3576252992,3576253007,GB
3576253008,3576255103,FR
3576255104,3576255143,IE
3576255144,3576255163,FR
3576255164,3576255165,IE
3576255166,3576255171,FR
3576255172,3576255183,IE
3576255184,3576255187,FR
3576255188,3576255191,IE
3576255192,3576255197,FR
3576255198,3576255199,IE
3576255200,3576255207,FR
3576255208,3576255211,IE
3576255212,3576255227,FR
3576255228,3576255231,GB
3576255232,3576255487,FR
3576255488,3576255743,GB
3576255744,3576257791,FR
3576257792,3576257871,DE
3576257872,3576257879,IE
3576257880,3576258047,DE
3576258048,3576258719,FR
3576258720,3576258727,DE
3576258728,3576259327,FR
3576259328,3576259335,DE
3576259336,3576259343,FR
3576259344,3576259351,DE
3576259352,3576259355,FR
3576259356,3576259363,DE
3576259364,3576259367,FR
3576259368,3576259375,DE
3576259376,3576259383,FR
3576259384,3576259391,DE
3576259392,3576259395,FR
3576259396,3576259407,DE
3576259408,3576259411,FR
3576259412,3576259415,DE
3576259416,3576259435,FR
3576259436,3576259447,DE
3576259448,3576259451,FR
3576259452,3576259455,DE
3576259456,3576259467,FR
3576259468,3576259471,DE
3576259472,3576259479,FR
3576259480,3576259487,DE
3576259488,3576259499,FR
3576259500,3576259503,DE
3576259504,3576259511,FR
3576259512,3576259515,DE
3576259516,3576259527,FR
3576259528,3576259535,DE
3576259536,3576259547,FR
3576259548,3576259555,DE
3576259556,3576259559,FR
3576259560,3576259567,DE
3576259568,3576259571,FR
3576259572,3576259575,DE
3576259576,3576259579,FR
3576259580,3576259583,DE
3576259584,3576264195,FR
3576264196,3576264203,DE
3576264204,3576264215,FR
3576264216,3576264223,DE
3576264224,3576264227,FR
3576264228,3576264259,DE
3576264260,3576264261,FR
3576264262,3576264271,DE
3576264272,3576264275,FR
3576264276,3576264287,DE
3576264288,3576264295,FR
3576264296,3576264307,DE
3576264308,3576264311,FR
3576264312,3576264339,DE
3576264340,3576264343,FR
3576264344,3576264355,DE
3576264356,3576264359,FR
3576264360,3576264363,DE
3576264364,3576264367,FR
3576264368,3576264383,DE
3576264384,3576264399,FR
3576264400,3576264403,DE
3576264404,3576264411,FR
3576264412,3576264423,DE
3576264424,3576264427,FR
3576264428,3576264435,DE
3576264436,3576264439,FR
3576264440,3576264447,DE
3576264448,3576299519,FR
3576299520,3576365055,AE
3576365056,3576430591,TR
3576430592,3576496127,FR
3576496128,3576561663,IT
3576561664,3576627199,NL
3576627200,3576683519,AT
3576683520,3576684543,NL
3576684544,3576692735,AT
3576692736,3576758271,GB
3576758272,3576823807,BE
3576823808,3576889343,SE
3576889344,3576954879,NL
3576954880,3576987647,NO
3576987648,3576988415,GB
3576988416,3576988671,US
3576988672,3576998911,GB
3576998912,3577004031,NL
3577004032,3577013247,GB
3577013248,3577013503,IE
3577013504,3577020415,GB
3577020416,3577085951,NL
3577085952,3577151487,GB
3577151488,3577167871,RE
3577167872,3577184255,ET
3577184256,3577217023,CH
3577217024,3577282559,FR
3577282560,3577348095,IL
3577348096,3577413631,PT
3577413632,3577442303,RU
3577442304,3577442559,US
3577442560,3577442815,FI
3577442816,3577446399,CY
3577446400,3577479167,RU
3577479168,3577544703,ES
3577544704,3577562559,DE
3577562560,3577562623,NL
3577562624,3577583895,DE
3577583896,3577583903,ES
3577583904,3577587995,DE
3577587996,3577587999,CH
3577588000,3577593495,DE
3577593496,3577593503,FR
3577593504,3577596415,DE
3577596416,3577597439,IT
3577597440,3577606399,DE
3577606400,3577606407,CH
3577606408,3577610239,DE
3577610240,3577675775,NL
3577675776,3577741311,PT
3577741312,3578003455,SE
3578003456,3578265599,DE
3578265600,3578331135,US
3578331136,3578339327,PL
3578339328,3578347519,ES
3578347520,3578363903,DE
3578363904,3578396671,NL
3578396672,3578462207,TR
3578462208,3578527743,NL
3578527744,3578658815,PL
3578658816,3578724351,GB
3578724352,3578732543,RU
3578732544,3578740735,IE
3578740736,3578757119,RU
3578757120,3578802971,SE
3578802972,3578802975,DK
3578802976,3578803027,SE
3578803028,3578803031,NO
3578803032,3578803043,SE
3578803044,3578803047,NO
3578803048,3578808575,SE
3578808576,3578808831,FI
3578808832,3578820607,SE
3578820608,3578820863,DK
3578820864,3578821887,SE
3578821888,3578822143,DK
3578822144,3578822655,SE
3578822656,3578855423,RU
3578855424,3578888191,GB
3578888192,3578920959,SK
3578920960,3578986495,IT
3578986496,3579002879,DE
3579002880,3579019263,GB
3579019264,3579052031,DK
3579052032,3579117567,NL
3579117568,3579183103,RU
3579183104,3579184895,GB
3579184896,3579184903,IT
3579184904,3579184927,GB
3579184928,3579184951,IT
3579184952,3579184967,GB
3579184968,3579184975,IT
3579184976,3579185023,GB
3579185024,3579185031,IT
3579185032,3579185039,GB
3579185040,3579185067,IT
3579185068,3579185071,GB
3579185072,3579185079,IT
3579185080,3579185087,GB
3579185088,3579185103,IT
3579185104,3579185119,GB
3579185120,3579185135,IT
3579185136,3579185407,GB
3579185408,3579185663,IT
3579185664,3579185919,GB
3579185920,3579186175,DE
3579186176,3579186191,GB
3579186192,3579186207,DE
3579186208,3579186215,GB
3579186216,3579186223,DE
3579186224,3579186231,GB
3579186232,3579186263,DE
3579186264,3579186295,GB
3579186296,3579186311,DE
3579186312,3579186335,GB
3579186336,3579186351,DE
3579186352,3579186391,GB
3579186392,3579186399,DE
3579186400,3579187455,GB
3579187456,3579187711,DE
3579187712,3579187839,IE
3579187840,3579187847,GB
3579187848,3579187887,IE
3579187888,3579187895,GB
3579187896,3579187943,IE
3579187944,3579187951,GB
3579187952,3579187967,IE
3579187968,3579188231,GB
3579188232,3579188239,DE
3579188240,3579188335,GB
3579188336,3579188367,DE
3579188368,3579188375,GB
3579188376,3579188391,DE
3579188392,3579188423,GB
3579188424,3579188431,DE
3579188432,3579188847,GB
3579188848,3579188851,CH
3579188852,3579189503,GB
3579189504,3579189511,AT
3579189512,3579189519,GB
3579189520,3579189523,AT
3579189524,3579189527,GB
3579189528,3579189539,AT
3579189540,3579189547,GB
3579189548,3579189551,AT
3579189552,3579189555,GB
3579189556,3579189563,AT
3579189564,3579189565,GB
3579189566,3579189567,AT
3579189568,3579189571,GB
3579189572,3579189579,AT
3579189580,3579189587,GB
3579189588,3579189635,AT
3579189636,3579189639,GB
3579189640,3579189659,AT
3579189660,3579189671,GB
3579189672,3579189675,AT
3579189676,3579189683,GB
3579189684,3579189695,AT
3579189696,3579189699,GB
3579189700,3579189703,AT
3579189704,3579189711,GB
3579189712,3579189717,AT
3579189718,3579189727,GB
3579189728,3579189731,AT
3579189732,3579189739,GB
3579189740,3579189755,AT
3579189756,3579189757,GB
3579189758,3579189759,AT
3579189760,3579190527,GB
3579190528,3579190783,AT
3579190784,3579191295,GB
3579191296,3579191303,BE
3579191304,3579191307,GB
3579191308,3579191319,BE
3579191320,3579191323,GB
3579191324,3579191327,BE
3579191328,3579191331,GB
3579191332,3579191351,BE
3579191352,3579191363,GB
3579191364,3579191367,BE
3579191368,3579191371,NL
3579191372,3579191375,BE
3579191376,3579191379,GB
3579191380,3579191381,BE
3579191382,3579191383,GB
3579191384,3579191399,BE
3579191400,3579191403,GB
3579191404,3579191415,BE
3579191416,3579191435,GB
3579191436,3579191483,BE
3579191484,3579191487,GB
3579191488,3579191503,BE
3579191504,3579191507,NL
3579191508,3579191515,BE
3579191516,3579191519,GB
3579191520,3579191527,BE
3579191528,3579191531,GB
3579191532,3579191539,BE
3579191540,3579191543,GB
3579191544,3579191551,BE
3579191552,3579193599,GB
3579193600,3579193855,NL
3579193856,3579194191,GB
3579194192,3579194199,BE
3579194200,3579195903,GB
3579195904,3579195935,DE
3579195936,3579195943,GB
3579195944,3579195951,DE
3579195952,3579195959,GB
3579195960,3579196031,DE
3579196032,3579196103,GB
3579196104,3579196111,DE
3579196112,3579196119,GB
3579196120,3579196127,DE
3579196128,3579196135,GB
3579196136,3579196159,DE
3579196160,3579198751,GB
3579198752,3579198767,IE
3579198768,3579198807,GB
3579198808,3579198831,IE
3579198832,3579198839,GB
3579198840,3579198847,IE
3579198848,3579198863,GB
3579198864,3579198895,IE
3579198896,3579198927,GB
3579198928,3579198975,IE
3579198976,3579199743,GB
3579199744,3579199999,BE
3579200000,3579201231,GB
3579201232,3579201239,DE
3579201240,3579202303,GB
3579202304,3579202559,IT
3579202560,3579206143,GB
3579206144,3579206183,ES
3579206184,3579206191,GB
3579206192,3579206215,ES
3579206216,3579206223,GB
3579206224,3579206239,ES
3579206240,3579206243,GB
3579206244,3579206271,ES
3579206272,3579206275,GB
3579206276,3579206311,ES
3579206312,3579206315,GB
3579206316,3579206323,ES
3579206324,3579206339,GB
3579206340,3579206343,ES
3579206344,3579206347,GB
3579206348,3579206351,ES
3579206352,3579206355,GB
3579206356,3579206359,ES
3579206360,3579206363,GB
3579206364,3579206375,ES
3579206376,3579206379,GB
3579206380,3579206383,ES
3579206384,3579206387,GB
3579206388,3579206399,ES
3579206400,3579207167,GB
3579207168,3579207423,DE
3579207424,3579208191,GB
3579208192,3579208703,DE
3579208704,3579209727,GB
3579209728,3579210551,DE
3579210552,3579210559,AT
3579210560,3579210751,DE
3579210752,3579212439,GB
3579212440,3579212447,FR
3579212448,3579214591,GB
3579214592,3579214623,IT
3579214624,3579214627,GB
3579214628,3579214631,IT
3579214632,3579214647,GB
3579214648,3579214655,IT
3579214656,3579214663,GB
3579214664,3579214675,IT
3579214676,3579214687,GB
3579214688,3579214695,IT
3579214696,3579214703,GB
3579214704,3579214711,IT
3579214712,3579214735,GB
3579214736,3579214743,IT
3579214744,3579214759,GB
3579214760,3579214775,IT
3579214776,3579214783,GB
3579214784,3579214791,IT
3579214792,3579214795,GB
3579214796,3579214799,IT
3579214800,3579214807,GB
3579214808,3579214823,IT
3579214824,3579214831,GB
3579214832,3579214847,IT
3579214848,3579215103,GB
3579215104,3579215135,DE
3579215136,3579215139,GB
3579215140,3579215159,DE
3579215160,3579215163,GB
3579215164,3579215167,DE
3579215168,3579215171,GB
3579215172,3579215195,DE
3579215196,3579215199,GB
3579215200,3579215207,DE
3579215208,3579215211,GB
3579215212,3579215223,DE
3579215224,3579215227,GB
3579215228,3579215251,DE
3579215252,3579215255,GB
3579215256,3579215257,DE
3579215258,3579215259,GB
3579215260,3579215301,DE
3579215302,3579215303,GB
3579215304,3579215319,DE
3579215320,3579215331,GB
3579215332,3579215339,DE
3579215340,3579215347,GB
3579215348,3579215359,DE
3579215360,3579215619,GB
3579215620,3579215627,DE
3579215628,3579215635,GB
3579215636,3579215639,DE
3579215640,3579215643,GB
3579215644,3579215647,DE
3579215648,3579215663,GB
3579215664,3579215679,DE
3579215680,3579215715,GB
3579215716,3579215727,DE
3579215728,3579215743,GB
3579215744,3579215751,DE
3579215752,3579215755,GB
3579215756,3579215759,DE
3579215760,3579215767,GB
3579215768,3579215783,DE
3579215784,3579215791,GB
3579215792,3579215799,DE
3579215800,3579215827,GB
3579215828,3579215839,DE
3579215840,3579215843,GB
3579215844,3579215847,DE
3579215848,3579215851,GB
3579215852,3579215855,DE
3579215856,3579215859,GB
3579215860,3579215863,DE
3579215864,3579215867,GB
3579215868,3579216135,DE
3579216136,3579216143,GB
3579216144,3579216167,DE
3579216168,3579216199,GB
3579216200,3579216207,DE
3579216208,3579216215,GB
3579216216,3579216223,DE
3579216224,3579216231,GB
3579216232,3579216239,DE
3579216240,3579216255,GB
3579216256,3579216263,DE
3579216264,3579216295,GB
3579216296,3579216303,DE
3579216304,3579216327,GB
3579216328,3579216335,DE
3579216336,3579216343,GB
3579216344,3579216351,DE
3579216352,3579216359,GB
3579216360,3579216367,DE
3579216368,3579218431,GB
3579218432,3579218839,IE
3579218840,3579218847,GB
3579218848,3579218943,IE
3579218944,3579219711,GB
3579219712,3579219979,DE
3579219980,3579219983,GB
3579219984,3579219991,DE
3579219992,3579219995,GB
3579219996,3579220015,DE
3579220016,3579220023,GB
3579220024,3579220043,DE
3579220044,3579220047,GB
3579220048,3579220051,DE
3579220052,3579220059,GB
3579220060,3579220071,DE
3579220072,3579220075,GB
3579220076,3579220079,DE
3579220080,3579220081,GB
3579220082,3579220083,DE
3579220084,3579220091,GB
3579220092,3579220099,DE
3579220100,3579220107,GB
3579220108,3579220115,DE
3579220116,3579220117,GB
3579220118,3579220119,DE
3579220120,3579220127,GB
3579220128,3579220131,DE
3579220132,3579220135,GB
3579220136,3579220139,DE
3579220140,3579220155,GB
3579220156,3579220159,DE
3579220160,3579220167,GB
3579220168,3579220171,DE
3579220172,3579220179,GB
3579220180,3579220183,DE
3579220184,3579220187,GB
3579220188,3579220203,DE
3579220204,3579220207,GB
3579220208,3579220219,DE
3579220220,3579220223,GB
3579220224,3579220479,BE
3579220480,3579220735,GB
3579220736,3579220895,IT
3579220896,3579220927,DE
3579220928,3579220991,IT
3579220992,3579220995,GB
3579220996,3579221003,DE
3579221004,3579221011,GB
3579221012,3579221019,DE
3579221020,3579221023,GB
3579221024,3579221027,DE
3579221028,3579221039,GB
3579221040,3579221047,DE
3579221048,3579221053,GB
3579221054,3579221059,DE
3579221060,3579221067,GB
3579221068,3579221071,DE
3579221072,3579221075,GB
3579221076,3579221083,DE
3579221084,3579221087,GB
3579221088,3579221091,DE
3579221092,3579221111,GB
3579221112,3579221115,DE
3579221116,3579221119,GB
3579221120,3579221123,DE
3579221124,3579221127,GB
3579221128,3579221131,DE
3579221132,3579221143,GB
3579221144,3579221155,DE
3579221156,3579221163,GB
3579221164,3579221167,DE
3579221168,3579221171,GB
3579221172,3579221175,DE
3579221176,3579221179,GB
3579221180,3579221191,DE
3579221192,3579221207,GB
3579221208,3579221215,DE
3579221216,3579221219,GB
3579221220,3579221227,DE
3579221228,3579221231,GB
3579221232,3579221243,DE
3579221244,3579221247,GB
3579221248,3579221263,ES
3579221264,3579221267,GB
3579221268,3579221271,ES
3579221272,3579221283,GB
3579221284,3579221287,ES
3579221288,3579221295,GB
3579221296,3579221299,ES
3579221300,3579221303,GB
3579221304,3579221315,ES
3579221316,3579221327,GB
3579221328,3579221335,ES
3579221336,3579221343,GB
3579221344,3579221367,ES
3579221368,3579221371,GB
3579221372,3579221383,ES
3579221384,3579221387,GB
3579221388,3579221407,ES
3579221408,3579221411,GB
3579221412,3579221419,ES
3579221420,3579221423,GB
3579221424,3579221431,ES
3579221432,3579221435,GB
3579221436,3579221451,ES
3579221452,3579221455,GB
3579221456,3579221459,ES
3579221460,3579221463,GB
3579221464,3579221475,ES
3579221476,3579221483,GB
3579221484,3579221495,ES
3579221496,3579221759,GB
3579221760,3579222015,DE
3579222016,3579223567,GB
3579223568,3579223575,DE
3579223576,3579223579,GB
3579223580,3579223599,DE
3579223600,3579223603,GB
3579223604,3579223607,DE
3579223608,3579223615,GB
3579223616,3579223643,DE
3579223644,3579223647,GB
3579223648,3579223651,DE
3579223652,3579223655,GB
3579223656,3579223659,DE
3579223660,3579223691,GB
3579223692,3579223699,DE
3579223700,3579223703,GB
3579223704,3579223711,DE
3579223712,3579223715,GB
3579223716,3579223721,DE
3579223722,3579223723,GB
3579223724,3579223731,DE
3579223732,3579223735,GB
3579223736,3579223747,DE
3579223748,3579223751,GB
3579223752,3579223755,DE
3579223756,3579223763,GB
3579223764,3579223767,DE
3579223768,3579223771,GB
3579223772,3579223775,DE
3579223776,3579223779,GB
3579223780,3579223787,DE
3579223788,3579223791,GB
3579223792,3579223799,DE
3579223800,3579225087,GB
3579225088,3579225159,IE
3579225160,3579225163,GB
3579225164,3579225171,IE
3579225172,3579225175,GB
3579225176,3579225187,IE
3579225188,3579225191,GB
3579225192,3579225207,IE
3579225208,3579225223,GB
3579225224,3579225227,IE
3579225228,3579225231,GB
3579225232,3579225243,IE
3579225244,3579225259,GB
3579225260,3579225263,IE
3579225264,3579225271,GB
3579225272,3579225275,IE
3579225276,3579225279,GB
3579225280,3579225283,IE
3579225284,3579225287,GB
3579225288,3579225307,IE
3579225308,3579225311,GB
3579225312,3579225327,IE
3579225328,3579225335,GB
3579225336,3579225343,IE
3579225344,3579226067,GB
3579226068,3579226075,DE
3579226076,3579226623,GB
3579226624,3579226635,DE
3579226636,3579226639,GB
3579226640,3579226671,DE
3579226672,3579226675,GB
3579226676,3579226683,DE
3579226684,3579226695,GB
3579226696,3579226727,DE
3579226728,3579226735,GB
3579226736,3579226747,DE
3579226748,3579226751,GB
3579226752,3579226755,DE
3579226756,3579226759,GB
3579226760,3579226767,DE
3579226768,3579226771,GB
3579226772,3579226787,DE
3579226788,3579226789,GB
3579226790,3579226807,DE
3579226808,3579226811,GB
3579226812,3579226823,DE
3579226824,3579226835,GB
3579226836,3579226843,DE
3579226844,3579226845,GB
3579226846,3579226879,DE
3579226880,3579230471,GB
3579230472,3579230475,ES
3579230476,3579230479,GB
3579230480,3579230519,ES
3579230520,3579230523,GB
3579230524,3579230543,ES
3579230544,3579230551,GB
3579230552,3579230559,ES
3579230560,3579230563,GB
3579230564,3579230615,ES
3579230616,3579230619,GB
3579230620,3579230655,ES
3579230656,3579230659,GB
3579230660,3579230699,ES
3579230700,3579230703,GB
3579230704,3579230719,ES
3579230720,3579231239,GB
3579231240,3579231275,DE
3579231276,3579231279,GB
3579231280,3579231303,DE
3579231304,3579231311,GB
3579231312,3579231367,DE
3579231368,3579231375,GB
3579231376,3579231399,DE
3579231400,3579231403,GB
3579231404,3579231407,DE
3579231408,3579231423,GB
3579231424,3579231427,DE
3579231428,3579231447,GB
3579231448,3579231459,DE
3579231460,3579231471,GB
3579231472,3579231487,DE
3579231488,3579232255,GB
3579232256,3579232311,ES
3579232312,3579232319,GB
3579232320,3579232383,ES
3579232384,3579232399,GB
3579232400,3579232415,ES
3579232416,3579232423,GB
3579232424,3579232431,ES
3579232432,3579232447,GB
3579232448,3579232511,ES
3579232512,3579237119,GB
3579237120,3579237375,IT
3579237376,3579237631,GB
3579237632,3579237887,ES
3579237888,3579238427,GB
3579238428,3579238429,SG
3579238430,3579238455,GB
3579238456,3579238459,SE
3579238460,3579238487,GB
3579238488,3579238489,SG
3579238490,3579238585,GB
3579238586,3579238587,HK
3579238588,3579238755,GB
3579238756,3579238757,US
3579238758,3579238759,GB
3579238760,3579238761,US
3579238762,3579238847,GB
3579238848,3579238849,JP
3579238850,3579238851,GB
3579238852,3579238853,JP
3579238854,3579238861,GB
3579238862,3579238863,HK
3579238864,3579239520,GB
3579239521,3579239521,SK
3579239522,3579239522,HU
3579239523,3579239523,BG
3579239524,3579239524,CZ
3579239525,3579239831,GB
3579239832,3579239839,DE
3579239840,3579240191,GB
3579240192,3579240447,AT
3579240448,3579241471,GB
3579241472,3579241727,DE
3579241728,3579241983,GB
3579241984,3579242111,AT
3579242112,3579242175,DE
3579242176,3579242239,AT
3579242240,3579242495,GB
3579242496,3579243007,DE
3579243008,3579243579,GB
3579243580,3579243583,DE
3579243584,3579244031,GB
3579244032,3579244039,ES
3579244040,3579244055,GB
3579244056,3579244119,ES
3579244120,3579244135,GB
3579244136,3579244143,ES
3579244144,3579244151,GB
3579244152,3579244179,ES
3579244180,3579244207,GB
3579244208,3579244231,ES
3579244232,3579244543,GB
3579244544,3579244551,IT
3579244552,3579244559,GB
3579244560,3579244571,IT
3579244572,3579244615,GB
3579244616,3579244619,IT
3579244620,3579244623,GB
3579244624,3579244635,IT
3579244636,3579244639,GB
3579244640,3579244645,IT
3579244646,3579244647,GB
3579244648,3579244651,IT
3579244652,3579244659,GB
3579244660,3579244663,IT
3579244664,3579244667,GB
3579244668,3579244671,IT
3579244672,3579244675,GB
3579244676,3579244679,IT
3579244680,3579244683,GB
3579244684,3579244687,IT
3579244688,3579244695,GB
3579244696,3579244703,IT
3579244704,3579244711,GB
3579244712,3579244715,IT
3579244716,3579244735,GB
3579244736,3579244747,IT
3579244748,3579244751,GB
3579244752,3579244755,IT
3579244756,3579244759,GB
3579244760,3579244763,IT
3579244764,3579244775,GB
3579244776,3579244783,IT
3579244784,3579244791,GB
3579244792,3579244799,IT
3579244800,3579244815,AT
3579244816,3579244831,DE
3579244832,3579245055,AT
3579245056,3579245823,GB
3579245824,3579245855,IE
3579245856,3579245871,GB
3579245872,3579245919,IE
3579245920,3579245951,GB
3579245952,3579245967,IE
3579245968,3579245991,GB
3579245992,3579246015,IE
3579246016,3579246023,GB
3579246024,3579246047,IE
3579246048,3579246055,GB
3579246056,3579246079,IE
3579246080,3579247615,GB
3579247616,3579247619,IT
3579247620,3579247623,GB
3579247624,3579247627,IT
3579247628,3579247635,GB
3579247636,3579247655,IT
3579247656,3579247659,GB
3579247660,3579247671,IT
3579247672,3579247679,GB
3579247680,3579247687,IT
3579247688,3579247699,GB
3579247700,3579247707,IT
3579247708,3579247711,GB
3579247712,3579247727,IT
3579247728,3579247743,GB
3579247744,3579247755,IT
3579247756,3579247757,GB
3579247758,3579247763,IT
3579247764,3579247767,GB
3579247768,3579247775,IT
3579247776,3579247787,GB
3579247788,3579247791,IT
3579247792,3579247799,GB
3579247800,3579247807,IT
3579247808,3579247815,GB
3579247816,3579247823,IT
3579247824,3579247831,GB
3579247832,3579247839,IT
3579247840,3579247847,GB
3579247848,3579247851,IT
3579247852,3579247855,GB
3579247856,3579247871,IT
3579247872,3579247999,GB
3579248000,3579248007,ES
3579248008,3579248127,GB
3579248128,3579248135,DE
3579248136,3579248151,GB
3579248152,3579248159,DE
3579248160,3579248199,GB
3579248200,3579248207,DE
3579248208,3579248215,GB
3579248216,3579248223,DE
3579248224,3579248239,GB
3579248240,3579248247,DE
3579248248,3579248271,GB
3579248272,3579248287,DE
3579248288,3579248295,GB
3579248296,3579248303,DE
3579248304,3579248311,GB
3579248312,3579248319,DE
3579248320,3579248343,GB
3579248344,3579248359,DE
3579248360,3579248639,GB
3579248640,3579346943,RU
3579346944,3579445247,SE
3579445248,3579478015,AT
3579478016,3579527167,FR
3579527168,3579543551,BA
3579543552,3579576319,BG
3579576320,3579609087,IT
3579609088,3579641855,PL
3579641856,3579707391,NL
3579707392,3579723775,ES
3579723776,3579740159,AT
3579740160,3579772927,IE
3579772928,3579838463,DE
3579838464,3580100607,ES
3580100608,3580108799,LV
3580108800,3580112895,SE
3580112896,3580116991,LV
3580116992,3580133375,SE
3580133376,3580135423,LV
3580135424,3580136447,EE
3580136448,3580141567,SE
3580141568,3580148735,LV
3580148736,3580149759,LT
3580149760,3580157951,SE
3580157952,3580166143,EE
3580166144,3580198911,SE
3580198912,3580199935,LV
3580199936,3580200447,EE
3580200448,3580203007,LT
3580203008,3580204031,SE
3580204032,3580205055,LT
3580205056,3580214271,SE
3580214272,3580215295,LV
3580215296,3580217343,EE
3580217344,3580219391,SE
3580219392,3580221951,LV
3580221952,3580231679,SE
3580231680,3580231935,LT
3580231936,3580232447,LV
3580232448,3580235775,LT
3580235776,3580237311,SE
3580237312,3580237567,LV
3580237568,3580237823,LT
3580237824,3580265727,SE
3580265728,3580268543,EE
3580268544,3580270591,SE
3580270592,3580271615,EE
3580271616,3580271871,SE
3580271872,3580272639,LV
3580272640,3580297215,SE
3580297216,3580329983,LT
3580329984,3580339711,SE
3580339712,3580340223,EE
3580340224,3580342271,LT
3580342272,3580346367,SE
3580346368,3580354559,LT
3580354560,3580362751,SE
3580362752,3580624895,GB
3580624896,3580625151,RU
3580625152,3580625407,FI
3580625408,3580625663,FR
3580625664,3580625919,US
3580625920,3580626943,RU
3580626944,3580628991,PL
3580628992,3580630015,RU
3580630016,3580630271,DE
3580630272,3580630527,NL
3580630528,3580630783,FR
3580630784,3580631039,FI
3580631040,3580631551,SE
3580631552,3580632063,NO
3580632064,3580632319,PL
3580632320,3580632575,NL
3580632576,3580632831,PL
3580632832,3580633087,IT
3580633088,3580635135,RU
3580635136,3580637183,UA
3580637184,3580638207,PL
3580638208,3580639231,LV
3580639232,3580641279,PL
3580641280,3580643327,FR
3580643328,3580645375,UA
3580645376,3580647423,PL
3580647424,3580649471,DE
3580649472,3580651519,SE
3580651520,3580653567,NL
3580653568,3580655615,PL
3580655616,3580657663,SK
3580657664,3580658431,RU
3580658432,3580658687,GE
3580658688,3580659199,RU
3580659200,3580659455,GE
3580659456,3580663807,RU
3580663808,3580665855,PL
3580665856,3580667903,CZ
3580667904,3580669951,RU
3580669952,3580671999,UA
3580672000,3580674047,RU
3580675072,3580675839,VG
3580675840,3580676095,NL
3580676096,3580682239,RU
3580682240,3580684287,PL
3580684288,3580686335,FR
3580686336,3580687359,IR
3580687360,3580687871,GB
3580687872,3580688383,US
3580688384,3580698623,RU
3580698624,3580702719,PL
3580702720,3580706815,RU
3580706816,3580708863,KG
3580708864,3580709119,RU
3580709120,3580709375,FR
3580709376,3580709887,RU
3580709888,3580710399,FR
3580710400,3580710911,RU
3580710912,3580715007,UA
3580715008,3580715519,RU
3580715520,3580716031,KZ
3580716032,3580717055,RU
3580717056,3580718079,US
3580718080,3580718335,RU
3580718336,3580718591,GB
3580718592,3580718847,SK
3580718848,3580719103,NO
3580719104,3580723199,NL
3580723200,3580727295,UA
3580727296,3580727551,DE
3580727552,3580727807,RU
3580727808,3580728063,KZ
3580728064,3580728319,NL
3580728320,3580728575,UA
3580728576,3580728831,US
3580728832,3580729087,NL
3580729088,3580729343,GB
3580729344,3580729599,SG
3580729600,3580729855,TJ
3580729856,3580730111,UA
3580730112,3580730879,US
3580730880,3580731135,UA
3580731136,3580731391,US
3580731392,3580732415,DE
3580732416,3580733439,CZ
3580733440,3580733951,AE
3580733952,3580734207,JP
3580734208,3580734463,DE
3580734464,3580735487,CZ
3580735488,3580737279,GB
3580737280,3580737535,DE
3580737536,3580738559,IT
3580738560,3580739583,US
3580739584,3580739839,IT
3580739840,3580740095,SC
3580740096,3580740351,GB
3580740352,3580740607,UA
3580740608,3580740863,RO
3580740864,3580741119,AM
3580741120,3580741375,CY
3580741376,3580741631,IR
3580741632,3580741887,DE
3580741888,3580742143,RU
3580742144,3580742399,SC
3580742400,3580742655,NL
3580742656,3580742911,RU
3580742912,3580743167,CY
3580743168,3580743423,SC
3580743424,3580743679,HR
3580743680,3580747775,KZ
3580747776,3580751871,UA
3580751872,3580755967,IR
3580755968,3580772351,RU
3580772352,3580773375,LV
3580773376,3580773887,DE
3580773888,3580780543,LV
3580780544,3580805119,UA
3580805120,3580814847,RU
3580814848,3580815359,UZ
3580815360,3580816895,RU
3580816896,3580817407,UZ
3580817408,3580821503,RU
3580821504,3580837887,FR
3580837888,3580854271,UA
3580854272,3580858367,LT
3580858368,3580859391,NL
3580859392,3580860159,UA
3580860160,3580860415,NL
3580860416,3580860927,UA
3580860928,3580861695,NL
3580861696,3580862463,SG
3580862464,3580866559,GB
3580866560,3580866815,FR
3580866816,3580867071,CY
3580867072,3580867327,JP
3580867328,3580867583,EE
3580867584,3580867839,LV
3580867840,3580868095,EE
3580868096,3580868863,FI
3580868864,3580869119,US
3580869120,3580869631,RU
3580869632,3580869887,NL
3580869888,3580870399,EE
3580870400,3580870655,FI
3580870656,3580887039,UA
3580887040,3581149183,SE
3581149184,3581280255,NL
3581280256,3581411327,BE
3581411328,3581673471,GB
3581673472,3581935615,NL
3581935616,3581943807,RU
3581943808,3581951999,FR
3581952000,3581960191,TR
3581960192,3581976575,DE
3581976576,3581984767,NO
3581984768,3581992959,RU
3581992960,3582001151,GB
3582001152,3582009343,DK
3582009344,3582017535,RU
3582017536,3582025727,GB
3582025728,3582033919,RU
3582033920,3582042111,CZ
3582042112,3582050303,ES
3582050304,3582058495,NL
3582058496,3582066687,AT
3582066688,3582074879,UA
3582074880,3582083071,GB
3582083072,3582084095,BG
3582084096,3582084607,HR
3582084608,3582085631,BG
3582085632,3582085887,KZ
3582085888,3582087167,BG
3582087168,3582089215,RU
3582089216,3582090239,US
3582090240,3582091263,BG
3582091264,3582099455,QA
3582099456,3582099967,GB
3582099968,3582100223,US
3582100224,3582102015,GB
3582102016,3582102271,IN
3582102272,3582102527,GB
3582102528,3582102783,IN
3582102784,3582103551,HK
3582103552,3582104575,FR
3582104576,3582104831,GB
3582104832,3582105087,US
3582105088,3582105343,HK
3582105344,3582105855,GB
3582105856,3582106111,FR
3582106112,3582107647,GB
3582107648,3582115839,NL
3582115840,3582117887,EE
3582117888,3582120959,LT
3582120960,3582121983,EE
3582121984,3582124031,SE
3582124032,3582132223,FI
3582132224,3582140415,RU
3582140416,3582148607,GE
3582148608,3582156799,EG
3582156800,3582164991,GB
3582164992,3582173183,SE
3582173184,3582181375,GB
3582181376,3582197759,DE
3582197760,3582205951,DK
3582205952,3582214143,AE
3582214144,3582222335,RU
3582222336,3582222383,SE
3582222384,3582222391,NO
3582222392,3582222567,SE
3582222568,3582222571,DK
3582222572,3582224261,SE
3582224262,3582224263,DK
3582224264,3582225071,SE
3582225072,3582225087,NO
3582225088,3582225719,SE
3582225720,3582225727,FI
3582225728,3582227391,SE
3582227392,3582227455,FI
3582227456,3582228023,SE
3582228024,3582228031,FI
3582228032,3582228039,NO
3582228040,3582228071,SE
3582228072,3582228079,NO
3582228080,3582230527,SE
3582230528,3582238719,BE
3582238720,3582255103,NL
3582255104,3582263295,KW
3582263296,3582271487,ME
3582271488,3582279679,NL
3582279680,3582281727,IE
3582281728,3582283775,MC
3582283776,3582287871,CY
3582287872,3582296063,DE
3582296064,3582304255,GB
3582304256,3582312447,UA
3582312448,3582314354,JE
3582314355,3582314355,DK
3582314356,3582315311,JE
3582315312,3582315319,MT
3582315320,3582320639,JE
3582320640,3582328831,CH
3582328832,3582329087,DE
3582329088,3582329343,AE
3582329344,3582329599,NL
3582329600,3582329855,DE
3582329856,3582330111,NL
3582330112,3582330367,GR
3582330368,3582330623,RU
3582330624,3582330879,GR
3582330880,3582331135,RU
3582331136,3582331391,GB
3582331392,3582331647,CZ
3582331648,3582331903,HU
3582331904,3582332159,TR
3582332160,3582332415,SI
3582332416,3582332671,FR
3582332672,3582332927,GE
3582332928,3582333183,ES
3582333184,3582333439,IR
3582333440,3582333695,RU
3582333696,3582333951,MT
3582333952,3582334207,RU
3582334208,3582334463,CZ
3582334720,3582334975,JE
3582334976,3582335487,US
3582335488,3582335743,PT
3582335744,3582335999,IQ
3582336000,3582336255,US
3582336256,3582336511,GB
3582336512,3582336767,KZ
3582336768,3582337023,PL
3582337024,3582345215,ES
3582345216,3582353407,IT
3582353408,3582361599,SE
3582361600,3582377983,PL
3582377984,3582386175,RU
3582386176,3582394367,NL
3582394368,3582402559,DE
3582402560,3582410751,PL
3582410752,3582435327,RU
3582435328,3582443519,MK
3582443520,3582451711,DE
3582451712,3582459903,LU
3582459904,3582468095,NL
3582468096,3582476239,SE
3582476240,3582476247,DK
3582476248,3582476287,SE
3582476288,3582484479,FR
3582484480,3582492671,CI
3582492672,3582509055,IT
3582509056,3582517247,SA
3582517248,3582525439,PL
3582525440,3582533631,IM
3582533632,3582541823,IT
3582541824,3582545919,IL
3582545920,3582546431,GB
3582546432,3582548223,IL
3582548224,3582548479,CH
3582548480,3582548735,IL
3582548736,3582548991,SE
3582548992,3582550015,IL
3582550016,3582558207,RS
3582558208,3582566399,BE
3582566400,3582574591,GB
3582574592,3582582783,DE
3582582784,3582590975,RU
3582590976,3582599167,FR
3582599168,3582607359,DE
3582607360,3582615551,RU
3582615552,3582623743,GB
3582623744,3582631935,FI
3582631936,3582640127,NO
3582640128,3582646271,RU
3582646272,3582647295,IT
3582647296,3582648319,RU
3582648320,3582656511,PT
3582656512,3582656783,US
3582656784,3582656799,ES
3582656800,3582656807,IT
3582656808,3582656815,US
3582656816,3582656823,DK
3582656824,3582656847,SE
3582656848,3582656863,CZ
3582656864,3582656871,RO
3582656872,3582656879,HU
3582656880,3582656887,US
3582656888,3582656895,CH
3582656896,3582656931,US
3582656932,3582656935,AT
3582656936,3582656943,US
3582656944,3582656951,GR
3582656952,3582656959,CH
3582656960,3582656967,US
3582656968,3582656971,AT
3582656972,3582657007,US
3582657008,3582657015,HU
3582657016,3582657023,SE
3582657024,3582657551,US
3582657552,3582657559,HU
3582657560,3582657567,RO
3582657568,3582657599,US
3582657600,3582657607,SE
3582657608,3582657615,ES
3582657616,3582657647,SE
3582657648,3582657655,LU
3582657656,3582657663,US
3582657664,3582657671,PL
3582657672,3582657679,BE
3582657680,3582657687,IT
3582657688,3582657783,SE
3582657784,3582657791,US
3582657792,3582657799,PT
3582657800,3582657807,SE
3582657808,3582657815,BE
3582657816,3582657819,SE
3582657820,3582657823,US
3582657824,3582657863,SE
3582657864,3582657879,LU
3582657880,3582657887,SE
3582657888,3582657895,US
3582657896,3582657903,IE
3582657904,3582657911,FI
3582657912,3582657927,SE
3582657928,3582657935,ES
3582657936,3582658031,SE
3582658032,3582658039,BE
3582658040,3582658043,US
3582658044,3582658047,SE
3582658048,3582658175,US
3582658176,3582658183,UA
3582658184,3582658191,NO
3582658192,3582658303,SE
3582658304,3582658311,US
3582658312,3582658359,SE
3582658360,3582658367,BE
3582658368,3582658431,US
3582658432,3582658439,SE
3582658440,3582658447,IT
3582658448,3582658519,SE
3582658520,3582658527,BE
3582658528,3582658535,ES
3582658536,3582658543,SE
3582658544,3582658559,ES
3582658560,3582658815,IL
3582658816,3582659071,FR
3582659072,3582659327,ZA
3582659328,3582659583,DE
3582659584,3582659591,AT
3582659592,3582659679,DE
3582659680,3582659695,CZ
3582659696,3582659839,DE
3582659840,3582660607,US
3582660608,3582660623,PT
3582660624,3582660631,ES
3582660632,3582660639,IT
3582660640,3582660647,CZ
3582660648,3582660655,PL
3582660656,3582660671,IT
3582660672,3582660679,ES
3582660680,3582660687,LV
3582660688,3582660727,PT
3582660728,3582660735,ES
3582660736,3582660767,PT
3582660768,3582660783,CZ
3582660784,3582660791,ES
3582660792,3582660799,US
3582660800,3582660863,PT
3582660864,3582662911,US
3582662912,3582662919,SE
3582662920,3582662927,IT
3582662928,3582662935,PL
3582662936,3582662943,IT
3582662944,3582663007,ES
3582663008,3582663015,PT
3582663016,3582663031,IT
3582663032,3582663039,ES
3582663040,3582663047,US
3582663048,3582663071,PT
3582663072,3582663079,PL
3582663080,3582663087,IT
3582663088,3582663103,US
3582663104,3582663135,IT
3582663136,3582663143,ES
3582663144,3582663151,IT
3582663152,3582663167,US
3582663168,3582663175,BE
3582663176,3582663183,NO
3582663184,3582663191,IE
3582663192,3582663199,BE
3582663200,3582663207,NO
3582663208,3582663215,US
3582663216,3582663223,ES
3582663224,3582663231,ZA
3582663232,3582663295,BE
3582663296,3582663327,ES
3582663328,3582663343,US
3582663344,3582663351,RO
3582663352,3582663359,IT
3582663360,3582663367,ES
3582663368,3582663375,PT
3582663376,3582663407,US
3582663408,3582663415,PT
3582663416,3582663423,NO
3582663424,3582663943,US
3582663944,3582663951,SE
3582663952,3582663959,ES
3582663960,3582663999,US
3582664000,3582664007,NO
3582664008,3582664015,US
3582664016,3582664023,PT
3582664024,3582664027,US
3582664028,3582664031,NO
3582664032,3582664039,CH
3582664040,3582664047,PL
3582664048,3582664063,FI
3582664064,3582664071,PL
3582664072,3582664079,BE
3582664080,3582664083,FI
3582664084,3582664087,BE
3582664088,3582664091,ES
3582664092,3582664095,IT
3582664096,3582664103,PL
3582664104,3582664111,IT
3582664112,3582664119,AT
3582664120,3582664127,ES
3582664128,3582664135,PT
3582664136,3582664143,ZA
3582664144,3582664159,NO
3582664160,3582664167,FI
3582664168,3582664171,ES
3582664172,3582664175,US
3582664176,3582664179,BE
3582664180,3582664183,US
3582664184,3582664199,DK
3582664200,3582664215,HU
3582664216,3582664223,AT
3582664224,3582664227,IT
3582664228,3582664231,AT
3582664232,3582664235,RO
3582664236,3582664239,DK
3582664240,3582664247,BE
3582664248,3582664255,HU
3582664256,3582664319,US
3582664320,3582664327,PL
3582664328,3582664335,ES
3582664336,3582664351,IT
3582664352,3582664359,DK
3582664360,3582664375,SK
3582664376,3582664379,HU
3582664380,3582664383,SE
3582664384,3582664391,IT
3582664392,3582664399,BE
3582664400,3582664407,CZ
3582664408,3582664415,US
3582664416,3582664423,RO
3582664424,3582664431,ES
3582664432,3582664435,CH
3582664436,3582664439,ES
3582664440,3582664443,RO
3582664444,3582664447,BE
3582664448,3582664703,US
3582664704,3582672895,JO
3582672896,3582673151,FR
3582673152,3582673919,DE
3582673920,3582674175,NO
3582674176,3582674943,DE
3582674944,3582675199,GB
3582675200,3582675711,US
3582675712,3582675967,DE
3582675968,3582676479,US
3582676480,3582677503,DE
3582677504,3582680063,ES
3582680064,3582680319,DE
3582680320,3582681087,ES
3582681088,3582689279,FR
3582689280,3582697471,DE
3582697472,3582705663,FI
3582705664,3582706175,US
3582706176,3582706431,GR
3582706432,3582707199,US
3582707200,3582707711,NL
3582707712,3582708223,RU
3582708224,3582708735,PL
3582708736,3582709759,US
3582709760,3582710783,RU
3582710784,3582711807,NL
3582711808,3582712831,ES
3582712832,3582713855,KZ
3582713856,3582714879,TR
3582714880,3582715135,GB
3582715136,3582715391,LV
3582715392,3582715903,RU
3582715904,3582716927,JP
3582716928,3582717951,GE
3582717952,3582718975,DE
3582718976,3582719999,CH
3582720000,3582721023,RU
3582721024,3582722047,AT
3582722048,3582730239,IT
3582730240,3582738431,ES
3582738432,3582746623,DK
3582746624,3582754815,RU
3582754816,3582763007,GR
3582763008,3582771199,FI
3582771200,3582779391,CY
3582779392,3582787583,RU
3582787584,3582795775,PT
3582795776,3582803967,ES
3582803968,3582812159,SE
3582812160,3582820351,FI
3582820352,3582828543,RU
3582828544,3582836735,KZ
3582836736,3582844927,ES
3582844928,3582853119,RU
3582853120,3582861311,SE
3582861312,3582869503,RU
3582869504,3582877695,NO
3582877696,3582885887,AT
3582885888,3582888447,TR
3582888448,3582888959,RU
3582888960,3582889471,DK
3582889472,3582890495,TR
3582890496,3582891007,NL
3582891008,3582892543,TR
3582892544,3582893055,DE
3582893056,3582893567,TR
3582893568,3582893823,AZ
3582893824,3582894079,TR
3582894080,3582902271,CH
3582902272,3582910463,RU
3582910464,3582918655,SI
3582918656,3582926847,GB
3582926848,3582935039,ES
3582935040,3582943231,SI
3582943232,3582951423,AT
3582951424,3582959615,GB
3582959616,3582967807,FI
3582967808,3582975999,DE
3582976000,3582984191,TR
3582984192,3582992383,DE
3582992384,3583000575,ES
3583000576,3583008767,IT
3583008768,3583016959,TR
3583016960,3583025151,CH
3583025152,3583033343,IT
3583033344,3583041535,FR
3583041536,3583049727,NL
3583049728,3583066111,RU
3583066112,3583067135,DE
3583067136,3583067391,US
3583067392,3583067903,DE
3583067904,3583068159,HK
3583068160,3583070719,DE
3583070720,3583071231,US
3583071232,3583071743,DE
3583071744,3583071999,US
3583072000,3583073791,DE
3583073792,3583074047,TR
3583074048,3583074303,DE
3583074304,3583082495,BG
3583082496,3583090687,KG
3583090688,3583098879,NO
3583098880,3583107071,FI
3583107072,3583115263,AT
3583115264,3583123455,CH
3583123456,3583131647,PL
3583131648,3583131655,DE
3583131656,3583131663,DK
3583131664,3583131703,DE
3583131704,3583131711,DK
3583131712,3583131903,DE
3583131904,3583131919,DK
3583131920,3583131983,DE
3583131984,3583131991,DK
3583131992,3583132431,DE
3583132432,3583132435,DK
3583132436,3583132443,DE
3583132444,3583132447,DK
3583132448,3583132543,DE
3583132544,3583132547,DK
3583132548,3583132903,DE
3583132904,3583132927,DK
3583132928,3583133219,DE
3583133220,3583133223,DK
3583133224,3583133295,DE
3583133296,3583133311,DK
3583133312,3583134847,DE
3583134848,3583134879,DK
3583134880,3583148031,DE
3583148032,3583157247,GB
3583157248,3583157423,US
3583157424,3583157439,GB
3583157440,3583157471,IE
3583157472,3583157503,US
3583157504,3583157759,TR
3583157760,3583158015,US
3583158016,3583158271,GB
3583158272,3583158335,US
3583158336,3583158399,GB
3583158400,3583158527,US
3583158528,3583158783,DE
3583158784,3583159039,IL
3583159040,3583159295,GB
3583159296,3583159423,US
3583159424,3583159439,GB
3583159440,3583159543,US
3583159544,3583159551,GB
3583159552,3583159807,US
3583159808,3583159871,GB
3583159872,3583160063,US
3583160064,3583161343,GB
3583161344,3583161599,US
3583161600,3583161855,GB
3583161856,3583162079,US
3583162080,3583162095,GB
3583162096,3583162271,US
3583162272,3583162303,GB
3583162304,3583162367,US
3583162368,3583162623,TR
3583162624,3583163391,US
3583163392,3583163903,GB
3583163904,3583164159,TR
3583164160,3583164415,US
3583164416,3583172607,PT
3583172608,3583188991,DE
3583188992,3583197183,RU
3583205376,3583213567,HR
3583213568,3583221759,ES
3583221760,3583229951,AT
3583229952,3583238143,RU
3583238144,3583246335,GB
3583246336,3583250431,KZ
3583250432,3583250943,KE
3583250944,3583252479,UZ
3583252480,3583253503,KZ
3583253504,3583254527,UZ
3583254528,3583262719,GB
3583262720,3583270911,TR
3583270912,3583287295,DE
3583287296,3583295487,RU
3583295488,3583303679,ES
3583303680,3583311871,NL
3583311872,3583320063,RU
3583320064,3583328255,HR
3583328256,3583336447,DE
3583336448,3583344639,ME
3583344640,3583352831,BG
3583352832,3583361023,CY
3583361024,3583369215,IT
3583369216,3583377407,ES
3583377408,3583385599,AT
3583385600,3583393791,DK
3583393792,3583401983,RU
3583410176,3583418367,SE
3583418368,3583426559,TN
3583426560,3583428607,CV
3583428608,3583434751,ZA
3583434752,3583442943,AT
3583442944,3583451135,RU
3583451136,3583459327,IL
3583459328,3583467519,CZ
3583467520,3583475711,ES
3583475712,3583483903,NO
3583483904,3583492095,FR
3583492096,3583508479,SK
3583508480,3583516671,FR
3583516672,3583519231,GB
3583519232,3583519487,MY
3583519488,3583519743,RU
3583519744,3583524863,GB
3583524864,3583533055,EG
3583533056,3583541247,DE
3583541248,3583549439,RU
3583549440,3583557631,NL
3583557632,3583565823,IT
3583565824,3583566847,GB
3583566848,3583567103,NL
3583567104,3583574015,GB
3583574016,3583582207,NO
3583582208,3583590399,AT
3583590400,3583598591,DE
3583598592,3583606783,SE
3583606784,3583639551,TR
3583639552,3583647743,AZ
3583647744,3583655935,EG
3583655936,3583664127,SN
3583664128,3583680511,RO
3583680512,3583688703,RU
3583688704,3583696895,UA
3583696896,3583705087,NL
3583705088,3583707135,GB
3583707136,3583707391,US
3583707392,3583707647,KG
3583707648,3583707903,LV
3583707904,3583708159,FI
3583708160,3583708415,LV
3583708416,3583708671,KZ
3583708672,3583708927,NL
3583708928,3583709183,LV
3583709184,3583710207,ES
3583710208,3583711231,KZ
3583711232,3583712255,BA
3583712256,3583712511,NL
3583712512,3583712767,KZ
3583712768,3583713279,BG
3583713280,3583721471,CZ
3583721472,3583729663,DE
3583729664,3583737855,TR
3583737856,3583740967,SE
3583740968,3583740971,DK
3583740972,3583740991,SE
3583740992,3583741007,DK
3583741008,3583741015,PL
3583741016,3583741023,GB
3583741024,3583741431,SE
3583741432,3583741433,MX
3583741434,3583741695,SE
3583741696,3583741711,GB
3583741712,3583741727,DE
3583741728,3583741735,FR
3583741736,3583741743,IT
3583741744,3583741759,SE
3583741760,3583741823,DE
3583741824,3583741855,SE
3583741856,3583741863,DE
3583741864,3583741895,NO
3583741896,3583741951,SE
3583741952,3583741959,CZ
3583741960,3583741967,FR
3583741968,3583741975,DE
3583741976,3583741983,HU
3583741984,3583741991,IT
3583741992,3583741999,NL
3583742000,3583742007,PL
3583742008,3583742023,RU
3583742024,3583742031,GB
3583742032,3583742039,US
3583742040,3583742047,ES
3583742048,3583742071,SE
3583742072,3583742079,DK
3583742080,3583742719,SE
3583742720,3583742723,IT
3583742724,3583742751,SE
3583742752,3583742755,DE
3583742756,3583742759,GB
3583742760,3583742763,PL
3583742764,3583742767,FR
3583742768,3583742775,BE
3583742776,3583742779,NL
3583742780,3583742783,BE
3583742784,3583742787,GB
3583742788,3583742791,DE
3583742792,3583742799,GB
3583742800,3583742807,FR
3583742808,3583742815,SE
3583742816,3583742823,NL
3583742824,3583742839,SE
3583742840,3583742847,DE
3583742848,3583742855,IT
3583742856,3583742863,SE
3583742864,3583742867,FR
3583742868,3583742871,GB
3583742872,3583742879,IS
3583742880,3583742903,SE
3583742904,3583742911,DE
3583742912,3583742935,SE
3583742936,3583742943,IT
3583742944,3583742951,RO
3583742952,3583742967,FR
3583742968,3583743487,SE
3583743488,3583743491,FR
3583743492,3583743991,SE
3583743992,3583743999,DE
3583744000,3583744015,SE
3583744016,3583744023,RO
3583744024,3583744027,DE
3583744028,3583744031,SE
3583744032,3583744063,CH
3583744064,3583744071,SE
3583744072,3583744079,RU
3583744080,3583744087,PL
3583744088,3583744095,NL
3583744096,3583744103,DE
3583744104,3583744879,SE
3583744880,3583744887,DE
3583744888,3583744895,IT
3583744896,3583744999,SE
3583745000,3583745003,GB
3583745004,3583745535,SE
3583745536,3583745695,GB
3583745696,3583745759,SE
3583745760,3583745775,GB
3583745776,3583745783,SE
3583745784,3583745791,RO
3583745792,3583745919,SE
3583745920,3583745951,GB
3583745952,3583746047,SE
3583746048,3583754239,PL
3583754240,3583762431,RU
3583762432,3583770623,CZ
3583770624,3583778815,NL
3583778816,3583787007,IT
3583787008,3583795199,UA
3583795200,3583803391,PL
3583803392,3583804415,RU
3583804416,3583805439,FR
3583805440,3583805695,US
3583805696,3583805951,KZ
3583805952,3583806207,FR
3583806208,3583806719,US
3583806720,3583806975,HK
3583806976,3583807231,RO
3583807232,3583807487,BR
3583807488,3583807743,MX
3583807744,3583807999,BR
3583808000,3583808511,JP
3583808512,3583808767,US
3583808768,3583809279,BR
3583809280,3583809535,PE
3583809536,3583809791,TR
3583809792,3583810047,US
3583810048,3583810559,JP
3583810560,3583810815,IE
3583810816,3583811071,MX
3583811072,3583811327,KZ
3583811328,3583811583,LU
3583811584,3583819775,GB
3583819776,3583827967,RU
3583827968,3583833344,CH
3583833345,3583833345,AU
3583833346,3583833346,NZ
3583833347,3583833535,CH
3583833536,3583833599,AU
3583833600,3583834239,CH
3583834240,3583834367,PL
3583834368,3583834495,CH
3583834496,3583834623,EG
3583834624,3583834624,CH
3583834625,3583834625,KR
3583834626,3583834626,JP
3583834627,3583834627,TW
3583834628,3583834815,CH
3583834816,3583834879,KR
3583834880,3583834880,CH
3583834881,3583834881,IN
3583834882,3583834882,BH
3583834883,3583834883,KW
3583834884,3583834884,MV
3583834885,3583834885,NP
3583834886,3583834886,RW
3583834887,3583834887,SA
3583834888,3583834888,AE
3583834889,3583835071,CH
3583835072,3583835135,IN
3583835136,3583835136,CH
3583835137,3583835137,SE
3583835138,3583835138,DK
3583835139,3583835139,EE
3583835140,3583835140,FI
3583835141,3583835141,IR
3583835142,3583835142,KG
3583835143,3583835143,LV
3583835144,3583835144,NO
3583835145,3583835145,TJ
3583835146,3583835146,UZ
3583835147,3583835327,CH
3583835328,3583835391,SE
3583835392,3583835392,CH
3583835393,3583835393,US
3583835394,3583835394,PF
3583835395,3583835395,KI
3583835396,3583835583,CH
3583835584,3583835647,US
3583835648,3583835648,CH
3583835649,3583835649,ZA
3583835650,3583835650,AO
3583835651,3583835651,BW
3583835652,3583835652,BF
3583835653,3583835653,BI
3583835654,3583835654,CI
3583835655,3583835655,KE
3583835656,3583835656,LS
3583835657,3583835657,MG
3583835658,3583835658,MW
3583835659,3583835659,MZ
3583835660,3583835660,NA
3583835661,3583835661,NG
3583835662,3583835662,SC
3583835663,3583835663,SS
3583835664,3583835664,TZ
3583835665,3583835665,TG
3583835666,3583835666,UG
3583835667,3583835667,ZM
3583835668,3583835668,ZW
3583835669,3583835839,CH
3583835840,3583835903,ZA
3583835904,3583835904,CH
3583835905,3583835905,BR
3583835906,3583835906,AR
3583835907,3583835907,BO
3583835908,3583835908,TD
3583835909,3583835909,CL
3583835910,3583835910,PY
3583835911,3583836095,CH
3583836096,3583836159,BR
3583836160,3583844351,DE
3583844352,3583852543,KZ
3583852544,3583860735,FI
3583860736,3583867391,HU
3583867392,3583867647,HK
3583867648,3583868927,HU
3583868928,3583877119,AT
3583877120,3583885311,RO
3583885312,3583893503,GE
3583893504,3583901695,SI
3583901696,3583909887,RU
3583909888,3583918079,SE
3583918080,3583926271,IT
3583926272,3583934463,DE
3583934464,3583942655,CH
3583942656,3583950847,EG
3583950848,3583959039,PL
3583959040,3583967231,NO
3583967232,3583969279,TR
3583969280,3583969791,FR
3583969792,3583971327,US
3583971328,3583973887,NL
3583973888,3583974399,IT
3583974400,3583975423,TR
3583975424,3583983615,LT
3583983616,3583983871,DE
3583983872,3583984127,BG
3583984128,3583984383,BR
3583984384,3583984639,ES
3583984640,3583984895,FI
3583984896,3583985151,GR
3583985152,3583985407,HK
3583985408,3583985663,IT
3583985664,3583985919,MD
3583985920,3583986175,DE
3583986176,3583986431,US
3583986432,3583986687,GB
3583986688,3583986943,AM
3583986944,3583987199,HR
3583987200,3583987455,MD
3583987456,3583987711,HR
3583987712,3583991807,CH
3583991808,3583999999,GB
3584000000,3584001023,IE
3584001024,3584002047,US
3584002048,3584002147,FR
3584002148,3584002151,GB
3584002152,3584002155,ES
3584002156,3584002159,DE
3584002160,3584002161,JP
3584002162,3584002162,DZ
3584002163,3584002163,EG
3584002164,3584002165,IN
3584002166,3584002166,IL
3584002167,3584002167,MA
3584002168,3584002168,ES
3584002169,3584002169,DE
3584002170,3584002170,AT
3584002171,3584002171,BE
3584002172,3584002172,BG
3584002173,3584002173,CH
3584002174,3584002174,CY
3584002175,3584002175,CZ
3584002176,3584002176,DE
3584002177,3584002177,DK
3584002178,3584002178,EE
3584002179,3584002179,ES
3584002180,3584002180,FI
3584002181,3584002181,GB
3584002182,3584002182,SA
3584002183,3584002183,TN
3584002184,3584002184,IS
3584002185,3584002185,GR
3584002186,3584002186,HU
3584002187,3584002187,IE
3584002188,3584002188,IT
3584002189,3584002189,LU
3584002190,3584002190,LT
3584002191,3584002191,LV
3584002192,3584002192,MD
3584002193,3584002193,LU
3584002194,3584002194,MT
3584002195,3584002195,NL
3584002196,3584002196,PL
3584002197,3584002197,PT
3584002198,3584002198,RE
3584002199,3584002199,RO
3584002200,3584002200,RS
3584002201,3584002201,SE
3584002202,3584002202,SI
3584002203,3584002203,SK
3584002204,3584002204,NO
3584002205,3584002205,AT
3584002206,3584002206,BE
3584002207,3584002207,BG
3584002208,3584002208,CH
3584002209,3584002209,CY
3584002210,3584002210,CZ
3584002211,3584002211,DE
3584002212,3584002212,DK
3584002213,3584002213,EE
3584002214,3584002214,ES
3584002215,3584002215,FI
3584002216,3584002216,GB
3584002217,3584002218,ES
3584002219,3584002219,IT
3584002220,3584002220,GR
3584002221,3584002221,HU
3584002222,3584002222,IE
3584002223,3584002224,IT
3584002225,3584002225,LT
3584002226,3584002226,LV
3584002227,3584002228,DE
3584002229,3584002229,MT
3584002230,3584002230,NL
3584002231,3584002231,PL
3584002232,3584002232,PT
3584002233,3584002233,RE
3584002234,3584002234,RO
3584002235,3584002235,RS
3584002236,3584002236,SE
3584002237,3584002237,SI
3584002238,3584002238,SK
3584002239,3584002239,MA
3584002240,3584002245,FR
3584002246,3584002246,MA
3584002247,3584002303,FR
3584002304,3584002403,US
3584002404,3584002406,AR
3584002407,3584002407,CO
3584002408,3584002409,GF
3584002410,3584002411,GP
3584002412,3584002413,MQ
3584002414,3584002414,MX
3584002415,3584002415,PY
3584002416,3584002416,UY
3584002417,3584002559,US
3584002560,3584002815,BR
3584002816,3584003071,FR
3584003072,3584003171,SG
3584003172,3584003172,AU
3584003173,3584003174,JP
3584003175,3584003175,KR
3584003176,3584003176,NC
3584003177,3584003180,IN
3584003181,3584003181,PF
3584003182,3584003327,SG
3584003328,3584004095,FR
3584004096,3584008191,CH
3584008192,3584016383,SE
3584016384,3584024575,RU
3584024576,3584032767,UA
3584032768,3584040959,DE
3584040960,3584049151,CH
3584049152,3584057343,DE
3584057344,3584065535,GB
3584065536,3584073727,UA
3584073728,3584081919,SK
3584081920,3584090111,NL
3584090112,3584096255,NO
3584096256,3584098303,NL
3584098304,3584106495,SI
3584106496,3584114687,FI
3584114688,3584114761,GB
3584114762,3584114762,DE
3584114763,3584115967,GB
3584115968,3584115975,NL
3584115976,3584119975,GB
3584119976,3584119983,FI
3584119984,3584121559,GB
3584121560,3584121567,RO
3584121568,3584122879,GB
3584122880,3584131071,PL
3584131072,3584139263,TR
3584139264,3584147455,NO
3584147456,3584155647,FR
3584155648,3584163839,NO
3584163840,3584172031,CH
3584172032,3584180223,FR
3584180224,3584188415,AT
3584188416,3584196607,GB
3584196608,3584204799,DE
3584204800,3584212991,NL
3584212992,3584221183,ES
3584221184,3584229375,NO
3584229376,3584245759,HU
3584245760,3584246783,NL
3584246784,3584247295,RO
3584247296,3584253951,NL
3584253952,3584262143,AL
3584262144,3584270335,SE
3584270336,3584278527,FR
3584278528,3584282623,FI
3584282624,3584286719,IT
3584286720,3584289279,AT
3584289280,3584289791,DE
3584289792,3584290047,AT
3584290048,3584290303,DE
3584290304,3584290559,AT
3584290560,3584290815,IT
3584290816,3584291327,NO
3584291328,3584292351,AT
3584292352,3584292863,BR
3584292864,3584293375,AT
3584293376,3584294399,DE
3584294400,3584295475,AT
3584295476,3584295479,DE
3584295480,3584295603,AT
3584295604,3584295607,DE
3584295608,3584296023,AT
3584296024,3584296031,DE
3584296032,3584297215,AT
3584297216,3584297471,GB
3584297472,3584298383,AT
3584298384,3584298387,DE
3584298388,3584298771,AT
3584298772,3584298775,DE
3584298776,3584299787,AT
3584299788,3584299791,DE
3584299792,3584299803,AT
3584299804,3584299807,DE
3584299808,3584300391,AT
3584300392,3584300399,DE
3584300400,3584300415,AT
3584300416,3584300431,DE
3584300432,3584300927,AT
3584300928,3584300931,DE
3584300932,3584300991,AT
3584300992,3584300995,DE
3584300996,3584301071,AT
3584301072,3584301079,DE
3584301080,3584301159,AT
3584301160,3584301167,DE
3584301168,3584301519,AT
3584301520,3584301535,PL
3584301536,3584301879,AT
3584301880,3584301887,DE
3584301888,3584302143,AT
3584302144,3584302147,DE
3584302148,3584302171,AT
3584302172,3584302175,DE
3584302176,3584302223,AT
3584302224,3584302227,DE
3584302228,3584302259,AT
3584302260,3584302261,DE
3584302262,3584302807,AT
3584302808,3584302815,DE
3584302816,3584303103,AT
3584303104,3584311295,ES
3584311296,3584319487,DE
3584319488,3584327679,LT
3584327680,3584335871,DE
3584335872,3584344063,ES
3584344064,3584352255,SE
3584352256,3584360447,RO
3584360448,3584368639,GB
3584368640,3584369919,SE
3584369920,3584371199,NL
3584371200,3584371967,DE
3584371968,3584372223,US
3584372224,3584372479,SE
3584372480,3584372735,US
3584372736,3584373247,FR
3584373248,3584373759,US
3584373760,3584374271,DE
3584374272,3584374527,RU
3584374528,3584375039,DE
3584375040,3584375807,FI
3584375808,3584376831,SA
3584376832,3584393215,DE
3584393216,3584401407,GB
3584401408,3584409599,MT
3584409600,3584417791,RU
3584417792,3584425983,US
3584425984,3584434175,GB
3584434176,3584442367,LU
3584442368,3584443391,RU
3584443392,3584444415,NL
3584444416,3584446719,RU
3584446720,3584446975,KZ
3584446976,3584447231,UA
3584447232,3584447487,PE
3584447488,3584448511,GB
3584448512,3584450047,RU
3584450048,3584450303,US
3584450304,3584450559,RU
3584450560,3584458751,US
3584458752,3584466943,SA
3584466944,3584467967,NO
3584467968,3584468991,SE
3584468992,3584475135,NO
3584475136,3584483327,FR
3584483328,3584491519,DE
3584491520,3584499711,BG
3584499712,3584507903,RU
3584507904,3584516095,JE
3584516096,3584524287,NO
3584524288,3584532479,IS
3584532480,3584540671,DE
3584540672,3584548863,RU
3584548864,3584549887,CH
3584549888,3584550911,FR
3584550912,3584552959,IT
3584552960,3584557055,FR
3584557056,3584565247,EE
3584565248,3584573439,RU
3584573440,3584589823,DE
3584589824,3584598015,RU
3584598016,3584606207,CZ
3584606208,3584614399,DE
3584614400,3584620543,IE
3584620544,3584621567,GB
3584621568,3584622591,IE
3584622592,3584630783,FI
3584630784,3584638975,BG
3584638976,3584647167,UA
3584647168,3584655359,LU
3584655360,3584661247,CY
3584661248,3584661503,MT
3584661504,3584663551,CY
3584663552,3584671743,FR
3584671744,3584672255,ES
3584672256,3584672767,DE
3584672768,3584673279,GB
3584673280,3584673791,IN
3584673792,3584674303,IL
3584674304,3584674815,GB
3584674816,3584675327,BE
3584675328,3584675839,AU
3584675840,3584677887,US
3584677888,3584678399,DE
3584678400,3584678655,US
3584678656,3584678911,LT
3584678912,3584680447,US
3584680448,3584680959,FR
3584680960,3584683519,US
3584683520,3584684031,IN
3584684032,3584684543,BE
3584684544,3584685055,IN
3584685056,3584685567,PL
3584685568,3584686079,SG
3584686080,3584686591,DE
3584686592,3584687103,PL
3584687104,3584688127,DE
3584688128,3584696319,GB
3584696320,3584704511,ES
3584704512,3584720895,RU
3584720896,3584722175,GB
3584722176,3584722431,VN
3584722432,3584724479,GB
3584724480,3584724735,DE
3584724736,3584724991,US
3584724992,3584725247,GB
3584725248,3584725503,SE
3584725504,3584725759,US
3584725760,3584726783,GB
3584726784,3584727039,CA
3584727040,3584728063,GB
3584728064,3584728319,NZ
3584728320,3584728575,US
3584728576,3584728831,NZ
3584728832,3584729087,US
3584729088,3584737279,DE
3584737280,3584738303,US
3584738304,3584739327,DE
3584739328,3584740351,GB
3584740352,3584741375,RS
3584741376,3584742399,RO
3584742400,3584743423,CH
3584743424,3584744447,DE
3584744448,3584744959,RU
3584744960,3584745215,UA
3584745216,3584745471,RU
3584745472,3584753663,ES
3584753664,3584770047,RU
3584770048,3584778239,NL
3584778240,3584786431,IT
3584786432,3584794623,NL
3584794624,3584802815,IT
3584802816,3584811007,GB
3584811008,3584819199,ES
3584819200,3584827391,RU
3584827392,3584835583,ES
3584835584,3584843775,AZ
3584843776,3584851967,DE
3584851968,3584860159,ZA
3584860160,3584868351,PL
3584868352,3584876543,NO
3584876544,3584884735,SI
3584884736,3584887807,DE
3584887808,3584888319,GB
3584888320,3584888575,NL
3584888576,3584888831,GE
3584888832,3584892927,DE
3584892928,3584893951,LT
3584893952,3584894207,PE
3584894208,3584894719,US
3584894720,3584894975,NL
3584894976,3584897023,CH
3584897024,3584898047,FR
3584898048,3584899071,GT
3584899072,3584900095,NL
3584900096,3584901119,IN
3584901120,3584909311,AT
3584909312,3584917503,RO
3584917504,3584925695,FI
3584925696,3584925951,CH
3584925952,3584926207,GB
3584926208,3584928511,CH
3584928512,3584928767,GB
3584928768,3584932767,CH
3584932768,3584932775,IT
3584932776,3584933887,CH
3584933888,3584942079,SE
3584942080,3584950271,DK
3584950272,3584958463,UA
3584958464,3584966655,DE
3584966656,3584974847,DK
3584974848,3584983039,FR
3584983040,3584991231,NL
3584991232,3584999423,IT
3584999424,3585007615,GB
3585007616,3585015807,AT
3585015808,3585023999,IT
3585024000,3585032191,CZ
3585032192,3585048575,LV
3585048576,3585056767,DE
3585056768,3585064959,LB
3585064960,3585081343,GB
3585081344,3585097727,IR
3585097728,3585097983,NL
3585097984,3585098239,FI
3585098240,3585098495,FR
3585098496,3585098751,NL
3585098752,3585099775,IR
3585099776,3585100031,GB
3585100032,3585100287,FR
3585100288,3585100543,NL
3585100544,3585100799,FR
3585100800,3585101567,DE
3585101568,3585104895,IR
3585104896,3585105151,FI
3585105152,3585105407,DE
3585105408,3585105663,AT
3585105664,3585105919,DE
3585105920,3585110015,IR
3585110016,3585110271,SE
3585110272,3585110527,NL
3585110528,3585111039,DE
3585111040,3585112063,SE
3585112064,3585114111,IR
3585114112,3585122303,IS
3585122304,3585130495,ES
3585130496,3585138687,FR
3585138688,3585146879,RU
3585146880,3585155071,RO
3585155072,3585163263,GB
3585163264,3585171455,BE
3585171456,3585179647,RU
3585179648,3585187839,BE
3585187840,3585188095,TR
3585188096,3585188351,AL
3585188352,3585188863,DE
3585188864,3585189119,TR
3585189120,3585189375,NL
3585189376,3585190143,FR
3585190144,3585190399,SE
3585190400,3585190655,SG
3585190656,3585190911,TR
3585190912,3585191167,PL
3585191168,3585191423,IT
3585191424,3585191679,HK
3585191680,3585191935,QA
3585191936,3585192959,IR
3585192960,3585193215,UA
3585193216,3585193471,IR
3585193472,3585193727,TR
3585193728,3585193983,RU
3585193984,3585194239,PL
3585194240,3585194495,SY
3585194496,3585194751,TR
3585194752,3585195007,LT
3585195008,3585195263,GE
3585195264,3585195775,CH
3585195776,3585196031,RU
3585196032,3585204223,ES
3585204224,3585205503,GB
3585205504,3585205759,DE
3585205760,3585206271,GB
3585206272,3585206527,MY
3585206528,3585207551,GB
3585207552,3585207807,KR
3585207808,3585208319,GB
3585208320,3585208575,US
3585208576,3585209343,GB
3585209344,3585209599,AU
3585209600,3585212159,GB
3585212160,3585212415,MY
3585212416,3585220607,DE
3585220608,3585228799,RU
3585228800,3585236991,DE
3585236992,3585245183,HU
3585245184,3585246207,DE
3585246208,3585247231,GB
3585247232,3585248255,QA
3585248256,3585249279,US
3585249280,3585250303,GB
3585250304,3585251327,FR
3585251328,3585251583,NL
3585251584,3585252351,RU
3585252352,3585253375,UA
3585253376,3585261567,DE
3585261568,3585269759,IT
3585269760,3585277951,SY
3585277952,3585286143,SE
3585286144,3585294335,NO
3585294336,3585296383,DE
3585296384,3585297407,PL
3585297408,3585298431,FR
3585298432,3585302527,DK
3585302528,3585310719,ES
3585310720,3585318911,DE
3585318912,3585327103,DZ
3585327104,3585328127,CA
3585328128,3585329151,US
3585329152,3585330175,SG
3585330176,3585331199,US
3585331200,3585331455,NL
3585331456,3585331711,US
3585331712,3585332223,IN
3585332224,3585333247,US
3585333248,3585334271,ES
3585334272,3585334783,CA
3585334784,3585335295,NL
3585335296,3585343487,UA
3585343488,3585351679,EE
3585351680,3585359871,CZ
3585359872,3585368063,SE
3585368064,3585376255,LV
3585376256,3585384447,PL
3585384448,3585392639,CH
3585392640,3585400831,RU
3585400832,3585409023,FR
3585409024,3585417215,RU
3585417216,3585425407,BE
3585425408,3585433599,ES
3585433600,3585441791,IS
3585441792,3585449983,SK
3585449984,3585458175,SA
3585458176,3585466367,HU
3585466368,3585474559,EG
3585474560,3585482751,DE
3585482752,3585490943,FR
3585490944,3585499135,IT
3585499136,3585515519,DE
3585515520,3585523711,RU
3585523712,3585531903,ES
3585531904,3585540095,AT
3585540096,3585548287,DE
3585548288,3585553919,LT
3585553920,3585554175,RU
3585554176,3585554431,LT
3585554432,3585554943,RU
3585554944,3585556479,LT
3585556480,3585564671,DE
3585564672,3585572863,RU
3585572864,3585581055,IT
3585581056,3585597439,DE
3585597440,3585605631,RU
3585605632,3585613823,PL
3585613824,3585622015,EE
3585622016,3585623039,KZ
3585623040,3585624063,GB
3585624064,3585625087,FR
3585625088,3585626111,IT
3585626112,3585627135,RO
3585627136,3585628159,NL
3585628160,3585629183,CH
3585629184,3585630207,CZ
3585630208,3585638399,NL
3585638400,3585646591,RU
3585646592,3585654783,SA
3585654784,3585662975,NO
3585662976,3585671167,BY
3585671168,3585679359,SE
3585679360,3585687551,FI
3585687552,3585693183,DE
3585693184,3585693695,NL
3585693696,3585694719,DE
3585694720,3585695743,NL
3585695744,3585703935,GB
3585703936,3585712127,DE
3585712128,3585714991,AT
3585714992,3585714999,DE
3585715000,3585716503,AT
3585716504,3585716511,DE
3585716512,3585718027,AT
3585718028,3585718031,DE
3585718032,3585720319,AT
3585720320,3585728511,GB
3585728512,3585736703,SE
3585736704,3585744895,HR
3585744896,3585753087,FR
3585753088,3585761279,PL
3585761280,3585769471,UA
3585769472,3585777663,TR
3585777664,3585785855,JO
3585785856,3585794047,UA
3585794048,3585802239,FI
3585802240,3585810431,IT
3585810432,3585818623,GB
3585818624,3585826815,DE
3585826816,3585835007,RU
3585835008,3585840127,NL
3585840128,3585841151,US
3585841152,3585842175,NL
3585842176,3585843199,GB
3585843200,3585851391,NO
3585851392,3585859583,SE
3585859584,3585863679,EE
3585863680,3585865727,NL
3585865728,3585867775,EE
3585867776,3585875967,NO
3585875968,3585884159,CH
3585884160,3585892351,US
3585892352,3585900543,DE
3585900544,3585908735,SE
3585908736,3585916927,GP
3585916928,3585919231,US
3585919232,3585919487,BR
3585919488,3585919743,AU
3585919744,3585919999,JP
3585920000,3585920255,GB
3585920256,3585920511,US
3585920512,3585920767,SG
3585920768,3585925119,US
3585925120,3585933311,CH
3585933312,3585941503,NL
3585941504,3585949695,PL
3585949696,3585957887,KW
3585957888,3585966079,SE
3585966080,3585974271,CH
3585974272,3585982463,BE
3585982464,3585998847,RU
3585998848,3585999871,CH
3585999872,3586000127,SG
3586000128,3586000895,US
3586000896,3586001919,ES
3586001920,3586002943,FR
3586002944,3586003967,US
3586003968,3586004479,AT
3586004480,3586004735,NL
3586004736,3586004991,AT
3586004992,3586006015,HR
3586006016,3586007039,DE
3586007040,3586015231,LT
3586015232,3586023423,FR
3586023424,3586031615,IS
3586031616,3586039807,IE
3586039808,3586047999,GB
3586048000,3586056191,PT
3586056192,3586072575,RU
3586072576,3586088959,DE
3586088960,3586097151,CZ
3586097152,3586105343,HR
3586105344,3586121727,BG
3586121728,3586129919,IE
3586129920,3586146303,CZ
3586146304,3586162687,PL
3586162688,3586179071,FI
3586179072,3586195455,ES
3586195456,3586203647,RU
3586203648,3586205695,ZM
3586205696,3586211839,ZA
3586211840,3586228223,CH
3586228224,3586244607,BE
3586244608,3586244863,DE
3586244864,3586245119,NL
3586245120,3586245375,TJ
3586245376,3586245631,NL
3586245632,3586246655,ES
3586246656,3586248703,NL
3586248704,3586248959,LT
3586248960,3586250751,NL
3586250752,3586252799,DE
3586252800,3586254847,BE
3586254848,3586255615,NL
3586255616,3586255871,IS
3586255872,3586256127,LT
3586256128,3586256383,NL
3586256384,3586256895,MC
3586256896,3586259455,NL
3586259456,3586277375,GB
3586277376,3586293759,TR
3586293760,3586310143,ES
3586310144,3586326527,CZ
3586326528,3586332671,IR
3586332672,3586334719,DE
3586334720,3586342911,IR
3586342912,3586359295,ES
3586359296,3586375679,PL
3586375680,3586392063,CZ
3586392064,3586408447,NL
3586408448,3586416639,ME
3586416640,3586420735,RS
3586420736,3586424831,BA
3586424832,3586441215,CH
3586441216,3586457599,DE
3586457600,3586473983,NL
3586473984,3586490367,HU
3586490368,3586506751,LT
3586506752,3586523135,NL
3586523136,3586537471,GB
3586537472,3586537472,IT
3586537473,3586537478,US
3586537479,3586537479,AF
3586537480,3586537535,US
3586537536,3586537599,IT
3586537600,3586537727,US
3586537728,3586543023,GB
3586543024,3586543027,RO
3586543028,3586549759,GB
3586549760,3586550783,FR
3586550784,3586555903,GB
3586555904,3586572287,IT
3586572288,3586588671,RS
3586588672,3586596863,IT
3586596864,3586605055,FR
3586605056,3586621439,SE
3586621440,3586637823,GB
3586637824,3586654207,PL
3586654208,3586662399,GE
3586662400,3586670591,UA
3586670592,3586676735,US
3586676736,3586676863,DE
3586676864,3586679739,US
3586679740,3586679743,IT
3586679744,3586686975,US
3586686976,3586703359,SE
3586703360,3586719743,CH
3586719744,3586752511,ES
3586752512,3586753535,US
3586753536,3586753791,JP
3586753792,3586754047,US
3586754048,3586754303,CZ
3586754304,3586755327,US
3586755328,3586755583,JP
3586755584,3586758143,US
3586758144,3586759167,TR
3586759168,3586759679,PL
3586759680,3586760191,TR
3586760192,3586760703,US
3586760704,3586761215,TR
3586761216,3586761727,US
3586761728,3586762239,TR
3586762240,3586762751,PL
3586762752,3586763263,TR
3586763264,3586763775,US
3586763776,3586764287,TR
3586764288,3586764799,PL
3586764800,3586765311,TR
3586765312,3586765823,US
3586765824,3586766335,TR
3586766336,3586766847,PL
3586766848,3586767359,TR
3586767360,3586767871,PL
3586767872,3586768383,TR
3586768384,3586768895,PL
3586768896,3586769407,TR
3586769408,3586769919,PL
3586769920,3586770431,BE
3586770432,3586772735,US
3586772736,3586772991,DE
3586772992,3586773503,BE
3586773504,3586773759,DE
3586773760,3586774015,US
3586774016,3586774527,TR
3586774528,3586775039,PL
3586775040,3586775551,TR
3586775552,3586776063,PL
3586776064,3586776575,TR
3586776576,3586777087,PL
3586777088,3586777343,US
3586777344,3586777599,DE
3586777600,3586778623,BE
3586778624,3586778879,US
3586778880,3586779135,DE
3586779136,3586779647,TR
3586779648,3586780159,SE
3586780160,3586780415,US
3586780416,3586780671,DE
3586780672,3586781183,BE
3586781184,3586785279,US
3586785280,3586787327,AE
3586787328,3586793471,OM
3586793472,3586801663,CH
3586801664,3586818047,HR
3586818048,3586834431,IE
3586834432,3586850815,DE
3586850816,3586867199,NO
3586867200,3586883583,FR
3586883584,3586899967,IT
3586899968,3586916351,DE
3586916352,3586924543,IT
3586924544,3586932735,FI
3586932736,3586949119,LB
3586949120,3586981887,SE
3586981888,3586998271,IT
3586998272,3587006463,PT
3587006464,3587014655,FR
3587014656,3587055615,GB
3587055616,3587063807,UZ
3587063808,3587080191,NL
3587080192,3587080847,GB
3587080848,3587080851,CH
3587080852,3587088383,GB
3587088384,3587096575,DE
3587096576,3587121151,NL
3587121152,3587129343,AL
3587129344,3587145727,NL
3587145728,3587162111,CY
3587162112,3587178495,IR
3587178496,3587186687,AT
3587186688,3587194879,DE
3587194880,3587211263,GB
3587211264,3587219455,AT
3587219456,3587222271,RU
3587222272,3587222527,RO
3587222528,3587227647,RU
3587227648,3587228927,NL
3587228928,3587228961,DE
3587228962,3587228963,NL
3587228964,3587229017,DE
3587229018,3587229019,NL
3587229020,3587229031,DE
3587229032,3587229035,NL
3587229036,3587229071,DE
3587229072,3587229075,NL
3587229076,3587229083,DE
3587229084,3587229091,NL
3587229092,3587229095,DE
3587229096,3587229103,NL
3587229104,3587229115,DE
3587229116,3587229119,NL
3587229120,3587229123,DE
3587229124,3587229127,NL
3587229128,3587229135,DE
3587229136,3587229143,NL
3587229144,3587229151,DE
3587229152,3587229159,NL
3587229160,3587229167,DE
3587229168,3587229179,NL
3587229180,3587229183,DE
3587229184,3587229191,NL
3587229192,3587229199,IT
3587229200,3587229207,NL
3587229208,3587229215,IT
3587229216,3587229223,NL
3587229224,3587229231,IT
3587229232,3587229247,NL
3587229248,3587229255,IT
3587229256,3587229275,NL
3587229276,3587229279,IT
3587229280,3587229303,NL
3587229304,3587229311,IT
3587229312,3587229335,NL
3587229336,3587229343,IT
3587229344,3587229351,NL
3587229352,3587229359,IT
3587229360,3587229367,NL
3587229368,3587229375,IT
3587229376,3587229407,NL
3587229408,3587229423,IT
3587229424,3587229687,NL
3587229688,3587229695,FR
3587229696,3587229711,NL
3587229712,3587229743,IT
3587229744,3587229755,NL
3587229756,3587229775,IT
3587229776,3587229783,NL
3587229784,3587229799,IT
3587229800,3587229807,NL
3587229808,3587229811,IT
3587229812,3587229815,NL
3587229816,3587229831,IT
3587229832,3587229879,NL
3587229880,3587229887,IT
3587229888,3587229903,NL
3587229904,3587229911,IT
3587229912,3587229919,NL
3587229920,3587229923,IT
3587229924,3587229927,NL
3587229928,3587229935,IT
3587229936,3587230215,NL
3587230216,3587230227,PT
3587230228,3587230235,NL
3587230236,3587230247,PT
3587230248,3587230251,NL
3587230252,3587230255,PT
3587230256,3587230259,NL
3587230260,3587230267,PT
3587230268,3587230271,NL
3587230272,3587230279,PT
3587230280,3587230283,NL
3587230284,3587230307,PT
3587230308,3587230311,NL
3587230312,3587230339,PT
3587230340,3587230351,NL
3587230352,3587230355,ES
3587230356,3587230359,NL
3587230360,3587230367,PT
3587230368,3587230379,NL
3587230380,3587230391,PT
3587230392,3587230395,FR
3587230396,3587230399,PT
3587230400,3587230403,ES
3587230404,3587230415,NL
3587230416,3587230423,PT
3587230424,3587230427,ES
3587230428,3587230455,PT
3587230456,3587230459,ES
3587230460,3587230461,NL
3587230462,3587230463,PT
3587230464,3587230979,NL
3587230980,3587230995,BE
3587230996,3587230999,NL
3587231000,3587231007,BE
3587231008,3587231015,NL
3587231016,3587231019,BE
3587231020,3587231023,NL
3587231024,3587231027,BE
3587231028,3587231031,LU
3587231032,3587231043,BE
3587231044,3587231047,NL
3587231048,3587231067,BE
3587231068,3587231071,LU
3587231072,3587231091,BE
3587231092,3587231093,NL
3587231094,3587231095,BE
3587231096,3587231099,NL
3587231100,3587231101,BE
3587231102,3587231103,NL
3587231104,3587231119,BE
3587231120,3587231123,LU
3587231124,3587231127,BE
3587231128,3587231143,NL
3587231144,3587231147,BE
3587231148,3587231151,LU
3587231152,3587231155,NL
3587231156,3587231159,BE
3587231160,3587231163,LU
3587231164,3587231171,BE
3587231172,3587231175,NL
3587231176,3587231179,BE
3587231180,3587231187,NL
3587231188,3587231195,BE
3587231196,3587231199,NL
3587231200,3587231215,BE
3587231216,3587231223,NL
3587231224,3587231227,BE
3587231228,3587233335,NL
3587233336,3587233343,GB
3587233344,3587234771,NL
3587234772,3587234775,GB
3587234776,3587234815,NL
3587234816,3587235071,DE
3587235072,3587237071,NL
3587237072,3587237075,GB
3587237076,3587238071,NL
3587238072,3587238079,IT
3587238080,3587238095,NL
3587238096,3587238103,IT
3587238104,3587239311,NL
3587239312,3587239319,BE
3587239320,3587239983,NL
3587239984,3587239991,BE
3587239992,3587241471,NL
3587241472,3587241727,AT
3587241728,3587241923,NL
3587241924,3587241927,BE
3587241928,3587242663,NL
3587242664,3587242671,DE
3587242672,3587244031,NL
3587244032,3587260415,IT
3587260416,3587277055,DE
3587277056,3587277311,NL
3587277312,3587278079,DE
3587278080,3587278335,IL
3587278336,3587278591,NL
3587278592,3587280127,DE
3587280128,3587280383,GB
3587280384,3587281663,DE
3587281664,3587281919,GB
3587281920,3587282687,DE
3587282688,3587282943,SG
3587282944,3587283199,DE
3587283200,3587283711,US
3587283712,3587284479,DE
3587284480,3587284735,US
3587284736,3587284991,DE
3587284992,3587285759,IT
3587285760,3587286015,SS
3587286016,3587286271,IT
3587286272,3587286527,FR
3587286528,3587286783,IT
3587286784,3587287039,FR
3587287040,3587287295,IT
3587287296,3587287807,IE
3587287808,3587290239,FR
3587290240,3587290431,NL
3587290432,3587290879,FR
3587290880,3587290943,MX
3587290944,3587291055,FR
3587291056,3587291071,JP
3587291072,3587293183,FR
3587293184,3587309567,IT
3587309568,3587310591,GB
3587310592,3587311103,TW
3587311104,3587312383,GB
3587312384,3587312639,IN
3587312640,3587312895,GB
3587312896,3587313151,US
3587313152,3587314687,GB
3587314688,3587314943,FR
3587314944,3587315199,IN
3587315200,3587318527,GB
3587318528,3587318783,PL
3587318784,3587319295,IN
3587319296,3587319807,GB
3587319808,3587320063,JP
3587320064,3587321855,GB
3587321856,3587322367,IN
3587322368,3587324159,GB
3587324160,3587324415,JP
3587324416,3587325951,GB
3587325952,3587342335,RU
3587342336,3587358719,CZ
3587358720,3587375103,SA
3587375104,3587383295,TR
3587383296,3587391487,CZ
3587391488,3587407871,KZ
3587407872,3587424255,BE
3587424256,3587440639,DE
3587440640,3587440651,SE
3587440652,3587440655,NO
3587440656,3587440899,SE
3587440900,3587440915,NO
3587440916,3587440919,SE
3587440920,3587440927,NO
3587440928,3587440991,SE
3587440992,3587440999,NO
3587441000,3587442439,SE
3587442440,3587442447,DK
3587442448,3587443547,SE
3587443548,3587443551,NO
3587443552,3587443599,SE
3587443600,3587443607,NO
3587443608,3587443615,SE
3587443616,3587443619,NO
3587443620,3587443627,SE
3587443628,3587443635,NO
3587443636,3587443639,SE
3587443640,3587443647,NO
3587443648,3587443775,SE
3587443776,3587443779,NO
3587443780,3587443783,SE
3587443784,3587443787,NO
3587443788,3587443799,SE
3587443800,3587443807,NO
3587443808,3587443839,SE
3587443840,3587443855,NO
3587443856,3587443859,SE
3587443860,3587443863,NO
3587443864,3587443867,SE
3587443868,3587443871,NO
3587443872,3587443903,SE
3587443904,3587443911,NO
3587443912,3587443915,SE
3587443916,3587443931,NO
3587443932,3587443935,SE
3587443936,3587443939,NO
3587443940,3587443947,SE
3587443948,3587443951,NO
3587443952,3587443967,SE
3587443968,3587443971,NO
3587443972,3587443975,FI
3587443976,3587444007,SE
3587444008,3587444015,NO
3587444016,3587444027,SE
3587444028,3587444035,NO
3587444036,3587444043,SE
3587444044,3587444055,NO
3587444056,3587444167,SE
3587444168,3587444171,DK
3587444172,3587444711,SE
3587444712,3587444715,NO
3587444716,3587445115,SE
3587445116,3587445119,NO
3587445120,3587445759,SE
3587445760,3587445887,FI
3587445888,3587445951,SE
3587445952,3587445999,FI
3587446000,3587446015,SE
3587446016,3587446031,FI
3587446032,3587446095,SE
3587446096,3587446127,FI
3587446128,3587446143,NO
3587446144,3587446271,FI
3587446272,3587446819,SE
3587446820,3587446823,NO
3587446824,3587448503,SE
3587448504,3587448543,FI
3587448544,3587448551,SE
3587448552,3587448559,FI
3587448560,3587449087,SE
3587449088,3587449151,DK
3587449152,3587449159,ES
3587449160,3587449887,SE
3587449888,3587449895,NO
3587449896,3587449943,SE
3587449944,3587449951,DK
3587449952,3587450607,SE
3587450608,3587450615,NO
3587450616,3587451007,SE
3587451008,3587451055,FI
3587451056,3587451699,SE
3587451700,3587451703,DK
3587451704,3587451783,SE
3587451784,3587451785,DK
3587451786,3587451967,SE
3587451968,3587452031,FI
3587452032,3587452191,SE
3587452192,3587452207,FI
3587452208,3587452799,SE
3587452800,3587452801,DK
3587452802,3587452927,SE
3587452928,3587452935,NO
3587452936,3587452943,SE
3587452944,3587452959,NO
3587452960,3587453343,SE
3587453344,3587453347,NO
3587453348,3587453351,SE
3587453352,3587453375,NO
3587453376,3587454975,SE
3587454976,3587454983,NO
3587454984,3587454999,SE
3587455000,3587455003,NO
3587455004,3587455007,SE
3587455008,3587455023,NO
3587455024,3587455031,SE
3587455032,3587455051,NO
3587455052,3587455055,SE
3587455056,3587455071,NO
3587455072,3587455559,SE
3587455560,3587455567,FI
3587455568,3587456951,SE
3587456952,3587456955,NO
3587456956,3587457023,SE
3587457024,3587473407,GB
3587473408,3587489791,IT
3587489792,3587506175,EG
3587506176,3587538943,IT
3587538944,3587547135,IS
3587547136,3587555327,CH
3587555328,3587571711,BE
3587571712,3587579903,DE
3587579904,3587588095,BE
3587588096,3587596287,BG
3587596288,3587598335,NL
3587598336,3587598591,TW
3587598592,3587604479,NL
3587604480,3587620863,FI
3587620864,3587637247,SE
3587637248,3587653631,FR
3587653632,3587670015,SK
3587670016,3587678879,IT
3587678880,3587678911,DE
3587678912,3587680911,IT
3587680912,3587680915,ES
3587680916,3587682431,IT
3587682432,3587682463,GB
3587682464,3587683487,IT
3587683488,3587683495,ES
3587683496,3587689639,IT
3587689640,3587689647,ES
3587689648,3587692495,IT
3587692496,3587692499,NL
3587692500,3587693359,IT
3587693360,3587693375,DE
3587693376,3587697063,IT
3587697064,3587697067,BE
3587697068,3587702783,IT
3587702784,3587710975,DE
3587710976,3587719167,CZ
3587719168,3587735551,PL
3587735552,3587751935,GB
3587751936,3587768319,FI
3587768320,3587769343,RU
3587769344,3587770367,IT
3587770368,3587770623,GB
3587770624,3587770879,DE
3587770880,3587771135,IN
3587771136,3587771391,UA
3587771392,3587772415,FR
3587772416,3587773439,GE
3587773440,3587774463,SA
3587774464,3587775743,ES
3587775744,3587775999,IT
3587776000,3587776255,DE
3587776256,3587776511,TR
3587776512,3587784703,SY
3587784704,3587801087,DE
3587801088,3587817471,IT
3587817472,3587833855,MT
3587833856,3587842047,DE
3587842048,3587850239,IT
3587850240,3587866623,PL
3587866624,3587874815,FR
3587874816,3587875327,IS
3587875328,3587875583,FR
3587875584,3587883007,DE
3587883008,3587887615,GB
3587887616,3587887871,DE
3587887872,3587888127,GB
3587888128,3587888383,IT
3587888384,3587888639,GB
3587888640,3587888895,US
3587888896,3587889151,HK
3587889152,3587892991,GB
3587892992,3587893247,DE
3587893248,3587895295,GB
3587895296,3587895551,US
3587895552,3587896063,GB
3587896064,3587896319,NL
3587896320,3587897343,GB
3587897344,3587897599,KR
3587897600,3587897855,UA
3587897856,3587898111,GB
3587898112,3587898367,TR
3587898368,3587898879,GB
3587898880,3587899135,JP
3587899136,3587899391,CA
3587899392,3587915775,GB
3587915776,3587932159,EE
3587932160,3587948543,BE
3587948544,3587963903,RU
3587963904,3587964927,US
3587964928,3587981311,ES
3587981312,3587997695,IS
3587997696,3588014079,DE
3588014080,3588030463,CZ
3588030464,3588046847,RU
3588046848,3588063231,DE
3588063232,3588071423,CH
3588071424,3588079615,GB
3588079616,3588095999,CH
3588096000,3588104191,NL
3588104192,3588112383,BG
3588112384,3588128767,FR
3588128768,3588145151,HU
3588145152,3588153343,PL
3588153344,3588161535,RU
3588161536,3588227071,FR
3588227072,3588292607,BE
3588292608,3588308991,AT
3588308992,3588325375,NO
3588325376,3588333567,GB
3588333568,3588341759,FR
3588341760,3588349951,IT
3588349952,3588350975,GB
3588350976,3588351999,IE
3588352000,3588353023,IT
3588353024,3588353279,ZA
3588353280,3588353791,SE
3588353792,3588354047,FR
3588354048,3588358143,IT
3588358144,3588374527,BG
3588374528,3588375551,GB
3588375552,3588376575,LT
3588376576,3588377599,FR
3588377600,3588379647,RU
3588379648,3588380671,ES
3588380672,3588381695,GB
3588381696,3588382719,UA
3588382720,3588383743,ES
3588383744,3588384767,RU
3588384768,3588385791,IT
3588385792,3588386815,ES
3588386816,3588387839,RU
3588387840,3588388863,TR
3588388864,3588389119,RU
3588389120,3588389375,UA
3588389376,3588390911,RU
3588390912,3588393983,LT
3588393984,3588394495,LV
3588394496,3588407295,LT
3588407296,3588423679,CZ
3588423680,3588440063,ES
3588440064,3588456447,PL
3588456448,3588464639,NL
3588464640,3588464895,AT
3588464896,3588465151,DE
3588465152,3588465663,FR
3588465664,3588466431,AT
3588466432,3588466687,AU
3588466688,3588467199,DE
3588467200,3588467455,JP
3588467456,3588467711,DE
3588467712,3588467967,AT
3588467968,3588468223,US
3588468224,3588468479,CH
3588468480,3588468735,AE
3588468736,3588468991,DE
3588468992,3588469247,US
3588469248,3588469503,ZA
3588469504,3588469759,AT
3588469760,3588470015,BR
3588470016,3588470271,IL
3588470272,3588470783,AT
3588470784,3588471039,IN
3588471040,3588471295,SE
3588471296,3588471551,ES
3588471552,3588471807,DE
3588471808,3588472063,SG
3588472064,3588472831,AT
3588472832,3588489215,UA
3588489216,3588505599,FR
3588505600,3588521983,RU
3588521984,3588538367,PT
3588538368,3588538407,DE
3588538408,3588538415,NL
3588538416,3588538431,DE
3588538432,3588538435,CZ
3588538436,3588538439,CH
3588538440,3588538447,DE
3588538448,3588538455,DK
3588538456,3588538591,DE
3588538592,3588538599,NL
3588538600,3588538607,SE
3588538608,3588538615,NL
3588538616,3588538631,DE
3588538632,3588538671,NL
3588538672,3588538735,DE
3588538736,3588538759,NL
3588538760,3588538775,DE
3588538776,3588538799,NL
3588538800,3588538871,DE
3588538872,3588538879,US
3588538880,3588538887,NL
3588538888,3588538919,DE
3588538920,3588538927,AT
3588538928,3588538959,DE
3588538960,3588538967,KZ
3588538968,3588539391,DE
3588539392,3588539903,GB
3588539904,3588539999,NL
3588540000,3588540007,SE
3588540008,3588540159,NL
3588540160,3588540415,GB
3588540416,3588540431,DE
3588540432,3588540439,NL
3588540440,3588540447,SE
3588540448,3588540455,DE
3588540456,3588540463,FR
3588540464,3588540479,DE
3588540480,3588540495,IT
3588540496,3588540511,GB
3588540512,3588540567,DE
3588540568,3588540575,BE
3588540576,3588540583,GB
3588540584,3588540711,DE
3588540712,3588540719,HU
3588540720,3588540727,DE
3588540728,3588540735,SE
3588540736,3588541183,DE
3588541184,3588541191,GR
3588541192,3588541271,DE
3588541272,3588541279,LT
3588541280,3588541311,DE
3588541312,3588541327,NL
3588541328,3588541423,DE
3588541424,3588541431,US
3588541432,3588541439,DE
3588541440,3588541695,GB
3588541696,3588541703,IT
3588541704,3588541719,RO
3588541720,3588541727,IT
3588541728,3588541735,NL
3588541736,3588541743,CH
3588541744,3588541751,GB
3588541752,3588541759,NL
3588541760,3588541767,FR
3588541768,3588541775,LT
3588541776,3588541783,IE
3588541784,3588541791,IT
3588541792,3588541807,FR
3588541808,3588541855,GB
3588541856,3588541863,FR
3588541864,3588541871,ES
3588541872,3588541879,GB
3588541880,3588541887,ES
3588541888,3588541903,NO
3588541904,3588541911,US
3588541912,3588541919,AT
3588541920,3588541959,GB
3588541960,3588541967,CH
3588541968,3588541975,GB
3588541976,3588541983,ES
3588541984,3588541999,NO
3588542000,3588542023,DE
3588542024,3588542031,FR
3588542032,3588542047,CH
3588542048,3588542055,NL
3588542056,3588542063,CH
3588542064,3588542071,GB
3588542072,3588542079,US
3588542080,3588542083,IE
3588542084,3588542087,FR
3588542088,3588542095,BE
3588542096,3588542111,NL
3588542112,3588542119,GB
3588542120,3588542127,ES
3588542128,3588542135,AT
3588542136,3588542143,SE
3588542144,3588542151,NL
3588542152,3588542159,US
3588542160,3588542167,GB
3588542168,3588542175,FR
3588542176,3588542183,GB
3588542184,3588542191,LT
3588542192,3588542199,AT
3588542200,3588542207,DE
3588542208,3588542223,IE
3588542224,3588542231,DE
3588542232,3588542239,FR
3588542240,3588542255,DE
3588542256,3588542271,FR
3588542272,3588542287,GB
3588542288,3588542295,ES
3588542296,3588542303,GB
3588542304,3588542319,US
3588542320,3588542335,SE
3588542336,3588542343,FR
3588542344,3588542351,GB
3588542352,3588542359,FR
3588542360,3588542375,DE
3588542376,3588542383,NL
3588542384,3588542391,NO
3588542392,3588542399,DE
3588542400,3588542423,FR
3588542424,3588542439,IT
3588542440,3588542455,HU
3588542456,3588542463,ES
3588542464,3588542639,FR
3588542640,3588542655,NL
3588542656,3588542663,FR
3588542664,3588542671,NL
3588542672,3588542687,GB
3588542688,3588542695,FR
3588542696,3588542703,NL
3588542704,3588543487,FR
3588543488,3588543615,IT
3588543616,3588543623,ES
3588543624,3588543639,AT
3588543640,3588543647,GB
3588543648,3588543655,IT
3588543656,3588543663,PL
3588543664,3588543695,FI
3588543696,3588543703,HU
3588543704,3588543711,FR
3588543712,3588543727,BG
3588543728,3588543735,IT
3588543736,3588543743,ES
3588543744,3588543751,PL
3588543752,3588543759,ZA
3588543760,3588543775,GB
3588543776,3588543783,ES
3588543784,3588543791,FR
3588543792,3588543831,GB
3588543832,3588543839,PT
3588543840,3588543847,LU
3588543848,3588543855,IE
3588543856,3588543863,BE
3588543864,3588543879,ES
3588543880,3588543887,IE
3588543888,3588543895,PL
3588543896,3588543903,GB
3588543904,3588543911,ES
3588543912,3588543919,CH
3588543920,3588543927,NO
3588543928,3588543935,ES
3588543936,3588543943,GB
3588543944,3588543951,ES
3588543952,3588543959,GB
3588543960,3588543967,IE
3588543968,3588543975,DE
3588543976,3588543983,IT
3588543984,3588543999,GB
3588544000,3588544015,ES
3588544016,3588544031,FR
3588544032,3588544047,SE
3588544048,3588544079,GB
3588544080,3588544087,NL
3588544088,3588544095,NO
3588544096,3588544103,DE
3588544104,3588544111,GB
3588544112,3588544119,NL
3588544120,3588544135,CH
3588544136,3588544151,ES
3588544152,3588544159,BE
3588544160,3588544167,ES
3588544168,3588544183,DE
3588544184,3588544191,GB
3588544192,3588544199,IE
3588544200,3588544247,NO
3588544248,3588544255,PT
3588544256,3588544259,GB
3588544260,3588544263,ES
3588544264,3588544271,BG
3588544272,3588544279,CZ
3588544280,3588544295,GB
3588544296,3588544311,US
3588544312,3588544319,FR
3588544320,3588544327,IT
3588544328,3588544335,FR
3588544336,3588544343,FI
3588544344,3588544347,CZ
3588544348,3588544351,GB
3588544352,3588544367,ES
3588544368,3588544375,DK
3588544376,3588544399,DE
3588544400,3588544407,US
3588544408,3588544411,IT
3588544412,3588544415,ES
3588544416,3588544431,FR
3588544432,3588544435,DE
3588544436,3588544439,RO
3588544440,3588544447,BE
3588544448,3588544455,DK
3588544456,3588544459,SE
3588544460,3588544463,NO
3588544464,3588544511,GB
3588544512,3588544599,NO
3588544600,3588544623,IT
3588544624,3588544639,BE
3588544640,3588544647,ES
3588544648,3588544655,CH
3588544656,3588544671,CZ
3588544672,3588544679,IT
3588544680,3588544687,RO
3588544688,3588544703,BE
3588544704,3588544711,ES
3588544712,3588544719,RO
3588544720,3588544735,BE
3588544736,3588544743,GB
3588544744,3588544751,IT
3588544752,3588544759,BE
3588544760,3588544763,NO
3588544764,3588544767,US
3588544768,3588544775,FR
3588544776,3588544783,BG
3588544784,3588544791,GB
3588544792,3588544799,FR
3588544800,3588544807,IE
3588544808,3588544811,ES
3588544812,3588544815,FI
3588544816,3588544823,GB
3588544824,3588544831,IT
3588544832,3588544863,GB
3588544864,3588544871,NL
3588544872,3588544879,IE
3588544880,3588544887,HU
3588544888,3588544895,BE
3588544896,3588544903,PL
3588544904,3588544911,BE
3588544912,3588544915,GB
3588544916,3588544919,BE
3588544920,3588544927,ES
3588544928,3588544943,GB
3588544944,3588544951,ES
3588544952,3588544959,SE
3588544960,3588544967,IT
3588544968,3588544975,CH
3588544976,3588544991,CZ
3588544992,3588544999,BE
3588545000,3588545007,SK
3588545008,3588545015,AT
3588545016,3588545023,IE
3588545024,3588545031,HU
3588545032,3588545039,PL
3588545040,3588545047,GB
3588545048,3588545055,ES
3588545056,3588545063,CH
3588545064,3588545071,IT
3588545072,3588545087,HR
3588545088,3588545151,CH
3588545152,3588545167,NO
3588545168,3588545171,IE
3588545172,3588545175,GB
3588545176,3588545191,RO
3588545192,3588545199,BE
3588545200,3588545207,SE
3588545208,3588545215,GB
3588545216,3588545223,SE
3588545224,3588545227,IT
3588545228,3588545235,DE
3588545236,3588545239,IT
3588545240,3588545247,DE
3588545248,3588545255,NL
3588545256,3588545263,GB
3588545264,3588545287,BE
3588545288,3588545303,DE
3588545304,3588545319,BE
3588545320,3588545327,PT
3588545328,3588545343,FR
3588545344,3588545347,DK
3588545348,3588545351,GR
3588545352,3588545359,DE
3588545360,3588545367,DK
3588545368,3588545375,BE
3588545376,3588545383,IE
3588545384,3588545391,CH
3588545392,3588545399,DE
3588545400,3588545407,FI
3588545408,3588545423,DE
3588545424,3588545431,HU
3588545432,3588545439,IT
3588545440,3588545447,SE
3588545448,3588545455,SI
3588545456,3588545463,AT
3588545464,3588545471,IE
3588545472,3588545487,IT
3588545488,3588545535,GB
3588545536,3588545543,US
3588545544,3588545551,DE
3588545552,3588545559,ES
3588545560,3588545567,NL
3588545568,3588545579,GR
3588545580,3588545583,TR
3588545584,3588545591,GB
3588545592,3588545639,IT
3588545640,3588545647,DK
3588545648,3588545655,GB
3588545656,3588545663,RS
3588545664,3588545671,GB
3588545672,3588545703,US
3588545704,3588545711,IT
3588545712,3588545735,SE
3588545736,3588545743,GB
3588545744,3588545759,BE
3588545760,3588545767,FI
3588545768,3588545775,BE
3588545776,3588545783,GB
3588545784,3588545787,NL
3588545788,3588545791,GB
3588545792,3588545799,IE
3588545800,3588545807,PL
3588545808,3588545815,US
3588545816,3588545823,RO
3588545824,3588545831,IT
3588545832,3588545839,US
3588545840,3588545847,IT
3588545848,3588545871,US
3588545872,3588545887,DE
3588545888,3588545927,SE
3588545928,3588545951,NL
3588545952,3588545959,ES
3588545960,3588545967,FI
3588545968,3588545975,PL
3588545976,3588545983,GB
3588545984,3588546047,CH
3588546048,3588546055,DE
3588546056,3588546059,FR
3588546060,3588546063,GB
3588546064,3588546071,SK
3588546072,3588546079,HU
3588546080,3588546087,GB
3588546088,3588546095,NL
3588546096,3588546103,BE
3588546104,3588546111,PL
3588546112,3588546135,NO
3588546136,3588546167,GB
3588546168,3588546175,IT
3588546176,3588546183,IE
3588546184,3588546191,GB
3588546192,3588546207,NL
3588546208,3588546215,NO
3588546216,3588546223,IT
3588546224,3588546239,GB
3588546240,3588546303,CH
3588546304,3588546311,SK
3588546312,3588546319,GB
3588546320,3588546335,IE
3588546336,3588546343,CH
3588546344,3588546351,GB
3588546352,3588546359,IT
3588546360,3588546367,TR
3588546368,3588546371,FI
3588546372,3588546375,ES
3588546376,3588546383,IE
3588546384,3588546415,IT
3588546416,3588546431,GB
3588546432,3588546439,NL
3588546440,3588546447,FR
3588546448,3588546471,PL
3588546472,3588546479,FR
3588546480,3588546495,US
3588546496,3588546503,FI
3588546504,3588546519,NO
3588546520,3588546523,PL
3588546524,3588546527,ES
3588546528,3588546543,GB
3588546544,3588546551,ES
3588546552,3588546559,US
3588546560,3588546567,CZ
3588546568,3588546575,FR
3588546576,3588546579,DE
3588546580,3588546583,ES
3588546584,3588546591,FR
3588546592,3588546599,GB
3588546600,3588546607,FR
3588546608,3588546615,BE
3588546616,3588546623,ES
3588546624,3588546631,GB
3588546632,3588546639,FR
3588546640,3588546647,ES
3588546648,3588546655,PL
3588546656,3588546663,FR
3588546664,3588546687,NO
3588546688,3588546695,DK
3588546696,3588546703,NO
3588546704,3588546711,NL
3588546712,3588546727,FR
3588546728,3588546735,IT
3588546736,3588546739,US
3588546740,3588546743,DK
3588546744,3588546751,NL
3588546752,3588546815,CH
3588546816,3588546879,BA
3588546880,3588546895,DE
3588546896,3588546903,NO
3588546904,3588546911,PL
3588546912,3588546927,NO
3588546928,3588546935,HU
3588546936,3588546991,NO
3588546992,3588547007,PL
3588547008,3588547015,ES
3588547016,3588547023,CH
3588547024,3588547031,DK
3588547032,3588547039,PL
3588547040,3588547047,ES
3588547048,3588547055,US
3588547056,3588547087,GB
3588547088,3588547095,NL
3588547096,3588547103,GB
3588547104,3588547111,IE
3588547112,3588547135,NO
3588547136,3588547143,CH
3588547144,3588547151,GB
3588547152,3588547167,PL
3588547168,3588547175,GB
3588547176,3588547183,NL
3588547184,3588547191,BE
3588547192,3588547207,NL
3588547208,3588547215,BE
3588547216,3588547219,FR
3588547220,3588547223,ES
3588547224,3588547231,GB
3588547232,3588547239,DE
3588547240,3588547255,GB
3588547256,3588547263,NL
3588547264,3588547271,ES
3588547272,3588547279,NO
3588547280,3588547287,US
3588547288,3588547295,ES
3588547296,3588547311,DE
3588547312,3588547343,NL
3588547344,3588547351,PT
3588547352,3588547359,IT
3588547360,3588547367,ES
3588547368,3588547375,DE
3588547376,3588547391,IT
3588547392,3588547423,ES
3588547424,3588547431,CH
3588547432,3588547439,IE
3588547440,3588547447,GB
3588547448,3588547455,US
3588547456,3588547463,CH
3588547464,3588547471,NL
3588547472,3588547479,GB
3588547480,3588547527,NL
3588547528,3588547535,DE
3588547536,3588547543,GB
3588547544,3588547551,FI
3588547552,3588547559,IT
3588547560,3588547567,BE
3588547568,3588547575,ES
3588547576,3588547583,IT
3588547584,3588548095,GB
3588548096,3588548607,NL
3588548608,3588548615,IT
3588548616,3588548631,DE
3588548632,3588548639,ES
3588548640,3588548655,FR
3588548656,3588548663,NL
3588548664,3588548671,FR
3588548672,3588548675,PT
3588548676,3588548687,GB
3588548688,3588548695,IE
3588548696,3588548703,FR
3588548704,3588548711,BE
3588548712,3588548719,NO
3588548720,3588548739,GB
3588548740,3588548743,ES
3588548744,3588548759,RO
3588548760,3588548767,ES
3588548768,3588548771,FI
3588548772,3588548772,HU
3588548773,3588548775,GB
3588548776,3588548783,FR
3588548784,3588548791,NL
3588548792,3588548799,ES
3588548800,3588548815,NL
3588548816,3588548823,GB
3588548824,3588548831,CZ
3588548832,3588548839,BE
3588548840,3588548847,IE
3588548848,3588548855,ES
3588548856,3588548863,US
3588548864,3588548879,DK
3588548880,3588548887,ES
3588548888,3588548895,FR
3588548896,3588548903,SE
3588548904,3588548911,GB
3588548912,3588548927,NL
3588548928,3588548935,FR
3588548936,3588548943,DE
3588548944,3588548951,HU
3588548952,3588548991,GB
3588548992,3588548999,NO
3588549000,3588549007,DE
3588549008,3588549015,LU
3588549016,3588549023,GB
3588549024,3588549031,NO
3588549032,3588549039,LU
3588549040,3588549047,CH
3588549048,3588549063,NL
3588549064,3588549071,US
3588549072,3588549087,PL
3588549088,3588549091,GB
3588549092,3588549095,FR
3588549096,3588549111,GB
3588549112,3588549127,DE
3588549128,3588549135,GB
3588549136,3588549151,BE
3588549152,3588549159,FI
3588549160,3588549167,GB
3588549168,3588549175,SE
3588549176,3588549199,GB
3588549200,3588549207,ES
3588549208,3588549211,CZ
3588549212,3588549215,BE
3588549216,3588549231,GB
3588549232,3588549239,HU
3588549240,3588549243,RO
3588549244,3588549263,FR
3588549264,3588549279,IT
3588549280,3588549295,ES
3588549296,3588549303,NL
3588549304,3588549311,BE
3588549312,3588549319,GB
3588549320,3588549327,DE
3588549328,3588549343,PT
3588549344,3588549359,GB
3588549360,3588549367,SE
3588549368,3588549375,FR
3588549376,3588549463,GB
3588549464,3588549471,NL
3588549472,3588549479,FR
3588549480,3588549487,GB
3588549488,3588549495,DE
3588549496,3588549503,IE
3588549504,3588549511,NO
3588549512,3588549515,GB
3588549516,3588549519,IT
3588549520,3588549527,IE
3588549528,3588549535,GB
3588549536,3588549543,IT
3588549544,3588549551,DE
3588549552,3588549563,GB
3588549564,3588549567,IT
3588549568,3588549575,FI
3588549576,3588549591,DE
3588549592,3588549599,GB
3588549600,3588549615,BE
3588549616,3588549623,FR
3588549624,3588549631,BE
3588549632,3588549647,SE
3588549648,3588549655,AT
3588549656,3588549663,BE
3588549664,3588549679,IT
3588549680,3588549687,NL
3588549688,3588549735,PL
3588549736,3588549743,CH
3588549744,3588549831,GB
3588549832,3588549835,BE
3588549836,3588549851,DE
3588549852,3588549859,DK
3588549860,3588549863,HR
3588549864,3588549879,FR
3588549880,3588549887,GB
3588549888,3588549891,NO
3588549892,3588549895,ES
3588549896,3588549899,PL
3588549900,3588549903,SE
3588549904,3588549951,GB
3588549952,3588549955,PT
3588549956,3588549959,PL
3588549960,3588549967,GB
3588549968,3588549975,NL
3588549976,3588549983,PL
3588549984,3588549999,RO
3588550000,3588550023,PL
3588550024,3588550031,GB
3588550032,3588550039,FR
3588550040,3588550043,IT
3588550044,3588550047,GB
3588550048,3588550055,PT
3588550056,3588550063,IT
3588550064,3588550071,DK
3588550072,3588550079,PL
3588550080,3588550087,FR
3588550088,3588550095,GB
3588550096,3588550111,DE
3588550112,3588550119,BE
3588550120,3588550127,FR
3588550128,3588550135,GB
3588550136,3588550143,FR
3588550144,3588550159,GB
3588550160,3588550163,SE
3588550164,3588550167,GB
3588550168,3588550175,FR
3588550176,3588550183,NL
3588550184,3588550191,RO
3588550192,3588550199,ES
3588550200,3588550375,GB
3588550376,3588550391,IT
3588550392,3588550399,ES
3588550400,3588551167,GB
3588551168,3588551175,PL
3588551176,3588551191,NO
3588551192,3588551199,HU
3588551200,3588551207,NO
3588551208,3588554751,GB
3588554752,3588571135,AT
3588571136,3588587519,GB
3588587520,3588598527,ES
3588598528,3588598543,IT
3588598544,3588599055,ES
3588599056,3588599063,DE
3588599064,3588600271,ES
3588600272,3588600279,NL
3588600280,3588603647,ES
3588603648,3588603903,PT
3588603904,3588620287,SI
3588620288,3588628479,SA
3588628480,3588636671,CH
3588636672,3588653055,UZ
3588653056,3588661247,IT
3588661248,3588669439,NO
3588669440,3588685823,GB
3588685824,3588702207,UA
3588702208,3588718591,ES
3588718592,3588734975,BG
3588734976,3588751359,PL
3588751360,3588767743,TR
3588767744,3588768767,DE
3588768768,3588769791,SC
3588769792,3588770815,DK
3588770816,3588771839,ES
3588771840,3588772863,FR
3588772864,3588773887,DE
3588773888,3588774911,BG
3588774912,3588775935,AU
3588775936,3588776959,SE
3588776960,3588777983,DE
3588777984,3588779007,AT
3588779008,3588780031,FR
3588780032,3588780287,EE
3588780288,3588781055,NL
3588781056,3588782079,DE
3588782080,3588783103,RU
3588783104,3588784127,IR
3588784128,3588800511,CH
3588800512,3588800767,RU
3588800768,3588801023,DE
3588801024,3588801535,RU
3588801536,3588802047,KZ
3588802048,3588802303,FR
3588802304,3588802559,RU
3588802560,3588802815,KG
3588802816,3588803071,KZ
3588803072,3588803327,DK
3588803328,3588803583,TR
3588803584,3588803839,LV
3588803840,3588804095,CH
3588804096,3588804351,KZ
3588804352,3588806655,RU
3588806656,3588806911,NL
3588806912,3588807167,ES
3588807168,3588808959,KZ
3588808960,3588809215,UZ
3588809216,3588809471,FR
3588809472,3588810239,RU
3588810240,3588810751,KZ
3588810752,3588811007,ES
3588811008,3588811263,RU
3588811264,3588811519,UA
3588811520,3588811775,RU
3588811776,3588812031,GB
3588812032,3588812287,BG
3588812288,3588812799,DE
3588812800,3588813055,RU
3588813056,3588813311,SA
3588813312,3588814079,KZ
3588814080,3588814335,UZ
3588814336,3588814847,KZ
3588814848,3588815103,ES
3588815104,3588815871,RU
3588815872,3588816127,DE
3588816128,3588816383,NL
3588816384,3588816639,RU
3588816640,3588816895,FR
3588816896,3588833279,IT
3588833280,3588849663,RO
3588849664,3588857855,IE
3588857856,3588866047,IR
3588866048,3588882431,NL
3588882432,3588890623,RU
3588890624,3588898815,GB
3588898816,3588915199,NO
3588915200,3588931583,IT
3588931584,3588947967,RU
3588947968,3588949767,GB
3588949768,3588949783,US
3588949784,3588949951,GB
3588949952,3588949959,DE
3588949960,3588949975,NL
3588949976,3588949991,GB
3588949992,3588949999,US
3588950000,3588950015,GB
3588950016,3588950023,NL
3588950024,3588950031,ES
3588950032,3588950039,CH
3588950040,3588950047,BE
3588950048,3588950055,CH
3588950056,3588950063,PL
3588950064,3588950071,GB
3588950072,3588950079,AT
3588950080,3588950087,DE
3588950088,3588950095,RO
3588950096,3588950111,BE
3588950112,3588950127,IT
3588950128,3588950135,PL
3588950136,3588950143,GB
3588950144,3588950159,DE
3588950160,3588950175,SE
3588950176,3588950207,DE
3588950208,3588950223,CH
3588950224,3588950231,DE
3588950232,3588950239,NO
3588950240,3588950247,IT
3588950248,3588950255,ES
3588950256,3588950263,PL
3588950264,3588950271,IE
3588950272,3588950279,RO
3588950280,3588950287,NL
3588950288,3588950303,GB
3588950304,3588950319,PT
3588950320,3588950327,IE
3588950328,3588950343,GB
3588950344,3588950351,IT
3588950352,3588950359,FR
3588950360,3588950367,GB
3588950368,3588950375,SE
3588950376,3588950383,HU
3588950384,3588950399,DE
3588950400,3588950415,FR
3588950416,3588950423,ES
3588950424,3588950431,CH
3588950432,3588950439,GB
3588950440,3588950447,CH
3588950448,3588950455,IT
3588950456,3588950471,BE
3588950472,3588950519,SE
3588950520,3588950527,DK
3588950528,3588950535,PL
3588950536,3588950543,BG
3588950544,3588950559,IT
3588950560,3588950567,GB
3588950568,3588950591,IT
3588950592,3588950607,HU
3588950608,3588950623,PT
3588950624,3588950631,DK
3588950632,3588950639,IT
3588950640,3588950647,FR
3588950648,3588950663,NL
3588950664,3588950687,DE
3588950688,3588950703,GB
3588950704,3588950711,ES
3588950712,3588950719,DE
3588950720,3588950727,FR
3588950728,3588950759,GB
3588950760,3588950775,NG
3588950776,3588950783,PL
3588950784,3588950799,GB
3588950800,3588950807,IT
3588950808,3588950815,PL
3588950816,3588950823,NO
3588950824,3588950831,NL
3588950832,3588950839,GB
3588950840,3588950847,CZ
3588950848,3588950855,NL
3588950856,3588950863,LU
3588950864,3588950879,GB
3588950880,3588950887,IT
3588950888,3588950895,DE
3588950896,3588950903,HU
3588950904,3588950911,BE
3588950912,3588950919,SE
3588950920,3588950927,NO
3588950928,3588950943,FI
3588950944,3588950951,SE
3588950952,3588950959,FI
3588950960,3588950967,PL
3588950968,3588950983,BE
3588950984,3588950991,FI
3588950992,3588950999,SE
3588951000,3588951007,GB
3588951008,3588951015,ES
3588951016,3588951023,GB
3588951024,3588951039,NO
3588951040,3588951111,GB
3588951112,3588951119,US
3588951120,3588951175,GB
3588951176,3588951183,FR
3588951184,3588951247,GB
3588951248,3588951255,SE
3588951256,3588951415,GB
3588951416,3588951423,NL
3588951424,3588951447,GB
3588951448,3588951455,IE
3588951456,3588954111,GB
3588954112,3588954119,DE
3588954120,3588954127,GB
3588954128,3588954143,PL
3588954144,3588954159,DE
3588954160,3588954167,SE
3588954168,3588954175,RO
3588954176,3588954183,HU
3588954184,3588954191,FR
3588954192,3588954207,RO
3588954208,3588954215,IT
3588954216,3588954223,DE
3588954224,3588954231,ES
3588954232,3588954239,GB
3588954240,3588954247,ES
3588954248,3588954255,GB
3588954256,3588954263,IT
3588954264,3588954271,IE
3588954272,3588954279,RO
3588954280,3588954287,ES
3588954288,3588954295,IE
3588954296,3588954303,ES
3588954304,3588954311,NO
3588954312,3588954327,BE
3588954328,3588954335,GB
3588954336,3588954343,FR
3588954344,3588954351,FI
3588954352,3588954359,GB
3588954360,3588954367,NL
3588954368,3588954375,GB
3588954376,3588954415,FI
3588954416,3588954431,GB
3588954432,3588954439,FR
3588954440,3588954447,CZ
3588954448,3588954455,LU
3588954456,3588954463,TR
3588954464,3588954471,GB
3588954472,3588954479,IE
3588954480,3588954487,GB
3588954488,3588954495,DE
3588954496,3588954511,FR
3588954512,3588954519,SE
3588954520,3588954527,HU
3588954528,3588954535,NL
3588954536,3588954543,DE
3588954544,3588954547,DK
3588954548,3588954551,GB
3588954552,3588954559,DE
3588954560,3588954567,SK
3588954568,3588954575,PL
3588954576,3588954591,NO
3588954592,3588954599,PT
3588954600,3588954607,RS
3588954608,3588954611,DK
3588954612,3588954615,DE
3588954616,3588954623,GB
3588954624,3588954631,DE
3588954632,3588954647,IT
3588954648,3588954655,GB
3588954656,3588954663,NO
3588954664,3588954671,ES
3588954672,3588954679,NO
3588954680,3588954687,SE
3588954688,3588954695,GB
3588954696,3588954703,IT
3588954704,3588954711,TR
3588954712,3588954719,CZ
3588954720,3588954727,IT
3588954728,3588954735,CZ
3588954736,3588954739,GB
3588954740,3588954743,PT
3588954744,3588954751,BE
3588954752,3588954759,ES
3588954760,3588954767,IE
3588954768,3588954783,GB
3588954784,3588954791,ES
3588954792,3588954799,IT
3588954800,3588954815,CH
3588954816,3588954823,ES
3588954824,3588954827,CZ
3588954828,3588954831,IT
3588954832,3588954839,DK
3588954840,3588954855,IT
3588954856,3588954859,DE
3588954860,3588954863,RO
3588954864,3588954871,BE
3588954872,3588954879,DE
3588954880,3588954887,FR
3588954888,3588954895,ES
3588954896,3588954903,FR
3588954904,3588954911,ES
3588954912,3588954919,IT
3588954920,3588954927,FR
3588954928,3588954935,DE
3588954936,3588954943,FR
3588954944,3588954967,ES
3588954968,3588954975,FR
3588954976,3588955007,ES
3588955008,3588955015,GR
3588955016,3588955023,BE
3588955024,3588955047,FR
3588955048,3588955055,ES
3588955056,3588955071,GB
3588955072,3588955079,PL
3588955080,3588955087,DK
3588955088,3588955095,FR
3588955096,3588955103,DK
3588955104,3588955107,FI
3588955108,3588955119,ES
3588955120,3588955127,IT
3588955128,3588955135,ES
3588955136,3588955143,FR
3588955144,3588955151,FI
3588955152,3588955183,SE
3588955184,3588955247,FI
3588955248,3588955255,ES
3588955256,3588955259,NL
3588955260,3588955279,GB
3588955280,3588955327,DK
3588955328,3588955391,IT
3588955392,3588955399,GB
3588955400,3588955407,SI
3588955408,3588955423,GB
3588955424,3588955431,ES
3588955432,3588955439,FR
3588955440,3588955447,GB
3588955448,3588955463,DE
3588955464,3588955471,IT
3588955472,3588955487,GB
3588955488,3588955495,DK
3588955496,3588955503,FR
3588955504,3588955511,GB
3588955512,3588955519,DE
3588955520,3588955527,DK
3588955528,3588955535,IT
3588955536,3588955543,ES
3588955544,3588955551,FI
3588955552,3588955559,DK
3588955560,3588955567,GB
3588955568,3588955583,DK
3588955584,3588955591,DE
3588955592,3588955595,GB
3588955596,3588955599,CH
3588955600,3588955615,BE
3588955616,3588955619,RO
3588955620,3588955631,ES
3588955632,3588955639,GB
3588955640,3588955647,ES
3588955648,3588955655,GB
3588955656,3588955659,PL
3588955660,3588955663,IE
3588955664,3588955679,IT
3588955680,3588955695,GB
3588955696,3588955703,GR
3588955704,3588955711,IT
3588955712,3588955715,IE
3588955716,3588955719,HU
3588955720,3588955727,ES
3588955728,3588955735,GB
3588955736,3588955743,AT
3588955744,3588955751,BE
3588955752,3588955767,IT
3588955768,3588955775,PL
3588955776,3588955783,FR
3588955784,3588955791,GB
3588955792,3588955807,IT
3588955808,3588955815,GB
3588955816,3588955823,FI
3588955824,3588955831,FR
3588955832,3588955839,CZ
3588955840,3588955847,DE
3588955848,3588955855,GB
3588955856,3588955863,DK
3588955864,3588955867,DE
3588955868,3588955871,NL
3588955872,3588955895,GB
3588955896,3588955903,TR
3588955904,3588956159,IE
3588956160,3588956167,GB
3588956168,3588956239,BE
3588956240,3588956247,NO
3588956248,3588956255,GB
3588956256,3588956259,IT
3588956260,3588956263,GB
3588956264,3588956271,NO
3588956272,3588956279,IT
3588956280,3588956287,NO
3588956288,3588956295,NL
3588956296,3588956311,CZ
3588956312,3588956319,FR
3588956320,3588956351,ES
3588956352,3588956359,NL
3588956360,3588956367,CZ
3588956368,3588956375,HU
3588956376,3588956391,GB
3588956392,3588956395,FR
3588956396,3588956399,ES
3588956400,3588956407,NL
3588956408,3588956415,IT
3588956416,3588956431,GB
3588956432,3588956439,SE
3588956440,3588956447,IT
3588956448,3588956455,CZ
3588956456,3588956463,CH
3588956464,3588956471,NL
3588956472,3588956479,DK
3588956480,3588956487,RO
3588956488,3588956503,SE
3588956504,3588956511,BE
3588956512,3588956519,IT
3588956520,3588956543,BE
3588956544,3588956551,SE
3588956552,3588956559,NO
3588956560,3588956575,SE
3588956576,3588956583,BE
3588956584,3588956591,CZ
3588956592,3588956599,BE
3588956600,3588956607,IT
3588956608,3588956639,GB
3588956640,3588956647,NO
3588956648,3588956655,PL
3588956656,3588956663,IT
3588956664,3588956671,ES
3588956672,3588956927,IT
3588956928,3588956935,BE
3588956936,3588956951,IT
3588956952,3588956952,GB
3588956953,3588956954,IT
3588956955,3588956955,CZ
3588956956,3588956959,GB
3588956960,3588956975,IT
3588956976,3588956991,NL
3588956992,3588956999,BE
3588957000,3588957007,PL
3588957008,3588957023,DE
3588957024,3588957031,CZ
3588957032,3588957047,FI
3588957048,3588957055,ES
3588957056,3588957063,CZ
3588957064,3588957119,GB
3588957120,3588957127,FR
3588957128,3588957143,GB
3588957144,3588957151,BA
3588957152,3588957167,GB
3588957168,3588957175,NL
3588957176,3588957183,RS
3588957184,3588957191,BE
3588957192,3588957199,PL
3588957200,3588957207,GB
3588957208,3588957215,IT
3588957216,3588957223,PL
3588957224,3588957231,NL
3588957232,3588957239,PT
3588957240,3588957247,BE
3588957248,3588957311,NO
3588957312,3588957319,FR
3588957320,3588957327,IE
3588957328,3588957335,BE
3588957336,3588957343,ES
3588957344,3588957359,SE
3588957360,3588957383,GB
3588957384,3588957399,PT
3588957400,3588957407,IT
3588957408,3588957423,PT
3588957424,3588957431,FR
3588957432,3588957439,CH
3588957440,3588957447,IE
3588957448,3588957455,NO
3588957456,3588957463,ES
3588957464,3588957471,SE
3588957472,3588957475,DK
3588957476,3588957479,CH
3588957480,3588957487,LT
3588957488,3588957503,LV
3588957504,3588957511,FR
3588957512,3588957519,DE
3588957520,3588957527,ES
3588957528,3588957535,FR
3588957536,3588957551,BE
3588957552,3588957559,FR
3588957560,3588957567,BE
3588957568,3588957607,NO
3588957608,3588957615,IE
3588957616,3588957623,PL
3588957624,3588957631,NO
3588957632,3588957695,GB
3588957696,3588957699,FI
3588957700,3588957703,IE
3588957704,3588957711,ES
3588957712,3588957719,FR
3588957720,3588957727,GB
3588957728,3588957735,LV
3588957736,3588957743,EE
3588957744,3588957783,LT
3588957784,3588957799,BE
3588957800,3588957807,PT
3588957808,3588957815,FR
3588957816,3588957823,GB
3588957824,3588957839,BE
3588957840,3588957847,GB
3588957848,3588957855,PL
3588957856,3588957863,BE
3588957864,3588957871,DK
3588957872,3588957887,IT
3588957888,3588957895,PT
3588957896,3588957903,PL
3588957904,3588957911,SE
3588957912,3588957919,RO
3588957920,3588957927,ES
3588957928,3588957935,AT
3588957936,3588957951,IT
3588957952,3588957959,US
3588957960,3588957967,FI
3588957968,3588957983,GB
3588957984,3588957991,NL
3588957992,3588957999,ES
3588958000,3588958007,FR
3588958008,3588958023,GB
3588958024,3588958031,IT
3588958032,3588958039,BE
3588958040,3588958047,DK
3588958048,3588958063,IE
3588958064,3588958071,DE
3588958072,3588958079,DK
3588958080,3588958095,CH
3588958096,3588958103,RO
3588958104,3588958111,IT
3588958112,3588958119,FI
3588958120,3588958127,ES
3588958128,3588958135,FR
3588958136,3588958143,NL
3588958144,3588958151,GR
3588958152,3588958159,GB
3588958160,3588958167,PT
3588958168,3588958175,IT
3588958176,3588958183,BE
3588958184,3588958199,GB
3588958200,3588958207,DE
3588958208,3588959247,GB
3588959248,3588959255,NL
3588959256,3588959391,GB
3588959392,3588959423,NL
3588959424,3588959623,GB
3588959624,3588959679,NL
3588959680,3588964351,GB
3588964352,3588997119,CZ
3588997120,3589013503,AT
3589013504,3589014783,ES
3589014784,3589015295,CO
3589015296,3589015551,ES
3589015552,3589017599,AD
3589017600,3589018623,SV
3589018624,3589021695,ES
3589021696,3589029887,SA
3589029888,3589046271,GB
3589046272,3589079039,NO
3589079040,3589128191,DK
3589128192,3589144575,GB
3589144576,3589152767,CH
3589152768,3589160959,DE
3589160960,3589177343,PL
3589177344,3589193727,TR
3589193728,3589210111,SE
3589210112,3589226495,IE
3589226496,3589242879,NO
3589242880,3589244927,PL
3589244928,3589245183,NL
3589245184,3589245439,US
3589245440,3589245951,NL
3589245952,3589246975,DE
3589246976,3589249023,GT
3589249024,3589249535,DE
3589249536,3589249791,NL
3589249792,3589250047,LB
3589250048,3589251071,ES
3589251072,3589259263,NL
3589259264,3589275647,DE
3589275648,3589283839,RS
3589283840,3589284095,MK
3589284096,3589292031,RS
3589292032,3589308415,AT
3589308416,3589324799,DE
3589324800,3589341183,BG
3589341184,3589373951,PL
3589373952,3589390335,DE
3589390336,3589423103,RU
3589423104,3589427831,GB
3589427832,3589427839,CH
3589427840,3589439487,GB
3589439488,3589455871,SE
3589455872,3589472255,RU
3589472256,3589488639,TR
3589488640,3589505023,RU
3589505024,3589521407,FI
3589521408,3589537791,IT
3589537792,3589545983,FR
3589545984,3589554175,DE
3589554176,3589570559,PS
3589570560,3589574399,GB
3589574400,3589574655,US
3589574656,3589586943,GB
3589586944,3589587199,DE
3589587200,3589587455,NL
3589587456,3589587967,CH
3589587968,3589591039,GB
3589591040,3589599231,RS
3589599232,3589601279,SE
3589601280,3589603327,RO
3589603328,3589668863,FR
3589668864,3589677055,YE
3589677056,3589685247,FR
3589685248,3589718015,GB
3589718016,3589718047,BE
3589718048,3589718055,LU
3589718056,3589718135,BE
3589718136,3589718143,NL
3589718144,3589718207,BE
3589718208,3589718239,LU
3589718240,3589718527,BE
3589718528,3589718543,NL
3589718544,3589719055,BE
3589719056,3589719063,LU
3589719064,3589719167,BE
3589719168,3589719175,LU
3589719176,3589719383,BE
3589719384,3589719391,LU
3589719392,3589719399,BE
3589719400,3589719407,NL
3589719408,3589719511,BE
3589719512,3589719519,LU
3589719520,3589720839,BE
3589720840,3589720847,LU
3589720848,3589721391,BE
3589721392,3589721399,LU
3589721400,3589721623,BE
3589721624,3589721639,LU
3589721640,3589721667,BE
3589721668,3589721671,NL
3589721672,3589721679,LU
3589721680,3589721695,BE
3589721696,3589721719,LU
3589721720,3589721727,BE
3589721728,3589721743,LU
3589721744,3589721767,BE
3589721768,3589721783,LU
3589721784,3589721791,BE
3589721792,3589721823,LU
3589721824,3589722479,BE
3589722480,3589722487,LU
3589722488,3589722491,BE
3589722492,3589722495,LU
3589722496,3589722559,BE
3589722560,3589722567,LU
3589722568,3589722831,BE
3589722832,3589722839,LU
3589722840,3589722855,BE
3589722856,3589722863,LU
3589722864,3589722919,BE
3589722920,3589722927,LU
3589722928,3589723023,BE
3589723024,3589723031,LU
3589723032,3589723039,BE
3589723040,3589723071,LU
3589723072,3589723679,BE
3589723680,3589723695,LU
3589723696,3589723759,BE
3589723760,3589723767,LU
3589723768,3589723871,BE
3589723872,3589723879,LU
3589723880,3589724015,BE
3589724016,3589724023,LU
3589724024,3589724039,BE
3589724040,3589724047,LU
3589724048,3589724111,BE
3589724112,3589724119,LU
3589724120,3589724191,BE
3589724192,3589724199,FR
3589724200,3589724271,BE
3589724272,3589724287,LU
3589724288,3589724703,BE
3589724704,3589724711,LU
3589724712,3589724751,BE
3589724752,3589724759,LU
3589724760,3589725239,BE
3589725240,3589725247,LU
3589725248,3589725303,BE
3589725304,3589725311,LU
3589725312,3589725887,BE
3589725888,3589725895,LU
3589725896,3589726007,BE
3589726008,3589726015,NL
3589726016,3589726023,BE
3589726024,3589726031,LU
3589726032,3589726119,BE
3589726120,3589726127,LU
3589726128,3589726143,BE
3589726144,3589726151,LU
3589726152,3589726463,BE
3589726464,3589726719,DE
3589726720,3589726731,BE
3589726732,3589726739,GB
3589726740,3589726743,BE
3589726744,3589726747,GB
3589726748,3589726751,BE
3589726752,3589726759,GB
3589726760,3589726761,BE
3589726762,3589726763,GB
3589726764,3589726767,BE
3589726768,3589726771,GB
3589726772,3589726773,BE
3589726774,3589726791,GB
3589726792,3589726795,BE
3589726796,3589726811,GB
3589726812,3589726815,BE
3589726816,3589726821,GB
3589726822,3589726823,BE
3589726824,3589726829,GB
3589726830,3589726831,BE
3589726832,3589726839,GB
3589726840,3589726843,BE
3589726844,3589726871,GB
3589726872,3589726875,BE
3589726876,3589726879,GB
3589726880,3589726883,BE
3589726884,3589726887,GB
3589726888,3589726903,BE
3589726904,3589726911,GB
3589726912,3589726915,BE
3589726916,3589726939,GB
3589726940,3589726951,BE
3589726952,3589726963,GB
3589726964,3589727415,BE
3589727416,3589727423,LU
3589727424,3589727767,BE
3589727768,3589727775,LU
3589727776,3589728167,BE
3589728168,3589728175,LU
3589728176,3589728259,BE
3589728260,3589728263,NL
3589728264,3589728271,BE
3589728272,3589728275,LU
3589728276,3589728459,BE
3589728460,3589728463,DE
3589728464,3589728703,BE
3589728704,3589728711,LU
3589728712,3589728855,BE
3589728856,3589728863,LU
3589728864,3589729867,BE
3589729868,3589729871,NL
3589729872,3589729903,BE
3589729904,3589729919,NL
3589729920,3589730103,BE
3589730104,3589730111,LU
3589730112,3589730871,BE
3589730872,3589730879,LU
3589730880,3589730991,BE
3589730992,3589730999,LU
3589731000,3589731111,BE
3589731112,3589731119,LU
3589731120,3589731343,BE
3589731344,3589731383,LU
3589731384,3589731391,BE
3589731392,3589731399,LU
3589731400,3589731415,BE
3589731416,3589731431,LU
3589731432,3589731447,BE
3589731448,3589731479,LU
3589731480,3589731487,BE
3589731488,3589731495,LU
3589731496,3589731503,BE
3589731504,3589731519,LU
3589731520,3589731543,BE
3589731544,3589731551,LU
3589731552,3589731623,BE
3589731624,3589731627,NL
3589731628,3589731719,BE
3589731720,3589731723,NL
3589731724,3589732359,BE
3589732360,3589732363,FR
3589732364,3589732371,BE
3589732372,3589732373,LU
3589732374,3589732457,BE
3589732458,3589732459,LU
3589732460,3589732751,BE
3589732752,3589732759,LU
3589732760,3589732955,BE
3589732956,3589732957,LU
3589732958,3589732999,BE
3589733000,3589733003,NL
3589733004,3589733007,LU
3589733008,3589733071,BE
3589733072,3589733073,LU
3589733074,3589733107,BE
3589733108,3589733111,LU
3589733112,3589733375,BE
3589733376,3589733379,LU
3589733380,3589733383,BE
3589733384,3589733389,LU
3589733390,3589733391,BE
3589733392,3589733395,LU
3589733396,3589733419,BE
3589733420,3589733423,LU
3589733424,3589733427,BE
3589733428,3589733435,LU
3589733436,3589733439,BE
3589733440,3589733447,LU
3589733448,3589733455,BE
3589733456,3589733463,NL
3589733464,3589733471,LU
3589733472,3589733487,BE
3589733488,3589733495,LU
3589733496,3589733631,BE
3589733632,3589733635,LU
3589733636,3589733663,BE
3589733664,3589733667,NL
3589733668,3589733679,BE
3589733680,3589733683,LU
3589733684,3589733697,BE
3589733698,3589733699,LU
3589733700,3589733723,BE
3589733724,3589733727,NL
3589733728,3589733847,BE
3589733848,3589733851,LU
3589733852,3589733897,BE
3589733898,3589733899,LU
3589733900,3589733919,BE
3589733920,3589733923,NL
3589733924,3589734005,BE
3589734006,3589734007,LU
3589734008,3589734119,BE
3589734120,3589734127,LU
3589734128,3589734375,BE
3589734376,3589734383,NL
3589734384,3589734399,BE
3589742592,3589767167,NL
3589767168,3589816319,RU
3589816320,3589819599,SE
3589819600,3589819603,DE
3589819604,3589822075,SE
3589822076,3589822077,US
3589822078,3589822575,SE
3589822576,3589822579,ES
3589822580,3589822603,SE
3589822604,3589822605,DK
3589822606,3589823459,SE
3589823460,3589823461,US
3589823462,3589823563,SE
3589823564,3589823565,US
3589823566,3589827583,SE
3589827584,3589827599,DE
3589827600,3589827615,LT
3589827616,3589827631,LV
3589827632,3589827647,IE
3589827648,3589827679,SE
3589827680,3589827683,FR
3589827684,3589827687,DE
3589827688,3589827711,SE
3589827712,3589827727,LU
3589827728,3589827735,GB
3589827736,3589827743,SE
3589827744,3589827747,BG
3589827748,3589827767,FR
3589827768,3589827775,CH
3589827776,3589827799,IT
3589827800,3589827807,SE
3589827808,3589827839,FR
3589827840,3589828095,SE
3589828096,3589828111,ES
3589828112,3589828127,SE
3589828128,3589828159,DE
3589828160,3589828255,SE
3589828256,3589828267,CH
3589828268,3589828271,NL
3589828272,3589828287,DK
3589828288,3589828303,AT
3589828304,3589828311,PL
3589828312,3589828319,SK
3589828320,3589828351,BE
3589828352,3589828639,SE
3589828640,3589828671,GB
3589828672,3589828863,SE
3589828864,3589828867,FR
3589828868,3589832703,SE
3589832704,3589849087,TR
3589849088,3589865471,GB
3589865472,3589881855,GR
3589881856,3589884159,NL
3589884160,3589884415,GB
3589884416,3589884671,FR
3589884672,3589884927,BR
3589884928,3589885183,ES
3589885184,3589885439,GB
3589885440,3589885695,FR
3589885696,3589885951,BR
3589885952,3589886207,NL
3589886208,3589886463,ES
3589886464,3589886719,GB
3589886720,3589886975,FR
3589886976,3589887231,BR
3589887232,3589887487,ES
3589887488,3589887743,GB
3589887744,3589887999,FR
3589888000,3589888511,ES
3589888512,3589888767,GB
3589888768,3589889023,FR
3589889024,3589890047,NL
3589890048,3589931007,GB
3589931008,3589947391,SI
3589947392,3589963775,FI
3589963776,3589971967,TR
3589971968,3589980159,PH
3589980160,3589996543,CZ
3589996544,3589996807,US
3589996808,3589996815,NL
3589996816,3589996823,HU
3589996824,3589996839,US
3589996840,3589996847,IE
3589996848,3589996855,CZ
3589996856,3589996863,PT
3589996864,3589996871,AT
3589996872,3589996879,CZ
3589996880,3589996891,RO
3589996892,3589996895,NO
3589996896,3589996927,IE
3589996928,3589996935,ES
3589996936,3589996943,BE
3589996944,3589996951,NO
3589996952,3589996959,CH
3589996960,3589996967,PL
3589996968,3589996975,ES
3589996976,3589996983,BE
3589996984,3589996991,IT
3589996992,3589996999,ES
3589997000,3589997007,IT
3589997008,3589997023,DK
3589997024,3589997031,IT
3589997032,3589997039,BE
3589997040,3589997047,ES
3589997048,3589997055,IT
3589997056,3589997887,US
3589997888,3589997895,DK
3589997896,3589997903,IE
3589997904,3589997919,CH
3589997920,3589997935,IE
3589997936,3589997943,DK
3589997944,3589997951,RO
3589997952,3589998211,US
3589998212,3589998215,IT
3589998216,3589998223,BG
3589998224,3589998231,IT
3589998232,3589998239,SE
3589998240,3589998247,BE
3589998248,3589998255,IE
3589998256,3589998271,ES
3589998272,3589998279,PL
3589998280,3589998287,RO
3589998288,3589998295,CH
3589998296,3589998303,PL
3589998304,3589999359,US
3589999360,3589999615,GB
3589999616,3589999871,US
3589999872,3590000127,GB
3590000128,3590001151,US
3590001152,3590001407,GB
3590001408,3590002431,US
3590002432,3590002527,GB
3590002528,3590002535,US
3590002536,3590002687,GB
3590002688,3590002991,US
3590002992,3590002999,PL
3590003000,3590003007,DK
3590003008,3590003039,US
3590003040,3590003047,HU
3590003048,3590003055,PL
3590003056,3590003063,DK
3590003064,3590003079,PL
3590003080,3590003087,NL
3590003088,3590003095,LT
3590003096,3590003103,SK
3590003104,3590003111,ES
3590003112,3590003127,PL
3590003128,3590003135,PT
3590003136,3590003191,US
3590003192,3590003199,PL
3590003200,3590003471,US
3590003472,3590003487,HU
3590003488,3590003519,US
3590003520,3590003527,PL
3590003528,3590003535,IT
3590003536,3590003543,ES
3590003544,3590003551,DK
3590003552,3590003559,SE
3590003560,3590003563,RO
3590003564,3590003567,BE
3590003568,3590003583,ES
3590003584,3590003599,IE
3590003600,3590003607,RO
3590003608,3590003615,PT
3590003616,3590003623,SE
3590003624,3590003631,DK
3590003632,3590003639,LU
3590003640,3590003647,HU
3590003648,3590003655,US
3590003656,3590003663,DK
3590003664,3590003679,LT
3590003680,3590003695,CH
3590003696,3590003703,ES
3590003704,3590003711,HU
3590003712,3590012503,US
3590012504,3590012511,GB
3590012512,3590012927,US
3590012928,3590029311,BE
3590029312,3590045695,FR
3590045696,3590062079,RU
3590062080,3590078463,DE
3590078464,3590094847,RU
3590094848,3590111231,DE
3590111232,3590113023,LT
3590113024,3590113279,LV
3590113280,3590119935,LT
3590119936,3590120191,LV
3590120192,3590127615,LT
3590127616,3590143999,GB
3590144000,3590155519,SI
3590155520,3590155775,HR
3590155776,3590157055,SI
3590157056,3590157311,HR
3590157312,3590158591,SI
3590158592,3590159103,RS
3590159104,3590160383,SI
3590160384,3590176767,GB
3590176768,3590193151,HU
3590193152,3590201343,IT
3590201344,3590209535,DE
3590209536,3590225919,US
3590225920,3590234111,TR
3590234112,3590234623,US
3590234624,3590234879,NL
3590234880,3590235135,US
3590235392,3590235647,CH
3590235648,3590236671,GB
3590236672,3590236927,TR
3590236928,3590237183,GB
3590237184,3590237695,NL
3590237696,3590237951,DE
3590237952,3590238207,US
3590238208,3590238719,SA
3590238720,3590240255,GB
3590240256,3590240511,IT
3590240512,3590240767,GB
3590240768,3590241279,FR
3590241280,3590242303,IN
3590242304,3590244703,US
3590244704,3590244719,IT
3590244720,3590245215,US
3590245216,3590245231,DE
3590245232,3590245247,CH
3590245248,3590245759,US
3590245760,3590245887,GB
3590245888,3590245919,US
3590245920,3590245927,DE
3590245928,3590245999,US
3590246000,3590246007,DE
3590246008,3590255359,US
3590255360,3590255487,DE
3590255488,3590255615,CH
3590255616,3590255999,US
3590256000,3590256127,IT
3590256128,3590257791,US
3590257792,3590257919,GB
3590257920,3590258687,US
3590258688,3590291455,IT
3590291456,3590299647,NG
3590299648,3590307839,FI
3590307840,3590308607,IL
3590308608,3590308863,FR
3590308864,3590309375,IL
3590309376,3590309631,AT
3590309632,3590309887,IL
3590309888,3590310911,HK
3590310912,3590311167,IL
3590311168,3590311423,AT
3590311424,3590311679,AU
3590311680,3590311935,IL
3590311936,3590312191,AT
3590312192,3590312447,CA
3590312448,3590312959,IT
3590312960,3590313983,IL
3590313984,3590314495,IT
3590314496,3590315007,AT
3590315008,3590316031,IL
3590316032,3590316543,IT
3590316544,3590316799,GB
3590316800,3590317055,US
3590317056,3590318079,HK
3590318080,3590321151,IL
3590321152,3590321663,IT
3590321664,3590321919,GB
3590321920,3590322175,US
3590322176,3590324223,IL
