637534208,637705215,US
637705216,637706239,CA
637706240,637747199,US
637747200,637751295,CA
637751296,637755391,US
637755392,637763583,CA
637763584,637763839,PE
637763840,637764095,BR
637764096,637764607,AR
637764608,637765375,BR
637765376,637765631,CR
637765632,637766655,US
637766656,637767679,BR
637767680,637768703,US
637768704,637771775,AR
637771776,637772031,ID
637772032,637772287,US
637772288,637772543,CL
637772544,637772799,MX
637772800,637773823,BR
637773824,637774847,IT
637774848,637775871,BR
637775872,637776383,PE
637776384,637776639,BR
637776640,637777919,US
637777920,637778175,IQ
637778176,637778431,IN
637778432,637778687,BR
637778688,637778943,US
637778944,637779967,AR
637779968,637784063,VE
637784064,637786111,BR
637786112,637787135,AR
637787136,637787391,JP
637787392,637787647,MX
637787648,637787903,PE
637787904,637788159,CO
637788160,637788671,AR
637788672,637788927,PT
637788928,637789183,BR
637789184,637792255,IQ
637792256,637794303,AR
637794304,637796351,BR
637796352,637800447,EC
637800448,637804543,AR
637804544,637808639,EC
637808640,637810687,MX
637810688,637812735,CD
637812736,637820927,US
637820928,637827071,CO
637827072,637829119,US
637829120,637831167,BR
637831168,637861919,US
637861920,637861951,NL
637861952,637992959,US
637992960,637995007,VE
637995008,637996031,AR
637996032,637997055,SV
637997056,637999103,MX
637999104,638001151,HN
638001152,638009343,AR
638009344,638013439,CA
638013440,638017535,DO
638017536,638018047,MX
638018048,638018303,DO
638018304,638018559,US
638018560,638019071,PE
638019072,638019583,PA
638019584,638019839,VE
638019840,638020607,US
638020608,638020671,GB
638020672,638020703,CA
638020704,638020767,GB
638020768,638020783,FR
638020784,638020799,CA
638020800,638020863,GB
638020864,638021119,MX
638021120,638021631,BR
638021632,638025727,US
638025728,638025983,ES
638025984,638027775,US
638027776,638028031,CO
638028032,638028543,US
638028544,638028799,IL
638028800,638030079,US
638030080,638030335,NL
638030336,638030847,MX
638030848,638031871,LB
638031872,638033407,US
638033408,638033919,ES
638033920,638042111,US
638042112,638050303,CL
638050304,638124031,US
638124032,638125055,AU
638125056,638126079,BR
638126080,638127103,GB
638127104,638128127,BR
638128128,638132223,DO
638132224,638132735,US
638132736,638133247,CO
638133248,638133759,IN
638133760,638134271,PE
638134272,638135295,US
638135296,638136319,ID
638136320,638136831,DO
638136832,638137087,PE
638137088,638137599,US
638137600,638137855,EC
638137856,638138111,US
638138112,638138367,BR
638138368,638139391,US
638139392,638140415,IN
638140416,638152703,US
638152704,638154751,BR
638154752,638155775,AE
638155776,638156799,PE
638156800,638164991,US
638164992,638169087,VE
638169088,638169599,US
638169600,638171135,VE
638171136,638173183,US
638173184,638177279,PE
638177280,638177535,CO
638177536,638177791,AR
638177792,638178303,US
638178304,638178815,CO
638178816,638179327,US
638179328,638181375,CO
638181376,638189567,US
638189568,638197759,IN
638197760,638205951,US
638205952,638206975,PR
638206976,638207999,TR
638208000,638210303,US
638210304,638210815,DO
638210816,638211071,BR
638211072,638212095,AR
638212096,638213119,PH
638213120,638214143,CO
638214144,638215679,BR
638215680,638215935,EC
638215936,638216191,BR
638216192,638217215,PE
638217216,638218239,IN
638218240,638222335,AR
638222336,638222847,DO
638222848,638223103,US
638223104,638224383,DO
638224384,638225151,BR
638225152,638225407,MX
638225408,638226431,IT
638226432,638226687,US
638226688,638226943,EC
638226944,638227455,AR
638227456,638227967,CL
638227968,638228991,BR
638228992,638229247,PE
638229248,638229503,BR
638229504,638234623,US
638234624,638235647,DO
638235648,638235903,BR
638235904,638236159,CO
638236160,638236671,BR
638236672,638246911,US
638246912,638251007,OM
638251008,638252031,CO
638252032,638252543,US
638252544,638252799,BR
638252800,638253055,PE
638253056,638255103,VE
638255104,638402559,US
638402560,638410751,CA
638410752,638435327,US
638435328,638443519,CA
638443520,638533631,US
638533632,638558207,CA
638558208,638560255,US
638560256,638564351,CA
638564352,638648319,US
638648320,638652415,AR
638652416,638653439,US
638653440,638653455,CA
638653456,638653463,US
638653464,638653503,CA
638653504,638653511,US
638653512,638653519,CA
638653520,638653521,US
638653522,638653535,CA
638653536,638653537,US
638653538,638653543,CA
638653544,638653551,US
638653552,638653567,CA
638653568,638653575,US
638653576,638653591,CA
638653592,638653599,US
638653600,638653605,CA
638653606,638653615,US
638653616,638653635,CA
638653636,638653647,US
638653648,638653655,CA
638653656,638653671,US
638653672,638653679,CA
638653680,638653687,US
638653688,638653711,CA
638653712,638653719,US
638653720,638653753,CA
638653754,638653755,US
638653756,638653757,CA
638653758,638653759,US
638653760,638653783,CA
638653784,638653791,US
638653792,638653795,CA
638653796,638653797,US
638653798,638653831,CA
638653832,638653835,US
638653836,638653847,CA
638653848,638653855,US
638653856,638653863,CA
638653864,638653871,US
638653872,638653895,CA
638653896,638653903,US
638653904,638653919,CA
638653920,638653927,US
638653928,638653943,CA
638653944,638653951,US
638653952,638653967,CA
638653968,638653983,US
638653984,638653991,CA
638653992,638653999,US
638654000,638654007,CA
638654008,638654031,US
638654032,638654039,CA
638654040,638654047,US
638654048,638654075,CA
638654076,638654077,US
638654078,638654087,CA
638654088,638654095,US
638654096,638654127,CA
638654128,638654135,US
638654136,638654187,CA
638654188,638654189,US
638654190,638654191,CA
638654192,638660351,US
638660352,638660607,CA
638660608,638662655,US
638662656,638664703,CA
638664704,638681087,US
638681088,638713855,VE
638713856,638722047,US
638722048,638730239,TT
638730240,638738431,US
638738432,638748671,CA
638748672,638754815,US
638754816,638763007,CA
638763008,638773247,US
638773248,638774271,CW
638774272,638781439,US
638781440,638782463,GT
638782464,638782719,MX
638782720,638782975,US
638782976,638783231,GT
638783232,638783487,US
638783488,638787583,PE
638787584,638789119,MX
638789120,638789375,BR
638789376,638789631,MX
638789632,638790655,CO
638790656,638791167,MX
638791168,638791679,CO
638791680,638791935,US
638791936,638792447,CO
638792448,638792959,BR
638792960,638793215,PE
638793216,638793983,BR
638793984,638794239,CL
638794240,638794495,AR
638794496,638794751,BR
638794752,638795775,MX
638795776,638799871,EC
638799872,638801919,CO
638801920,638802431,BR
638802432,638802943,AR
638802944,638804991,MX
638804992,638805247,PE
638805248,638805503,BR
638805504,638806015,AR
638806016,638806527,US
638806528,638806783,MX
638806784,638807039,AR
638807040,638807295,CO
638807296,638807551,US
638807552,638807807,PE
638807808,638808063,US
638808064,638812159,AR
638812160,638815295,US
638815296,638815303,CA
638815304,638816255,US
638816256,638820351,PE
638820352,638822399,US
638822400,638823423,CY
638823424,638827519,US
638827520,638827775,FR
638827776,638829055,US
638829056,638829567,SY
638829568,638829823,BR
638829824,638830079,US
638830080,638830335,DE
638830336,638830591,US
638830592,638831359,PT
638831360,638831599,US
638831600,638831615,GB
638831616,638832639,MX
638832640,638833663,CL
638833664,638834175,CO
638834176,638834431,BR
638834432,638834687,PE
638834688,638836735,BR
638836736,638837247,US
638837248,638837503,CO
638837504,638837759,VE
638837760,638838783,PE
638838784,638839295,BR
638839296,638840063,US
638840064,638840319,ID
638840320,638840831,US
638840832,638842879,MX
638842880,638843135,US
638843136,638843391,JP
638843392,638843647,UY
638843648,638843903,US
638843904,638844927,MX
638844928,638845439,US
638845440,638845695,UY
638845696,638845951,MX
638845952,638846207,PE
638846208,638846719,BR
638846720,638846975,CL
638846976,638847999,BR
638848000,638848511,US
638848512,638849023,VE
638849024,638871551,US
638871552,638873599,CA
638873600,638877695,US
638877696,638879743,CA
638879744,638880255,US
638880256,638880767,CA
638880768,638881791,IN
638881792,638882815,US
638882816,638883839,CA
638883840,638884863,US
638884864,638885887,ID
638885888,638889983,US
638889984,638890495,CA
638890496,638891007,PH
638891008,638892031,CA
638892032,638894079,US
638894080,638896127,CA
638896128,638898175,US
638898176,638903551,CA
638903552,638903807,US
638903808,638904319,CA
638904320,638905343,US
638905344,638910463,CA
638910464,638918655,DO
638918656,638922751,US
638922752,638924799,CA
638924800,638927871,US
638927872,638928383,IN
638928384,638928639,AL
638928640,638928895,ES
638928896,638935039,AR
638935040,638939135,US
638939136,638939391,CO
638939392,638939647,MX
638939648,638940671,CO
638940672,638941183,BR
638941184,638941439,CO
638941440,638942207,BR
638942208,638943231,PE
638943232,638951423,US
638951424,638955519,PS
638955520,638957567,US
638957568,638959615,CA
638959616,638960895,US
638960896,638961151,AE
638961152,638992383,US
638992384,638992895,HK
638992896,638994431,CA
638994432,638994687,US
638994688,638994743,CA
638994744,638994759,US
638994760,638994767,CA
638994768,638994783,US
638994784,638994815,CA
638994816,638994879,US
638994880,638994883,CA
638994884,638994895,US
638994896,638994911,CA
638994912,638995967,US
638995968,638996479,CA
638996480,638998527,US
638998528,639000575,HK
639000576,639002623,US
639002624,639003135,CA
639003136,639003647,US
639003648,639004415,CA
639004416,639004431,US
639004432,639004511,CA
639004512,639006719,US
639006720,639006975,GB
639006976,639007231,CA
639007232,639007743,US
639007744,639008511,SG
639008512,639016959,US
639016960,639019775,MX
639019776,639020031,US
639020032,639020287,MX
639020288,639020543,US
639020544,639021055,MX
639021056,639021311,US
639021312,639022079,MX
639022080,639022335,PA
639022336,639023615,MX
639023616,639023871,US
639023872,639025151,MX
639025152,639031295,US
639031296,639031807,LY
639031808,639057919,US
639057920,639066111,CA
639066112,639074303,US
639074304,639107071,CA
639107072,639172607,US
639172608,639205375,PE
639205376,639238143,VE
639238144,639295487,US
639295488,639303679,JP
639303680,639304191,US
639304192,639304703,IL
639304704,639312895,US
639312896,639313151,NL
639313152,639313407,AZ
639313408,639313663,DE
639313664,639328255,US
639328256,639330303,PR
639330304,639336447,US
639336448,639338495,PS
639338496,639339519,VE
639339520,639431679,US
639431680,639431935,RU
639431936,639432191,TH
639432192,639432447,HK
639432448,639432703,AE
639432704,639441407,US
639441408,639441919,ID
639441920,639451135,CA
639451136,639467519,US
639467520,639471615,CA
639471616,639472503,US
639472504,639472511,CH
639472512,639472639,US
639472640,639473663,CA
639473664,639482111,US
639482112,639482367,CA
639482368,639484159,US
639484160,639484415,CA
639484416,639484671,US
639484672,639484927,CA
639484928,639486511,US
639486512,639486519,CA
639486520,639489023,US
639489024,639489535,CA
639489536,639510559,US
639510560,639510567,CA
639510568,639510607,US
639510608,639510615,CA
639510616,639533055,US
639533056,639541247,CA
639541248,639549695,US
639549696,639549951,MX
639549952,639550463,BR
639550464,639551487,SG
639551488,639551999,TH
639552000,639552511,CA
639552512,639552767,TH
639552768,639553023,SA
639553024,639565055,US
639565056,639565311,AT
639565312,639598591,US
639598592,639631359,IN
639631360,639631367,US
639631368,639631375,CA
639631376,639631391,US
639631392,639631407,CA
639631408,639631415,US
639631416,639631443,CA
639631444,639631445,US
639631446,639631447,CA
639631448,639631449,US
639631450,639631471,CA
639631472,639631481,US
639631482,639631525,CA
639631526,639631535,US
639631536,639631551,CA
639631552,639631567,US
639631568,639631591,CA
639631592,639631607,US
639631608,639631615,CA
639631616,639631623,US
639631624,639631631,CA
639631632,639631639,US
639631640,639631655,CA
639631656,639631663,US
639631664,639631687,CA
639631688,639631695,US
639631696,639631703,CA
639631704,639631719,US
639631720,639631767,CA
639631768,639631775,US
639631776,639631791,CA
639631792,639631799,US
639631800,639631807,CA
639631808,639631831,US
639631832,639631847,CA
639631848,639631855,US
639631856,639631871,CA
639631872,639631887,US
639631888,639631895,CA
639631896,639631903,US
639631904,639631911,CA
639631912,639631919,US
639631920,639631983,CA
639631984,639631991,US
639631992,639631999,CA
639632000,639632023,US
639632024,639632031,CA
639632032,639632047,US
639632048,639632055,CA
639632056,639632071,US
639632072,639632087,CA
639632088,639632095,US
639632096,639632111,CA
639632112,639632127,US
639632128,639632143,CA
639632144,639632151,US
639632152,639632159,CA
639632160,639632175,US
639632176,639632223,CA
639632224,639632383,US
639632384,639632407,MX
639632408,639632415,US
639632416,639632423,MX
639632424,639632425,US
639632426,639632431,MX
639632432,639632439,US
639632440,639632447,MX
639632448,639632455,US
639632456,639632527,MX
639632528,639632529,US
639632530,639632535,MX
639632536,639632543,US
639632544,639632549,MX
639632550,639632551,US
639632552,639632567,MX
639632568,639632627,US
639632628,639632631,MX
639632632,639645695,US
639645696,639645697,CA
639645698,639645699,US
639645700,639645721,CA
639645722,639645723,US
639645724,639645743,CA
639645744,639645751,US
639645752,639645909,CA
639645910,639645911,US
639645912,639645921,CA
639645922,639645923,US
639645924,639645951,CA
639645952,639645959,US
639645960,639646007,CA
639646008,639646015,US
639646016,639646023,CA
639646024,639646047,US
639646048,639646055,CA
639646056,639646063,US
639646064,639646079,CA
639646080,639646095,US
639646096,639646107,CA
639646108,639646109,US
639646110,639646127,CA
639646128,639646151,US
639646152,639646159,CA
639646160,639646167,US
639646168,639646175,CA
639646176,639646215,US
639646216,639646249,CA
639646250,639646251,US
639646252,639646271,CA
639646272,639646295,US
639646296,639646303,CA
639646304,639646311,US
639646312,639646327,CA
639646328,639646335,US
639646336,639646343,CA
639646344,639646351,US
639646352,639646359,CA
639646360,639646383,US
639646384,639646407,CA
639646408,639646503,US
639646504,639646519,CA
639646520,639646543,US
639646544,639646591,CA
639646592,639646615,US
639646616,639646623,CA
639646624,639646631,US
639646632,639646639,CA
639646640,639646647,US
639646648,639646655,CA
639646656,639646663,US
639646664,639646679,CA
639646680,639646711,US
639646712,639646719,CA
639646720,639657567,US
639657568,639657575,GB
639657576,639671295,US
639671296,639671311,CA
639671312,639671319,US
639671320,639671343,CA
639671344,639671375,US
639671376,639671379,CA
639671380,639671383,US
639671384,639671391,CA
639671392,639671399,US
639671400,639671407,CA
639671408,639671415,US
639671416,639671423,CA
639671424,639671431,US
639671432,639671455,CA
639671456,639671471,US
639671472,639671479,CA
639671480,639671495,US
639671496,639671499,CA
639671500,639671501,US
639671502,639671535,CA
639671536,639671543,US
639671544,639671551,CA
639671552,639671559,US
639671560,639671583,CA
639671584,639671599,US
639671600,639671607,CA
639671608,639671647,US
639671648,639671671,CA
639671672,639671679,US
639671680,639671799,CA
639671800,639671815,US
639671816,639671823,CA
639671824,639671839,US
639671840,639671855,CA
639671856,639671863,US
639671864,639671871,CA
639671872,639671887,US
639671888,639671903,CA
639671904,639671911,US
639671912,639671919,CA
639671920,639671927,US
639671928,639671935,CA
639671936,639671943,US
639671944,639671959,CA
639671960,639671967,US
639671968,639671991,CA
639671992,639671999,US
639672000,639672007,CA
639672008,639672015,US
639672016,639672031,CA
639672032,639672047,US
639672048,639672055,CA
639672056,639672079,US
639672080,639672119,CA
639672120,639672167,US
639672168,639672175,CA
639672176,639672191,US
639672192,639672271,CA
639672272,639672303,US
639672304,639672311,CA
639672312,639679055,US
639679056,639679063,AU
639679064,639681769,US
639681770,639681771,BR
639681772,639682559,US
639682560,639682567,MX
639682568,639682575,US
639682576,639682617,MX
639682618,639682623,US
639682624,639682703,MX
639682704,639682719,US
639682720,639682727,MX
639682728,639682735,US
639682736,639682743,MX
639682744,639682759,US
639682760,639682767,MX
639682768,639682783,US
639682784,639682799,MX
639682800,639682807,US
639682808,639682815,MX
639682816,639684487,US
639684488,639684495,LU
639684496,639689215,US
639689216,639689305,CA
639689306,639689307,US
639689308,639689311,CA
639689312,639689319,US
639689320,639689357,CA
639689358,639689359,US
639689360,639689375,CA
639689376,639689383,US
639689384,639689407,CA
639689408,639689415,US
639689416,639689423,CA
639689424,639690239,US
639690240,639690255,CA
639690256,639690271,US
639690272,639690279,CA
639690280,639690303,US
639690304,639690319,CA
639690320,639690327,US
639690328,639690343,CA
639690344,639690351,US
639690352,639690359,CA
639690360,639690439,US
639690440,639690455,CA
639690456,639690487,US
639690488,639690551,CA
639690552,639690559,US
639690560,639690567,CA
639690568,639690575,US
639690576,639690591,CA
639690592,639690599,US
639690600,639690623,CA
639690624,639691263,US
639691264,639691301,CA
639691302,639691303,US
639691304,639691391,CA
639691392,639691415,US
639691416,639691439,CA
639691440,639691447,US
639691448,639691481,CA
639691482,639691483,US
639691484,639691487,CA
639691488,639696383,US
639696384,639696385,MX
639696386,639696387,US
639696388,639696479,MX
639696480,639696487,US
639696488,639696495,MX
639696496,639696503,US
639696504,639696519,MX
639696520,639696521,US
639696522,639696527,MX
639696528,639733759,US
639733760,639734015,RU
639734016,639734271,TH
639734272,639735551,US
639735552,639735807,HK
639735808,639736063,BR
639736064,639736319,SA
639736320,639736575,AE
639736576,639737087,US
639737088,639737855,JP
639737856,639770623,US
639770624,639787007,CA
639787008,639827967,US
639827968,639844351,CA
639844352,639852543,US
639852544,639860735,IN
639860736,639868927,MX
639868928,639877119,US
639877120,639885311,CA
639885312,639893503,MX
639893504,640094207,US
640094208,640096255,CA
640096256,640098303,HK
640098304,640106495,US
640106496,640114687,CA
640114688,640122879,US
640122880,640124927,IT
640124928,640126975,CA
640126976,640131071,US
640131072,640135167,CA
640135168,640139263,US
640139264,640143359,CA
640143360,640180223,US
640180224,640188415,CA
640188416,640221183,US
640221184,640221207,VE
640221208,640221215,US
640221216,640221487,VE
640221488,640221503,US
640221504,640223351,VE
640223352,640223383,US
640223384,640223391,VE
640223392,640223407,US
640223408,640223455,VE
640223456,640223487,US
640223488,640229375,VE
640229376,640229887,US
640229888,640230399,VE
640230400,640231423,IT
640231424,640232447,VE
640232448,640232959,BR
640232960,640234495,US
640234496,640235519,TR
640235520,640241663,US
640241664,640243711,CV
640243712,640250879,US
640250880,640251903,BR
640251904,640252415,US
640252416,640252671,BR
640252672,640252799,US
640252800,640252927,CA
640252928,640262143,US
640262144,640266239,DO
640266240,640268287,MX
640268288,640268799,DO
640268800,640269055,US
640269056,640269311,PY
640269312,640270335,VE
640270336,640271359,BR
640271360,640272383,US
640272384,640274431,PL
640274432,640278527,CA
640278528,640286719,GT
640286720,640368639,US
640368640,640369151,ID
640369152,640369663,BR
640369664,640369919,CY
640369920,640370175,US
640370176,640370687,BR
640370688,640371711,US
640371712,640371967,BR
640371968,640372223,AR
640372224,640372479,US
640372480,640372735,AR
640372736,640373247,DO
640373248,640373759,US
640373760,640374783,BR
640374784,640375039,US
640375040,640376063,BR
640376064,640376319,US
640376320,640376575,CO
640376576,640376831,BR
640376832,640377855,MX
640377856,640378879,BR
640378880,640379903,US
640379904,640380927,PE
640380928,640382975,CA
640382976,640383407,US
640383408,640383415,CA
640383416,640383487,US
640383488,640383999,DO
640384000,640385023,CO
640385024,640393215,PE
640393216,640401407,CA
640401408,640419839,US
640419840,640421887,CA
640421888,640422399,DO
640422400,640422655,ES
640422656,640422911,AR
640422912,640423935,PA
640423936,640425983,CA
640425984,640434175,DO
640434176,640438271,CV
640438272,640442367,DO
640442368,640442879,US
640442880,640443135,NL
640443136,640443391,MX
640443392,640444415,DO
640444416,640445439,GB
640445440,640446463,EC
640446464,640450559,DO
640450560,640477439,US
640477440,640477695,MX
640477696,640478207,EC
640478208,640479231,US
640479232,640481279,DO
640481280,640483327,ID
640483328,640487935,CA
640487936,640488191,DE
640488192,640491519,CA
640491520,640493567,VE
640493568,640496639,US
640496640,640497663,FR
640497664,640503807,US
640503808,640504831,CZ
640504832,640507391,US
640507392,640507647,IN
640507648,640511999,US
640512000,640513023,AU
640513024,640514047,HK
640514048,640520191,US
640520192,640520447,PH
640520448,640522239,US
640522240,640522495,SG
640522496,640522751,US
640522752,640523007,JP
640523008,640525055,US
640525056,640525311,GB
640525312,640540671,US
640540672,640541695,CA
640541696,640544767,US
640544768,640545279,MX
640545280,640545663,US
640545664,640547839,MX
640547840,640556031,US
640556032,640557055,DO
640557056,640570879,US
640570880,640571135,FR
640571136,640571143,US
640571144,640571151,JP
640571152,640571159,AU
640571160,640571167,SG
640571168,640571175,CA
640571176,640584959,US
640584960,640585215,VE
640585216,640585983,US
640585984,640586239,BO
640586240,640586751,US
640586752,640587187,CA
640587188,640587191,US
640587192,640587263,CA
640587264,640587775,US
640587776,640588111,CA
640588112,640588799,US
640588800,640589311,CA
640589312,640589823,HK
640589824,640600575,US
640600576,640601087,SG
640601088,640603647,US
640603648,640603903,ID
640603904,640611327,US
640611328,640612351,SV
640612352,640622591,US
640622592,640624639,KH
640624640,640626687,MM
640626688,640630783,US
640630784,640638975,ID
640638976,640655359,US
640655360,640659455,LA
640659456,640663551,SG
640663552,640679935,HK
640679936,640771071,US
640771072,640772095,IN
640772096,640774143,GB
640774144,640778239,HK
640778240,640786431,MX
640786432,640794623,CA
640794624,640798719,US
640798720,640802815,CA
640802816,640811007,US
640811008,640819199,LY
640819200,640820223,DO
640820224,640820479,BR
640820480,640820735,AU
640820736,640821247,US
640821248,640822527,DO
640822528,640822783,BR
640822784,640823295,IT
640823296,640823807,US
640823808,640824063,CO
640824064,640824319,MX
640824320,640825343,US
640825344,640826367,BR
640826368,640827391,AR
640827392,640835583,US
640835584,640843775,AR
640843776,640851967,BR
640851968,640852991,VE
640852992,640853247,GB
640853248,640853503,DO
640853504,640854015,SG
640854016,640855039,US
640855040,640855295,CO
640855296,640855551,DO
640855552,640856063,US
640856064,640860159,DO
640860160,640876543,US
640876544,640880639,DO
640880640,640884735,AR
640884736,640888831,EC
640888832,640889343,DO
640889344,640889599,CA
640889600,640889855,LB
640889856,640890111,DO
640890112,640890367,NL
640890368,640890879,US
640890880,640891903,VE
640891904,640892671,DO
640892672,640892927,US
640892928,640901119,AR
640901120,640907263,US
640907264,640909311,VE
640909312,640910335,MM
640910336,640910591,PE
640910592,640910847,CO
640910848,640911359,US
640911360,640912383,PF
640912384,640913407,IQ
640913408,640914431,US
640914432,640915455,PR
640915456,640915711,BR
640915712,640915967,MX
640915968,640916479,VE
640916480,640917503,US
640917504,640921599,OM
640921600,640924159,US
640924160,640924671,CO
640924672,640924927,DO
640924928,640925183,IN
640925184,640925695,US
640925696,640933887,VE
640933888,640934399,PE
640934400,640934655,MX
640934656,640934911,FR
640934912,640935935,HN
640935936,640936959,CO
640936960,640937983,VE
640937984,640938495,BW
640938496,640938751,EC
640938752,640940031,CO
640940032,640941055,PE
640941056,640958463,US
640958464,640966655,AR
640966656,640970751,US
640970752,640971775,BR
640971776,640972287,MX
640972288,640972799,DO
640972800,640975871,US
640975872,640976895,PY
640976896,640978943,VE
640978944,640979455,BR
640979456,640979711,US
640979712,640980223,ID
640980224,640980479,US
640980480,640980991,BR
640980992,640983039,CO
640983040,640984063,DO
640984064,640985087,US
640985088,640985599,VE
640985600,640985855,MX
640985856,640986111,CO
640986112,640987135,MX
640987136,640987647,BR
640987648,640988159,DO
640988160,640988671,US
640988672,640989183,PE
640989184,640991231,CA
640991232,640991487,US
640991488,640991743,MX
640991744,640992511,US
640992512,640992767,DO
640992768,640993279,MX
640993280,640993791,PE
640993792,640994047,US
640994048,640994303,PE
640994304,640994559,BR
640994560,640994815,US
640994816,640995071,BR
640995072,640995327,CO
640995328,640997375,GT
640997376,640997631,DO
640997632,640997887,AR
640997888,640998399,EC
640998400,640999423,DO
640999424,641056767,US
641056768,641073151,ID
641073152,641155071,US
641155072,641157119,CA
641157120,641204223,US
641204224,641208319,BR
641208320,641209343,US
641209344,641209855,DO
641209856,641210111,BR
641210112,641210367,CO
641210368,641212415,US
641212416,641220607,IT
641220608,641221631,US
641221632,641222143,MX
641222144,641222399,DO
641222400,641222655,US
641222656,641223679,BR
641223680,641224703,DO
641224704,641224959,ID
641224960,641225215,BR
641225216,641225471,CO
641225472,641225727,AR
641225728,641226751,MY
641226752,641227775,AR
641227776,641228287,MX
641228288,641228543,DO
641228544,641228799,LB
641228800,641236991,PE
641236992,641245183,US
641245184,641253375,SG
641253376,641254399,AR
641254400,641254911,BR
641254912,641255167,SY
641255168,641255423,PL
641255424,641256447,BR
641256448,641256703,MM
641256704,641256959,PE
641256960,641257471,US
641257472,641258495,SV
641258496,641261567,PE
641261568,641265663,IL
641265664,641267711,BR
641267712,641268735,MX
641268736,641270783,US
641270784,641271295,HK
641271296,641271807,JM
641271808,641275903,US
641275904,641276415,CA
641276416,641276679,US
641276680,641276687,CA
641276688,641276703,US
641276704,641276767,CA
641276768,641276783,US
641276784,641276791,CA
641276792,641276799,BR
641276800,641276863,CA
641276864,641276927,US
641276928,641277951,CA
641277952,641278463,US
641278464,641278975,HK
641278976,641285119,US
641285120,641286143,PR
641286144,641288191,DO
641288192,641297407,US
641297408,641298431,IN
641298432,641300479,US
641300480,641301503,PA
641301504,641303551,US
641303552,641304063,CL
641304064,641304319,AU
641304320,641314207,US
641314208,641314223,DE
641314224,641314247,US
641314248,641314255,NL
641314256,641325311,US
641325312,641325567,VE
641325568,641326847,US
641326848,641327103,DO
641327104,641329151,US
641329152,641329663,DO
641329664,641330431,US
641330432,641330687,DE
641330688,641331199,PY
641331200,641343487,US
641343488,641347583,MX
641347584,641351679,US
641351680,641353727,MX
641353728,641354751,US
641354752,641355263,MX
641355264,641355775,US
641355776,641359871,MX
641359872,641360383,US
641360384,641360639,IN
641360640,641360743,US
641360744,641360751,IE
641360752,641360823,US
641360824,641360831,CA
641360832,641362175,US
641362176,641362431,FR
641362432,641363199,US
641363200,641363455,JP
641363456,641363967,HN
641363968,641368063,ID
641368064,641368319,MX
641368320,641368575,US
641368576,641371135,MX
641371136,641372159,US
641372160,641376255,MX
641376256,641378303,US
641378304,641379639,MX
641379640,641380095,US
641380096,641380351,MX
641380352,641386495,US
641386496,641388543,DO
641388544,641395199,US
641395200,641395455,PH
641395456,641395711,DO
641395712,641396479,US
641396480,641396543,CA
641396544,641396695,US
641396696,641396703,CA
641396704,641433599,US
641433600,641437695,MX
641437696,641441791,US
641441792,641449983,CA
641449984,641458175,US
641458176,641459199,GB
641459200,641460223,DE
641460224,641544191,US
641544192,641556479,CA
641556480,641564671,US
641564672,641597439,VE
641597440,641630207,CA
641630208,641662975,US
641662976,641679359,DO
641679360,641695743,VE
641695744,641737727,US
641737728,641737791,CA
641737792,641737983,US
641737984,641738495,CA
641738496,641738751,US
641738752,641740799,CA
641740800,641741311,US
641741312,641741567,MX
641741568,641745663,US
641745664,641745919,GB
641745920,641749503,US
641749504,641749567,GB
641749568,641751807,US
641751808,641752063,GB
641752064,641761423,US
641761424,641761471,CA
641761472,641761503,US
641761504,641761519,CA
641761520,641761527,US
641761528,641761791,CA
641761792,641762303,US
641762304,641763327,CA
641763328,641764095,US
641764096,641765887,CA
641765888,641766399,US
641766400,641768191,CA
641768192,641768447,US
641768448,641769727,CA
641769728,641769983,US
641769984,641770495,CA
641770496,641770751,US
641770752,641771135,CA
641771136,641771143,US
641771144,641771175,CA
641771176,641771183,US
641771184,641771263,CA
641771264,641771519,US
641771520,641772031,CA
641772032,641772095,US
641772096,641772287,CA
641772288,641772543,US
641772544,641773055,VE
641773056,641773567,CA
641773568,641775615,US
641775616,641778175,CA
641778176,641778687,US
641778688,641779711,CA
641779712,641780223,US
641780224,641780735,CA
641780736,641781759,US
641781760,641783807,CA
641783808,641785087,US
641785088,641785343,CA
641785344,641785599,US
641785600,641785855,CA
641785856,641790975,US
641790976,641794047,CA
641794048,641794207,US
641794208,641794239,GB
641794240,641795079,US
641795080,641795087,BR
641795088,641801471,US
641801472,641801727,IN
641801728,641808639,US
641808640,641808895,VE
641808896,641809151,CW
641809152,641824767,US
641824768,641825791,VE
641825792,641826815,US
641826816,641826839,MX
641826840,641826879,US
641826880,641826999,MX
641827000,641827039,US
641827040,641827055,MX
641827056,641827063,US
641827064,641827839,MX
641827840,641828095,US
641828096,641829887,MX
641829888,641830143,US
641830144,641838079,MX
641838080,641838335,US
641838336,641843199,MX
641843200,641849343,US
641849344,641849599,HK
641849600,641849855,US
641849856,641850111,GB
641850112,641857535,US
641857536,641859583,CA
641859584,641865727,US
641865728,641867775,PR
641867776,641876111,US
641876112,641876127,CA
641876128,641880063,US
641880064,641880319,VE
641880320,641909247,US
641909248,641909503,IQ
641909504,641913855,US
641913856,641914879,MM
641914880,641928959,US
641928960,641929215,IN
641929216,641929599,US
641929600,641929631,MX
641929632,641929983,US
641929984,641930239,DE
641930240,641976831,US
641976832,641977087,VE
641977088,641978367,US
641978368,641978623,VE
641978624,641979135,US
641979136,641979391,HK
641979392,641987071,US
641987072,641987327,NL
641987328,641992447,US
641992448,641992703,PH
641992704,641998991,US
641998992,641999007,CA
641999008,642001919,US
642001920,642002175,FR
642002176,642004991,US
642004992,642005247,FR
642005248,642008319,US
642008320,642008575,ID
642008576,642012159,US
642012160,642013183,PK
642013184,642023551,US
642023552,642023583,DE
642023584,642035711,US
642035712,642039807,VE
642039808,642056703,US
642056704,642056959,RO
642056960,642089023,US
642089024,642089095,CA
642089096,642089103,US
642089104,642089119,CA
642089120,642089151,US
642089152,642089983,CA
642089984,642090495,IN
642090496,642090655,CA
642090656,642090687,US
642090688,642091007,CA
642091008,642091263,PH
642091264,642091439,CA
642091440,642092031,US
642092032,642092287,CA
642092288,642092351,US
642092352,642092479,CA
642092480,642092543,US
642092544,642092799,CA
642092800,642092863,US
642092864,642093055,CA
642093056,642093311,US
642093312,642094079,CA
642094080,642094335,SG
642094336,642094591,US
642094592,642094847,CA
642094848,642096127,US
642096128,642096639,CA
642096640,642096767,US
642096768,642096895,CA
642096896,642097407,US
642097408,642097919,CA
642097920,642098175,US
642098176,642099199,CA
642099200,642099711,US
642099712,642101247,CA
642101248,642102271,US
642102272,642102527,CA
642102528,642102847,US
642102848,642102943,CA
642102944,642103039,US
642103040,642103295,CA
642103296,642104319,ID
642104320,642104831,CA
642104832,642105087,MX
642105088,642105343,CA
642105344,642109439,US
642109440,642111487,CA
642111488,642113023,US
642113024,642113535,IN
642113536,642113791,NL
642113792,642125823,US
642125824,642125831,CA
642125832,642128455,US
642128456,642128463,GB
642128464,642128511,US
642128512,642128519,CA
642128520,642128619,US
642128620,642128623,CA
642128624,642128895,US
642128896,642129919,VE
642129920,642156543,US
642156544,642157055,CA
642157056,642157567,US
642157568,642157823,CA
642157824,642158591,US
642158592,642168831,CA
642168832,642169599,US
642169600,642170879,CA
642170880,642188527,US
642188528,642188543,CA
642188544,642198015,US
642198016,642198271,GB
642198272,642199247,US
642199248,642199255,GB
642199256,642199271,US
642199272,642199279,CA
642199280,642199287,US
642199288,642199295,SG
642199296,642199551,HK
642199552,642204671,US
642204672,642204927,SG
642204928,642219007,US
642219008,642220031,CV
642220032,642275327,US
642275328,642277375,PH
642277376,642287103,US
642287104,642287359,ID
642287360,642288127,US
642288128,642288639,ID
642288640,642376191,US
642376192,642376447,VE
642376448,642377815,US
642377816,642377823,GB
642377824,642383887,US
642383888,642383999,CA
642384000,642384383,US
642384384,642385919,CA
642385920,642387967,US
642387968,642392063,VE
642392064,642396159,CA
642396160,642396191,US
642396192,642396223,CA
642396224,642396255,US
642396256,642396287,CA
642396288,642396415,US
642396416,642396671,DK
642396672,642397183,CA
642397184,642398207,VE
642398208,642399231,DO
642399232,642400255,CA
642400256,642402303,US
642402304,642402815,NL
642402816,642437119,US
642437120,642441215,DO
642441216,642457599,US
642457600,642458623,IN
642458624,642469887,US
642469888,642470911,DO
642470912,642472959,US
642472960,642473215,DE
642473216,642482303,US
642482304,642482367,CA
642482368,642501119,US
642501120,642501631,ID
642501632,642502911,US
642502912,642503167,DO
642503168,642503423,BO
642503424,642507127,US
642507128,642507135,SG
642507136,642507263,US
642507264,642507775,PH
642507776,642513919,US
642513920,642514175,PY
642514176,642516479,US
642516480,642516991,GB
642516992,642517247,ZA
642517248,642517503,VE
642517504,642518207,US
642518208,642518271,GB
642518272,642519039,US
642519040,642519551,GB
642519552,642523903,US
642523904,642524159,TR
642524160,642527495,US
642527496,642527503,CA
642527504,642531583,US
642531584,642531839,GB
642531840,642532863,US
642532864,642533119,FR
642533120,642550783,US
642550784,642551295,HK
642551296,642551551,EC
642551552,642553855,US
642553856,642555903,DO
642555904,642564095,HK
642564096,642572287,US
642572288,642576383,BR
642576384,642578431,US
642578432,642578943,CA
642578944,642579455,DO
642579456,642590719,US
642590720,642591743,VE
642591744,642592767,IN
642592768,642593791,US
642593792,642594815,DE
642594816,642595839,LB
642595840,642596863,US
642596864,642596895,MX
642596896,642596903,US
642596904,642596927,MX
642596928,642596975,US
642596976,642596983,MX
642596984,642596991,US
642596992,642597023,MX
642597024,642597039,US
642597040,642599423,MX
642599424,642599935,US
642599936,642601983,MX
642601984,642602495,US
642602496,642602759,MX
642602760,642603007,US
642603008,642605055,MX
642605056,642606079,US
642606080,642607103,MX
642607104,642619647,US
642619648,642619903,PH
642619904,642620415,US
642620416,642621439,DE
642621440,642631423,US
642631424,642631679,EC
642631680,642632959,US
642632960,642633215,GB
642633216,642639359,US
642639360,642639615,IE
642639616,642644223,US
642644224,642644479,NL
642644480,642680063,US
642680064,642680319,NL
642680320,642684415,US
642684416,642684671,DO
642684672,642684687,US
642684688,642684703,NL
642684704,642684719,FR
642684720,642684735,DE
642684736,642684927,GB
642684928,642686089,US
642686090,642686091,DE
642686092,642686159,US
642686160,642686167,CA
642686168,642686463,US
642686464,642686719,SV
642686720,642695167,US
642695168,642695679,PK
642695680,642697983,US
642697984,642698111,CA
642698112,642711599,US
642711600,642711615,CA
642711616,642719999,US
642720000,642720255,NL
642720256,642721791,US
642721792,642722815,PY
642722816,642723839,US
642723840,642727935,DO
642727936,642728063,US
642728064,642728127,CA
642728128,642735103,US
642735104,642735359,GB
642735360,642743295,US
642743296,642743551,GB
642743552,642743631,US
642743632,642743635,GB
642743636,642743639,FR
642743640,642750719,US
642750720,642750975,DE
642750976,642751231,RO
642751232,642777343,US
642777344,642777351,CA
642777352,642779391,US
642779392,642779647,HK
642779648,642779903,DO
642779904,642780159,ID
642780160,642780671,DO
642780672,642785279,US
642785280,642793471,IN
642793472,642794495,US
642794496,642795519,CA
642795520,642796031,US
642796032,642796287,CA
642796288,642796543,ID
642796544,642797823,US
642797824,642798591,CA
642798592,642799615,US
642799616,642800639,SG
642800640,642807807,CA
642807808,642808319,US
642808320,642809343,CA
642809344,642824519,US
642824520,642824523,HU
642824524,642824527,US
642824528,642824535,GB
642824536,642824607,US
642824608,642824615,JP
642824616,642824631,US
642824632,642824639,JP
642824640,642861311,US
642861312,642861319,CA
642861320,642861335,US
642861336,642861343,CA
642861344,642877439,US
642877440,642879487,NL
642879488,642892095,US
642892096,642892159,CA
642892160,642913395,US
642913396,642913399,CA
642913400,642913463,US
642913464,642913467,DE
642913468,642913535,US
642913536,642913791,VE
642913792,642914047,IL
642914048,642978047,US
642978048,642978815,MM
642978816,642979071,FR
642979072,642981887,US
642981888,642983423,IL
642983424,642984899,US
642984900,642984903,CA
642984904,642984951,US
642984952,642984959,CA
642984960,642987775,US
642987776,642988287,DO
642988288,642990079,US
642990080,642992127,VI
642992128,643002367,US
643002368,643002623,FR
643002624,643041279,US
643041280,643041535,AU
643041536,643054079,US
643054080,643054335,VE
643054336,643056639,US
643056640,643056895,FR
643056896,643057151,US
643057152,643057407,EC
643057408,643078655,US
643078656,643078911,ID
643078912,643079167,CA
643079168,643080191,US
643080192,643080447,GB
643080448,643091967,US
643091968,643092479,IL
643092480,643095551,US
643095552,643095807,ID
643095808,643145727,US
643145728,643153919,CA
643153920,643170303,US
643170304,643178495,CA
643178496,643178751,US
643178752,643179007,IL
643179008,643186687,US
643186688,643187711,IN
643187712,643193343,US
643193344,643193599,VE
643193600,643212559,US
643212560,643212567,CA
643212568,643226879,US
643226880,643227135,ID
643227136,643230463,US
643230464,643230719,DE
643230720,643244087,US
643244088,643244095,CA
643244096,643244800,US
643244801,643245054,FR
643245055,643250687,US
643250688,643250943,CA
643250944,643252479,US
643252480,643252735,IN
643252736,643253319,US
643253320,643253327,CA
643253328,643253759,US
643253760,643254015,PK
643254016,643256319,US
643256320,643256575,DE
643256576,643257855,US
643257856,643258111,CA
643258112,643265535,US
643265536,643266047,DE
643266048,643267071,US
643267072,643267583,GB
643267584,643299327,US
643299328,643300351,VE
643300352,643302911,US
643302912,643302967,CA
643302968,643302975,US
643302976,643302979,CA
643302980,643302983,US
643302984,643302991,CA
643302992,643302995,US
643302996,643303039,CA
643303040,643303047,US
643303048,643303055,CA
643303056,643303063,US
643303064,643303079,CA
643303080,643303087,US
643303088,643303135,CA
643303136,643303143,US
643303144,643303165,CA
643303166,643303167,US
643303168,643303175,CA
643303176,643303183,US
643303184,643303199,CA
643303200,643303207,US
643303208,643303215,CA
643303216,643303223,US
643303224,643303231,CA
643303232,643303255,US
643303256,643303319,CA
643303320,643303327,US
643303328,643303343,CA
643303344,643303391,US
643303392,643303423,CA
643303424,643304431,US
643304432,643304439,MX
643304440,643314319,US
643314320,643314327,CA
643314328,643315725,US
643315726,643315727,SR
643315728,643315967,US
643315968,643315975,FR
643315976,643317759,US
643317760,643317775,CA
643317776,643317791,US
643317792,643317831,CA
643317832,643317839,US
643317840,643317871,CA
643317872,643317951,US
643317952,643317957,CA
643317958,643317959,US
643317960,643317963,CA
643317964,643317967,US
643317968,643317983,CA
643317984,643318015,US
643318016,643318543,CA
643318544,643318655,US
643318656,643318687,CA
643318688,643318703,US
643318704,643318815,CA
643318816,643318847,US
643318848,643318975,CA
643318976,643319039,US
643319040,643319295,CA
643319296,643319807,US
643319808,643320319,CA
643320320,643320575,JP
643320576,643320895,CA
643320896,643320959,US
643320960,643321087,CA
643321088,643321215,US
643321216,643321263,CA
643321264,643321279,US
643321280,643321311,CA
643321312,643321343,US
643321344,643322111,CA
643322112,643322143,US
643322144,643322239,CA
643322240,643322367,US
643322368,643322879,CA
643322880,643323135,US
643323136,643324159,CA
643324160,643325951,US
643325952,643330047,CA
643330048,643332095,IT
643332096,643332351,CA
643332352,643333119,US
643333120,643333631,CA
643333632,643334143,US
643334144,643334151,PR
643334152,643343607,US
643343608,643343609,TT
643343610,643343863,US
643343864,643343871,GT
643343872,643346439,US
643346440,643346463,CA
643346464,643346471,US
643346472,643346519,CA
643346520,643346527,US
643346528,643346535,CA
643346536,643346543,US
643346544,643346551,CA
643346552,643346559,US
643346560,643346575,CA
643346576,643346607,US
643346608,643346611,CA
643346612,643346613,SE
643346614,643346615,CA
643346616,643346623,US
643346624,643346631,CA
643346632,643346639,US
643346640,643346663,CA
643346664,643346671,US
643346672,643346679,CA
643346680,643346727,US
643346728,643346735,CA
643346736,643346751,US
643346752,643346775,CA
643346776,643346791,US
643346792,643346799,CA
643346800,643346807,US
643346808,643346815,CA
643346816,643346823,US
643346824,643346855,CA
643346856,643346863,US
643346864,643346879,CA
643346880,643346881,BE
643346882,643346887,CA
643346888,643346899,US
643346900,643346901,CA
643346902,643346905,US
643346906,643346911,CA
643346912,643346927,US
643346928,643346943,CA
643346944,643347439,US
643347440,643347443,GB
643347444,643351991,US
643351992,643351993,JP
643351994,643352799,US
643352800,643352803,CA
643352804,643353999,US
643354000,643354007,CA
643354008,643355143,US
643355144,643355151,CA
643355152,643355515,US
643355516,643355519,CA
643355520,643362555,US
643362556,643362559,CA
643362560,643362815,US
643362816,643362823,CA
643362824,643362831,US
643362832,643362847,CA
643362848,643362863,US
643362864,643362871,CA
643362872,643362879,US
643362880,643362895,CA
643362896,643362903,US
643362904,643362911,CA
643362912,643362919,US
643362920,643362927,CA
643362928,643362931,US
643362932,643362947,CA
643362948,643362951,US
643362952,643362967,CA
643362968,643362991,US
643362992,643363007,CA
643363008,643363015,US
643363016,643363023,CA
643363024,643363031,US
643363032,643363039,CA
643363040,643363047,US
643363048,643363063,CA
643363064,643363071,US
643363072,643363079,CA
643363080,643363087,US
643363088,643363095,CA
643363096,643363119,US
643363120,643363135,CA
643363136,643363151,US
643363152,643363159,CA
643363160,643363167,US
643363168,643363175,CA
643363176,643363183,US
643363184,643363191,CA
643363192,643363199,US
643363200,643363327,CA
643363328,643364083,US
643364084,643364085,HK
643364086,643366015,US
643366016,643366023,CA
643366024,643366295,US
643366296,643366303,CA
643366304,643366343,US
643366344,643366351,CA
643366352,643388415,US
643388416,643389439,GB
643389440,643403007,US
643403008,643403135,CA
643403136,643403263,US
643403264,643403519,SG
643403520,643403775,US
643403776,643405823,CA
643405824,643457023,US
643457024,643457279,DE
643457280,643513943,US
643513944,643513951,CA
643513952,643569151,US
643569152,643569407,VE
643569408,643570687,US
643570688,643570943,DE
643570944,643571455,US
643571456,643571711,EC
643571712,643581951,US
643581952,643583999,NL
643584000,643592191,US
643592192,643593215,VE
643593216,643597823,US
643597824,643598079,PY
643598080,643606527,US
643606528,643606783,HK
643606784,643617023,US
643617024,643617279,IL
643617280,643618615,US
643618616,643618623,MX
643618624,643618643,US
643618644,643618647,CO
643618648,643618655,NL
643618656,643639311,US
643639312,643639327,IT
643639328,643641343,US
643641344,643643391,BR
643643392,643644671,US
643644672,643644927,CA
643644928,643663871,US
643663872,643664127,NL
643664128,643674735,US
643674736,643674743,IE
643674744,643674751,DE
643674752,643675239,US
643675240,643675243,HU
643675244,643675647,US
643675648,643675903,SG
643675904,643683583,US
643683584,643684095,IL
643684096,643710975,US
643710976,643719167,MX
643719168,643719423,US
643719424,643719679,MX
643719680,643721983,US
643721984,643722239,NL
643722240,643729359,US
643729360,643729367,CA
643729368,643733927,US
643733928,643733935,CA
643733936,643734527,US
643734528,643734783,MM
643734784,643735319,US
643735320,643735327,GB
643735328,643735551,US
643735552,643735807,DE
643735808,643737647,US
643737648,643737655,CA
643737656,643744767,US
643744768,643745791,PH
643745792,643746815,US
643746816,643747327,HN
643747328,643751167,US
643751168,643751423,VE
643751424,643761583,US
643761584,643761591,CA
643761592,643782143,US
643782144,643782399,DO
643782400,643782655,US
643782656,643783167,DO
643783168,643784219,US
643784220,643784221,NL
643784222,643785471,US
643785472,643785479,CA
643785480,643786495,US
643786496,643786751,DE
643786752,643802415,US
643802416,643802423,AR
643802424,643802623,US
643802624,643802879,CA
643802880,643804415,US
643804416,643804671,MY
643804672,643807231,US
643807232,643809279,DO
643809280,643809495,US
643809496,643809503,IE
643809504,643828351,US
643828352,643828383,CA
643828384,643828735,US
643828736,643828991,VE
643828992,643833343,US
643833344,643833599,JP
643833600,643839999,US
643840000,643841023,BO
643841024,643859551,US
643859552,643859583,CA
643859584,643859695,US
643859696,643859703,CA
643859704,643860991,US
643860992,643861503,DO
643861504,643864575,US
643864576,643864831,CA
643864832,643869807,US
643869808,643869815,SG
643869816,643869823,US
643869824,643869855,CA
643869856,643871287,US
643871288,643871295,CA
643871296,643875071,US
643875072,643875327,CA
643875328,643877183,US
643877184,643877247,CA
643877248,643879327,US
643879328,643879343,FR
643879344,643880455,US
643880456,643880463,DE
643880464,643882239,US
643882240,643882495,CA
643882496,643890687,US
643890688,643890943,CA
643890944,643892991,US
643892992,643893247,NL
643893248,643902975,US
643902976,643903231,VE
643903232,643904511,US
643904512,643905023,PE
643905024,643905535,US
643905536,643905791,DE
643905792,643908615,US
643908616,643908619,MX
643908620,643908623,CA
643908624,643913727,US
643913728,643914239,TR
643914240,643919583,US
643919584,643919615,CA
643919616,643920639,US
643920640,643920895,CA
643920896,643926271,US
643926272,643926527,GB
643926528,643927039,US
643927040,643928063,IN
643928064,643940559,US
643940560,643940567,GB
643940568,643951359,US
643951360,643951615,EC
643951616,643951975,US
643951976,643951983,CA
643951984,643953663,US
643953664,643953919,EC
643953920,643956807,US
643956808,643956823,CA
643956824,643973375,US
643973376,643973631,PY
643973632,643973887,US
643973888,643974143,FR
643974144,643981615,US
643981616,643981631,CA
643981632,643981823,US
643981824,643982079,SG
643982080,643985663,US
643985664,643985919,SG
643985920,643990783,US
643990784,643991039,SG
643991040,643998359,US
643998360,643998367,CA
643998368,644003839,US
644003840,644004095,GB
644004096,644023071,US
644023072,644023087,CA
644023088,644028159,US
644028160,644028415,NL
644028416,644032483,US
644032484,644032487,CA
644032488,644033583,US
644033584,644033591,CA
644033592,644038583,US
644038584,644038591,BR
644038592,644040703,US
644040704,644040959,DO
644040960,644041215,US
644041216,644041343,CA
644041344,644043071,US
644043072,644043079,CA
644043080,644043775,US
644043776,644044031,NL
644044032,644046591,US
644046592,644046847,MK
644046848,644055039,US
644055040,644055103,CA
644055104,644055247,US
644055248,644055255,CA
644055256,644055287,US
644055288,644055559,CA
644055560,644055615,US
644055616,644055631,CA
644055632,644055735,US
644055736,644055743,CA
644055744,644055903,US
644055904,644055919,CA
644055920,644055935,US
644055936,644056063,CA
644056064,644056159,US
644056160,644056167,CA
644056168,644056191,US
644056192,644056223,CA
644056224,644056351,US
644056352,644056431,CA
644056432,644056463,US
644056464,644056471,CA
644056472,644056623,US
644056624,644056631,CA
644056632,644056831,US
644056832,644057087,CA
644057088,644057143,US
644057144,644057151,CA
644057152,644057167,US
644057168,644057175,CA
644057176,644057183,US
644057184,644057191,CA
644057192,644057239,US
644057240,644057247,CA
644057248,644057263,US
644057264,644057271,CA
644057272,644057343,US
644057344,644057471,CA
644057472,644057487,US
644057488,644057503,CA
644057504,644057519,US
644057520,644057535,CA
644057536,644057599,US
644057600,644058111,CA
644058112,644058119,US
644058120,644058143,CA
644058144,644058271,US
644058272,644058295,CA
644058296,644058303,US
644058304,644058335,CA
644058336,644058399,US
644058400,644058407,CA
644058408,644058431,US
644058432,644058479,CA
644058480,644058527,US
644058528,644058591,CA
644058592,644058623,US
644058624,644058879,CA
644058880,644058943,US
644058944,644058975,CA
644058976,644059007,US
644059008,644059135,CA
644059136,644059207,US
644059208,644059223,CA
644059224,644059231,US
644059232,644059239,CA
644059240,644059255,US
644059256,644059263,CA
644059264,644059343,US
644059344,644059375,CA
644059376,644059607,US
644059608,644059623,CA
644059624,644059903,US
644059904,644060159,CA
644060160,644060671,US
644060672,644060679,CA
644060680,644060695,US
644060696,644060703,CA
644060704,644060735,US
644060736,644060767,CA
644060768,644060775,US
644060776,644060783,CA
644060784,644060815,US
644060816,644060823,CA
644060824,644060895,US
644060896,644060911,CA
644060912,644060919,US
644060920,644060927,CA
644060928,644060935,US
644060936,644060943,CA
644060944,644061039,US
644061040,644061119,CA
644061120,644061151,US
644061152,644061183,CA
644061184,644061359,US
644061360,644061375,CA
644061376,644061415,US
644061416,644061423,CA
644061424,644061471,US
644061472,644061487,CA
644061488,644061695,US
644061696,644062207,CA
644062208,644062823,US
644062824,644062831,CA
644062832,644062847,US
644062848,644062863,CA
644062864,644062911,US
644062912,644062959,CA
644062960,644063263,US
644063264,644063295,CA
644063296,644063311,US
644063312,644063327,CA
644063328,644063343,US
644063344,644063359,CA
644063360,644063487,US
644063488,644063519,CA
644063520,644063743,US
644063744,644063815,CA
644063816,644063847,US
644063848,644063855,CA
644063856,644063911,US
644063912,644063919,CA
644063920,644063967,US
644063968,644063999,CA
644064000,644064023,US
644064024,644064031,CA
644064032,644064127,US
644064128,644064191,CA
644064192,644064223,US
644064224,644064231,CA
644064232,644064239,US
644064240,644064247,CA
644064248,644064543,US
644064544,644064599,CA
644064600,644064607,US
644064608,644064615,CA
644064616,644064679,US
644064680,644064687,CA
644064688,644064703,US
644064704,644064767,CA
644064768,644064895,US
644064896,644064967,CA
644064968,644064975,US
644064976,644064991,CA
644064992,644065071,US
644065072,644065087,CA
644065088,644065199,US
644065200,644065207,CA
644065208,644065215,US
644065216,644065231,CA
644065232,644065279,US
644065280,644065535,CA
644065536,644066367,US
644066368,644066383,CA
644066384,644066575,US
644066576,644066583,CA
644066584,644066647,US
644066648,644066751,CA
644066752,644066759,US
644066760,644066775,CA
644066776,644066807,US
644066808,644066815,CA
644066816,644067263,US
644067264,644067303,CA
644067304,644067327,US
644067328,644067335,CA
644067336,644067455,US
644067456,644067519,CA
644067520,644067543,US
644067544,644067551,CA
644067552,644067711,US
644067712,644067839,CA
644067840,644068127,US
644068128,644068135,CA
644068136,644068255,US
644068256,644068287,CA
644068288,644069663,US
644069664,644069695,CA
644069696,644069767,US
644069768,644069775,CA
644069776,644069791,US
644069792,644069823,CA
644069824,644069919,US
644069920,644069935,CA
644069936,644070151,US
644070152,644070175,CA
644070176,644070719,US
644070720,644070735,CA
644070736,644070783,US
644070784,644070791,GB
644070792,644070823,US
644070824,644070831,CA
644070832,644070879,US
644070880,644070895,CA
644070896,644070911,US
644070912,644071167,CA
644071168,644071231,US
644071232,644071247,CA
644071248,644071359,US
644071360,644071423,CA
644071424,644071787,US
644071788,644071791,CA
644071792,644072803,US
644072804,644072807,CA
644072808,644073687,US
644073688,644073691,CA
644073692,644075463,US
644075464,644075467,CA
644075468,644076847,US
644076848,644076851,CA
644076852,644079019,US
644079020,644079023,CA
644079024,644079391,US
644079392,644079395,CA
644079396,644082735,US
644082736,644082743,TT
644082744,644084479,US
644084480,644084735,HK
644084736,644085247,US
644085248,644085255,CA
644085256,644086783,US
644086784,644087807,SG
644087808,644087919,US
644087920,644087927,MX
644087928,644090111,US
644090112,644090367,EC
644090368,644093143,US
644093144,644093151,ES
644093152,644093695,US
644093696,644093951,ID
644093952,644094207,NL
644094208,644107775,US
644107776,644108287,ID
644108288,644123391,US
644123392,644123647,NL
644123648,644126391,US
644126392,644126399,CA
644126400,644128255,US
644128256,644128767,DO
644128768,644129327,US
644129328,644129335,BR
644129336,644130471,US
644130472,644130479,CA
644130480,644132703,US
644132704,644132711,CA
644132712,644132807,US
644132808,644132815,AU
644132816,644144127,US
644144128,644145151,PK
644145152,644145887,US
644145888,644145895,MX
644145896,644154111,US
644154112,644154367,NL
644154368,644172895,US
644172896,644172911,MX
644172912,644176127,US
644176128,644176383,MX
644176384,644190975,US
644190976,644191231,MX
644191232,644191327,US
644191328,644191335,DE
644191336,644194311,US
644194312,644194313,MX
644194314,644194315,GB
644194316,644194317,US
644194318,644194319,DE
644194320,644194333,US
644194334,644194334,CA
644194335,644194339,US
644194340,644194340,CA
644194341,644194341,DE
644194342,644194343,US
644194344,644194344,CN
644194345,644194345,SG
644194346,644194452,US
644194453,644194453,MX
644194454,644194565,US
644194566,644194566,HK
644194567,644194654,US
644194655,644194655,MX
644194656,644194899,US
644194900,644194901,CA
644194902,644194935,US
644194936,644194936,CN
644194937,644194937,MX
644194938,644198423,US
644198424,644198431,CA
644198432,644207359,US
644207360,644207391,NL
644207392,644207703,US
644207704,644207711,MX
644207712,644210431,US
644210432,644210687,MX
644210688,644212991,US
644212992,644213247,MX
644213248,644216575,US
644216576,644216831,CA
644216832,644232703,US
644232704,644232959,DE
644232960,644235263,US
644235264,644235519,CA
644235520,644235527,US
644235528,644235647,CA
644235648,644235775,US
644235776,644235903,CA
644235904,644236031,US
644236032,644236799,CA
644236800,644237471,US
644237472,644237503,CA
644237504,644237631,US
644237632,644237727,CA
644237728,644237759,US
644237760,644237823,CA
644237824,644237887,US
644237888,644237951,CA
644237952,644238079,US
644238080,644238335,CA
644238336,644239359,ID
644239360,644239871,US
644239872,644242943,CA
644242944,644243455,US
644243456,644244991,CA
644244992,644245247,US
644245248,644245503,CA
644245504,644249599,US
644249600,644251647,CA
644251648,644256535,US
644256536,644256543,CA
644256544,644269047,US
644269048,644269051,CA
644269052,644296447,US
644296448,644296703,ID
644296704,644300825,US
644300826,644300826,CN
644300827,644300999,US
644301000,644301001,CA
644301002,644301405,US
644301406,644301407,CA
644301408,644301501,US
644301502,644301503,GB
644301504,644301859,US
644301860,644301861,CA
644301862,644301913,US
644301914,644301915,ES
644301916,644302295,US
644302296,644302297,MX
644302298,644302397,US
644302398,644302399,MX
644302400,644302905,US
644302906,644302907,CA
644302908,644303145,US
644303146,644303147,CA
644303148,644303335,US
644303336,644303337,CA
644303338,644303361,US
644303362,644303363,CA
644303364,644303900,US
644303901,644303901,CA
644303902,644309039,US
644309040,644309047,MX
644309048,644309103,US
644309104,644309111,MX
644309112,644323343,US
644323344,644323345,CA
644323346,644323367,US
644323368,644323375,CA
644323376,644323383,US
644323384,644323423,CA
644323424,644323487,US
644323488,644323519,CA
644323520,644323551,US
644323552,644323583,CA
644323584,644323591,US
644323592,644323599,CA
644323600,644323607,US
644323608,644323615,CA
644323616,644323647,US
644323648,644323663,CA
644323664,644323679,US
644323680,644323743,CA
644323744,644323775,US
644323776,644323807,CA
644323808,644323903,US
644323904,644323935,CA
644323936,644324143,US
644324144,644324151,CA
644324152,644324863,US
644324864,644325375,CA
644325376,644327167,US
644327168,644327423,CA
644327424,644327935,US
644327936,644328447,ID
644328448,644338175,US
644338176,644338431,VE
644338432,644348415,US
644348416,644348927,ID
644348928,644357655,US
644357656,644357663,GB
644357664,644364359,US
644364360,644364363,CA
644364364,644365263,US
644365264,644365271,CA
644365272,644366067,US
644366068,644366071,DE
644366072,644368327,US
644368328,644368335,CA
644368336,644368555,US
644368556,644368559,CA
644368560,644369435,US
644369436,644369437,HK
644369438,644371591,US
644371592,644371599,CA
644371600,644373043,US
644373044,644373045,CH
644373046,644374087,US
644374088,644374089,PA
644374090,644374163,US
644374164,644374165,CO
644374166,644374311,US
644374312,644374319,AR
644374320,644375343,US
644375344,644375347,CA
644375348,644381671,US
644381672,644381679,CA
644381680,644382519,US
644382520,644382527,SG
644382528,644382647,US
644382648,644382655,NL
644382656,644386199,US
644386200,644386207,FR
644386208,644386463,US
644386464,644386471,CA
644386472,644388863,US
644388864,644388879,CA
644388880,644388903,US
644388904,644388925,CA
644388926,644388927,US
644388928,644388943,CA
644388944,644388951,US
644388952,644388961,CA
644388962,644388963,US
644388964,644388971,CA
644388972,644388975,US
644388976,644388999,CA
644389000,644389007,US
644389008,644389039,CA
644389040,644389047,US
644389048,644389079,CA
644389080,644389087,US
644389088,644389111,CA
644389112,644389119,US
644389120,644389127,CA
644389128,644389151,US
644389152,644389159,CA
644389160,644389175,US
644389176,644389183,CA
644389184,644389191,US
644389192,644389215,CA
644389216,644389223,US
644389224,644389231,CA
644389232,644389247,US
644389248,644389263,CA
644389264,644389271,US
644389272,644389335,CA
644389336,644389343,US
644389344,644389383,CA
644389384,644389391,US
644389392,644389411,CA
644389412,644389415,US
644389416,644389423,CA
644389424,644389431,US
644389432,644389453,CA
644389454,644389455,US
644389456,644389463,CA
644389464,644389479,US
644389480,644389503,CA
644389504,644389523,US
644389524,644389551,CA
644389552,644389559,US
644389560,644389591,CA
644389592,644389599,US
644389600,644389623,CA
644389624,644389631,US
644389632,644389647,CA
644389648,644389655,US
644389656,644389679,CA
644389680,644389695,US
644389696,644389699,CA
644389700,644389711,US
644389712,644389735,CA
644389736,644389751,US
644389752,644389779,CA
644389780,644389781,US
644389782,644389783,CA
644389784,644389791,US
644389792,644389799,CA
644389800,644389815,US
644389816,644389839,CA
644389840,644389841,US
644389842,644389871,CA
644389872,644389875,US
644389876,644389895,CA
644389896,644389901,US
644389902,644389951,CA
644389952,644389967,US
644389968,644390015,CA
644390016,644390055,US
644390056,644390063,CA
644390064,644390127,US
644390128,644390147,CA
644390148,644390155,US
644390156,644390163,CA
644390164,644390227,US
644390228,644390231,CA
644390232,644390251,US
644390252,644390255,CA
644390256,644390279,US
644390280,644390283,CA
644390284,644390307,US
644390308,644390311,CA
644390312,644390371,US
644390372,644390379,CA
644390380,644390407,US
644390408,644390415,CA
644390416,644390423,US
644390424,644390439,CA
644390440,644390447,US
644390448,644390459,CA
644390460,644390463,US
644390464,644390479,CA
644390480,644390481,US
644390482,644390487,CA
644390488,644390495,US
644390496,644390515,CA
644390516,644390517,US
644390518,644390529,CA
644390530,644390531,US
644390532,644390537,CA
644390538,644390539,US
644390540,644390551,CA
644390552,644390561,US
644390562,644390605,CA
644390606,644390607,US
644390608,644390611,CA
644390612,644390613,US
644390614,644390695,CA
644390696,644390711,US
644390712,644390719,CA
644390720,644390727,US
644390728,644390735,CA
644390736,644390759,US
644390760,644390791,CA
644390792,644390799,US
644390800,644390807,CA
644390808,644390815,US
644390816,644390823,CA
644390824,644390831,US
644390832,644390883,CA
644390884,644390887,US
644390888,644390901,CA
644390902,644390903,US
644390904,644390911,CA
644390912,644396395,US
644396396,644396399,CA
644396400,644397959,US
644397960,644397963,CA
644397964,644399103,US
644399104,644399119,CA
644399120,644399295,US
644399296,644399303,CA
644399304,644399335,US
644399336,644399343,CA
644399344,644403211,US
644403212,644403215,CA
644403216,644403235,US
644403236,644403239,CA
644403240,644403251,US
644403252,644403255,CA
644403256,644403267,US
644403268,644403275,CA
644403276,644403291,US
644403292,644403295,CA
644403296,644403303,US
644403304,644403307,CA
644403308,644403335,US
644403336,644403343,CA
644403344,644403359,US
644403360,644403363,CA
644403364,644403375,US
644403376,644403379,CA
644403380,644403423,US
644403424,644403427,CA
644403428,644403435,US
644403436,644403439,CA
644403440,644403515,US
644403516,644403523,CA
644403524,644403547,US
644403548,644403551,CA
644403552,644403567,US
644403568,644403571,CA
644403572,644403599,US
644403600,644403607,CA
644403608,644403627,US
644403628,644403631,CA
644403632,644403647,US
644403648,644403655,CA
644403656,644403663,US
644403664,644403667,CA
644403668,644407807,US
644407808,644407815,CA
644407816,644407823,US
644407824,644407927,CA
644407928,644407935,US
644407936,644407951,CA
644407952,644407959,US
644407960,644407975,CA
644407976,644407991,US
644407992,644408007,CA
644408008,644408047,US
644408048,644408055,CA
644408056,644408929,US
644408930,644408931,AU
644408932,644409935,US
644409936,644409943,CA
644409944,644412415,US
644412416,644412439,MX
644412440,644412447,US
644412448,644412451,MX
644412452,644412455,US
644412456,644412487,MX
644412488,644412671,US
644412672,644412701,MX
644412702,644412703,US
644412704,644412725,MX
644412726,644412735,US
644412736,644412759,MX
644412760,644412775,US
644412776,644412791,MX
644412792,644412799,US
644412800,644412823,MX
644412824,644412831,US
644412832,644412839,MX
644412840,644412855,US
644412856,644412895,MX
644412896,644413439,US
644413440,644413441,MX
644413442,644413443,US
644413444,644413447,MX
644413448,644413449,US
644413450,644413463,MX
644413464,644413471,US
644413472,644413495,MX
644413496,644413503,US
644413504,644413511,MX
644413512,644413519,US
644413520,644413559,MX
644413560,644413569,US
644413570,644413571,MX
644413572,644413573,US
644413574,644413599,MX
644413600,644413607,US
644413608,644413623,MX
644413624,644413647,US
644413648,644413655,MX
644413656,644413671,US
644413672,644413695,MX
644413696,644413703,US
644413704,644413711,MX
644413712,644413727,US
644413728,644413743,MX
644413744,644413751,US
644413752,644413791,MX
644413792,644413799,US
644413800,644413823,MX
644413824,644413863,US
644413864,644413871,MX
644413872,644413879,US
644413880,644413895,MX
644413896,644413911,US
644413912,644413919,MX
644413920,644413935,US
644413936,644413943,MX
644413944,644414207,US
644414208,644414239,CA
644414240,644414247,US
644414248,644414279,CA
644414280,644414287,US
644414288,644414295,CA
644414296,644414299,US
644414300,644414319,CA
644414320,644414327,US
644414328,644414335,CA
644414336,644414343,US
644414344,644414351,CA
644414352,644414359,US
644414360,644414375,CA
644414376,644414383,US
644414384,644414401,CA
644414402,644414403,US
644414404,644414407,CA
644414408,644414415,US
644414416,644414427,CA
644414428,644414431,US
644414432,644414437,CA
644414438,644414441,US
644414442,644414463,CA
644414464,644414975,US
644414976,644414983,CA
644414984,644416831,US
644416832,644416895,FR
644416896,644419711,US
644419712,644419719,CA
644419720,644453631,US
644453632,644453887,NL
644453888,644474015,US
644474016,644474019,CA
644474020,644483215,US
644483216,644483223,SG
644483224,644488703,US
644488704,644488959,VE
644488960,644490535,US
644490536,644490543,CA
644490544,644490787,US
644490788,644490791,CA
644490792,644491223,US
644491224,644491231,CA
644491232,644511487,US
644511488,644511743,MM
644511744,644528559,US
644528560,644528567,CA
644528568,644528895,US
644528896,644529151,ID
644529152,644539351,US
644539352,644539359,CA
644539360,644568575,US
644568576,644568831,ID
644568832,644574719,US
644574720,644574975,DO
644574976,644581375,US
644581376,644581887,CA
644581888,644582143,US
644582144,644582271,CA
644582272,644582399,US
644582400,644583167,CA
644583168,644583423,GB
644583424,644602047,US
644602048,644602055,MX
644602056,644602879,US
644602880,644603135,CA
644603136,644614287,US
644614288,644614295,CA
644614296,644620287,US
644620288,644621311,PA
644621312,644622975,US
644622976,644622991,CA
644622992,644628479,US
644628480,644628735,CA
644628736,644628767,US
644628768,644628775,CA
644628776,644628783,US
644628784,644628799,CA
644628800,644628991,US
644628992,644629247,CA
644629248,644629391,US
644629392,644629407,CA
644629408,644629503,US
644629504,644629759,CA
644629760,644629791,US
644629792,644629823,CA
644629824,644630015,US
644630016,644630271,CA
644630272,644630311,US
644630312,644630319,CA
644630320,644630471,US
644630472,644630479,CA
644630480,644630527,US
644630528,644632319,CA
644632320,644632351,US
644632352,644632359,CA
644632360,644632383,US
644632384,644632415,CA
644632416,644632447,US
644632448,644632575,CA
644632576,644632671,US
644632672,644632703,CA
644632704,644633087,US
644633088,644633855,CA
644633856,644634367,US
644634368,644634623,CA
644634624,644635647,US
644635648,644635903,CA
644635904,644636927,US
644636928,644637183,MT
644637184,644639999,US
644640000,644640255,SY
644640256,644642559,US
644642560,644642815,VE
644642816,644646079,US
644646080,644646087,CA
644646088,644653055,US
644653056,644653311,HN
644653312,644659711,US
644659712,644660223,NL
644660224,644667903,US
644667904,644668159,GB
644668160,644669439,US
644669440,644669695,CY
644669696,644670975,US
644670976,644671231,IN
644671232,644679679,US
644679680,644680191,NL
644680192,644680447,IN
644680448,644680703,GB
644680704,644683775,US
644683776,644683783,DE
644683784,644694527,US
644694528,644694655,MT
644694656,644703743,US
644703744,644703999,CM
644704000,644715543,US
644715544,644715551,SG
644715552,644717455,US
644717456,644717463,CA
644717464,644718655,US
644718656,644718663,CA
644718664,644718719,US
644718720,644718847,CA
644718848,644718911,US
644718912,644718943,CA
644718944,644719359,US
644719360,644719615,CA
644719616,644720127,US
644720128,644720639,CA
644720640,644721151,US
644721152,644721159,CA
644721160,644722863,US
644722864,644722879,CA
644722880,644731903,US
644731904,644732159,ID
644732160,644735231,US
644735232,644735487,HK
644735488,644735999,US
644736000,644736255,FR
644736256,644739071,US
644739072,644739583,IN
644739584,644740095,US
644740096,644741119,UY
644741120,644759551,US
644759552,644759583,CA
644759584,644759615,US
644759616,644759623,CA
644759624,644759663,US
644759664,644759671,CA
644759672,644760063,US
644760064,644760319,CA
644760320,644760615,US
644760616,644760623,CA
644760624,644760719,US
644760720,644760727,CA
644760728,644760735,US
644760736,644760751,CA
644760752,644760767,US
644760768,644760783,CA
644760784,644760927,US
644760928,644760959,CA
644760960,644761087,US
644761088,644761119,CA
644761120,644761135,US
644761136,644761143,CA
644761144,644761375,US
644761376,644761391,CA
644761392,644761439,US
644761440,644761463,CA
644761464,644761471,US
644761472,644761551,CA
644761552,644761559,US
644761560,644761567,CA
644761568,644762623,US
644762624,644762879,DO
644762880,644763647,US
644763648,644763655,CA
644763656,644763775,US
644763776,644763783,CA
644763784,644763831,US
644763832,644763839,AU
644763840,644763911,US
644763912,644763935,CA
644763936,644763967,US
644763968,644764031,CA
644764032,644764671,US
644764672,644765695,CA
644765696,644766719,US
644766720,644766751,CA
644766752,644766911,US
644766912,644766975,CA
644766976,644767183,US
644767184,644767199,CA
644767200,644767207,US
644767208,644767487,CA
644767488,644769791,US
644769792,644770815,CA
644770816,644771839,IQ
644771840,644772095,US
644772096,644772351,CA
644772352,644772863,US
644772864,644773375,CA
644773376,644773407,US
644773408,644773503,CA
644773504,644773567,US
644773568,644773631,CA
644773632,644773791,US
644773792,644773799,CA
644773800,644773823,US
644773824,644773887,CA
644773888,644774399,US
644774400,644774655,CA
644774656,644774911,CM
644774912,644775871,US
644775872,644775887,CA
644775888,644775919,US
644775920,644775935,CA
644775936,644776191,XK
644776192,644777983,US
644777984,644778239,CA
644778240,644785151,US
644785152,644785919,NZ
644785920,644786175,AU
644786176,644793855,US
644793856,644794111,FR
644794112,644794367,US
644794368,644795391,VE
644795392,644798311,US
644798312,644798319,CA
644798320,644802047,US
644802048,644802303,SG
644802304,644802559,JP
644802560,644808775,US
644808776,644808783,MX
644808784,644808959,US
644808960,644809215,DE
644809216,644815615,US
644815616,644815871,FR
644815872,644816975,US
644816976,644816991,CA
644816992,644824319,US
644824320,644824575,HK
644824576,644833279,US
644833280,644833535,CA
644833536,644833791,DO
644833792,644834047,PY
644834048,644834895,CA
644834896,644834911,US
644834912,644835071,CA
644835072,644835327,US
644835328,644836863,CA
644836864,644837119,DE
644837120,644837631,US
644837632,644838399,CA
644838400,644838663,US
644838664,644838761,CA
644838762,644838763,US
644838764,644838767,CA
644838768,644838775,US
644838776,644838791,CA
644838792,644838799,US
644838800,644838879,CA
644838880,644839423,US
644839424,644840447,CA
644840448,644840959,US
644840960,644841087,CA
644841088,644843007,US
644843008,644843519,IN
644843520,644844799,US
644844800,644845055,DE
644845056,644862207,US
644862208,644862223,RO
644862224,644862231,NL
644862232,644862239,GB
644862240,644862463,RO
644862464,644867919,US
644867920,644867927,BR
644867928,644874615,US
644874616,644874619,CA
644874620,644874695,US
644874696,644874699,CA
644874700,644874855,US
644874856,644874859,CA
644874860,644874979,US
644874980,644874983,CA
644874984,644875171,US
644875172,644875175,CA
644875176,644875747,US
644875748,644875751,CA
644875752,644876887,US
644876888,644876895,CA
644876896,644877423,US
644877424,644877427,CA
644877428,644877839,US
644877840,644877843,CA
644877844,644879291,US
644879292,644879295,CA
644879296,644879327,US
644879328,644879331,CA
644879332,644879627,US
644879628,644879631,CA
644879632,644879727,US
644879728,644879731,CA
644879732,644882159,US
644882160,644882163,CA
644882164,644895039,US
644895040,644895071,CA
644895072,644895231,US
644895232,644895487,CA
644895488,644896063,US
644896064,644896127,CA
644896128,644896231,US
644896232,644896239,CA
644896240,644897023,US
644897024,644897095,CA
644897096,644897103,US
644897104,644897119,CA
644897120,644897135,US
644897136,644897151,CA
644897152,644897919,US
644897920,644897951,CA
644897952,644897967,US
644897968,644897983,CA
644897984,644898175,US
644898176,644898303,CA
644898304,644898375,US
644898376,644898383,CA
644898384,644898935,US
644898936,644898943,CA
644898944,644899839,US
644899840,644899903,CA
644899904,644899919,US
644899920,644899935,CA
644899936,644900031,US
644900032,644900063,CA
644900064,644900735,US
644900736,644900751,CA
644900752,644901255,US
644901256,644901263,CA
644901264,644901375,US
644901376,644901503,CA
644901504,644901631,US
644901632,644901887,CA
644901888,644903231,US
644903232,644903263,CA
644903264,644903391,US
644903392,644903407,CA
644903408,644905047,US
644905048,644905055,CA
644905056,644906415,US
644906416,644906431,CA
644906432,644962047,US
644962048,644962303,VE
644962304,644980735,US
644980736,644980767,CA
644980768,644980799,US
644980800,644980831,CA
644980832,644980871,US
644980872,644980927,CA
644980928,644980959,US
644980960,644981247,CA
644981248,644981759,US
644981760,644981823,CA
644981824,644981855,US
644981856,644981887,CA
644981888,644982271,US
644982272,644982367,CA
644982368,644982783,US
644982784,644984575,CA
644984576,644985855,US
644985856,644987151,CA
644987152,644987159,US
644987160,644987167,CA
644987168,644987183,US
644987184,644987199,CA
644987200,644987231,US
644987232,644987391,CA
644987392,644987647,US
644987648,644988927,CA
644988928,645024511,US
645024512,645024767,VE
645024768,645036031,US
645036032,645036287,GB
645036288,645056071,US
645056072,645056079,IE
645056080,645058815,US
645058816,645059071,FR
645059072,645185839,US
645185840,645185855,CA
645185856,645186687,US
645186688,645186719,CA
645186720,645187071,US
645187072,645187583,CA
645187584,645189887,US
645189888,645189895,CA
645189896,645218303,US
645218304,645218815,PK
645218816,645219071,CA
645219072,645219327,US
645219328,645220095,CA
645220096,645220351,US
645220352,645220927,CA
645220928,645220991,US
645220992,645221023,CA
645221024,645221087,US
645221088,645221103,CA
645221104,645221111,US
645221112,645221375,CA
645221376,645222399,US
645222400,645222911,CA
645222912,645223447,US
645223448,645223455,CA
645223456,645223487,US
645223488,645223503,CA
645223504,645223575,US
645223576,645223583,CA
645223584,645223615,US
645223616,645223647,CA
645223648,645223679,US
645223680,645223967,CA
645223968,645224063,US
645224064,645224095,CA
645224096,645224143,US
645224144,645224159,CA
645224160,645224191,US
645224192,645224447,NL
645224448,645224703,CA
645224704,645225215,US
645225216,645225503,CA
645225504,645225599,US
645225600,645225663,CA
645225664,645225695,US
645225696,645225703,CA
645225704,645225983,US
645225984,645226495,CA
645226496,645227135,US
645227136,645227263,CA
645227264,645227519,US
645227520,645228543,CA
645228544,645228559,US
645228560,645228575,CA
645228576,645228671,US
645228672,645228735,CA
645228736,645229215,US
645229216,645229279,CA
645229280,645229303,US
645229304,645229311,CA
645229312,645229439,US
645229440,645229471,CA
645229472,645229615,US
645229616,645229623,CA
645229624,645229823,US
645229824,645230335,CA
645230336,645230591,US
645230592,645231615,CA
645231616,645232639,PK
645232640,645233151,US
645233152,645233919,CA
645233920,645234431,US
645234432,645234687,CA
645234688,645400199,US
645400200,645400207,CA
645400208,645402623,US
645402624,645402657,MX
645402658,645402661,US
645402662,645402671,MX
645402672,645402679,US
645402680,645402689,MX
645402690,645409791,US
645409792,645409801,CA
645409802,645410303,US
645410304,645410309,CA
645410310,645410311,US
645410312,645410333,CA
645410334,645410335,US
645410336,645410353,CA
645410354,645410355,US
645410356,645410365,CA
645410366,645411839,US
645411840,645411841,CA
645411842,645416959,US
645416960,645416965,CA
645416966,645425151,US
645425152,645425153,CA
645425154,645433111,US
645433112,645433119,CA
645433120,645441407,US
645441408,645441413,CA
645441414,645442815,US
645442816,645442817,PR
645442818,645442819,US
645442820,645442821,PR
645442822,645445503,US
645445504,645445505,LT
645445506,645470207,US
645470208,645472255,GU
645472256,645474143,US
645474144,645474151,CA
645474152,645478911,US
645478912,645479167,CA
645479168,645482495,US
645482496,645482511,CA
645482512,645482559,US
645482560,645482591,CA
645482592,645483007,US
645483008,645483311,CA
645483312,645483359,US
645483360,645483391,CA
645483392,645483519,US
645483520,645484031,CA
645484032,645511439,US
645511440,645511447,CA
645511448,645517311,US
645517312,645521407,VE
645521408,645525503,US
645525504,645529599,IN
645529600,645533695,US
645533696,645533719,MX
645533720,645533723,US
645533724,645533743,MX
645533744,645533751,US
645533752,645533775,MX
645533776,645533783,US
645533784,645533791,MX
645533792,645533799,US
645533800,645533807,MX
645533808,645533815,US
645533816,645533855,MX
645533856,645533879,US
645533880,645533895,MX
645533896,645533919,US
645533920,645533951,MX
645533952,645533961,CA
645533962,645533975,US
645533976,645533983,CA
645533984,645533997,US
645533998,645534007,CA
645534008,645534031,US
645534032,645534039,CA
645534040,645537419,US
645537420,645537423,GB
645537424,645539839,US
645539840,645539847,MX
645539848,645539859,US
645539860,645539861,MX
645539862,645539867,US
645539868,645539879,MX
645539880,645539883,US
645539884,645539911,MX
645539912,645539919,US
645539920,645539923,MX
645539924,645539925,US
645539926,645539927,MX
645539928,645539929,US
645539930,645539933,MX
645539934,645539943,US
645539944,645539951,MX
645539952,645539959,US
645539960,645539967,MX
645539968,645539975,US
645539976,645540015,MX
645540016,645540047,US
645540048,645540055,MX
645540056,645540071,US
645540072,645540079,MX
645540080,645540103,US
645540104,645540111,MX
645540112,645540135,US
645540136,645540145,MX
645540146,645540147,US
645540148,645540159,MX
645540160,645540167,US
645540168,645540175,MX
645540176,645540191,US
645540192,645540207,MX
645540208,645540215,US
645540216,645540255,MX
645540256,645540263,US
645540264,645540303,MX
645540304,645540311,US
645540312,645540341,MX
645540342,645540343,US
645540344,645540351,MX
645540352,645540359,US
645540360,645540367,CA
645540368,645540375,US
645540376,645540391,CA
645540392,645540399,US
645540400,645540419,CA
645540420,645540423,US
645540424,645540447,CA
645540448,645540463,US
645540464,645540471,CA
645540472,645540479,US
645540480,645540487,CA
645540488,645540495,US
645540496,645540503,CA
645540504,645540527,US
645540528,645540543,CA
645540544,645540551,US
645540552,645540559,CA
645540560,645540567,US
645540568,645540575,CA
645540576,645540583,US
645540584,645540607,CA
645540608,645540623,US
645540624,645540639,CA
645540640,645540647,US
645540648,645540687,CA
645540688,645540695,US
645540696,645540731,CA
645540732,645540743,US
645540744,645540755,CA
645540756,645540759,US
645540760,645540783,CA
645540784,645540803,US
645540804,645540807,CA
645540808,645540831,US
645540832,645540835,CA
645540836,645540839,US
645540840,645540863,CA
645540864,645541735,US
645541736,645541743,CA
645541744,645542043,US
645542044,645542047,CA
645542048,645542131,US
645542132,645542135,CA
645542136,645545599,US
645545600,645545607,CZ
645545608,645547007,US
645547008,645547015,CA
645547016,645547023,US
645547024,645547031,CA
645547032,645547039,US
645547040,645547047,CA
645547048,645547055,US
645547056,645547063,CA
645547064,645547071,US
645547072,645547087,CA
645547088,645547095,US
645547096,645547103,CA
645547104,645547111,US
645547112,645547127,CA
645547128,645547135,US
645547136,645547143,CA
645547144,645547159,US
645547160,645547167,CA
645547168,645547175,US
645547176,645547183,CA
645547184,645547199,US
645547200,645547207,CA
645547208,645547215,US
645547216,645547231,CA
645547232,645547239,US
645547240,645547263,CA
645547264,645547271,US
645547272,645547279,CA
645547280,645547287,US
645547288,645547295,CA
645547296,645547319,US
645547320,645547343,CA
645547344,645547351,US
645547352,645547359,CA
645547360,645547367,US
645547368,645547383,CA
645547384,645547387,US
645547388,645547407,CA
645547408,645547423,US
645547424,645547431,CA
645547432,645547439,US
645547440,645547447,CA
645547448,645547471,US
645547472,645547479,CA
645547480,645547495,US
645547496,645547511,CA
645547512,645547521,US
645547522,645547527,CA
645547528,645547555,US
645547556,645547559,CA
645547560,645547583,US
645547584,645547631,CA
645547632,645547655,US
645547656,645547657,CA
645547658,645547659,US
645547660,645547663,CA
645547664,645547671,US
645547672,645547695,CA
645547696,645547711,US
645547712,645547719,CA
645547720,645547727,US
645547728,645547735,CA
645547736,645547751,US
645547752,645547759,CA
645547760,645547775,US
645547776,645547783,CA
645547784,645547807,US
645547808,645547815,CA
645547816,645547823,US
645547824,645547831,CA
645547832,645547847,US
645547848,645547895,CA
645547896,645547935,US
645547936,645547959,CA
645547960,645547983,US
645547984,645548007,CA
645548008,645548023,US
645548024,645548031,CA
645548032,645550023,US
645550024,645550031,CA
645550032,645552479,US
645552480,645552487,CA
645552488,645555207,US
645555208,645555215,CA
645555216,645555223,US
645555224,645555271,CA
645555272,645555279,US
645555280,645555319,CA
645555320,645555327,US
645555328,645555335,CA
645555336,645555343,US
645555344,645555351,CA
645555352,645555359,US
645555360,645555367,CA
645555368,645555375,US
645555376,645555391,CA
645555392,645555415,US
645555416,645555431,CA
645555432,645555439,US
645555440,645555447,CA
645555448,645555479,US
645555480,645555487,CA
645555488,645555519,US
645555520,645555535,CA
645555536,645555543,US
645555544,645555551,CA
645555552,645555559,US
645555560,645555567,CA
645555568,645555575,US
645555576,645555591,CA
645555592,645555607,US
645555608,645555615,CA
645555616,645555631,US
645555632,645555663,CA
645555664,645555679,US
645555680,645555687,CA
645555688,645555711,US
645555712,645555733,CA
645555734,645555735,US
645555736,645555743,CA
645555744,645555751,US
645555752,645555759,CA
645555760,645555767,US
645555768,645555775,CA
645555776,645555783,US
645555784,645555791,CA
645555792,645555799,US
645555800,645555807,CA
645555808,645555815,US
645555816,645555871,CA
645555872,645555879,US
645555880,645555887,CA
645555888,645555903,US
645555904,645555911,CA
645555912,645555919,US
645555920,645555943,CA
645555944,645555959,US
645555960,645555991,CA
645555992,645555999,US
645556000,645556007,CA
645556008,645556023,US
645556024,645556039,CA
645556040,645556055,US
645556056,645556079,CA
645556080,645556087,US
645556088,645556095,CA
645556096,645556103,US
645556104,645556119,CA
645556120,645556135,US
645556136,645556143,CA
645556144,645556151,US
645556152,645556159,CA
645556160,645556167,US
645556168,645556175,CA
645556176,645556183,US
645556184,645556191,CA
645556192,645561343,US
645561344,645561375,MX
645561376,645561379,US
645561380,645561423,MX
645561424,645561427,US
645561428,645561431,MX
645561432,645561439,US
645561440,645561455,MX
645561456,645561471,US
645561472,645561479,MX
645561480,645561487,US
645561488,645561497,MX
645561498,645561499,US
645561500,645561503,MX
645561504,645561509,US
645561510,645561537,MX
645561538,645561543,US
645561544,645561551,MX
645561552,645561567,US
645561568,645561575,MX
645561576,645561607,US
645561608,645561615,MX
645561616,645561631,US
645561632,645561639,MX
645561640,645562299,US
645562300,645562303,CA
645562304,645576719,US
645576720,645576727,CA
645576728,645576751,US
645576752,645576759,CA
645576760,645576775,US
645576776,645576783,CA
645576784,645576791,US
645576792,645576795,CA
645576796,645576799,US
645576800,645576807,CA
645576808,645576983,US
645576984,645576991,CA
645576992,645577031,US
645577032,645577035,CA
645577036,645577055,US
645577056,645577063,CA
645577064,645577119,US
645577120,645577127,CA
645577128,645577143,US
645577144,645577151,CA
645577152,645577167,US
645577168,645577175,CA
645577176,645578623,US
645578624,645578631,FR
645578632,645587971,US
645587972,645587975,CA
645587976,645587983,US
645587984,645587991,CA
645587992,645588447,US
645588448,645588455,IL
645588456,645588483,US
645588484,645588487,CA
645588488,645588495,US
645588496,645588511,CA
645588512,645588519,US
645588520,645588543,CA
645588544,645588551,US
645588552,645588583,CA
645588584,645588591,US
645588592,645588599,CA
645588600,645588615,US
645588616,645588623,CA
645588624,645588631,US
645588632,645588687,CA
645588688,645588695,US
645588696,645588703,CA
645588704,645588721,US
645588722,645588735,CA
645588736,645588743,US
645588744,645588767,CA
645588768,645588775,US
645588776,645588791,CA
645588792,645588799,US
645588800,645588807,CA
645588808,645588815,US
645588816,645588911,CA
645588912,645588919,US
645588920,645588927,CA
645588928,645588943,US
645588944,645588951,CA
645588952,645588959,US
645588960,645588975,CA
645588976,645589095,US
645589096,645589103,JP
645589104,645592231,US
645592232,645592239,CA
645592240,645607423,US
645607424,645607679,DO
645607680,645608031,US
645608032,645608063,CA
645608064,645608263,US
645608264,645608271,GB
645608272,645608307,US
645608308,645608311,CA
645608312,645611519,US
645611520,645611583,MX
645611584,645611647,US
645611648,645612543,MX
645612544,645612799,US
645612800,645613567,MX
645613568,645613823,US
645613824,645614335,MX
645614336,645614847,US
645614848,645615103,MX
645615104,645615359,US
645615360,645615615,MX
645615616,645621503,US
645621504,645621759,SG
645621760,645625855,US
645625856,645626879,DO
645626880,645631383,US
645631384,645631391,CA
645631392,645631487,US
645631488,645631743,LB
645631744,645636095,US
645636096,645636351,DE
645636352,645636607,TW
645636608,645637119,US
645637120,645637375,SV
645637376,645637631,CA
645637632,645638143,US
645638144,645639167,VE
645639168,645639423,SG
645639424,645639679,US
645639680,645639935,VN
645639936,645640191,US
645640192,645644287,IL
645644288,645651711,MX
645651712,645651967,US
645651968,645652479,MX
645652480,645666695,US
645666696,645666703,HK
645666704,645681727,US
645681728,645681743,DE
645681744,645681919,US
645681920,645682175,PK
645682176,645699583,US
645699584,645699839,NL
645699840,645701031,US
645701032,645701039,CA
645701040,645703743,US
645703744,645703747,MX
645703748,645703751,US
645703752,645703791,MX
645703792,645703807,US
645703808,645703903,MX
645703904,645703935,US
645703936,645705727,MX
645705728,645709823,US
645709824,645710591,MX
645710592,645710847,US
645710848,645711871,MX
645711872,645712127,US
645712128,645713407,MX
645713408,645713423,US
645713424,645713439,MX
645713440,645713443,US
645713444,645713445,MX
645713446,645713455,US
645713456,645713463,MX
645713464,645713663,US
645713664,645718015,MX
645718016,645719039,US
645719040,645720063,AF
645720064,645724847,US
645724848,645724855,MX
645724856,645739519,US
645739520,645740031,IN
645740032,645741567,US
645741568,645741823,GB
645741824,645767167,US
645767168,645767423,JP
645767424,645775511,US
645775512,645775519,FR
645775520,645777703,US
645777704,645777711,CA
645777712,645786623,US
645786624,645787647,VE
645787648,645789695,US
645789696,645791743,PK
645791744,645795327,US
645795328,645795583,GB
645795584,645800447,US
645800448,645800703,VE
645800704,645804823,US
645804824,645804831,BR
645804832,645812223,US
645812224,645816319,GB
645816320,645818591,US
645818592,645818599,CO
645818600,645823487,US
645823488,645823743,VN
645823744,645824511,US
645824512,645824767,SG
645824768,645829631,US
645829632,645829887,IL
645829888,645848591,US
645848592,645848831,CA
645848832,645849599,US
645849600,645849855,SG
645849856,645850111,IL
645850112,645859327,US
645859328,645859583,SG
645859584,645873999,US
645874000,645874007,CA
645874008,645874303,US
645874304,645874311,CA
645874312,645874351,US
645874352,645874367,CA
645874368,645874399,US
645874400,645874415,CA
645874416,645874431,US
645874432,645874687,CA
645874688,645875263,US
645875264,645875271,CA
645875272,645876999,US
645877000,645877007,CA
645877008,645887743,US
645887744,645887999,BR
645888000,645895679,US
645895680,645896191,DO
645896192,645896703,US
645896704,645897215,ID
645897216,645907455,US
645907456,645907711,DO
645907712,645910527,US
645910528,645910783,IQ
645910784,645912063,US
645912064,645912575,NL
645912576,645912831,SG
645912832,645913599,US
645913600,645914111,VE
645914112,645918207,US
645918208,645918463,AU
645918464,645924863,US
645924864,645925119,JP
645925120,645925375,CA
645925376,645925631,JP
645925632,645925887,CA
645925888,645951487,US
645951488,645953535,IN
645953536,645980159,US
645980160,645982207,LB
645982208,645986303,CA
645986304,645988351,US
645988352,645988863,CA
645988864,645989375,EC
645989376,645989631,US
645989632,645989887,CA
645989888,645990143,US
645990144,645990399,VE
645990400,645990655,US
645990656,645990911,ID
645990912,645991167,CA
645991168,645991231,US
645991232,645991247,CA
645991248,645991679,US
645991680,645992703,CA
645992704,645992959,US
645992960,645996543,CA
645996544,645998591,US
645998592,645999103,DO
645999104,645999615,US
645999616,646000127,CA
646000128,646000383,DE
646000384,646000639,FR
646000640,646001663,DO
646001664,646001727,US
646001728,646002175,CA
646002176,646002431,US
646002432,646003455,CA
646003456,646004735,US
646004736,646004991,DO
646004992,646011135,US
646011136,646011391,VE
646011392,646011903,US
646011904,646012415,DO
646012416,646013951,US
646013952,646014207,DE
646014208,646014975,AU
646014976,646076159,US
646076160,646076415,HN
646076416,646077695,US
646077696,646077951,DE
646077952,646082559,US
646082560,646083071,DO
646083072,646083079,CA
646083080,646083263,US
646083264,646083327,CA
646083328,646083583,US
646083584,646083839,CA
646083840,646084095,US
646084096,646086655,CA
646086656,646088703,US
646088704,646088959,FR
646088960,646089215,PY
646089216,646089471,US
646089472,646089983,ID
646089984,646090239,VE
646090240,646090495,US
646090496,646090751,ID
646090752,646091775,IN
646091776,646092543,US
646092544,646092799,SG
646092800,646093783,US
646093784,646093791,CA
646093792,646094079,US
646094080,646094335,SG
646094336,646115327,US
646115328,646115583,NL
646115584,646117375,US
646117376,646118399,KH
646118400,646118655,IN
646118656,646118911,ID
646118912,646119679,US
646119680,646119935,NL
646119936,646120703,US
646120704,646120959,DO
646120960,646122495,US
646122496,646123519,PA
646123520,646129151,US
646129152,646129407,FR
646129408,646131711,US
646131712,646131967,NL
646131968,646135295,US
646135296,646135807,DO
646135808,646153215,CA
646153216,646160383,US
646160384,646164479,CA
646164480,646166527,US
646166528,646168575,CA
646168576,646175743,US
646175744,646175999,DE
646176000,646180095,US
646180096,646180351,CA
646180352,646195711,US
646195712,646195967,CA
646195968,646197247,US
646197248,646201343,CA
646201344,646258687,US
646258688,646262783,CA
646262784,646264831,DO
646264832,646266879,CA
646266880,646281727,US
646281728,646282239,LB
646282240,646283007,US
646283008,646283263,NL
646283264,646286079,US
646286080,646286335,IE
646286336,646286847,US
646286848,646287103,RO
646287104,646295551,US
646295552,646295807,PL
646295808,646299135,US
646299136,646299647,CA
646299648,646304511,US
646304512,646304767,FR
646304768,646305023,US
646305024,646305279,NL
646305280,646316799,US
646316800,646317055,BG
646317056,646351103,US
646351104,646351359,GB
646351360,646353151,IN
646353152,646360063,US
646360064,646360319,VE
646360320,646364159,US
646364160,646364415,PY
646364416,646364671,SG
646364672,646365079,US
646365080,646365087,AU
646365088,646379775,US
646379776,646380031,VE
646380032,646380287,PA
646380288,646382591,US
646382592,646382847,DO
646382848,646383103,US
646383104,646383615,NL
646383616,646388735,US
646388736,646389247,HK
646389248,646389503,DO
646389504,646395903,US
646395904,646397951,IN
646397952,646398463,US
646398464,646398975,LA
646398976,646399623,US
646399624,646399631,DE
646399632,646399639,NL
646399640,646400511,US
646400512,646400767,DE
646400768,646401023,NL
646401024,646403071,US
646403072,646403103,CY
646403104,646403327,US
646403328,646403583,DO
646403584,646403839,US
646403840,646404095,IN
646404096,646405631,US
646405632,646405887,CA
646405888,646406911,US
646406912,646407167,CA
646407168,646414335,US
646414336,646414343,CA
646414344,646414351,US
646414352,646414367,CA
646414368,646414399,US
646414400,646414463,CA
646414464,646414847,US
646414848,646415359,CA
646415360,646417919,US
646417920,646418431,NL
646418432,646420479,US
646420480,646420735,CA
646420736,646420991,US
646420992,646421503,CA
646421504,646427391,US
646427392,646427647,CA
646427648,646428159,US
646428160,646428415,GB
646428416,646430719,US
646430720,646430975,DO
646430976,646553599,US
646553600,646555647,BR
646555648,646557695,US
646557696,646558719,VE
646558720,646559743,US
646559744,646561791,BR
646561792,646569983,PE
646569984,646573055,US
646573056,646574079,VE
646574080,646576127,US
646576128,646577151,UA
646577152,646578175,MX
646578176,646642431,US
646642432,646642687,IL
646642688,646645759,US
646645760,646646015,IL
646646016,646711807,US
646711808,646711815,CA
646711816,646711871,US
646711872,646711879,CA
646711880,646711919,US
646711920,646711927,CA
646711928,646711943,US
646711944,646711951,CA
646711952,646711971,US
646711972,646711975,CA
646711976,646712003,US
646712004,646712007,CA
646712008,646712075,US
646712076,646712079,CA
646712080,646712087,US
646712088,646712095,CA
646712096,646712103,US
646712104,646712111,CA
646712112,646712151,US
646712152,646712159,CA
646712160,646712223,US
646712224,646712231,CA
646712232,646712571,US
646712572,646712573,MX
646712574,646718047,US
646718048,646718055,CA
646718056,646720663,US
646720664,646720671,CA
646720672,646721023,US
646721024,646721027,CA
646721028,646721031,US
646721032,646721063,CA
646721064,646721079,US
646721080,646721087,CA
646721088,646721127,US
646721128,646721175,CA
646721176,646721199,US
646721200,646721207,CA
646721208,646721319,US
646721320,646721327,CA
646721328,646721375,US
646721376,646721383,CA
646721384,646721407,US
646721408,646721423,CA
646721424,646721431,US
646721432,646721439,CA
646721440,646721463,US
646721464,646721471,CA
646721472,646721495,US
646721496,646721527,CA
646721528,646722703,US
646722704,646722711,CA
646722712,646725319,US
646725320,646725327,HK
646725328,646734887,US
646734888,646734911,CA
646734912,646734943,US
646734944,646734951,CA
646734952,646734999,US
646735000,646735007,CA
646735008,646735055,US
646735056,646735063,CA
646735064,646735087,US
646735088,646735103,CA
646735104,646735159,US
646735160,646735167,CA
646735168,646735175,US
646735176,646735191,CA
646735192,646735215,US
646735216,646735223,CA
646735224,646735327,US
646735328,646735335,CA
646735336,646735351,US
646735352,646735359,CA
646735360,646737831,US
646737832,646737839,MX
646737840,646765583,US
646765584,646765591,CA
646765592,646765599,US
646765600,646765607,CA
646765608,646765671,US
646765672,646765679,CA
646765680,646765687,US
646765688,646765695,CA
646765696,646765791,US
646765792,646765799,CA
646765800,646765823,US
646765824,646765831,CA
646765832,646765871,US
646765872,646765879,CA
646765880,646765903,US
646765904,646765911,CA
646765912,646765943,US
646765944,646765951,CA
646765952,646766031,US
646766032,646766039,CA
646766040,646766055,US
646766056,646766063,CA
646766064,646766087,US
646766088,646766095,CA
646766096,646766127,US
646766128,646766135,CA
646766136,646766191,US
646766192,646766199,CA
646766200,646766247,US
646766248,646766255,CA
646766256,646766279,US
646766280,646766287,CA
646766288,646766295,US
646766296,646766303,CA
646766304,646766311,US
646766312,646766319,CA
646766320,646766335,US
646766336,646766343,CA
646766344,646766399,US
646766400,646766407,CA
646766408,646766471,US
646766472,646766487,CA
646766488,646766527,US
646766528,646766535,CA
646766536,646767415,US
646767416,646767423,CA
646767424,646784511,US
646784512,646785023,MX
646785024,646791167,US
646791168,646792191,MX
646792192,646807551,US
646807552,646815743,CA
646815744,646818303,US
646818304,646819583,CA
646819584,646823935,US
646823936,646832127,CA
646832128,646840319,US
646840320,646840335,CA
646840336,646840343,US
646840344,646840391,CA
646840392,646840407,US
646840408,646840415,CA
646840416,646840423,US
646840424,646840495,CA
646840496,646840503,US
646840504,646840519,CA
646840520,646840535,US
646840536,646840543,CA
646840544,646840575,US
646840576,646840583,CA
646840584,646840591,US
646840592,646840599,CA
646840600,646840615,US
646840616,646840655,CA
646840656,646840663,US
646840664,646840671,CA
646840672,646840695,US
646840696,646840703,CA
646840704,646840711,US
646840712,646840767,CA
646840768,646840775,US
646840776,646840783,CA
646840784,646840807,US
646840808,646840815,CA
646840816,646840823,US
646840824,646840839,CA
646840840,646840871,US
646840872,646840903,CA
646840904,646840919,US
646840920,646840927,CA
646840928,646840935,US
646840936,646840951,CA
646840952,646840959,US
646840960,646840975,CA
646840976,646840983,US
646840984,646840991,CA
646840992,646840999,US
646841000,646841039,CA
646841040,646841063,US
646841064,646841071,CA
646841072,646841095,US
646841096,646841111,CA
646841112,646841151,US
646841152,646841167,CA
646841168,646841175,US
646841176,646841183,CA
646841184,646841215,US
646841216,646841247,CA
646841248,646841255,US
646841256,646841263,CA
646841264,646841271,US
646841272,646841279,CA
646841280,646841287,US
646841288,646841303,CA
646841304,646841311,US
646841312,646841343,CA
646841344,646841455,US
646841456,646841463,CH
646841464,646851103,US
646851104,646851111,VI
646851112,646852727,US
646852728,646852735,CA
646852736,646852879,US
646852880,646852887,CA
646852888,646853615,US
646853616,646853623,CA
646853624,646855687,US
646855688,646855695,CA
646855696,646855711,US
646855712,646855719,CA
646855720,646855727,US
646855728,646855743,CA
646855744,646855759,US
646855760,646855767,CA
646855768,646855799,US
646855800,646855807,CA
646855808,646855815,US
646855816,646855823,CA
646855824,646855831,US
646855832,646855935,CA
646855936,646855943,US
646855944,646855959,CA
646855960,646855967,US
646855968,646855983,CA
646855984,646855991,US
646855992,646856015,CA
646856016,646856023,US
646856024,646856039,CA
646856040,646856063,US
646856064,646856079,CA
646856080,646856103,US
646856104,646856111,CA
646856112,646856143,US
646856144,646856151,CA
646856152,646856167,US
646856168,646856175,CA
646856176,646856183,US
646856184,646856207,CA
646856208,646856215,US
646856216,646856231,CA
646856232,646856239,US
646856240,646856247,CA
646856248,646856255,US
646856256,646856271,CA
646856272,646856295,US
646856296,646856311,CA
646856312,646856343,US
646856344,646856359,CA
646856360,646856383,US
646856384,646856391,CA
646856392,646856399,US
646856400,646856423,CA
646856424,646856439,US
646856440,646856455,CA
646856456,646856463,US
646856464,646856487,CA
646856488,646856495,US
646856496,646856503,CA
646856504,646856511,US
646856512,646856527,CA
646856528,646856535,US
646856536,646856543,CA
646856544,646856551,US
646856552,646856567,CA
646856568,646856591,US
646856592,646856631,CA
646856632,646856655,US
646856656,646856687,CA
646856688,646859063,US
646859064,646859071,CA
646859072,646862847,US
646862848,646862849,CA
646862850,646862855,US
646862856,646862897,CA
646862898,646862899,US
646862900,646862913,CA
646862914,646862915,US
646862916,646862951,CA
646862952,646862959,US
646862960,646862991,CA
646862992,646863031,US
646863032,646863071,CA
646863072,646877423,US
646877424,646877431,CA
646877432,646879319,US
646879320,646879327,PE
646879328,646879903,US
646879904,646879911,BR
646879912,646880303,US
646880304,646880311,CA
646880312,646882359,US
646882360,646882367,ZA
646882368,646884663,US
646884664,646884679,CA
646884680,646890015,US
646890016,646890023,BO
646890024,646897167,US
646897168,646897175,CY
646897176,646910719,US
646910720,646910975,FR
646910976,646914095,US
646914096,646914143,CA
646914144,646914271,US
646914272,646914303,CA
646914304,646914591,US
646914592,646914687,CA
646914688,646914815,US
646914816,646915135,CA
646915136,646915327,US
646915328,646915583,CA
646915584,646916351,US
646916352,646916607,CA
646916608,646918143,US
646918144,646921215,CA
646921216,646938623,US
646938624,646938879,PY
646938880,646939519,CA
646939520,646939567,US
646939568,646939583,CA
646939584,646939647,US
646939648,646940239,CA
646940240,646940247,US
646940248,646940271,CA
646940272,646940351,US
646940352,646940927,CA
646940928,646941183,GB
646941184,646941311,US
646941312,646941375,CA
646941376,646941439,US
646941440,646943487,CA
646943488,646943743,US
646943744,646944511,CA
646944512,646944767,DO
646944768,646945023,CL
646945024,646951935,US
646951936,646952959,JP
646952960,646955007,US
646955008,646963199,CA
646963200,646963455,US
646963456,646963711,CA
646963712,646969599,US
646969600,646969855,ID
646969856,647058687,US
647058688,647058943,CA
647058944,647059967,US
647059968,647060479,CA
647060480,647063551,US
647063552,647065599,CA
647065600,647069695,US
647069696,647071743,PA
647071744,647094271,US
647094272,647102463,CA
647102464,647103231,US
647103232,647103487,RS
647103488,647119871,US
647119872,647120383,MX
647120384,647153919,US
647153920,647154175,IN
647154176,647155199,US
647155200,647155455,SG
647155456,647157759,US
647157760,647158015,LB
647158016,647170047,US
647170048,647171327,CA
647171328,647171583,US
647171584,647171839,PH
647171840,647172095,VE
647172096,647192575,US
647192576,647192831,ID
647192832,647198719,US
647198720,647198975,DE
647198976,647199231,US
647199232,647199487,ID
647199488,647200767,US
647200768,647201023,PH
647201024,647201535,US
647201536,647201791,DO
647201792,647203327,US
647203328,647203583,DO
647203584,647203839,US
647203840,647204095,FR
647204096,647204351,NL
647204352,647206911,US
647206912,647207423,DO
647207424,647229439,US
647229440,647233535,CA
647233536,647266303,US
647266304,647270399,NG
647270400,647366655,US
647366656,647367167,SG
647367168,647367679,JP
647367680,647368703,HK
647368704,647368959,PH
647368960,647369215,HK
647369216,647369727,ID
647369728,647387135,US
647387136,647389183,VE
647389184,647390207,SG
647390208,647391231,ID
647391232,647393791,US
647393792,647394047,NL
647394048,647394303,DO
647394304,647626751,US
647626752,647692287,CA
647692288,647712511,US
647712512,647712767,JP
647712768,647758847,US
647758848,647759359,BR
647759360,647759615,AR
647759616,647759871,PE
647759872,647760895,US
647760896,647761151,AR
647761152,647761407,CO
647761408,647761663,DO
647761664,647761919,MX
647761920,647762175,AR
647762176,647762687,BR
647762688,647762943,US
647762944,647763967,DO
647763968,647766015,BR
647766016,647774207,US
647774208,647775231,BR
647775232,647775999,US
647776000,647776255,AR
647776256,647778303,US
647778304,647779327,AR
647779328,647780351,US
647780352,647780607,IN
647780608,647780863,DO
647780864,647781375,BR
647781376,647781887,CO
647781888,647782143,US
647782144,647782399,ID
647782400,647790591,US
647790592,647806975,MX
647806976,647815167,US
647815168,647815679,CO
647815680,647816191,US
647816192,647817215,CO
647817216,647819775,US
647819776,647820287,BR
647820288,647820799,US
647820800,647821055,DO
647821056,647821311,BR
647821312,647822335,PA
647822336,647822591,US
647822592,647822847,DO
647822848,647823103,EC
647823104,647823359,CO
647823360,647888895,US
647888896,647897087,CA
647897088,647909375,US
647909376,647909887,DO
647909888,647910399,PE
647910400,647912447,MX
647912448,647913471,DO
647913472,647921663,AR
647921664,647940095,US
647940096,647940607,DO
647940608,647941119,MX
647941120,647948287,US
647948288,647949311,PE
647949312,647950335,PR
647950336,647951359,US
647951360,647951871,MX
647951872,647952127,IN
647952128,647952383,BR
647952384,647962623,US
647962624,647963647,BR
647963648,647964159,DO
647964160,647964415,CA
647964416,647964671,DO
647964672,647966719,AR
647966720,647970815,VE
647970816,647979007,AR
647979008,647983103,DO
647983104,647984639,US
647984640,647984895,SG
647984896,647985407,US
647985408,647985663,PR
647985664,647986175,IN
647986176,647987199,VE
647987200,647995391,US
647995392,647996415,AR
647996416,647996671,US
647996672,647996927,ES
647996928,647997439,PE
647997440,647998463,BR
647998464,647998719,ES
647998720,647998975,BR
647998976,647999487,MX
647999488,647999743,CO
647999744,647999999,MX
648000000,648000255,US
648000256,648000511,BR
648000512,648000767,US
648000768,648001023,PE
648001024,648001535,US
648001536,648002559,CO
648002560,648003583,BR
648003584,648011775,DO
648011776,648012287,AR
648012288,648012799,DO
648012800,648013311,US
648013312,648015871,DO
648015872,648019967,TH
648019968,648200191,US
648200192,648216575,CA
648216576,648404991,US
648404992,648413183,MX
648413184,648478719,VE
648478720,648675327,US
648675328,648740863,BF
648740864,648806399,VE
648806400,648814591,US
648814592,648815615,ES
648815616,648816639,MY
648816640,648818687,HN
648818688,648819711,TR
648819712,648820735,US
648820736,648821759,VE
648821760,648822783,DO
648822784,648839167,US
648839168,648840191,PE
648840192,648841727,US
648841728,648842239,VE
648842240,648842751,BR
648842752,648843263,ID
648843264,648845311,CA
648845312,648845823,ID
648845824,648846591,DO
648846592,648846847,LB
648846848,648847359,US
648847360,648855551,VE
648855552,648855807,BR
648855808,648856063,ES
648856064,648856319,PE
648856320,648856575,BR
648856576,648856831,US
648856832,648857087,CL
648857088,648857599,BR
648857600,648857855,AR
648857856,648858623,BG
648858624,648858879,MX
648858880,648859135,CO
648859136,648860671,US
648860672,648860927,AR
648860928,648861183,GT
648861184,648861695,US
648861696,648863743,CO
648863744,648871935,CA
648871936,648937471,US
648937472,648945663,CA
648945664,648953855,US
648953856,648970239,CA
648970240,649011199,US
649011200,649015295,IN
649015296,649019391,CA
649019392,649035775,US
649035776,649043967,CA
649043968,649281535,US
649281536,649282559,HK
649282560,649283583,US
649283584,649285631,JP
649285632,649289727,US
649289728,649297919,AU
649297920,649330687,US
649330688,649396223,NL
649396224,649412607,HK
649412608,649486335,US
649486336,649487359,HK
649487360,649487871,US
649487872,649488383,HK
649488384,649488895,JP
649488896,649489407,VN
649489408,649489919,US
649489920,649490431,TH
649490432,649491455,AE
649491456,649492479,TR
649492480,649492991,ID
649492992,649493503,TW
649493504,649547775,US
649547776,649550335,AR
649550336,649550591,US
649550592,649550847,AR
649550848,649551103,PE
649551104,649551359,AU
649551360,649551615,US
649551616,649551871,IE
649551872,649555967,IN
649555968,649558015,VE
649558016,649559039,BR
649559040,649560575,US
649560576,649561087,BR
649561088,649562111,MX
649562112,649564159,US
649564160,649565183,ID
649565184,649565695,US
649565696,649566207,MX
649566208,649566463,DO
649566464,649566719,US
649566720,649567231,FI
649567232,649568255,PL
649568256,649573887,US
649573888,649574399,PE
649574400,649574655,VE
649574656,649574911,AR
649574912,649575423,BR
649575424,649576447,US
649576448,649578495,VE
649578496,649579519,PE
649579520,649580543,BR
649580544,649581567,US
649581568,649582591,VE
649582592,649583103,DO
649583104,649723903,US
649723904,649732095,CA
649732096,649736191,US
649736192,649740287,CA
649740288,649789439,US
649789440,649797631,PE
649797632,649805823,US
649805824,649822207,MX
649822208,649854975,US
649854976,649863167,DO
649863168,649867263,US
649867264,649867519,VE
649867520,649868287,US
649868288,649869311,VE
649869312,649869823,US
649869824,649870335,CA
649870336,649870847,US
649870848,649871103,BR
649871104,649871359,ID
649871360,649879551,IN
649879552,649880575,VE
649880576,649881087,PE
649881088,649881599,DO
649881600,649882623,BR
649882624,649883647,IN
649883648,649900031,US
649900032,649900543,BR
649900544,649901055,MX
649901056,649902079,IN
649902080,649904127,HN
649904128,649906175,CR
649906176,649906687,VE
649906688,649906943,US
649906944,649907199,IN
649907200,649907711,BR
649907712,649907967,CO
649907968,649908223,ID
649908224,649912575,US
649912576,649912831,CO
649912832,649914367,US
649914368,649917439,VE
649917440,649918463,DO
649918464,649919487,US
649919488,649920511,CO
649920512,649928703,US
649928704,649936895,DO
649936896,649953279,US
649953280,649955327,DO
649955328,649969663,US
649969664,649986047,DO
649986048,649986559,GT
649986560,649987071,BR
649987072,649988095,CO
649988096,649989119,US
649989120,649990143,BR
649990144,649993215,US
649993216,649994239,BR
649994240,650002431,CA
650002432,650004479,LB
650004480,650004735,CO
650004736,650004991,BR
650004992,650005503,US
650005504,650006271,BR
650006272,650006527,VE
650006528,650009599,US
650009600,650010111,PL
650010112,650010623,MX
650010624,650011135,US
650011136,650011391,BR
650011392,650011647,US
650011648,650012671,PE
650012672,650013183,LB
650013184,650013695,DO
650013696,650014207,AL
650014208,650014463,IL
650014464,650014719,PE
650014720,650016767,US
650016768,650017791,CO
650017792,650018303,VE
650018304,650018815,PE
650018816,650021119,US
650021120,650023167,TT
650023168,650023423,CA
650023424,650024447,US
650024448,650024703,XK
650024704,650033919,US
650033920,650034175,EC
650034176,650059775,US
650059776,650060031,PE
650060032,650060287,AR
650060288,650060799,PY
650060800,650061823,BR
650061824,650062079,AR
650062080,650062847,CO
650062848,650063359,US
650063360,650063615,VE
650063616,650063871,AR
650063872,650067967,BR
650067968,650068991,AR
650068992,650070015,US
650070016,650071039,PA
650071040,650072063,US
650072064,650072575,CO
650072576,650073087,BR
650073088,650074879,US
650074880,650075135,ID
650075136,650075391,MX
650075392,650075647,US
650075648,650076159,BR
650076160,650081279,US
650081280,650082303,BA
650082304,650082815,CA
650082816,650083327,US
650083328,650084351,BR
650084352,650088447,IL
650088448,650088959,US
650088960,650089215,CO
650089216,650089471,BR
650089472,650089983,MX
650089984,650090495,US
650090496,650091519,BR
650091520,650092543,US
650092544,650092799,DO
650092800,650094079,US
650094080,650094591,CO
650094592,650099711,US
650099712,650100223,BR
650100224,650100735,US
650100736,650108927,CO
650108928,650109951,US
650109952,650110463,BR
650110464,650110975,US
650110976,650112511,BR
650112512,650113023,CO
650113024,650115071,US
650115072,650116095,AM
650116096,650116607,EC
650116608,650116863,US
650116864,650117119,PE
650117120,650182655,CA
650182656,650297343,US
650297344,650301439,CA
650301440,650305535,US
650305536,650313727,MX
650313728,650395647,US
650395648,650403839,VE
650403840,650412031,DO
650412032,650414079,US
650414080,650416127,AR
650416128,650417151,MX
650417152,650417663,BR
650417664,650418175,CR
650418176,650419199,VE
650419200,650419711,IN
650419712,650419967,US
650419968,650420223,VE
650420224,650424319,US
650424320,650424575,DO
650424576,650424831,US
650424832,650425343,CO
650425344,650426623,US
650426624,650426879,BA
650426880,650427391,IN
650427392,650428415,US
650428416,650432511,VE
650432512,650435071,US
650435072,650435327,BR
650435328,650436095,US
650436096,650436607,LY
650436608,650437887,US
650437888,650438143,BR
650438144,650438655,DO
650438656,650439679,VE
650439680,650440191,DO
650440192,650440703,BR
650440704,650442751,US
650442752,650443263,MX
650443264,650443519,BR
650443520,650443775,DO
650443776,650444287,MX
650444288,650444799,VE
650444800,650575871,US
650575872,650576895,BR
650576896,650584063,US
650584064,650592255,OM
650592256,650600447,CO
650600448,650601471,BR
650601472,650602495,DO
650602496,650604543,US
650604544,650606591,DO
650606592,650607615,CA
650607616,650608639,AR
650608640,650620927,US
650620928,650622975,MX
650622976,650623231,PT
650623232,650623743,MX
650623744,650623999,CA
650624000,650627071,MX
650627072,650628095,AR
650628096,650629119,BR
650629120,650630655,US
650630656,650630911,MX
650630912,650632191,US
650632192,650632447,MX
650632448,650633215,BR
650633216,650635263,CR
650635264,650635775,CL
650635776,650636287,BR
650636288,650636799,GT
650636800,650637055,US
650637056,650637311,PE
650637312,650637567,IL
650637568,650638079,CO
650638080,650638847,US
650638848,650640383,MX
650640384,650641407,IQ
650641408,651116543,US
651116544,651132927,CA
651132928,651137023,HK
651137024,651149311,US
651149312,651165695,VE
651165696,651298815,US
651298816,651299839,AR
651299840,651300863,CO
651300864,651301887,AR
651301888,651302399,MX
651302400,651302911,HN
651302912,651304959,US
651304960,651309055,AR
651309056,651310847,US
651310848,651311103,AR
651311104,651312127,US
651312128,651312383,AR
651312384,651312639,PE
651312640,651313407,BR
651313408,651313663,AR
651313664,651314175,US
651314176,651315199,MX
651315200,651316479,US
651316480,651316735,TR
651316736,651317247,CO
651317248,651318271,GT
651318272,651319295,ID
651319296,651319551,IE
651319552,651319807,PE
651319808,651320063,US
651320064,651320831,BR
651320832,651321343,IT
651321344,651321599,CO
651321600,651321855,US
651321856,651322367,BR
651322368,651322623,US
651322624,651322879,AR
651322880,651323135,US
651323136,651323391,IL
651323392,651324415,PE
651324416,651324671,CO
651324672,651324927,BR
651324928,651325439,US
651325440,651326975,BR
651326976,651327231,US
651327232,651327487,BR
651327488,651327999,US
651328000,651328255,BE
651328256,651328511,BR
651328512,651328767,US
651328768,651329023,BR
651329024,651329279,US
651329280,651337727,AR
651337728,651339775,CR
651339776,651340799,BR
651340800,651341823,PE
651341824,651342847,US
651342848,651343871,BR
651343872,651344895,CO
651344896,651345151,MX
651345152,651345919,US
651345920,651346943,BR
651346944,651347967,AR
651347968,651348991,MX
651348992,651349247,CO
651349248,651349503,US
651349504,651349759,CL
651349760,651350015,AR
651350016,651351551,US
651351552,651351807,CL
651351808,651354111,AR
651354112,651354367,BR
651354368,651354623,US
651354624,651354879,CO
651354880,651356159,US
651356160,651357695,BR
651357696,651357951,IT
651357952,651358207,BR
651358208,651360255,PE
651360256,651360767,US
651360768,651361023,BR
651361024,651361279,US
651361280,651361791,MX
651361792,651362303,US
651362304,651362559,MX
651362560,651362815,BR
651362816,651363327,US
651363328,651363583,MX
651363584,651364095,US
651364096,651364351,TR
651364352,651365375,CO
651365376,651366399,US
651366400,651368447,BR
651368448,651368959,ID
651368960,651369215,CL
651369216,651369471,AR
651369472,651370495,US
651370496,651370751,AR
651370752,651371263,US
651371264,651371519,PE
651371520,651372031,CO
651372032,651372287,BR
651372288,651372543,DO
651372544,651373567,BR
651373568,651374079,EC
651374080,651374591,US
651374592,651375103,MX
651375104,651375359,US
651375360,651375615,MX
651375616,651376127,IN
651376128,651376383,BR
651376384,651377663,MX
651377664,651377919,US
651377920,651378175,VE
651378176,651378431,PE
651378432,651378687,DO
651378688,651379199,VE
651379200,651379455,CL
651379456,651379711,BR
651379712,651380735,US
651380736,651381759,BR
651381760,651382783,CO
651382784,651386879,US
651386880,651387391,MX
651387392,651387647,US
651387648,651387903,EE
651387904,651388159,US
651388160,651388415,PE
651388416,651388671,CO
651388672,651388927,BR
651388928,651390975,AR
651390976,651391231,US
651391232,651391487,BR
651391488,651391743,CO
651391744,651391999,MX
651392000,651392255,US
651392256,651392511,BR
651392512,651393023,CO
651393024,651394047,CL
651394048,651394303,IL
651394304,651394815,US
651394816,651395071,CL
651395072,651397119,US
651397120,651397631,MX
651397632,651399167,US
651399168,651399679,CO
651399680,651399935,BR
651399936,651400191,CL
651400192,651401215,MX
651401216,651401727,US
651401728,651401983,PE
651401984,651402239,BR
651402240,651403263,US
651403264,651411711,BR
651411712,651411967,AR
651411968,651412223,SV
651412224,651412479,US
651412480,651414015,MX
651414016,651415551,BR
651415552,651420671,US
651420672,651420927,BG
651420928,651421183,US
651421184,651421439,MY
651421440,651421695,NL
651421696,651422207,KH
651422208,651422463,BR
651422464,651422719,US
651422720,651423743,TR
651423744,651423999,MX
651424000,651424767,PE
651424768,651425023,IT
651425024,651425279,AR
651425280,651425791,KH
651425792,651426303,BR
651426304,651426559,AU
651426560,651426815,US
651426816,651427327,BR
651427328,651427583,CO
651427584,651427839,ZA
651427840,651460607,US
651460608,651467007,BR
651467008,651467519,MX
651467520,651468031,SG
651468032,651468543,MY
651468544,651469055,VN
651469056,651469567,JP
651469568,651470079,CA
651470080,651470591,FR
651470592,651471103,GB
651471104,651471615,TH
651471616,651472127,BG
651472128,651472639,PT
651472640,652218367,US
652218368,652218879,BR
652218880,652219391,US
652219392,652219647,MX
652219648,652219903,US
652219904,652220159,CR
652220160,652220415,US
652220416,652220671,CO
652220672,652220927,MX
652220928,652221183,AR
652221184,652221695,MX
652221696,652221951,PE
652221952,652222463,US
652222464,652224511,VE
652224512,652226559,US
652226560,652227071,PE
652227072,652227583,US
652227584,652229119,CO
652229120,652229631,US
652229632,652229887,AR
652229888,652230143,CO
652230144,652230399,AU
652230400,652230655,AR
652230656,652234751,PE
652234752,652238847,EC
652238848,652239359,MX
652239360,652239615,AR
652239616,652239871,US
652239872,652240383,BR
652240384,652240895,CO
652240896,652241407,BR
652241408,652241663,CO
652241664,652241919,AR
652241920,652242943,IT
652242944,652247039,IN
652247040,652248063,BR
652248064,652248575,US
652248576,652248831,BR
652248832,652249599,US
652249600,652250111,EC
652250112,652250367,CO
652250368,652250623,IN
652250624,652251135,PE
652251136,652252159,BR
652252160,652252415,PE
652252416,652252671,CO
652252672,652252927,US
652252928,652253183,PE
652253184,652253439,AR
652253440,652254207,US
652254208,652255231,VE
652255232,652255999,US
652256000,652256255,BR
652256256,652256767,MX
652256768,652257023,TR
652257024,652257279,US
652257280,652258303,GR
652258304,652258559,CO
652258560,652258815,US
652258816,652259327,PE
652259328,652259839,US
652259840,652260351,CL
652260352,652261375,BR
652261376,652262399,ZA
652262400,652262911,BR
652262912,652263423,PE
652263424,652268031,US
652268032,652268287,MX
652268288,652268543,CO
652268544,652268799,MX
652268800,652269055,US
652269056,652269567,BR
652269568,652270591,CO
652270592,652271615,MX
652271616,652272127,US
652272128,652272383,AR
652272384,652272639,US
652272640,652273663,PE
652273664,652274175,IN
652274176,652274431,US
652274432,652274687,AR
652274688,652275711,DO
652275712,652276735,US
652276736,652277247,CO
652277248,652277503,MX
652277504,652277759,US
652277760,652278271,BR
652278272,652278527,CA
652278528,652278783,MX
652278784,652279039,BR
652279040,652279295,US
652279296,652279551,AR
652279552,652279807,BR
652279808,652287999,SE
652288000,652290047,PE
652290048,652290303,CO
652290304,652290815,US
652290816,652291071,BR
652291072,652292095,MX
652292096,652296191,CO
652296192,652296703,MX
652296704,652299263,US
652299264,652299519,BR
652299520,652299775,IT
652299776,652300287,BR
652300288,652301311,SV
652301312,652301823,US
652301824,652302335,PE
652302336,652302591,ES
652302592,652302847,AR
652302848,652303103,BR
652303104,652304383,US
652304384,652304639,PE
652304640,652305151,BR
652305152,652305407,US
652305408,652306431,HK
652306432,652307199,US
652307200,652307455,ZA
652307456,652308223,US
652308224,652308479,BR
652308480,652308991,CO
652308992,652309503,US
652309504,652310015,CL
652310016,652310271,ES
652310272,652310527,AR
652310528,652311551,ID
652311552,652311807,AR
652311808,652312319,PE
652312320,652329727,US
652329728,652329983,BR
652329984,652330239,CL
652330240,652330495,BR
652330496,652330751,US
652330752,652331007,BR
652331008,652333055,US
652333056,652333311,BR
652333312,652333567,MY
652333568,652334335,US
652334336,652334591,TR
652334592,652334847,US
652334848,652335103,BR
652335104,652335615,US
652335616,652335871,CL
652335872,652336127,BR
652336128,652336383,CO
652336384,652336639,BR
652336640,652337151,AR
652337152,652339199,CO
652339200,652340223,HN
652340224,652340479,BR
652340480,652340735,MX
652340736,652341247,MM
652341248,652342271,US
652342272,652342527,BR
652342528,652342783,PE
652342784,652343295,BR
652343296,652344319,CO
652344320,652345343,BR
652345344,652345599,ES
652345600,652345855,CO
652345856,652346367,BR
652346368,652347135,US
652347136,652347391,BR
652347392,652347903,CA
652347904,652350207,US
652350208,652350463,BR
652350464,652350719,MY
652350720,652350975,MX
652350976,652351231,US
652351232,652351487,BR
652351488,652352511,US
652352512,652352767,CL
652352768,652353023,US
652353024,652353535,BR
652353536,652357887,US
652357888,652358143,PE
652358144,652358655,US
652358656,652360191,BR
652360192,652360703,US
652360704,652360959,BR
652360960,652361215,US
652361216,652361471,BR
652361472,652361727,IN
652361728,652373503,US
652373504,652374527,BR
652374528,652375039,US
652375040,652376063,BR
652376064,652376575,US
652376576,652377087,AU
652377088,652377343,US
652377344,652377599,BR
652377600,652378111,CO
652378112,652380159,US
652380160,652380415,DO
652380416,652380671,AU
652380672,652380927,BR
652380928,652381183,CO
652381184,652381695,BR
652381696,652381951,AR
652381952,652382207,BR
652382208,652386303,PE
652386304,652390399,NI
652390400,652390655,AR
652390656,652390911,BR
652390912,652391167,US
652391168,652391423,BR
652391424,652392447,AR
652392448,652394495,BR
652394496,652395775,US
652395776,652396031,BR
652396032,652396543,US
652396544,652396799,BR
652396800,652398079,US
652398080,652398591,BR
652398592,652398847,US
652398848,652399103,MX
652399104,652399359,US
652399360,652399615,PE
652399616,652401663,US
652401664,652401919,DO
652401920,652402175,PA
652402176,652402687,US
652402688,652406783,AR
652406784,652407807,ID
652407808,652408063,BR
652408064,652408319,US
652408320,652408575,PE
652408576,652408831,AU
652408832,652409343,US
652409344,652409599,BR
652409600,652409855,AR
652409856,652410879,ES
652410880,652574719,US
652574720,652582911,FR
652582912,652587007,US
652587008,652591103,IL
652591104,653000703,US
653000704,653017087,CL
653017088,653018111,AR
653018112,653019135,MX
653019136,653021695,BR
653021696,653021951,MX
653021952,653022719,BR
653022720,653022975,US
653022976,653023231,IQ
653023232,653024255,AR
653024256,653025535,BR
653025536,653025791,TR
653025792,653026047,MX
653026048,653027327,BR
653027328,653027583,CO
653027584,653027839,PE
653027840,653028863,US
653028864,653029119,MX
653029120,653029375,CO
653029376,653029631,VE
653029632,653029887,US
653029888,653030143,PE
653030144,653031423,US
653031424,653032447,MX
653032448,653032959,CO
653032960,653033471,US
653033472,653041663,BR
653041664,653042175,US
653042176,653042431,BR
653042432,653042687,MX
653042688,653043711,BR
653043712,653044223,MX
653044224,653044479,US
653044480,653044735,IQ
653044736,653044991,AR
653044992,653045247,BR
653045248,653046783,MX
653046784,653047039,CO
653047040,653047295,US
653047296,653047551,CO
653047552,653049855,US
653049856,653058047,AR
653058048,653066239,CO
653066240,653131775,HK
653131776,653311999,US
653312000,653321215,CA
653321216,653426687,US
653426688,653434879,FR
653434880,653443071,GB
653443072,653451263,FR
653451264,653459455,DE
653459456,653524991,HK
653524992,653557759,US
653557760,653558271,DE
653558272,653558783,BE
653558784,653559295,BG
653559296,653559807,KZ
653559808,653560831,FI
653560832,653561855,NL
653561856,653562367,CH
653562368,653562879,ID
653562880,653563391,MY
653563392,653563903,TH
653563904,653564415,PL
653564416,653564927,EE
653564928,653565439,HU
653565440,653566463,NL
653566464,653566975,DE
653566976,653567487,FR
653567488,653567999,CZ
653568000,653568511,DK
653568512,653569023,RO
653569024,653569535,NO
653569536,653570047,NL
653570048,653570559,GB
653570560,653571071,KZ
653571072,653571583,ID
653571584,653572095,MY
653572096,653572607,TH
653572608,653573119,PL
653573120,653573375,DE
653573376,653573631,NL
653573632,653573887,RS
653573888,653574143,ES
653574144,653574399,UA
653574400,653574911,FI
653574912,653575167,ES
653575168,653575423,US
653575424,653575679,IT
653575680,653575935,HK
653575936,653576191,AR
653576192,653576447,MX
653576448,653576703,BG
653576704,653576959,AT
653576960,653577471,US
653577472,653577727,FI
653577728,653577983,KZ
653577984,653578239,CZ
653578240,653578751,FI
653578752,653579263,US
653579264,653579519,FR
653579520,653580287,DE
653580288,653580543,EE
653580544,653580799,SA
653580800,653581055,PE
653581056,653581311,CL
653581312,653581823,PE
653581824,653582079,CL
653582080,653582335,PE
653582336,653582591,CL
653582592,653582847,PE
653582848,653664255,US
653664256,653664767,DE
653664768,653665791,US
653665792,653666303,NI
653666304,653666559,DO
653666560,653670911,US
653670912,653671423,BO
653671424,653671679,US
653671680,653671935,BO
653671936,653672191,US
653672192,653672447,BO
653672448,653674751,US
653674752,653675007,MY
653675008,653675519,US
653675520,653676031,GT
653676032,653676543,BR
653676544,653677055,US
653677056,653677311,VE
653677312,653688831,US
653688832,653689855,SG
653689856,653694975,US
653694976,653697023,DO
653697024,653697719,US
653697720,653697727,CA
653697728,653698047,US
653698048,653698303,CA
653698304,653701119,US
653701120,653701631,VE
653701632,653703679,US
653703680,653704191,GB
653704192,653706495,US
653706496,653706527,BR
653706528,653706751,US
653706752,653707263,IN
653707264,653707519,MX
653707520,653707647,US
653707648,653707679,GB
653707680,653707775,US
653707776,653708287,ID
653708288,653722111,US
653722112,653722367,JP
653722368,653725935,US
653725936,653725951,ES
653725952,653733375,US
653733376,653733887,DO
653733888,653737983,US
653737984,653738239,SG
653738240,653741311,US
653741312,653741319,NL
653741320,653741343,US
653741344,653741351,ES
653741352,653742079,US
653742080,653742335,VE
653742336,653744127,US
653744128,653745407,DO
653745408,653750271,US
653750272,653751295,CR
653751296,653752319,PR
653752320,653753855,US
653753856,653754111,VE
653754112,653788183,US
653788184,653788191,CA
653788192,653791487,US
653791488,653791743,CA
653791744,653791999,US
653792000,653792255,ID
653792256,653792767,DO
653792768,653794303,US
653794304,653795327,PA
653795328,653807615,US
653807616,653808639,DO
653808640,653809663,US
653809664,653809919,CA
653809920,653819903,US
653819904,653836287,VE
653836288,653852671,US
653852672,653918207,DE
653918208,653919231,US
653919232,653919743,EC
653919744,653919999,PE
653920000,653920255,CL
653920256,653920511,BR
653920512,653920767,US
653920768,653921279,PA
653921280,653934591,US
653934592,653939199,BR
653939200,653939711,US
653939712,653939967,BR
653939968,653941759,US
653941760,653942271,BR
653942272,653942527,US
653942528,653942783,BR
653942784,653943807,CL
653943808,653944831,US
653944832,653946879,CL
653946880,653947391,US
653947392,653948159,PE
653948160,653948415,US
653948416,653948927,PE
653948928,653949439,US
653949440,653949447,CR
653949448,653951247,US
653951248,653951295,PE
653951296,653951298,US
653951299,653951299,PE
653951300,653951303,US
653951304,653951343,PE
653951344,653951351,US
653951352,653951359,PE
653951360,653951743,US
653951744,653951839,PE
653951840,653951915,US
653951916,653951919,PE
653951920,653951935,US
653951936,653951975,PE
653951976,653951979,US
653951980,653951983,PE
653951984,653951987,US
653951988,653951994,PE
653951995,653951996,US
653951997,653951997,PE
653951998,653951998,US
653951999,653951999,PE
653952000,653952063,US
653952064,653952191,PE
653952192,653952247,US
653952248,653952248,PE
653952249,653952255,US
653952256,653952287,PE
653952288,653952479,US
653952480,653952487,PE
653952488,653952491,US
653952492,653952493,PE
653952494,653952507,US
653952508,653952509,PE
653952510,653952551,US
653952552,653952553,PE
653952554,653952559,US
653952560,653952575,PE
653952576,653952577,US
653952578,653952579,PE
653952580,653952583,US
653952584,653952591,PE
653952592,653952599,US
653952600,653952607,PE
653952608,653952623,US
653952624,653952631,PE
653952632,653952655,US
653952656,653952657,PE
653952658,653952658,US
653952659,653952662,PE
653952663,653952664,US
653952665,653952665,PE
653952666,653952666,US
653952667,653952671,PE
653952672,653952675,US
653952676,653952678,PE
653952679,653952689,US
653952690,653952690,PE
653952691,653952693,US
653952694,653952695,PE
653952696,653952701,US
653952702,653952703,PE
653952704,653952710,US
653952711,653952711,PE
653952712,653952719,US
653952720,653952721,PE
653952722,653952735,US
653952736,653952741,PE
653952742,653952742,US
653952743,653952743,PE
653952744,653952747,US
653952748,653952749,PE
653952750,653952750,US
653952751,653952767,PE
653952768,653952799,US
653952800,653952815,PE
653952816,653952831,US
653952832,653952839,PE
653952840,653952855,US
653952856,653952887,PE
653952888,653952903,US
653952904,653952911,PE
653952912,653952935,US
653952936,653952943,PE
653952944,653952959,US
653952960,653952975,PE
653952976,653952983,US
653952984,653952991,PE
653952992,653953007,US
653953008,653953008,PE
653953009,653953012,US
653953013,653953013,PE
653953014,653953014,US
653953015,653953015,PE
653953016,653953023,US
653953024,653953279,PE
653953280,653955135,US
653955136,653955139,PE
653955140,653955335,US
653955336,653955351,PE
653955352,653955367,US
653955368,653955375,PE
653955376,653955383,US
653955384,653955391,PE
653955392,653955399,US
653955400,653955407,PE
653955408,653955423,US
653955424,653955431,PE
653955432,653955435,US
653955436,653955439,PE
653955440,653955455,US
653955456,653955456,PE
653955457,653955457,US
653955458,653955467,PE
653955468,653955475,US
653955476,653955503,PE
653955504,653955511,US
653955512,653955519,PE
653955520,653955527,US
653955528,653955543,PE
653955544,653955547,US
653955548,653955567,PE
653955568,653955583,US
653955584,653955639,PE
653955640,653955647,US
653955648,653955727,PE
653955728,653955743,US
653955744,653955823,PE
653955824,653955831,US
653955832,653955863,PE
653955864,653955871,US
653955872,653955879,PE
653955880,653955887,US
653955888,653955911,PE
653955912,653955919,US
653955920,653955927,PE
653955928,653955935,US
653955936,653955967,PE
653955968,653956095,US
653956096,653956447,PE
653956448,653956479,US
653956480,653956487,PE
653956488,653956607,US
653956608,653956671,PE
653956672,653956863,US
653956864,653957087,PE
653957088,653957119,US
653957120,653957311,PE
653957312,653957327,US
653957328,653957439,PE
653957440,653957503,US
653957504,653957535,PE
653957536,653957663,US
653957664,653957983,PE
653957984,653957991,US
653957992,653958003,PE
653958004,653958015,US
653958016,653958023,PE
653958024,653958031,US
653958032,653958047,PE
653958048,653958055,US
653958056,653958063,PE
653958064,653958071,US
653958072,653958079,PE
653958080,653958080,US
653958081,653958081,PE
653958082,653958095,US
653958096,653958099,PE
653958100,653958119,US
653958120,653958207,PE
653958208,653958399,US
653958400,653958527,PE
653958528,653958559,US
653958560,653958687,PE
653958688,653958719,US
653958720,653958751,PE
653958752,653958783,US
653958784,653958847,PE
653958848,653958911,US
653958912,653959039,PE
653959040,653959071,US
653959072,653959103,PE
653959104,653959167,US
653959168,653959183,PE
653959184,653959423,US
653959424,653959679,PE
653959680,653959935,US
653959936,653960191,PE
653960192,653961983,US
653961984,653962239,PE
653962240,653963263,US
653963264,653963271,PE
653963272,653963275,US
653963276,653963277,PE
653963278,653963279,US
653963280,653963295,PE
653963296,653963299,US
653963300,653963303,PE
653963304,653963311,US
653963312,653963319,PE
653963320,653963327,US
653963328,653963343,PE
653963344,653963351,US
653963352,653963359,PE
653963360,653963371,US
653963372,653963375,PE
653963376,653963407,US
653963408,653963439,PE
653963440,653963447,US
653963448,653963455,PE
653963456,653963463,US
653963464,653963471,PE
653963472,653963519,US
653963520,653964287,PE
653964288,653964431,US
653964432,653964447,PE
653964448,653964551,US
653964552,653964575,PE
653964576,653964687,US
653964688,653964703,PE
653964704,653964711,US
653964712,653964719,PE
653964720,653964799,US
653964800,653967359,PE
653967360,653968383,US
653968384,653968895,BR
653968896,653969151,CA
653969152,653969167,US
653969168,653969171,BR
653969172,653969175,US
653969176,653969183,BR
653969184,653969407,US
653969408,653976575,BR
653976576,653977599,US
653977600,653979647,BR
653979648,653981183,US
653981184,653983743,BR
653983744,654049279,US
654049280,654050303,PA
654050304,654050815,US
654050816,654051327,PH
654051328,654052351,US
654052352,654053375,MX
654053376,654057471,DO
654057472,654065663,LY
654065664,654067711,BR
654067712,654069759,PR
654069760,654070015,BR
654070016,654070271,US
654070272,654071807,BR
654071808,654073855,CO
654073856,654076159,US
654076160,654076415,IT
654076416,654076671,CO
654076672,654076927,VE
654076928,654077439,BR
654077440,654077951,VE
654077952,654082047,US
654082048,654086143,DO
654086144,654087167,MX
654087168,654087679,BR
654087680,654088191,KH
654088192,654089215,PE
654089216,654090239,CO
654090240,654096383,US
654096384,654097407,VE
654097408,654097663,US
654097664,654097919,ES
654097920,654100735,US
654100736,654100991,MX
654100992,654101503,US
654101504,654102015,BR
654102016,654102527,US
654102528,654106623,PE
654106624,654107135,US
654107136,654107391,ES
654107392,654107647,VE
654107648,654109695,US
654109696,654110207,CO
654110208,654110463,DO
654110464,654110719,VE
654110720,654114815,US
654114816,654131199,CA
654131200,654131967,AR
654131968,654132223,NP
654132224,654132735,CO
654132736,654133247,IN
654133248,654133503,US
654133504,654133759,BR
654133760,654134271,AU
654134272,654135295,CO
654135296,654135551,US
654135552,654135807,BR
654135808,654136319,VE
654136320,654137343,DO
654137344,654139391,US
654139392,654143487,IL
654143488,654143999,US
654144000,654144255,PE
654144256,654145535,CO
654145536,654146047,US
654146048,654146303,VE
654146304,654146559,IT
654146560,654147071,GB
654147072,654147583,BR
654147584,654163967,PE
654163968,654172159,OM
654172160,654180351,ID
654180352,654182399,US
654182400,654183423,BR
654183424,654184447,US
654184448,654184959,MX
654184960,654185471,US
654185472,654186495,DO
654186496,654196735,US
654196736,654204927,AR
654204928,654205951,DO
654205952,654209023,US
654209024,654210047,VE
654210048,654211071,US
654211072,654212095,SG
654212096,654212607,US
654212608,654212863,ES
654212864,654213119,MX
654213120,654221311,US
654221312,654229503,IN
654229504,654245887,US
654245888,654246143,AR
654246144,654247167,US
654247168,654247423,MX
654247424,654247679,US
654247680,654247935,BE
654247936,654248191,PE
654248192,654248447,BR
654248448,654248703,MX
654248704,654248959,US
654248960,654249983,MX
654249984,654250495,US
654250496,654251007,DE
654251008,654252031,EC
654252032,654253055,VE
654253056,654253567,US
654253568,654253823,MX
654253824,654264319,US
654264320,654265343,VE
654265344,654266367,CL
654266368,654266623,DO
654266624,654267391,BR
654267392,654268415,VE
654268416,654268671,BR
654268672,654270207,US
654270208,654270463,AR
654270464,654272511,US
654272512,654274559,PE
654274560,654275583,HN
654275584,654276607,BR
654276608,654276863,CO
654276864,654277119,DO
654277120,654278143,US
654278144,654278655,PR
654278656,654311423,US
