754974720,755040255,JP
755040256,755105791,US
755105792,755179519,CA
755179520,755185663,DE
755185664,755186687,IT
755186688,755187199,CH
755187200,755187455,DE
755187456,755236863,US
755236864,755237887,CL
755237888,755258367,BR
755258368,755259391,HN
755259392,755260415,EC
755260416,755261439,PE
755261440,755261695,BR
755261696,755261951,AR
755261952,755262463,BO
755262464,755263487,AR
755263488,755269631,BR
755269632,755270655,GT
755270656,755271679,BR
755271680,755272703,HN
755272704,755277823,BR
755277824,755279871,AR
755279872,755280895,CL
755280896,755281919,US
755281920,755287039,BR
755287040,755288063,US
755288064,755289087,EC
755289088,755289599,GB
755289600,755290111,HN
755290112,755292159,BR
755292160,755293183,AR
755293184,755301375,BR
755301376,755303423,AR
755303424,755304447,BR
755304448,755305471,DO
755305472,755305727,SV
755305728,755305983,BO
755305984,755306239,BR
755306240,755306495,AR
755306496,755307519,BR
755307520,755308543,AR
755308544,755309567,BR
755309568,755310591,HN
755310592,755315711,BR
755315712,755316735,MX
755316736,755316745,PE
755316746,755316746,BR
755316747,755317551,PE
755317552,755317559,BR
755317560,755317567,CO
755317568,755317759,PE
755317760,755318783,CR
755318784,755319807,HN
755319808,755320831,PE
755320832,755321855,BR
755321856,755322879,HN
755322880,755325951,BR
755325952,755326975,MX
755326976,755332095,BR
755332096,755333119,GT
755333120,755335167,CL
755335168,755340287,BR
755340288,755342335,AR
755342336,755343359,BR
755343360,755345407,CO
755345408,755346431,BR
755346432,755347455,CO
755347456,755348479,BR
755348480,755351551,CO
755351552,755357695,BR
755357696,755358719,NI
755358720,755368959,BR
755368960,755371007,AR
755371008,755378175,BR
755378176,755379199,DO
755379200,755381247,ES
755381248,755383295,BR
755383296,755384319,MX
755384320,755394559,BR
755394560,755395583,AR
755395584,755401727,BR
755401728,755402751,AR
755402752,755403775,BR
755403776,755404799,MX
755404800,755422207,BR
755422208,755423231,AR
755423232,755425279,BR
755425280,755426303,EC
755426304,755431423,BR
755431424,755433471,PA
755433472,755440639,BR
755440640,755441663,MX
755441664,755444735,BR
755444736,755445759,MX
755445760,755449855,BR
755449856,755450879,MX
755450880,755454975,BR
755454976,755457023,AR
755457024,755458047,BR
755458048,755459071,AR
755459072,755465215,BR
755465216,755466239,AR
755466240,755467263,BR
755467264,755468287,CO
755468288,755469311,MX
755469312,755470335,VE
755470336,755486719,BR
755486720,755487743,AR
755487744,755491839,BR
755491840,755492863,CL
755492864,755493887,BR
755493888,755494911,HN
755494912,755499007,AR
755499008,755500031,SI
755500032,755501055,ES
755501056,755502079,NO
755502080,755503103,ES
755503104,755503359,SG
755503360,755503871,NL
755503872,755504127,US
755504128,755504383,ES
755504384,755504639,BD
755504640,755504895,US
755504896,755505151,FI
755505152,755505407,PH
755505408,755505663,ID
755505664,755505919,NL
755505920,755506175,IE
755506176,755507199,HK
755507200,755508223,DE
755508224,755509247,GE
755509248,755510271,CZ
755510272,755511295,RO
755511296,755512319,ES
755512320,755513343,FI
755513344,755514367,IL
755514368,755515391,AT
755515392,755516415,ES
755516416,755516671,DE
755516672,755516927,NL
755516928,755517183,NZ
755517184,755517439,DK
755517440,755517951,IQ
755517952,755518463,IT
755518464,755519487,ES
755519488,755521535,NL
755521536,755521791,RU
755521792,755522047,UA
755522048,755522559,RU
755522560,755522815,BG
755522816,755523071,SE
755523072,755523583,BG
755523584,755524095,RU
755524096,755524351,KZ
755524352,755524607,RU
755524608,755525631,GB
755525632,755525887,NO
755525888,755526143,FR
755526144,755526399,HR
755526400,755527679,RU
755527680,755528703,JP
755528704,755529727,KZ
755529728,755530751,GB
755530752,755531775,RU
755531776,755532799,FI
755532800,755533311,FR
755533312,755533823,DE
755533824,755534847,ES
755534848,755536383,NL
755536384,755536639,US
755536640,755536895,BA
755536896,755537919,DE
755537920,755538943,SE
755538944,755539199,RU
755539200,755539455,US
755539456,755539967,RU
755539968,755540991,IR
755540992,755542015,US
755542016,755543039,FI
755543040,755543295,LT
755543296,755543551,JP
755543552,755544063,KR
755544064,755545087,VG
755545088,755546111,GB
755546112,755546623,CY
755546624,755546879,HK
755546880,755547135,NL
755547136,755547647,GB
755547648,755548159,CY
755548160,755548415,CA
755548416,755548927,DE
755548928,755549183,CY
755549184,755549439,TR
755549440,755550207,IT
755550208,755550463,CY
755550464,755550719,US
755550720,755550975,GB
755550976,755551231,CY
755551232,755551487,US
755551488,755551743,FR
755551744,755551999,CY
755552000,755552255,CL
755552256,755553279,VG
755553280,755554303,HU
755554304,755554559,SA
755554560,755554815,LT
755554816,755555071,US
755555072,755555327,AU
755555328,755556351,JP
755556352,755557375,GB
755557376,755558399,RU
755558400,755559423,FR
755559424,755560447,NL
755560448,755561471,CH
755561472,755562495,NL
755562496,755563519,RU
755563520,755564031,CY
755564032,755564287,DE
755564288,755564799,CY
755564800,755565055,DE
755565056,755565311,CY
755565312,755565567,BR
755565568,755565823,GB
755565824,755566079,DE
755566080,755566591,GB
755566592,755567615,US
755567616,755568895,RU
755568896,755569663,CY
755569664,755569919,GB
755569920,755570175,PL
755570176,755570687,GB
755570688,755571711,RU
755571712,755572223,UA
755572224,755572255,CY
755572256,755572287,BZ
755572288,755572319,VG
755572320,755572335,CY
755572336,755572351,BZ
755572352,755572367,VG
755572368,755572383,GB
755572384,755572399,DE
755572400,755572415,NL
755572416,755572431,US
755572432,755572447,SG
755572448,755572451,CY
755572452,755572455,BZ
755572456,755572459,VG
755572460,755572463,GB
755572464,755572467,DE
755572468,755572471,NL
755572472,755572475,US
755572476,755572479,SG
755572480,755572735,UA
755572736,755573759,GE
755573760,755574783,ES
755574784,755575807,RU
755575808,755576831,GE
755576832,755577855,IL
755577856,755579903,NL
755579904,755580927,DE
755580928,755581951,PL
755581952,755582975,DE
755582976,755583231,FI
755583232,755583487,RU
755583488,755583743,FI
755583744,755583999,RU
755584000,755585023,CH
755585024,755587071,DE
755587072,755588095,RU
755588096,755588607,ES
755588608,755588863,GB
755588864,755589119,FR
755589120,755590143,IT
755590144,755591167,MT
755591168,755592191,FR
755592192,755593215,HK
755593216,755594239,FR
755594240,755594495,SC
755594496,755595263,DE
755595264,755595519,NL
755595520,755595775,FR
755595776,755596031,CZ
755596032,755596287,SC
755596288,755596543,CO
755596544,755596799,BW
755596800,755597311,PH
755597312,755598335,DE
755598336,755599359,ES
755599360,755600383,PL
755600384,755601407,RU
755601408,755602431,IR
755602432,755603455,DM
755603456,755603967,HK
755603968,755604223,BR
755604224,755604479,EG
755604480,755605503,BG
755605504,755606527,CH
755606528,755607551,RU
755607552,755608575,HU
755608576,755609599,NL
755609600,755610623,DE
755610624,755611647,PL
755611648,755612159,ES
755612160,755612415,GB
755612416,755612671,FR
755612672,755613695,NL
755613696,755614719,RU
755614720,755615743,FR
755615744,755616767,HU
755616768,755617791,FR
755617792,755618815,BG
755618816,755620863,RU
755620864,755621887,AT
755621888,755622911,IT
755622912,755623935,UZ
755623936,755624191,US
755624192,755624959,GB
755624960,755625983,UA
755625984,755627007,ES
755627008,755628031,FR
755628032,755628287,GB
755628288,755628799,AE
755628800,755629055,IT
755629056,755630079,IR
755630080,755631103,AT
755631104,755632127,ES
755632128,755633151,FR
755633152,755634175,IT
755634176,755634431,NL
755634432,755634687,HK
755634688,755634943,NZ
755634944,755635199,NL
755635200,755637247,DE
755637248,755638271,HU
755638272,755639295,UA
755639296,755639551,FR
755639552,755640063,PL
755640064,755640319,CH
755640320,755640575,KZ
755640576,755640831,RU
755640832,755641087,NL
755641088,755641343,RU
755641344,755642367,FR
755642368,755643391,RS
755643392,755644415,RU
755644416,755644671,TR
755644672,755644927,US
755644928,755645183,GB
755645184,755645439,FR
755645440,755646463,DE
755646464,755647487,RU
755647488,755648511,US
755648512,755649535,IT
755649536,755650559,GB
755650560,755651583,RU
755651584,755652607,IT
755652608,755653631,UA
755653632,755654655,HU
755654656,755654911,RO
755654912,755655167,CZ
755655168,755655679,DE
755655680,755656703,GB
755656704,755657215,CO
755657216,755657727,EC
755657728,755658751,RU
755658752,755659775,ES
755659776,755660799,NL
755660800,755661823,FR
755661824,755662847,NL
755662848,755663103,ES
755663104,755663359,DE
755663360,755663615,ES
755663616,755663871,JP
755663872,755664895,NL
755664896,755665919,PL
755665920,755666943,RU
755666944,755667967,AT
755667968,755668991,TR
755668992,755669503,DE
755669504,755669759,FR
755669760,755670015,DE
755670016,755670271,NL
755670272,755670527,DE
755670528,755671039,LT
755671040,755672063,DE
755672064,755672319,US
755672320,755672575,DE
755672576,755672831,NL
755672832,755673087,RU
755673088,755674111,CH
755674112,755674623,NL
755674624,755675135,GB
755675136,755676159,CH
755676160,755677183,FR
755677184,755677439,GB
755677440,755677695,FR
755677696,755678207,ES
755678208,755678463,BG
755678464,755678975,GR
755678976,755679231,BG
755679232,755679487,IN
755679488,755679743,JP
755679744,755679999,IN
755680000,755681279,JP
755681280,755682303,GB
755682304,755683327,HU
755683328,755684351,HK
755684352,755684607,PH
755684608,755684863,TH
755684864,755685119,TW
755685120,755685375,VN
755685376,755686399,RU
755686400,755687423,IT
755687424,755688447,FR
755688448,755689471,NL
755689472,755689983,JP
755689984,755690495,IT
755690496,755691519,IN
755691520,755694591,RU
755694592,755695615,TR
755695616,755696639,US
755696640,755697663,RU
755697664,755697919,GB
755697920,755698175,FR
755698176,755698431,BR
755698432,755698687,ES
755698688,755699711,NL
755699712,755700735,DE
755700736,755701247,RU
755701248,755701503,SC
755701504,755701759,RU
755701760,755702271,DE
755702272,755702783,RU
755702784,755703807,NL
755703808,755705855,US
755705856,755706879,TR
755706880,755707391,DE
755707392,755707647,JP
755707648,755707903,DE
755707904,755708927,FR
755708928,755709439,ES
755709440,755709695,GB
755709696,755709951,FR
755709952,755710207,NL
755710208,755710719,UA
755710720,755710975,NL
755710976,755711999,PL
755712000,755713023,ES
755713024,755714047,FR
755714048,755715071,BH
755715072,755716095,GB
755716096,755716863,DE
755716864,755717119,OM
755717120,755718143,FI
755718144,755719167,CA
755719168,755719679,RU
755719680,755719935,LV
755719936,755720191,RU
755720192,755721215,TR
755721216,755722239,IE
755722240,755722242,US
755722243,755722246,HK
755722247,755722247,US
755722248,755722249,HK
755722250,755722251,US
755722252,755722253,HK
755722254,755722459,US
755722460,755722460,HK
755722461,755723009,US
755723010,755723010,DE
755723011,755723011,GB
755723012,755723012,US
755723013,755723013,NL
755723014,755723014,RU
755723015,755723015,US
755723016,755723016,HK
755723017,755723017,JP
755723018,755723026,US
755723027,755723027,SG
755723028,755723031,US
755723032,755723033,HK
755723034,755723053,US
755723054,755723054,NL
755723055,755723055,GB
755723056,755723056,SG
755723057,755723057,NL
755723058,755723059,HK
755723060,755723061,SG
755723062,755723067,RU
755723068,755723069,US
755723070,755723070,RU
755723071,755723071,US
755723072,755723073,NL
755723074,755723074,US
755723075,755723075,SG
755723076,755723076,RU
755723077,755723077,SG
755723078,755723078,HK
755723079,755723080,SG
755723081,755723081,JP
755723082,755723083,GB
755723084,755723089,US
755723090,755723093,HK
755723094,755723095,BR
755723096,755723099,US
755723100,755723100,HK
755723101,755723101,SG
755723102,755723105,HK
755723106,755723107,US
755723108,755723109,RU
755723110,755723117,US
755723118,755723119,HK
755723120,755723121,US
755723122,755723125,JP
755723126,755723129,US
755723130,755723130,HK
755723131,755723131,SG
755723132,755723135,HK
755723136,755723136,US
755723137,755723137,DE
755723138,755723141,HK
755723142,755723142,UA
755723143,755723147,US
755723148,755723149,JP
755723150,755723151,US
755723152,755723152,ES
755723153,755723153,DK
755723154,755723154,US
755723155,755723155,IT
755723156,755723156,NO
755723157,755723157,CZ
755723158,755723159,SE
755723160,755723160,CH
755723161,755723161,RS
755723162,755723162,US
755723163,755723163,BE
755723164,755723164,AT
755723165,755723165,PL
755723166,755723166,HU
755723167,755723167,CA
755723168,755723170,US
755723171,755723171,NG
755723172,755723173,US
755723174,755723174,KR
755723175,755723175,BG
755723176,755723177,US
755723178,755723178,SG
755723179,755723180,US
755723181,755723181,JP
755723182,755723182,US
755723183,755723185,HK
755723186,755723186,IE
755723187,755723187,FR
755723188,755723189,US
755723190,755723190,TR
755723191,755723191,RU
755723192,755723199,US
755723200,755723201,DE
755723202,755723207,US
755723208,755723209,DE
755723210,755723228,US
755723229,755723230,RU
755723231,755723233,US
755723234,755723235,RU
755723236,755723239,US
755723240,755723240,JP
755723241,755723241,US
755723242,755723242,HK
755723243,755723243,JP
755723244,755723244,US
755723245,755723245,JP
755723246,755723255,HK
755723256,755723256,JP
755723257,755723257,US
755723258,755723262,HK
755723263,755723263,JP
755723264,755724287,HU
755724288,755725311,RU
755725312,755726335,IT
755726336,755727359,PL
755727360,755728383,RU
755728384,755729407,CH
755729408,755730431,CZ
755730432,755731455,AM
755731456,755732479,US
755732480,755733503,GG
755733504,755734527,FR
755734528,755735039,NL
755735040,755735295,FI
755735296,755735551,MY
755735552,755736575,FR
755736576,755737599,AE
755737600,755738623,BE
755738624,755739647,IE
755739648,755739903,HU
755739904,755740159,FR
755740160,755740671,TR
755740672,755741183,ES
755741184,755741439,GB
755741440,755741695,FR
755741696,755741951,GB
755741952,755742207,RO
755742208,755742463,SE
755742464,755742719,EE
755742720,755743743,IR
755743744,755743999,GE
755744000,755744255,FR
755744256,755744511,GE
755744512,755744767,US
755744768,755745791,LV
755745792,755746047,UZ
755746048,755746303,FR
755746304,755746559,UA
755746560,755746815,PL
755746816,755747839,TR
755747840,755748863,DE
755748864,755749887,FR
755749888,755750399,KG
755750400,755750911,RU
755750912,755751935,GB
755751936,755752959,CH
755752960,755753983,HU
755753984,755755007,DE
755755008,755755263,ES
755755264,755755519,BR
755755520,755756031,EC
755756032,755757055,GB
755757056,755757119,BN
755757120,755757183,PW
755757184,755757247,TV
755757248,755757311,NR
755757312,755757375,CY
755757376,755757439,MT
755757440,755757503,XK
755757504,755757567,PS
755757568,755757631,VU
755757632,755757695,WS
755757696,755757759,PY
755757760,755757823,HT
755757824,755757887,SR
755757888,755757951,GD
755757952,755758015,DM
755758016,755758079,GY
755758080,755759103,US
755759104,755759615,DE
755759616,755759871,NL
755759872,755760127,AT
755760128,755761151,FR
755761152,755762175,UA
755762176,755763199,RU
755763200,755764223,DE
755764224,755765247,US
755765248,755766271,RU
755766272,755767295,GB
755767296,755768063,UA
755768064,755768319,CZ
755768320,755768575,EE
755768576,755769343,RO
755769344,755770367,VG
755770368,755771391,DK
755771392,755772415,HU
755772416,755773439,AT
755773440,755774463,DE
755774464,755774975,US
755774976,755775487,TR
755775488,755776511,US
755776512,755777535,FR
755777536,755778559,RU
755778560,755778815,FI
755778816,755779071,NL
755779072,755779327,FI
755779328,755779583,MH
755779584,755780607,RU
755780608,755781631,DE
755781632,755781887,IN
755781888,755782143,IT
755782144,755782399,US
755782400,755782655,LT
755782656,755783679,TR
755783680,755783935,US
755783936,755784191,JP
755784192,755784703,US
755784704,755785727,DE
755785728,755786751,AT
755786752,755788799,DE
755788800,755789055,NL
755789056,755789311,CZ
755789312,755789567,DE
755789568,755789823,CH
755789824,755790335,CY
755790336,755790847,RU
755790848,755791871,DE
755791872,755792895,CH
755792896,755793919,RU
755793920,755794175,CY
755794176,755794431,LT
755794432,755794687,NL
755794688,755794943,PT
755794944,755795199,HU
755795200,755795455,CY
755795456,755795711,JP
755795712,755795967,FI
755795968,755796223,LT
755796224,755796479,EE
755796480,755796735,DE
755796736,755797247,LU
755797248,755797503,SE
755797504,755797759,NL
755797760,755798015,TR
755798016,755798271,LU
755798272,755798527,NL
755798528,755798783,FI
755798784,755799039,US
755799040,755799295,CY
755799296,755799551,NL
755799552,755799807,ES
755799808,755800063,FI
755800064,755801087,ES
755801088,755802111,DK
755802112,755802879,AT
755802880,755802882,FR
755802883,755802883,DE
755802884,755803135,FR
755803136,755804159,ES
755804160,755805183,DE
755805184,755806207,GB
755806208,755807231,IN
755807232,755807487,CA
755807488,755807743,ES
755807744,755807999,GB
755808000,755809279,FR
755809280,755810303,GB
755810304,755811327,DE
755811328,755812351,US
755812352,755813375,DE
755813376,755813631,GB
755813632,755813887,US
755813888,755815423,GB
755815424,755816447,NL
755816448,755816703,GB
755816704,755816959,NL
755816960,755817215,ES
755817216,755817471,GB
755817472,755817727,SE
755817728,755817983,DK
755817984,755818239,CH
755818240,755818495,NO
755818496,755819519,FR
755819520,755820543,RU
755820544,755821567,AT
755821568,755822591,RU
755822592,755823615,GB
755823616,755824639,NL
755824640,755825663,IT
755825664,755825919,CH
755825920,755826175,BG
755826176,755826431,DE
755826432,755827711,NL
755827712,755828735,GB
755828736,755829759,ES
755829760,755830783,DE
755830784,755831807,KZ
755831808,755833087,DE
755833088,755833343,RO
755833344,755833599,RS
755833600,755833855,PL
755833856,755834367,US
755834368,755834623,DE
755834624,755834879,PL
755834880,755835903,FR
755835904,755836927,RO
755837952,755839999,FR
755840000,755841023,LT
755841024,755841535,OM
755841536,755841791,DE
755841792,755842047,FR
755842048,755843071,FI
755843072,755844095,AT
755844096,755845119,IT
755845120,755845375,NO
755845376,755845631,SI
755845632,755845887,SK
755845888,755845951,CZ
755845952,755846015,NO
755846016,755846079,SK
755846080,755846143,HU
755847168,755848191,IT
755848192,755849215,NL
755849216,755850239,IT
755850240,755850751,US
755850752,755851263,GB
755851264,755852287,LV
755852288,755853311,BE
755853312,755854335,FR
755854336,755854591,CA
755854592,755854847,ES
755854848,755855103,GB
755855104,755856383,FR
755856384,755857407,BE
755857408,755858431,IT
755858432,755859455,NO
755859456,755860479,IT
755860480,755860991,SG
755860992,755861503,US
755861504,755861759,RO
755861760,755862527,SK
755862528,755863551,HU
755863552,755864575,IT
755864576,755865343,LT
755865344,755865599,RO
755865600,755866623,GB
755866624,755867647,FR
755867648,755868671,HK
755868672,755869695,NL
755869696,755870719,ES
755870720,755871743,FR
755871744,755872767,RO
755872768,755873023,BR
755873024,755873279,ES
755873280,755873535,GB
755873536,755873791,FR
755873792,755874303,PL
755874304,755874559,DE
755874560,755874815,BG
755874816,755875583,UA
755875584,755875839,NO
755875840,755876863,DE
755876864,755877375,US
755877376,755877631,GB
755877632,755877887,JP
755877888,755878911,ES
755878912,755879935,CH
755879936,755880959,ES
755880960,755881471,RO
755881472,755881727,US
755881728,755881983,RO
755881984,755883007,DE
755883008,755884031,CY
755884032,755885055,DE
755885056,755886079,IN
755886080,755888127,DE
755888128,755889151,DK
755889152,755890175,AT
755890176,755891199,US
755891200,755891711,FR
755891712,755892223,SG
755892224,755893247,NL
755893248,755894271,SE
755894272,755895295,HU
755895296,755896319,NL
755896320,755897343,GB
755897344,755898367,RU
755898368,755900415,UA
755900416,755901439,TR
755901440,755902463,BA
755902464,755903487,FI
755903488,755904511,AT
755904512,755905535,NL
755905536,755906559,NO
755906560,755907583,RO
755907584,755908607,CH
755908608,755909631,JP
755909632,755910143,DE
755910144,755910655,JP
755910656,755910911,DE
755910912,755911167,IL
755911168,755911679,US
755911680,755912703,ES
755912704,755913215,DE
755913216,755913727,NL
755913728,755914751,ES
755914752,755915263,BR
755915264,755915775,DE
755915776,755916799,HU
755916800,755918847,DE
755918848,755919103,JP
755919104,755919359,SG
755919360,755919615,JP
755919616,755919871,SG
755919872,755920895,UA
755920896,755921919,US
755921920,755922943,SE
755922944,755923967,ES
755923968,755924991,DE
755924992,755926015,CH
755926016,755927039,NL
755927040,755928063,HU
755928064,755929087,DK
755929088,755930111,DE
755930112,755931135,FR
755931136,755932159,IT
755932160,755933183,CZ
755933184,755934207,IT
755934208,755934463,BG
755934464,755934719,FI
755934720,755934975,BG
755934976,755935231,FR
755935232,755936255,GB
755936256,755937279,DE
755937280,755938303,FR
755938304,755938559,BR
755938560,755938815,ES
755938816,755939071,GB
755939072,755939327,FR
755939328,755940351,IT
755940352,755941887,DE
755941888,755942143,FR
755942144,755942399,DE
755942400,755943423,ES
755943424,755944447,FI
755944448,755946495,ES
755946496,755947519,AU
755947520,755947775,BR
755947776,755948031,ES
755948032,755948287,GB
755948288,755948543,FR
755948544,755949055,RU
755949056,755949311,SC
755949312,755949567,RU
755949568,755950591,NL
755950592,755951615,GB
755951616,755952383,DE
755952384,755952639,KR
755952640,755953663,RO
755953664,755954687,NL
755954688,755954943,DE
755954944,755955711,FI
755955712,755956735,ES
755956736,755957759,GB
755957760,755958783,ES
755958784,755959807,DK
755959808,755960831,HK
755960832,755961855,NL
755961856,755962879,SE
755962880,755963135,DE
755963136,755963391,US
755963392,755963903,RO
755963904,755964415,US
755964416,755964927,DE
755964928,755965951,SE
755965952,755966975,ES
755966976,755967999,AT
755968000,755968255,GB
755968256,755968511,TR
755968512,755968767,UA
755968768,755969023,AZ
755969024,755970047,SI
755970048,755971071,ES
755971072,755972095,AT
755972096,755973119,CZ
755973120,755974143,FR
755974144,755974399,NL
755974400,755974655,FI
755974656,755974911,FR
755974912,755975167,LV
755975168,755976191,HU
755976192,755976703,RU
755976704,755976959,CA
755976960,755977215,UZ
755977216,755978239,US
755978240,755979263,CH
755979264,755981311,DE
755981312,755982335,IT
755982336,755984383,DE
755984384,755984895,GB
755984896,755985407,KR
755985408,755986431,NO
755986432,755987455,RU
755987456,755988479,ES
755988480,755989503,DE
755989504,755990015,CY
755990016,755990271,PL
755990272,755990527,FI
755990528,755991039,CY
755991040,755991295,RU
755991296,755991551,PL
755991552,755993599,ES
755993600,755994367,NZ
755994368,755994368,MX
755994369,755994623,CY
755994624,755994879,TR
755994880,755995391,CY
755995392,755995647,RU
755995648,755996671,AM
755996672,755996927,FI
755996928,755997183,PL
755997184,755997695,CY
755997696,755998719,RU
755998720,755998975,RS
755998976,755999231,EE
755999232,755999487,CZ
755999488,755999999,CY
756000000,756000255,US
756000256,756000511,CY
756000512,756001279,LI
756001280,756001791,AL
756001792,756002815,AE
756002816,756003071,AL
756003072,756003075,KG
756003076,756003079,TM
756003080,756003083,AZ
756003084,756003087,TJ
756003088,756003091,IS
756003092,756003095,LU
756003096,756003099,GT
756003100,756003103,SV
756003104,756003107,HN
756003108,756003111,PY
756003112,756003115,CL
756003116,756003119,BO
756003120,756003123,TL
756003124,756003127,BT
756003128,756003131,LA
756003132,756003135,BM
756003136,756003139,KG
756003140,756003143,TM
756003144,756003147,AZ
756003148,756003151,TJ
756003152,756003155,IS
756003156,756003159,LU
756003160,756003163,GT
756003164,756003167,SV
756003168,756003171,HN
756003172,756003175,PY
756003176,756003179,CL
756003180,756003183,BO
756003184,756003187,TL
756003188,756003191,BT
756003192,756003195,LA
756003196,756003199,BM
756003200,756003327,CY
756003328,756003583,BA
756003584,756003839,CY
756003840,756004863,BG
756004864,756005119,BA
756005120,756005375,AU
756005376,756005631,CY
756005632,756005887,AU
756005888,756006911,CH
756006912,756007935,GB
756007936,756008959,NL
756008960,756009983,IR
756009984,756011007,FR
756011008,756011775,NL
756011776,756012031,MX
756012032,756013055,FR
756013056,756014079,DE
756014080,756015103,FR
756015104,756016127,MD
756016128,756017151,KW
756017152,756018175,UA
756018176,756018943,RU
756018944,756019199,AU
756019200,756020223,DE
756020224,756020479,FR
756020480,756020735,GB
756020736,756020991,IT
756020992,756021247,ES
756021248,756022271,IR
756022272,756023295,RU
756023296,757073919,US
757073920,757088255,JP
757088256,757096447,US
757096448,757104639,SG
757104640,757108735,US
757108736,757110783,FR
757110784,757112831,DE
757112832,757116927,US
757116928,757118975,GB
757118976,757119999,NL
757120000,757121023,AU
757121024,757131263,US
757131264,757133311,NL
757133312,757135359,AU
757135360,757137407,JP
757137408,757176319,US
757176320,757176575,FR
757176576,757176831,US
757176832,757177087,NL
757177088,757177855,US
757177856,757178111,GB
757178112,757178367,PL
757178368,757178623,BR
757178624,757178879,JP
757178880,757179391,US
757179392,757179647,AU
757179648,757179903,HK
757179904,757180415,US
757180416,757180671,IN
757180672,757180927,KR
757180928,757181183,US
757181184,757181439,AU
757181440,757181695,IE
757181696,757181951,ID
757181952,757182207,IN
757182208,757182463,FR
757182464,757183743,US
757183744,757183999,GB
757184000,757184255,DE
757184256,757185279,US
757185280,757185535,IE
757185536,757186559,US
757186560,757187071,PR
757187072,757187327,US
757187328,757187583,CA
757187584,757188607,US
757188608,757189119,CA
757189120,757194751,US
757194752,757198847,IT
757198848,757466367,US
757466368,757466623,CA
757466624,757469951,US
757469952,757470207,GB
757470208,757471999,US
757472000,757472255,RO
757472256,757472511,CA
757472512,757474303,US
757474304,757474559,TW
757474560,757475071,US
757475072,757475327,PL
757475328,757475583,IL
757475584,757475839,LV
757475840,757476095,HK
757476096,757477119,US
757477120,757477375,JP
757477376,757480191,US
757480192,757480447,CA
757480448,757480703,US
757480704,757480959,CA
757480960,757481215,UY
757481216,757481983,US
757481984,757482239,CA
757482240,757482495,BR
757482496,757483007,US
757483008,757483519,CA
757483520,757483775,CH
757483776,757484287,US
757484288,757484543,CH
757484544,757484799,US
757484800,757485311,CA
757485312,757485567,CH
757485568,757485823,FR
757485824,757486591,US
757486592,757486847,CA
757486848,757487359,CZ
757487360,757487615,US
757487616,757488127,BR
757488128,757488383,CZ
757488384,757488639,US
757488640,757488895,DK
757488896,757489151,US
757489152,757489407,DK
757489408,757489663,BR
757489664,757490175,CZ
757490176,757490431,DE
757490432,757490687,IT
757490688,757491199,BR
757491200,757491455,CZ
757491456,757491967,IT
757491968,757492735,GB
757492736,757492991,CA
757492992,757494015,SG
757494016,757494783,AT
757494784,757495295,US
757495296,757495551,CA
757495552,757495807,US
757495808,757496575,FR
757496576,757497855,DE
757497856,757498111,KR
757498112,757498367,PL
757498368,757498623,BR
757498624,757498879,PL
757498880,757499135,DE
757499136,757499391,US
757499392,757499647,NL
757499648,757500159,US
757500160,757500415,DE
757500416,757500671,US
757500672,757500927,FI
757500928,757501695,US
757501696,757501951,FI
757501952,757502463,US
757502464,757502719,DE
757502720,757503231,US
757503232,757503487,AU
757503488,757503999,MY
757504000,757504255,DE
757504256,757505023,US
757505024,757505279,PL
757505280,757505791,US
757505792,757506047,PL
757506048,757506303,MY
757506304,757506559,US
757506560,757506815,NL
757506816,757507071,MY
757507072,757507839,US
757507840,757508095,MY
757508096,757508351,US
757508352,757508607,NL
757508608,757508863,FI
757508864,757509119,KR
757509120,757509375,CA
757509376,757509887,US
757509888,757510143,ZA
757510144,757510911,US
757510912,757511167,KR
757511168,757512447,US
757512448,757512959,KR
757512960,757513727,US
757513728,757513983,DE
757513984,757514239,US
757514240,757514751,DE
757514752,757515007,AL
757515008,757515263,PL
757515264,757515519,US
757515520,757515775,JP
757515776,757516031,LV
757516032,757516287,US
757516288,757516543,RO
757516544,757517311,US
757517312,757517567,JP
757517568,757518079,US
757518080,757518335,BR
757518336,757518591,US
757518592,757518847,JP
757518848,757519103,SG
757519104,757519871,US
757519872,757520127,DE
757520128,757520383,PL
757520384,757520639,DE
757520640,757521151,US
757521152,757521407,DE
757521408,757521919,US
757521920,757522175,RO
757522176,757522687,US
757522688,757522943,UA
757522944,757523199,US
757523200,757523455,DE
757523456,757523711,US
757523712,757523967,CZ
757523968,757524223,RO
757524224,757524479,NL
757524480,757526271,US
757526272,757526527,DE
757526528,757526783,KR
757526784,757527039,DE
757527040,757527295,US
757527296,757527551,BR
757527552,757527807,US
757527808,757528063,DE
757528064,757528319,KR
757528320,757528575,CA
757528576,757528831,GB
757528832,757529087,US
757529088,757529343,CA
757529344,757529855,US
757529856,757530111,PL
757530112,757530367,US
757530368,757530623,KR
757530624,757531135,US
757531136,757531391,BR
757531392,757531903,US
757531904,757532159,CA
757532160,757532671,CH
757532672,757532927,US
757532928,757533183,CA
757533184,757533951,US
757533952,757534207,CA
757534208,757534463,RO
757534464,757534719,CH
757534720,757534975,FR
757534976,757535231,US
757535232,757535487,CA
757535488,757535999,CZ
757536000,757536511,US
757536512,757536767,BR
757536768,757537023,US
757537024,757537279,BR
757537280,757537535,CZ
757537536,757538047,DK
757538048,757538303,BR
757538304,757538815,CZ
757538816,757539071,IT
757539072,757539327,US
757539328,757539839,BR
757539840,757540351,US
757540352,757540607,PL
757540608,757540863,CZ
757540864,757541119,HR
757541120,757541375,BR
757541376,757541631,IT
757541632,757541887,UA
757541888,757542655,US
757542656,757542911,IT
757542912,757543423,US
757543424,757543935,GB
757543936,757544703,US
757544704,757544959,GB
757544960,757545727,US
757545728,757545983,PL
757545984,757546239,US
757546240,757546495,CA
757546496,757546751,SG
757546752,757547007,FR
757547008,757548031,US
757548032,757548287,CA
757548288,757548543,UA
757548544,757549055,US
757549056,757549567,SG
757549568,757549823,US
757549824,757550079,SG
757550080,757550335,AT
757550336,757550847,US
757550848,757551103,GB
757551104,757551359,US
757551360,757551615,PL
757551616,757552127,GB
757552128,757552383,US
757552384,757552639,PL
757552640,757553151,US
757553152,757553663,CA
757553664,757554687,US
757554688,757554943,BR
757554944,757555199,US
757555200,757555455,AT
757555456,757555711,CA
757555712,757555967,JP
757555968,757556223,DE
757556224,757556479,RO
757556480,757556735,PL
757556736,757556991,US
757556992,757557247,CA
757557248,757557503,RU
757557504,757557759,US
757557760,757557775,AW
757557776,757557791,TC
757557792,757557807,LC
757557808,757557823,LB
757557824,757557839,ZM
757557840,757557855,AM
757557856,757557871,BY
757557872,757557887,GH
757557888,757557903,ET
757557904,757557919,UG
757557920,757557935,MZ
757557936,757557951,NI
757557952,757557967,SN
757557968,757557983,AG
757557984,757557999,CU
757558000,757558015,PG
757558016,757558783,US
757558784,757559039,FR
757559040,757559295,NL
757559296,757559551,PL
757559552,757559807,DE
757559808,757560063,US
757560064,757560319,FR
757560320,757560575,GB
757560576,757560831,CN
757560832,757561087,US
757561088,757561343,DE
757561344,757561599,CA
757561600,757561855,FR
757561856,757562111,US
757562112,757562367,FR
757562368,757562623,US
757562624,757562879,FR
757562880,757563135,PL
757563136,757563391,US
757563392,757564415,DE
757564416,757564671,KR
757564672,757564927,CA
757564928,757565439,DE
757565440,757565695,US
757565696,757566463,KR
757566464,757566719,DE
757566720,757567231,KR
757567232,757567487,PE
757567488,757567743,DE
757567744,757567999,PE
757568000,757568255,JP
757568256,757568767,DE
757568768,757569023,PE
757569024,757569279,DE
757569280,757569791,JP
757569792,757570559,DE
757570560,757570815,PE
757570816,757571327,DE
757571328,757571583,US
757571584,757571839,CA
757571840,757572095,US
757572096,757572351,PL
757572352,757572607,DE
757572608,757573119,US
757573120,757573375,LT
757573376,757573631,ES
757573632,757573887,RO
757573888,757574143,BR
757574144,757574399,DE
757574400,757575935,US
757575936,757576191,CA
757576192,757576447,US
757576448,757576959,JP
757576960,757577215,US
757577216,757577471,LT
757577472,757577727,GB
757577728,757577983,NL
757577984,757578495,JP
757578496,757578751,RU
757578752,757579007,GB
757579008,757579263,JP
757579264,757579519,US
757579520,757579775,RO
757579776,757580031,FR
757580032,757580543,US
757580544,757580799,PL
757580800,757581311,JP
757581312,757581823,HK
757581824,757582079,DE
757582080,757582335,BR
757582336,757582591,JP
757582592,757582847,PL
757582848,757583103,US
757583104,757583359,JP
757583360,757583615,IT
757583616,757584383,US
757584384,757584639,NL
757584640,757585919,US
757585920,757586175,FR
757586176,757586687,US
757586688,757586943,AU
757586944,757587199,US
757587200,757587455,JP
757587456,757587711,US
757587712,757587967,DE
757587968,757589247,US
757589248,757589503,BR
757589504,757590783,US
757590784,757591039,JP
757591040,757592063,US
757592064,757592319,HU
757592320,757592575,BG
757592576,757593343,US
757593344,757593855,JP
757593856,757594111,HK
757594112,757594879,US
757594880,757595135,JP
757595136,757608447,US
757608448,757609471,SG
757609472,757610495,TH
757610496,757611263,IN
757611264,757611519,HK
757611520,757612543,JP
757612544,757616639,CA
757616640,757621503,US
757621504,757621759,BR
757621760,757626879,US
757626880,757627135,JP
757627136,757627391,BE
757627392,757627647,LT
757627648,757645311,US
757645312,757661695,CN
757661696,757662719,US
757662720,757662975,CA
757662976,757663487,US
757663488,757663743,CA
757663744,757668863,US
757668864,757669887,CA
757669888,757670911,US
757671168,757671935,US
757671936,757672959,PR
757672960,757686271,US
757686272,757694463,MM
757694464,757710847,US
757710848,757711359,CA
757711360,757712895,US
757712896,757713407,CA
757713408,757715455,US
757715456,757715967,CA
757715968,757721695,US
757721696,757721711,DE
757721712,757721727,ES
757721728,757721759,US
757721760,757721775,SG
757721776,757722111,US
757722112,757723135,CA
757723136,757727231,US
757728256,757729279,US
757729280,757731071,CA
757731072,757733375,US
757733376,757734399,CA
757734400,757736447,US
757736448,757737471,CA
757737472,757738751,US
757738752,757739007,HK
757739008,757739263,US
757739264,757739519,AU
757739520,757745663,US
757745664,757747711,CA
757747712,757751807,US
757751808,757761023,CA
757762048,757764095,US
757764096,757765119,BM
757765120,757770239,US
757770240,757770751,CA
757770752,757773311,US
757773568,757774335,US
757774336,757775359,CA
757775360,757776383,US
757776384,757777407,CA
757777408,757779967,US
757779968,757780223,CA
757780224,757783551,US
757783552,757784575,CA
757784576,757784831,US
757784832,757785087,GD
757785088,757786623,US
757786624,757787647,VC
757787648,757788671,US
757788672,757789695,CA
757789696,757791743,US
757791744,757792767,KN
757792768,757800959,US
757800960,757801983,HK
757801984,757803007,TW
757803008,757804031,KR
757804032,757805055,IN
757805056,757805567,JP
757805568,757806079,PH
757806080,757806847,HK
757806848,757807103,TW
757807104,757807359,HK
757807360,757807871,US
757807872,757808127,TW
757808128,757808383,JP
757808384,757808639,TW
757808640,757808895,DE
757808896,757809151,SG
757809152,757812223,GB
757812224,757813247,LV
757813248,757815295,GB
757815296,757815807,DE
757815808,757816575,NL
757816576,757817343,GB
757817344,757825535,US
757825536,757827839,GB
757827840,757828095,PL
757828096,757831167,GB
757831168,757831423,TR
757831424,757833471,GB
757833472,757833727,KZ
757833728,757834239,GB
757834240,757834495,KZ
757834496,757834751,FR
757834752,757835263,GB
757835264,757835519,RO
757835520,757841919,GB
757841920,757858303,US
757858304,757956607,CA
757956608,757961727,US
757961728,757961983,CA
757961984,757964799,US
757964800,757965823,CA
757965824,757967871,US
757967872,757968895,CA
757968896,757969663,US
757969664,757969919,HK
757969920,757977343,US
757977344,757977599,KR
757977600,757977855,US
757977856,757978111,KR
757978112,757987327,US
757987328,757988351,CA
757988352,758532095,US
758532096,758532351,JP
758532352,758700031,US
758700032,758702079,CA
758702080,758710783,GB
758710784,758711295,JP
758711296,758711807,ZA
758711808,758712319,BR
758712320,758712831,US
758712832,758713087,BR
758713088,758713343,US
758713344,758713855,IE
758713856,758714367,DE
758714368,758714495,US
758714496,758714623,AT
758714624,758714751,US
758714752,758714879,AT
758714880,758715391,CH
758715392,758715903,BE
758715904,758716415,PL
758716416,758719487,US
758719488,758719999,FI
758720000,758722559,US
758722560,758723071,LU
758723072,758723583,IN
758723584,758725631,US
758725632,758725887,CL
758725888,758726655,US
758726656,758727167,NZ
758727168,758728191,US
758728192,758728703,AU
758728704,758729215,IT
758729216,758729343,US
758729344,758729471,DE
758729472,758729599,US
758729600,758729727,DE
758729728,758730239,US
758730240,758730751,DE
758730752,758731263,RO
758731264,758731391,US
758731392,758731519,JP
758731520,758731647,US
758731648,758731775,JP
758731776,758732287,IN
758732288,758733951,US
758733952,758734079,TW
758734080,758734207,US
758734208,758734335,TW
758734336,758734847,US
758734848,758735359,IN
758735360,758735871,BR
758735872,758736895,US
758736896,758737919,DE
758737920,758739455,US
758739456,758739967,ES
758739968,758740479,KE
758740480,758740991,FR
758740992,758741503,US
758741504,758742015,JP
758742016,758742527,DE
758742528,758743039,US
758743040,758759423,VN
758759424,758796287,US
758796288,758804479,CA
758804480,758845695,US
758845696,758845951,BR
758845952,758846207,PL
758846208,758846975,US
758846976,758847231,GB
758847232,758847487,AE
758847488,758847743,PL
758847744,758847999,US
758848000,758848255,PL
758848256,758848767,US
758848768,758849023,GB
758849024,758859263,US
758859264,758859519,TR
758859520,758859775,US
758859776,758861823,CA
758861824,758865919,US
758865920,758866943,CA
758866944,758879999,US
758881280,758884095,US
758884352,758884863,US
758884864,758885119,NL
758885120,758886399,US
758886400,758887423,CA
758887424,758889471,US
758889472,758890495,CA
758890496,758972415,US
758972416,758976511,CA
758976512,758984959,US
758984960,758985215,CA
758985216,759007487,US
759007488,759007743,NL
759007744,759008255,GB
759008256,759013631,US
759013632,759013887,DE
759013888,759016703,US
759016704,759016959,GB
759016960,759054335,US
759054336,759062527,CA
759062528,759068671,US
759068672,759069695,NL
759069696,759079423,US
759079424,759079679,HN
759079680,759081983,US
759081984,759082495,HK
759082496,759082751,PE
759082752,759086335,US
759086336,759086847,CA
759086848,759086863,PR
759086864,759086879,VI
759086880,759086895,VG
759086896,759086911,BS
759086912,759086927,JM
759086928,759086943,KY
759086944,759086959,DM
759086960,759086975,BB
759086976,759086991,GD
759086992,759087007,GP
759087008,759087023,MQ
759087024,759087039,MS
759087040,759087055,TC
759087056,759087071,MF
759087072,759087087,VC
759087088,759087103,PM
759087104,759095295,CA
759095296,759109631,US
759109632,759111679,AU
759111680,759113727,US
759113728,759114751,NL
759114752,759128063,US
759128064,759130111,GB
759130112,759132159,US
759132160,759133183,FR
759133184,759134207,DE
759134208,759136255,JP
759136256,759150591,US
759150592,759150847,MX
759150848,759151103,BR
759151104,759152639,US
759152640,759153663,AR
759153664,759169023,US
759169024,759171071,ID
759171072,759174143,IN
759174144,759175167,MO
759175168,759176191,PK
759176192,759178239,TW
759178240,759179263,AU
759179264,759180287,SG
759180288,759181311,ID
759181312,759182335,NZ
759182336,759183359,HK
759183360,759184383,AU
759184384,759185407,NZ
759185408,759186431,HK
759186432,759187455,AU
759187456,759187967,SG
759187968,759188479,TW
759188480,759189503,TH
759189504,759190527,PH
759190528,759191551,IN
759191552,759192575,TH
759192576,759193599,IN
759193600,759195647,ID
759195648,759196671,IN
759196672,759198207,HK
759198208,759198719,NP
759198720,759199743,NZ
759199744,759200767,PH
759200768,759201791,KH
759201792,759202815,SG
759202816,759204863,BD
759204864,759206911,KR
759206912,759207935,AU
759207936,759208959,KR
759208960,759209983,IN
759209984,759211007,NP
759211008,759212031,BD
759212032,759213055,MY
759213056,759214079,KR
759214080,759215103,IN
759215104,759216127,PK
759216128,759217151,TH
759217152,759220223,IN
759220224,759221247,NZ
759221248,759227391,IN
759227392,759229439,TW
759229440,759230463,IN
759230464,759232511,HK
759232512,759233535,BT
759233536,759234559,ID
759234560,759235583,SG
759235584,759236607,NZ
759236608,759237119,US
759237120,759237375,LU
759237376,759237631,NL
759237632,759238655,AU
759238656,759242751,CN
759242752,759243775,HK
759243776,759245823,IN
759245824,759246847,GB
759246848,759248895,IN
759248896,759249919,AF
759249920,759250943,AU
759250944,759251967,ES
759251968,759252991,BG
759252992,759254015,SA
759254016,759255039,IN
759255040,759256063,SM
759256064,759258111,DK
759258112,759259135,MX
759259136,759260159,GB
759260160,759261183,IL
759261184,759263231,FR
759263232,759263487,DE
759263488,759263743,GE
759263744,759263999,DE
759264000,759264255,US
759264256,759265279,AE
759265280,759266303,IT
759266304,759267327,PL
759267328,759269375,BR
759269376,759270343,CO
759270344,759270351,VE
759270352,759270371,CO
759270372,759270375,VE
759270376,759270387,CO
759270388,759270399,VE
759270400,759272447,BR
759272448,759273471,AR
759273472,759274495,MX
759274496,759282687,BR
759282688,759283711,CR
759283712,759285759,BR
759285760,759286015,CO
759286016,759286271,BR
759286272,759286527,AR
759286528,759286783,EC
759286784,759291903,BR
759291904,759292927,AR
759292928,759293951,BR
759293952,759294975,CO
759294976,759295999,BR
759296000,759297023,CL
759297024,759298047,DO
759298048,759299071,PE
759299072,759299327,AR
759299328,759299583,BR
759299584,759300095,PA
759300096,759301119,KW
759301120,759302143,CH
759302144,759302911,NL
759302912,759303167,PL
759303168,759304191,RU
759304192,759305215,IT
759305216,759306239,PL
759306240,759307263,KZ
759307264,759308287,DE
759308288,759309311,NL
759309312,759310335,GB
759310336,759311359,GR
759311360,759312383,BG
759312384,759313407,IN
759313408,759314431,CZ
759314432,759315455,GB
759315456,759315711,LT
759315712,759315967,DO
759315968,759316223,SE
759316224,759316479,LT
759316480,759317503,ES
759317504,759318527,GB
759318528,759319551,SK
759319552,759320575,NL
759320576,759321599,IT
759321600,759323647,DE
759323648,759324671,GB
759324672,759325695,NL
759325696,759326719,IT
759326720,759327743,HU
759327744,759328767,FR
759328768,759329791,NL
759329792,759330815,RU
759330816,759331839,DE
759331840,759332863,GR
759332864,759333119,SG
759333120,759333375,DE
759333376,759333631,JP
759333632,759333887,DE
759333888,759334143,US
759334144,759334911,GB
759334912,759335935,DE
759335936,759336959,PL
759336960,759337983,IT
759337984,759338239,LT
759338240,759338495,JP
759338496,759339007,LT
759339008,759339263,GB
759339264,759339519,ID
759339520,759340031,GB
759340032,759342079,CY
759342080,759342335,US
759342336,759342591,IN
759342592,759342847,AU
759342848,759343103,BA
759343104,759344127,RU
759344128,759345151,CH
759345152,759346175,IN
759346176,759347199,FR
759347200,759348223,GR
759348224,759349247,HK
759349248,759350271,FI
759350272,759351295,LT
759351296,759352319,HU
759352320,759353343,IT
759353344,759354367,RU
759354368,759355391,ES
759355392,759356159,JP
759356160,759356415,GB
759356416,759357439,CH
759357440,759358463,IT
759358464,759358719,DE
759358720,759358975,IT
759358976,759359487,BG
759359488,759360511,CH
759360512,759361535,RO
759361536,759362559,ES
759362560,759363583,AE
759363584,759364095,US
759364096,759364607,RU
759364608,759365631,US
759365632,759366655,AL
759366656,759367679,IN
759367680,759368703,NO
759368704,759368959,GB
759368960,759369215,NO
759369216,759369471,GE
759369472,759369727,SE
759369728,759370239,AT
759370240,759370303,RO
759370304,759370367,AT
759370368,759370431,DE
759370432,759370751,AT
759370752,759371775,UA
759371776,759372799,RU
759372800,759373823,DE
759373824,759374335,RU
759374336,759374591,RO
759374592,759374847,NL
759374848,759375871,RO
759375872,759376895,IT
759376896,759377919,AT
759377920,759378943,CH
759378944,759379967,GB
759379968,759380991,RU
759380992,759381503,JO
759381504,759382015,CA
759382016,759383039,FR
759383040,759384063,DE
759384064,759385087,US
759385088,759386111,DE
759386112,759387135,FR
759387136,759388159,DE
759388160,759389183,BG
759389184,759390207,DK
759390208,759390463,AU
759390464,759390719,KR
759390720,759391231,NL
759391232,759392255,US
759392256,759394303,NL
759394304,759395327,IT
759395328,759395583,MD
759395584,759395839,US
759395840,759396351,MD
759396352,759396863,SC
759396864,759397375,UA
759397376,759398399,IT
759398400,759399423,EE
759399424,759400447,IL
759400448,759400703,NL
759400704,759400959,DE
759400960,759401215,NL
759401216,759401471,FR
759401472,759403519,US
759403520,759404543,ES
759404544,759405567,TR
759405568,759406591,HU
759406592,759407615,NO
759407616,759408639,IE
759408640,759409663,AT
759409664,759410687,GB
759410688,759411711,BZ
759411712,759413759,ES
759413760,759414783,IE
759414784,759415807,RU
759415808,759416831,MD
759416832,759417343,HK
759417344,759417599,FI
759417600,759417855,TR
759417856,759418879,DE
759418880,759419135,MD
759419136,759419391,US
759419392,759419647,NL
759419648,759419903,US
759419904,759420415,RU
759420416,759420671,SC
759420672,759420927,RU
759420928,759421439,FR
759421440,759421951,DE
759421952,759422015,CA
759422016,759422079,KR
759422080,759422143,PT
759422144,759422207,DK
759422208,759422463,FR
759422464,759422719,NL
759422720,759422975,US
759422976,759423999,ES
759424000,759424255,NL
759424256,759424511,MD
759424512,759424767,RU
759424768,759425023,NL
759425024,759426047,TR
759426048,759427071,CY
759427072,759428095,FR
759428096,759428351,MX
759428352,759428607,UY
759428608,759429119,HN
759429120,759430143,GB
759430144,759431167,FR
759431168,759432191,BO
759432192,759433215,GT
759433216,759435263,AR
759435264,759436287,CL
759436288,759437055,SR
759437056,759437311,PE
759437312,759437823,CO
759437824,759438079,AR
759438080,759439103,CO
759439104,759439359,CL
759439360,759439615,CO
759439616,759440383,HN
759440384,759440895,CO
759440896,759441151,EC
759441152,759441407,CO
759441408,759442431,DO
759442432,759442687,AR
759442688,759442943,PE
759442944,759443455,CL
759443456,759444479,GT
759444480,759445503,PY
759445504,759446527,PE
759446528,759447039,DO
759447040,759447551,HN
759447552,759449599,MX
759449600,759453695,BR
759453696,759454719,VE
759454720,759455231,BR
759455232,759455743,PY
759455744,759456767,EC
759456768,759457791,VE
759457792,759458047,PA
759458304,759459839,DO
759459840,759460095,BR
759460352,759460863,CL
759460864,759461887,PE
759461888,759462911,EC
759462912,759463935,CL
759463936,759464959,CO
759464960,759465983,AR
759465984,759466239,MX
759562240,759564287,BR
759564288,759565311,AR
759565312,759566335,EC
759566336,759576575,BR
759576576,759577599,EC
759577600,759584767,BR
759584768,759585791,AR
759585792,759591935,BR
759591936,759592959,AR
759592960,759601151,BR
759601152,759602175,AR
759602176,759605247,BR
759605248,759606271,CO
759606272,759608319,BR
759608320,759609343,BO
759609344,759610367,AR
759610368,759612415,BR
759612416,759614463,EC
759614464,759618559,BR
759618560,759619583,AR
759619584,759620607,BR
759620608,759621631,BZ
759621632,759622655,BR
759622656,759623679,EC
759623680,759624703,BZ
759624704,759627775,BR
759627776,759628799,EC
759628800,759629055,BR
759629056,759629311,AR
759629312,759629567,BR
759629568,759629823,CO
759629824,759630847,CL
759630848,759631871,BR
759631872,759632895,HN
759632896,759635967,BR
759635968,759636991,PE
759636992,759638015,EC
759638016,759639039,BR
759639040,759640063,CL
759640064,759641087,BR
759641088,759642111,HN
759642112,759643135,AR
759643136,759654911,BR
759654912,759655167,AR
759655168,759656447,BR
759656448,759657471,EC
759657472,759666687,BR
759666688,759667711,AR
759667712,759668735,CW
759668736,759673855,BR
759673856,759674879,CO
759674880,759675903,EC
759675904,759677951,BR
759677952,759678975,AR
759678976,759679999,EC
759680000,759681023,AR
759681024,759692287,BR
759692288,759693311,EC
759693312,759726079,US
759726080,759791615,CA
759791616,759801855,US
759801856,759802111,MX
759802112,759836927,US
759836928,759837183,MY
759837184,759840767,US
759840768,759844863,CA
759844864,759848959,US
759848960,759857151,CA
759857152,759861247,AU
759861248,759862271,AL
759862272,759863295,ES
759863296,759864319,US
759864320,759864831,IN
759864832,759865343,TR
759865344,759869439,US
759869440,759870463,TR
759870464,759872511,US
759872512,759873023,DE
759873024,759873279,US
759873280,759873535,JP
759873536,759877631,IT
759877632,759878143,US
759878144,759878655,NZ
759878656,759879167,US
759879168,759879679,PL
759879680,759885823,US
759885824,759887871,TR
759887872,759888895,IN
759888896,759889919,US
759889920,759922687,JP
759922688,759955455,GB
759955456,759963647,US
759963648,759966719,NL
759966720,759967743,FR
759967744,759969791,JP
759969792,759975935,US
759975936,759980031,DE
759980032,759984127,JP
759984128,759988223,AU
759988224,759992319,GB
759992320,759997439,SG
759997440,760000511,US
760000512,760004607,SG
760004608,760012799,JP
760012800,760023039,US
760023040,760029183,JP
760029184,760033279,SG
760033280,760034303,AU
760034304,760035327,DE
760035328,760036351,GB
760036352,760037375,FR
760037376,760038399,DE
760038400,760043519,US
760043520,760044543,GB
760044544,760053759,US
760053760,760055807,JP
760055808,760056831,NL
760056832,760057855,DE
760057856,760063999,US
760064000,760066047,SG
760066048,760068095,JP
760068096,760078335,US
760078336,760080383,GB
760080384,760082431,AU
760082432,760086527,SG
760086528,760090623,US
760090624,760098815,HK
760098816,760102911,JP
760102912,760111103,US
760111104,760119295,CA
760119296,760127487,US
760127488,760135679,CA
760135680,760152063,SG
760152064,760181759,US
760181760,760182015,CA
760182016,760182271,IN
760182272,760182527,AU
760182528,760182783,US
760182784,760184831,IN
760184832,760211967,US
760211968,760212223,IN
760212224,760212479,US
760212480,760213503,AU
760213504,760215551,US
760215552,760216575,DE
760216576,760217599,US
760217600,760218623,FR
760218624,760219135,SE
760219136,760219391,SG
760219392,760219647,DE
760219648,760220671,FR
760220672,760221695,ES
760221696,760222719,CH
760222720,760224767,FR
760224768,760225023,DE
760225024,760225279,IN
760225280,760225791,DE
760225792,760226815,FR
760226816,760227839,NL
760227840,760228863,DK
760228864,760229887,RU
760229888,760230143,JP
760230144,760230399,GB
760230400,760230655,AL
760230656,760230911,NZ
760230912,760231935,LV
760231936,760232959,SE
760232960,760233983,GB
760233984,760236031,RU
760236032,760237055,DE
760237056,760238079,FR
760238080,760238335,ES
760238336,760238847,PE
760238848,760239103,MX
760239104,760239359,IR
760239360,760240127,ES
760240128,760241151,IL
760241152,760242175,DK
760242176,760243199,US
760243200,760244223,NL
760244224,760244735,GB
760244736,760245247,IL
760245248,760245503,EE
760245504,760245759,DE
760245760,760246015,EE
760246016,760246271,DE
760246272,760247295,HK
760247296,760248319,IN
760248320,760249343,SC
760249344,760250367,GB
760250368,760250623,RU
760250624,760250879,FR
760250880,760251391,RU
760251392,760252415,RS
760252416,760253439,CH
760253440,760254463,DE
760254464,760255487,NO
760255488,760256511,RO
760256512,760257023,US
760257024,760257535,DE
760257536,760258047,NL
760258048,760258303,PL
760258304,760258559,NL
760258560,760259583,GB
760259584,760260607,IT
760260608,760261631,NL
760261632,760262143,IT
760262144,760262399,TR
760262400,760262655,LI
760262656,760263679,AT
760263680,760264703,SG
760264704,760265983,DE
760265984,760266239,JP
760266240,760266495,DE
760266496,760266751,JP
760266752,760267775,DE
760267776,760268799,EC
760268800,760269823,IN
760269824,760270847,RU
760270848,760271103,KZ
760271104,760271615,LU
760271616,760271871,US
760271872,760272127,KR
760272128,760272383,FI
760272384,760272639,HK
760272640,760272895,FR
760272896,760274175,RU
760274176,760274431,VN
760274432,760274687,PL
760274688,760274943,VN
760274944,760275967,ES
760275968,760276991,SE
760276992,760278015,NL
760278016,760279039,HU
760279040,760280063,RU
760280064,760281087,GB
760281088,760282111,US
760282112,760283135,FR
760283136,760283391,GB
760283392,760283903,DE
760283904,760284159,US
760284160,760285183,DE
760285184,760286207,AT
760286208,760287231,LI
760287232,760288255,US
760288256,760288511,FR
760288512,760289279,US
760289280,760289535,DE
760289536,760290303,US
760290304,760291327,GE
760291328,760292095,GB
760292096,760292351,NL
760292352,760292607,BG
760292608,760292863,TJ
760292864,760293119,BG
760293120,760293375,US
760293376,760293887,SK
760293888,760294399,CZ
760294400,760295423,DE
760295424,760297471,NL
760297472,760298239,LT
760298240,760298495,SK
760298496,760299519,FR
760299520,760300543,IT
760300544,760301567,CH
760301568,760302591,GB
760302592,760303615,RU
760303616,760305663,FR
760305664,760306687,ES
760306688,760308735,CZ
760308736,760309759,TR
760309760,760310015,PE
760310016,760310527,CO
760310528,760310783,ES
760310784,760311807,HU
760311808,760312319,UA
760312320,760312575,GR
760312576,760312831,UA
760312832,760313087,DE
760313088,760313343,PL
760313344,760313599,US
760313600,760313855,JP
760313856,760314879,GB
760314880,760315135,VE
760315136,760315391,MX
760315392,760315647,VE
760315648,760315903,SV
760315904,760316927,HK
760316928,760317951,DE
760317952,760318975,RU
760318976,760319999,TR
760320000,760321023,IQ
760321024,760321791,CA
760321792,760322047,DE
760322048,760323071,ES
760323072,760324095,IT
760324096,760324351,US
760324352,760324607,FR
760324608,760324863,US
760324864,760325119,ES
760325120,760326143,RU
760326144,760327167,NL
760327168,760328191,FR
760328192,760329215,BG
760329216,760330239,FI
760330240,760331263,NL
760331264,760332287,SE
760332288,760334335,FR
760334336,760335359,RU
760335360,760338431,FR
760338432,760339455,US
760339456,760341503,NL
760341504,760343551,DE
760343552,760344575,AT
760344576,760344831,NL
760344832,760345343,IT
760345344,760345599,FR
760345600,760346623,AT
760346624,760347647,DE
760347648,760347903,MD
760347904,760348159,RU
760348160,760348415,MD
760348416,760348671,RU
760348672,760349695,IT
760349696,760350719,AU
760350720,760351743,UA
760351744,760352255,RU
760352256,760352511,KZ
760352512,760352767,DE
760352768,760353791,FI
760353792,760354815,CA
760354816,760355839,DE
760355840,760356351,RO
760356352,760356607,LU
760356608,760356863,KZ
760356864,760357887,LT
760357888,760358911,CH
760358912,760359167,US
760359168,760359423,IN
760359424,760359679,LT
760359680,760359935,IT
760359936,760360959,NL
760360960,760361727,IN
760361728,760361983,US
760361984,760363007,DE
760363008,760364031,NL
760364032,760365055,IQ
760365056,760367103,NL
760367104,760368127,US
760368128,760368895,DE
760368896,760369151,HK
760369152,760369407,SE
760369408,760369663,CZ
760369664,760369919,FR
760369920,760370175,ES
760370176,760371199,UA
760371200,760372223,BA
760372224,760373247,GB
760373248,760374271,IN
760374272,760374527,AM
760374528,760374783,IT
760374784,760375039,RO
760375040,760375295,CL
760375296,760375807,NL
760375808,760376319,IL
760376320,760377343,FI
760377344,760378367,IT
760378368,760379391,HK
760379392,760381439,DE
760381440,760382463,NL
760382464,760383487,IT
760383488,760384511,IR
760384512,760385535,GB
760385536,760386559,PL
760386560,760387583,FI
760387584,760388095,RU
760388096,760389631,CZ
760389632,760389887,LU
760389888,760390143,US
760390144,760390399,UA
760390400,760390655,US
760390656,760391679,GB
760391680,760392703,AT
760392704,760393727,DE
760393728,760394751,NL
760394752,760395775,FR
760395776,760397823,NL
760397824,760398847,DE
760398848,760399871,IN
760399872,760400895,IT
760400896,760401919,AT
760401920,760402943,FR
760402944,760403967,DE
760403968,760404991,RU
760404992,760406015,DE
760406016,760407039,RU
760407040,760408063,IT
760408064,760409087,CZ
760409088,760410111,US
760410112,760411135,HK
760411136,760411391,CY
760411392,760411647,BR
760411648,760412159,KR
760412160,760412415,CY
760412416,760412671,CL
760412672,760412927,MY
760412928,760413183,US
760413184,760413439,HK
760413440,760413695,EE
760413696,760413951,CH
760413952,760414207,PL
760414208,760416255,NL
760416256,760417279,CZ
760417280,760418303,IR
760418304,760419327,RU
760419328,760419583,BE
760419584,760419839,IS
760419840,760420095,JP
760420096,760420863,CY
760420864,760421119,JP
760421120,760421375,CY
760421376,760421631,NL
760421632,760422143,GB
760422144,760422399,US
760422400,760423423,TR
760423424,760424447,GB
760424448,760424703,IL
760424704,760424959,DE
760424960,760425471,IL
760425472,760426495,GR
760426496,760427519,ES
760427520,760428543,EE
760428544,760429567,IT
760429568,760430591,SE
760430592,760431615,DE
760431616,760432639,CH
760432640,760433663,EE
760433664,760434687,GB
760434688,760435711,ES
760435712,760436735,CY
760436736,760436991,GB
760436992,760437247,US
760437248,760437407,FR
760437408,760437423,GB
760437424,760437503,FR
760437504,760437759,SE
760437760,760438783,RU
760438784,760439807,AE
760439808,760440831,ES
760440832,760442879,DE
760442880,760443903,US
760443904,760444927,CY
760444928,760445951,VG
760445952,760446207,AZ
760446208,760446463,NP
760446464,760446719,MY
760446720,760446975,LK
760446976,760447231,CY
760447232,760447487,DE
760447488,760447743,CZ
760447744,760447999,SI
760448000,760449023,CZ
760449024,760449279,QA
760449280,760449535,DZ
760449536,760449791,TD
760449792,760450047,MR
760450048,760450303,US
760450304,760450559,MK
760450560,760450815,PT
760450816,760451071,AM
760451072,760451327,SN
760451328,760451583,VE
760451584,760451839,SV
760451840,760452095,BY
760452096,760452351,GB
760452352,760453119,CY
760453120,760454143,CZ
760454144,760456191,DE
760456192,760458239,GB
760458240,760459007,NL
760459008,760459263,AE
760459264,760460287,MD
760460288,760461055,EE
760461056,760461311,RU
760461312,760461567,IL
760461568,760461823,DE
760461824,760462079,IN
760462080,760462335,US
760462336,760464383,NL
760464384,760465407,DE
760465408,760468479,NL
760468480,760469503,CZ
760469504,760470527,BG
760470528,760471551,SE
760471552,760472575,IN
760472576,760473599,FR
760473600,760474623,NL
760474624,760475391,US
760475392,760475647,IE
760475648,760476671,NL
760476672,760477695,DE
760477696,760478719,BG
760478720,760479743,AT
760479744,760479999,MD
760480000,760480767,RU
760480768,760482815,NL
760482816,760483839,RU
760483840,760484863,TR
760484864,760485887,GB
760485888,760486911,DE
760486912,760487935,CZ
760487936,760488959,DE
760488960,760489471,LB
760489472,760489983,DE
760489984,760491263,NL
760491264,760491519,JP
760491520,760491775,US
760491776,760492031,GB
760492032,760493055,ES
760493056,760494079,FR
760494080,760494335,AU
760494336,760494591,GB
760494592,760494847,ES
760494848,760495103,NL
760495104,760496127,RU
760496128,760497151,DE
760497152,760498175,RU
760498176,760499199,DE
760499200,760500223,HU
760500224,760501247,BG
760501248,760502271,RU
760502272,760502527,BG
760502528,760502783,GB
760502784,760503039,BG
760503040,760503295,GB
760503296,760504319,US
760504320,760505343,FR
760505344,760505599,DK
760505600,760505855,US
760505856,760506111,UY
760506112,760506367,US
760506368,760507135,SE
760507136,760507391,AQ
760507392,760507647,PH
760507648,760507903,KR
760507904,760508159,PH
760508160,760508415,KR
760508416,760509439,FR
760509440,760510463,AL
760510464,760510719,US
760510720,760510975,NL
760510976,760511231,CZ
760511232,760511487,NL
760511488,760512511,HU
760512512,760513535,RU
760513536,760514559,HU
760514560,760515071,DE
760515072,760515327,FR
760515328,760515583,DE
760515584,760516607,IT
760516608,760517631,AT
760517632,760518655,FR
760518656,760519679,RU
760519680,760520703,IR
760520704,760521727,GB
760521728,760522751,CZ
760522752,760523775,IT
760523776,760524799,BG
760524800,760525311,RU
760525312,760525567,SC
760525568,760525823,RU
760525824,760526847,US
760526848,760527871,BG
760527872,760528895,TR
760528896,760529151,NL
760529152,760529663,HK
760529664,760529919,BR
760529920,760530943,DE
760530944,760531967,GB
760531968,760532991,LT
760532992,760534015,ES
760534016,760534783,NL
760534784,760535039,FR
760535040,760535295,NL
760535296,760535551,MX
760535552,760536063,NL
760536064,760536575,BG
760536576,760536831,NL
760536832,760537087,BG
760537088,760538111,RU
760538112,760539135,IN
760539136,760540159,CY
760540160,760541183,AL
760541184,760541695,SE
760541696,760541951,GB
760541952,760542207,BR
760542208,760543231,LT
760543232,760544255,IR
760544256,760544511,FR
760544512,760544767,AT
760544768,760545023,PE
760545024,760545279,AT
760545280,760545535,US
760545536,760546047,GB
760546048,760546303,JP
760546304,760547327,IM
760547328,760548351,PL
760548352,760549119,AT
760549120,760549375,KR
760549376,760550399,IT
760550400,760551423,BE
760551424,760552447,RU
760552448,760553471,BE
760553472,760554495,FR
760554496,760555519,UA
760555520,760556543,DE
760556544,760557567,FR
760557568,760558591,DE
760558592,760559615,FR
760559616,760560639,DE
760560640,760561663,GB
760561664,760563711,RU
760563712,760564735,SE
760564736,760565759,GB
760565760,760566783,FR
760566784,760567807,AT
760567808,760568063,GB
760568064,760568319,BR
760568320,760568831,NL
760568832,760570879,CH
760570880,760571903,GB
760571904,760572159,PL
760572160,760572671,NL
760572672,760572927,FR
760572928,760573951,ES
760573952,760574975,DE
760574976,760575231,RO
760575232,760575487,NL
760575488,760575999,RO
760576000,760576255,DE
760576256,760576511,EE
760576512,760577023,DE
760577024,760577279,US
760577280,760577535,NL
760577536,760577791,FR
760577792,760578047,GB
760578048,760578559,NL
760578560,760579071,US
760579072,760580095,FR
760580096,760581119,ES
760581120,760582143,RU
760582144,760582655,DE
760582656,760583167,FR
760583168,760584191,NL
760584192,760585215,GB
760585216,760587263,US
760587264,760588287,IT
760588288,760589311,GB
760589312,760590335,CZ
760590336,760591359,FR
760591360,760592383,DO
760592384,760593407,PL
760593408,760593663,EG
760593664,760593919,NL
760593920,760594175,IN
760594176,760594431,NL
760594432,760594943,AT
760594944,760595199,GB
760595200,760595455,AT
760595456,760596479,IM
760596480,760597503,DE
760597504,760598527,GB
760598528,760599551,PL
760599552,760600575,RU
760600576,760601599,DE
760601600,760602623,NL
760602624,760603647,MX
760603648,760604671,DE
760604672,760605695,FI
760605696,760606719,DE
760606720,760606975,GB
760606976,760607231,PL
760607232,760607487,GB
760607488,760607743,ES
760607744,760608511,PL
760608512,760608767,NL
760608768,760609023,DE
760609024,760609279,FR
760609280,760609535,GB
760609536,760609791,DE
760609792,760610815,CZ
760610816,760611327,RU
760611328,760611583,BG
760611584,760611839,RU
760611840,760612863,IR
760612864,760613887,GB
760613888,760614143,BE
760614144,760614399,IT
760614400,760614655,FR
760614656,760614911,DE
760614912,760615935,US
760615936,760616959,NG
760616960,760617983,US
760617984,760618495,IN
760618496,760618751,US
760618752,760619007,IN
760619008,760620031,PL
760620032,760620287,CH
760620288,760620543,US
760620544,760621055,RU
760621056,760622079,FR
760622080,760623103,VG
760623104,760625151,US
760625152,760626175,RS
760626176,760629503,CY
760629504,760629759,US
760629760,760631295,CY
760631296,760632319,KZ
760632320,760632575,SG
760632576,760632831,MX
760632832,760633087,RU
760633088,760633343,AU
760633344,760634367,DE
760634368,760635391,BE
760635392,760637439,FR
760637440,760638463,SE
760638464,760638514,IT
760638515,760638515,DE
760638516,760639487,IT
760639488,760640511,IL
760640512,760641535,AT
760641536,760642559,GB
760642560,760643583,DE
760643584,760644607,ES
760644608,760645631,CH
760645632,760646655,RO
760646656,760647679,HK
760647680,760649727,IT
760649728,760650031,DE
760650032,760650047,NL
760650048,760651519,DE
760651520,760651775,GB
760651776,760652287,IT
760652288,760652543,NL
760652544,760652799,DE
760652800,760653823,AT
760653824,760654591,RU
760654592,760654847,EE
760654848,760655871,FI
760655872,760656895,NL
760656896,760657919,RU
760657920,760658943,ES
760658944,760659455,SG
760659456,760659967,NL
760659968,760660991,AT
760660992,760662015,IR
760662016,760662271,NL
760662272,760662527,IS
760662528,760662783,DE
760662784,760663039,GB
760663040,760664063,FR
760664064,760665087,US
760665088,760666111,PL
760666112,760667135,CH
760667136,760667391,RO
760667392,760667647,SG
760667648,760668159,GB
760668160,760669183,ES
760669184,760669439,AE
760669440,760669695,ES
760669696,760669951,US
760669952,760670207,IT
760670208,760671231,HK
760671232,760672255,NO
760672256,760673279,RO
760673280,760673535,DE
760673536,760673791,PH
760673792,760674047,SG
760674048,760674303,US
760674304,760675327,MX
760675328,760676351,US
760676352,760677375,NL
760677376,760678399,IR
760678400,760678655,AR
760678656,760678911,BR
760678912,760679167,CL
760679168,760679423,CO
760679424,760680447,CZ
760680448,760681471,DE
760681472,760681727,ES
760681728,760681983,US
760681984,760682239,NL
760682240,760682495,US
760682496,760683519,HR
760683520,760683775,GB
760683776,760684031,NL
760684032,760684543,SE
760684544,760685567,PL
760685568,760686591,IT
760686592,760686847,ES
760686848,760687615,NL
760687616,760688639,US
760688640,760689663,FR
760689664,760690687,HK
760690688,760691711,FR
760691712,760691967,GB
760691968,760692479,US
760692480,760692735,GB
760692736,760693759,IT
760693760,760694015,US
760694016,760694527,DE
760694528,760694783,US
760694784,760695807,CH
760695808,760696831,BE
760696832,760698879,NL
760698880,760699903,UA
760699904,760700415,SG
760700416,760700671,JP
760700672,760700927,SG
760700928,760701951,HU
760701952,760702463,US
760702464,760702975,HK
760702976,760703999,RU
760704000,760705023,NL
760705024,760706047,HU
760706048,760707071,CZ
760707072,760707327,AE
760707328,760707583,NL
760707584,760708095,RO
760708096,760708607,US
760708608,760708863,SE
760708864,760709119,US
760709120,760710143,GB
760710144,760711167,RS
760711168,760712191,DE
760712192,760714239,RU
760714240,760715263,DE
760715264,760715519,US
760715520,760716287,NL
760716288,760717311,DE
760717312,760717823,GB
760717824,760718079,DE
760718080,760718335,BG
760718336,760720383,US
760720384,760720639,LT
760720640,760721151,TR
760721152,760721407,LT
760721408,760722431,FR
760722432,760723455,CH
760723456,760723711,IT
760723712,760724479,AE
760724480,760725503,DE
760725504,760727551,AT
760727552,760728575,FI
760728576,760729599,HU
760729600,760730623,GB
760730624,760730879,DE
760730880,760731135,JP
760731136,760731391,US
760731392,760731647,GB
760731648,760732415,RU
760732416,760732671,BY
760732672,760733695,BZ
760733696,760734719,QA
760734720,760735743,HK
760735744,760736767,GB
760736768,760737791,CZ
760737792,760738047,DE
760738048,760738303,US
760738304,760738559,SG
760738560,760738815,US
760738816,760739839,RU
760739840,760740351,MX
760740352,760740863,NL
760740864,760741375,RU
760741376,760741631,IT
760741632,760741887,RU
760741888,760742911,VG
760742912,760743167,PL
760743168,760743935,NL
760743936,760744447,AE
760744448,760744703,IL
760744704,760744959,JP
760744960,760745471,AE
760745472,760745727,NL
760745728,760745983,FI
760745984,760747007,NL
760747008,760747263,FR
760747264,760747519,GB
760747520,760747775,FR
760747776,760748031,GB
760748032,760749055,CH
760749056,760750079,GB
760750080,760751103,TR
760751104,760752127,GI
760752128,760753151,US
760753152,760754175,FI
760754176,760755199,NL
760755200,760756223,RU
760756224,760756479,IT
760756480,760756991,NL
760756992,760757247,EE
760757248,760758271,GB
760758272,760758527,IL
760758528,760758783,NL
760758784,760759039,BG
760759040,760759295,NL
760759296,760760319,FR
760760320,760761343,IL
760761344,760762367,NL
760762368,760763391,GB
760763392,760764415,NL
760764416,760764671,EE
760764672,760764927,AL
760764928,760765183,KZ
760765184,760765439,BG
760765440,760766463,HU
760766464,760766719,AE
760766720,760766975,DE
760766976,760767487,AE
760767488,760768511,RU
760768512,760769535,NL
760769536,760770559,DE
760770560,760771583,GB
760771584,760772607,NO
760772608,760772863,NL
760772864,760773119,US
760773120,760773375,NL
760773376,760773631,US
760773632,760774143,NO
760774144,760774655,AT
760774656,760775679,FR
760775680,760776703,US
760776704,760777727,UA
760777728,760778751,FR
760778752,760779775,NL
760779776,760780799,CY
760780800,760782847,ES
760782848,760783103,US
760783104,760783871,CY
760783872,760784895,GB
760784896,760785919,CY
760785920,760786943,NL
760786944,760787967,CY
760787968,760788223,FR
760788224,760788479,CY
760788480,760788735,KR
760788736,760788991,IN
760788992,760789503,IE
760789504,760789759,US
760789760,760790015,IT
760790016,760790527,FR
760790528,760790783,DE
760790784,760791039,FR
760791040,760792063,US
760792064,760793087,LT
760793088,760794111,NO
760794112,760795135,HU
760795136,760796159,RU
760796160,760797183,DE
760797184,760797951,US
760797952,760798207,PE
760798208,760798975,DE
760798976,760799231,FR
760799232,760799487,MY
760799488,760799743,PH
760799744,760799999,NL
760800000,760800255,FI
760800256,760801279,US
760801280,760802303,GB
760802304,760803327,DE
760803328,760804351,AT
760804352,760804863,ES
760804864,760805375,IE
760805376,760806399,ES
760806400,760807423,RU
760807424,760808447,CH
760808448,760809471,GB
760809472,760810495,PL
760810496,760811519,AT
760811520,760812543,RU
760812544,760812799,IQ
760812800,760813055,CH
760813056,760813311,RU
760813312,760813567,CY
760813568,760814591,RU
760814592,760814847,FR
760814848,760815103,IT
760815104,760815359,BR
760815360,760815615,HK
760815616,760816639,IE
760816640,760816895,FR
760816896,760817151,GB
760817152,760817407,FR
760817408,760817663,GB
760817664,760818687,ES
760818688,760819711,IE
760819712,760820223,US
760820224,760820735,IT
760820736,760820991,TR
760820992,760821247,US
760821248,760821503,SK
760821504,760821759,RS
760821760,760823807,GB
760823808,760824831,RU
760824832,760825343,SC
760825344,760825599,RU
760825600,760825855,SC
760825856,760826879,UA
760826880,760827903,FR
760827904,760828415,VE
760828416,760828927,HN
760828928,760829951,GB
760829952,760830975,CZ
760830976,760831999,DE
760832000,760832767,CY
760832768,760832771,KG
760832772,760832775,TM
760832776,760832779,AZ
760832780,760832783,TJ
760832784,760832787,IS
760832788,760832791,LU
760832792,760832795,GT
760832796,760832799,SV
760832800,760832803,HN
760832804,760832807,PY
760832808,760832811,CL
760832812,760832815,BO
760832816,760832819,TL
760832820,760832823,BT
760832824,760832827,LA
760832828,760832831,BM
760832832,760832835,KG
760832836,760832839,TM
760832840,760832843,AZ
760832844,760832847,TJ
760832848,760832851,IS
760832852,760832855,LU
760832856,760832859,GT
760832860,760832863,SV
760832864,760832867,HN
760832868,760832871,PY
760832872,760832875,CL
760832876,760832879,BO
760832880,760832883,TL
760832884,760832887,BT
760832888,760832891,LA
760832892,760832895,BM
760832896,760834047,CY
760834048,760834303,US
760834304,760834815,IN
760834816,760835071,MY
760835072,760835327,DK
760835328,760835583,JP
760835584,760835839,NL
760835840,760836095,GB
760836096,760837119,FR
760837120,760838143,IN
760838144,760839167,IT
760839168,760841215,DE
760841216,760842239,NL
760842240,760843263,IR
760843264,760844287,DE
760844288,760845311,NL
760845312,760846335,DE
760846336,760847359,FR
760847360,760848383,GB
760848384,760849407,DE
760849408,760850431,RO
760850432,760851455,DE
760851456,760851711,GB
760851712,760851967,US
760851968,760852223,FR
760852224,760852479,RO
760852480,760853503,TH
760853504,760854527,IT
760854528,760855551,FR
760855552,760856575,RU
760856576,760857599,NO
760857600,760857855,NL
760857856,760858623,CY
760858624,760859647,IR
760859648,760861183,US
760861184,760861695,IT
760861696,760862719,GI
760862720,760863743,SG
760863744,760863999,NL
760864000,760864767,IR
760864768,760866559,RU
760866560,760866815,BY
760866816,760867071,JP
760867072,760867327,DE
760867328,760867839,JP
760867840,760868863,TR
760868864,760869119,GB
760869120,760869375,AE
760869376,760869631,GB
760869632,760869887,DE
760869888,760870911,BG
760870912,760871167,FR
760871168,760871423,CA
760871424,760872191,GB
760872192,760872703,AE
760872704,760872959,AU
760872960,760873983,PL
760873984,760875007,DE
760875008,760876031,LI
760876032,760876287,US
760876288,760877055,NL
760877056,760877311,ES
760877312,760877567,DE
760877568,760877823,ES
760877824,760878079,HK
760878080,760879103,NL
760879104,760880127,AT
760880128,760881151,US
760881152,760882175,RU
760882176,760883199,NO
760883200,760883967,GB
760883968,760884223,PL
760884224,760885247,RU
760885248,760885759,DE
760885760,760886271,AT
760886272,760887295,ES
760887296,760888319,CH
760888320,760889343,US
760889344,760890367,DE
760890368,760891391,AT
760891392,760892415,IR
760892416,760893439,AT
760893440,760894463,AL
760894464,760895487,PS
760895488,760896511,BG
760896512,760896938,IT
760896939,760896939,DE
760896940,760897524,IT
760897525,760897525,AT
760897526,760897535,IT
760897536,760898559,DE
760898560,760899583,CZ
760899584,760900607,GB
760900608,760901119,US
760901120,760901631,DE
760901632,760901887,JP
760901888,760902655,MY
760902656,760903679,NL
760903680,760904703,DE
760904704,760905727,IT
760905728,760906751,RO
760906752,760907775,DE
760907776,760908799,FR
760908800,760909823,GB
760909824,760910079,US
760910080,760910591,GB
760910592,760910847,SG
760910848,760911871,GB
760911872,760912895,DE
760912896,760913919,IT
760913920,760914943,FR
760914944,760915967,PL
760915968,760916991,IT
760916992,760918015,GB
760918016,760919039,UA
760919040,760920063,IE
760920064,760920319,PL
760920320,760921087,NL
760921088,760922111,ES
760922112,760923135,FR
760923136,760923391,RU
760923392,760923647,SC
760923648,760924159,US
760924160,760925183,GB
760925184,760926207,US
760926208,760927231,HK
760927232,760928255,SE
760928256,760929279,RU
760929280,760929535,US
760929536,760929791,OM
760929792,760930047,DE
760930048,760930303,US
760930304,760931327,FR
760931328,760932351,SG
760932352,760933375,IT
760933376,760933631,NL
760933632,760934399,ES
760934400,760935423,IT
760935424,760936447,RU
760936448,760937471,JP
760937472,760938495,GE
760938496,760939519,CZ
760939520,760940543,RO
760940544,760940799,RU
760940800,760941055,DE
760941056,760941567,US
760941568,760942591,DE
760942592,760943615,GB
760943616,760943871,IT
760943872,760944127,SE
760944128,760944383,FR
760944384,760944639,NL
760944640,760945663,AT
760945664,760946687,CZ
760946688,760946943,PH
760946944,760947199,VN
760947200,760947455,PH
760947456,760947711,VN
760947712,760948735,GB
760948736,760949759,FR
760949760,760950783,AT
760950784,760951295,NL
760951296,760951551,CA
760951552,760951807,AU
760951808,760952831,GB
760952832,760953855,NL
760953856,760954879,DE
760954880,760955903,RU
760955904,760956927,NL
760956928,760957951,GB
760957952,760958463,DE
760958464,760958719,GB
760958720,760958975,DE
760958976,760959999,HK
760960000,760961023,US
760961024,760962047,IN
760962048,760962303,CH
760962304,760962559,GB
760962560,760962815,AT
760962816,760963071,US
760963072,760964095,NL
760964096,760965119,DE
760965120,760966143,HU
760966144,760967167,US
760967168,760968191,GB
760968192,760968447,US
760968448,760968703,SG
760968704,760969215,NL
760969216,760969471,IT
760969472,760969983,NL
760969984,760970239,BE
760970240,760971263,FR
760971264,760972287,UA
760972288,760973311,TH
760973312,760973567,FR
760973568,760973823,LT
760973824,760974079,US
760974080,760974335,LT
760974336,760975359,BE
760975360,760976383,FR
760976384,760976639,DE
760976640,760977151,NL
760977152,760977407,TR
760977408,760978431,IR
760978432,760979455,DE
760979456,760979711,RU
760979712,760979967,CH
760979968,760980479,RU
760980480,760981503,FR
760981504,760982015,NL
760982016,760982271,GB
760982272,760982527,SE
760982528,760983551,ES
760983552,760983679,AR
760983680,760983807,MX
760983808,760984063,FR
760984064,760984319,MY
760984320,760984575,VN
760984576,760985599,CZ
760985600,760986623,IT
760986624,760987647,US
760987648,760988415,BG
760988416,760989695,DE
760989696,760990719,NL
760990720,760991743,DE
760991744,760991999,GB
760992000,760992511,NL
760992512,760992767,US
760992768,760993791,DE
760993792,760994815,UA
760994816,760995839,UZ
760995840,760996863,HK
760997120,760997887,IT
760997888,760998911,ES
760998912,760999423,NL
760999424,761000959,RU
761000960,761001983,AT
761001984,761002239,US
761002240,761003007,DE
761003008,761003519,GB
761003520,761004031,AT
761004032,761004287,SE
761004288,761004543,NL
761004544,761004799,FR
761004800,761005055,GB
761005056,761006079,NL
761006080,761007103,DE
761007104,761008127,SE
761008128,761009151,US
761009152,761010175,CH
761010176,761011199,ES
761011200,761011711,CA
761011712,761012223,FR
761012224,761012479,JP
761012480,761012735,GR
761012736,761014783,GB
761014784,761015039,DE
761015040,761016319,GB
761016320,761017343,DE
761017344,761018367,FR
761018368,761019391,IT
761019392,761020415,GB
761020416,761021439,FR
761021440,761021951,PT
761021952,761022207,IT
761022208,761022463,US
761022464,761023487,ES
761023488,761023743,NL
761023744,761023999,US
761024000,761024255,NL
761024256,761024511,GB
761024512,761025535,AU
761025536,761026559,IN
761026560,761027583,AU
761027584,761028607,IR
761028608,761029631,AU
761029632,761030655,EE
761030656,761031679,KR
761031680,761032703,CH
761032704,761033727,DE
761033728,761034751,IL
761034752,761035775,GB
761035776,761036799,CY
761036800,761037823,LU
761037824,761038847,ES
761038848,761039871,DE
761039872,761040895,CY
761040896,761041919,GB
761041920,761042943,IT
761042944,761043967,AU
761043968,761044479,DE
761044480,761044735,SG
761044736,761044991,JP
761044992,761045503,CY
761045504,761045759,FI
761045760,761047039,CY
761047040,761047295,DE
761047296,761047551,PL
761047552,761048063,DE
761048064,761048319,RU
761048320,761048575,UZ
761048576,761048831,LV
761048832,761050111,RU
761050112,761051135,FR
761051136,761052159,ES
761052160,761053183,DE
761053184,761053951,CY
761053952,761054207,US
761054208,761055231,BE
761055232,761056255,FR
761056256,761057279,ES
761057280,761058303,NL
761058304,761059327,AT
761059328,761059839,DE
761059840,761060095,FR
761060096,761060351,TR
761060352,761061375,GB
761061376,761062399,NL
761062400,761062655,NO
761062656,761063167,US
761063168,761063423,NL
761063424,761064447,GB
761064448,761065471,CZ
761065472,761066495,PL
761066496,761066751,DK
761066752,761067007,IT
761067008,761067263,RO
761067264,761067519,SC
761067520,761068543,NL
761068544,761069567,FR
761069568,761070591,JP
761070592,761072127,RU
761072128,761072383,GB
761072384,761073663,RU
761073664,761074943,HK
761074944,761075199,FR
761075200,761075455,SC
761075456,761075711,LV
761075712,761076735,US
761076736,761077759,HK
761077760,761078783,NL
761078784,761079807,IT
761079808,761080831,NL
761080832,761081087,AE
761081088,761081343,PT
761081344,761081599,IL
761081600,761081855,AE
761081856,761082879,NL
761082880,761083135,SE
761083136,761083391,FI
761083392,761083647,DE
761083648,761083903,IS
761083904,761084927,ES
761084928,761085439,DE
761085440,761085951,RU
761085952,761086975,HK
761086976,761087999,ES
761088000,761089023,NL
761089024,761090047,US
761090048,761090559,RU
761090560,761090815,GE
761090816,761090879,SE
761090880,761090911,CH
761090912,761090943,AT
761090944,761090975,PL
761090976,761091007,CZ
761091008,761091039,FR
761091040,761091071,GR
761091072,761092095,NL
761092096,761093119,CH
761093120,761094143,IL
761094144,761094399,DE
761094400,761095167,IT
761095168,761096191,US
761096192,761098239,DE
761098240,761099263,GB
761099264,761100287,AT
761100288,761101311,ES
761101312,761102335,US
761102336,761103359,RO
761103360,761104383,RU
761104384,761105407,LT
761105408,761106431,NO
761106432,761107455,FR
761107456,761107711,NL
761107712,761107967,NZ
761107968,761108479,IE
761108480,761109503,CZ
761109504,761110527,RU
761110528,761111551,PL
761111552,761111807,ID
761111808,761113599,NL
761113600,761114623,GB
761114624,761115647,DE
761115648,761116671,ES
761116672,761116927,GE
761116928,761118719,DE
761118720,761119743,ES
761119744,761120255,DE
761120256,761120767,FR
761120768,761121791,RU
761121792,761122815,IT
761122816,761123839,ES
761123840,761124863,RU
761124864,761125887,GB
761125888,761126911,AL
761126912,761127167,QA
761127168,761127423,IL
761127424,761127679,SA
761127680,761127935,US
761127936,761128959,PL
761128960,761129983,SE
761129984,761131007,DE
761131008,761132031,SE
761132032,761133055,TR
761133056,761134079,DE
761134080,761135103,AT
761135104,761136127,IT
761136128,761137151,TR
761137152,761138175,GI
761138176,761139199,SA
761139200,761140223,FR
761140224,761140991,RU
761140992,761141247,KZ
761141248,761141503,US
761141504,761141759,DE
761141760,761142015,IT
761142016,761142271,DE
761142272,761142527,NL
761142528,761142783,CO
761142784,761143039,BR
761143040,761143295,NL
761143296,761144319,GB
761144320,761144575,FR
761144576,761144831,DE
761144832,761145087,SE
761145088,761145343,DE
761145344,761145599,JP
761145600,761146111,SG
761146112,761146367,DE
761146368,761146623,IL
761146624,761146879,SC
761146880,761147135,DE
761147136,761147391,FI
761147392,761148415,DE
761148416,761149439,LB
761149440,761149951,OM
761149952,761150207,FR
761150208,761150463,DE
761150464,761151487,GB
761151488,761152511,AU
761152512,761153535,HK
761153536,761154559,IE
761154560,761155583,RU
761155584,761156607,GB
761156608,761157631,DE
761157632,761158655,CH
761158656,761159679,UA
761159680,761160703,FR
761160704,761161727,ES
761161728,761162751,RU
761162752,761163775,DE
761163776,761164799,IE
761164800,761166847,RU
761166848,761168895,FR
761168896,761169919,US
761169920,761170175,CH
761170176,761170431,US
761170432,761170943,IN
761170944,761171967,RU
761171968,761172991,NL
761172992,761174015,TR
761174016,761174271,US
761174272,761174527,GB
761174528,761175039,PL
761175040,761176063,UA
761176064,761176319,PE
761176320,761176575,UY
761176576,761176831,VE
761176832,761177087,MX
761177088,761178111,AT
761178112,761178367,US
761178368,761179135,UA
761179136,761180159,NL
761180160,761181183,GB
761181184,761182207,NL
761182208,761183231,US
761183232,761183743,NL
761183744,761183999,DE
761184000,761184255,NL
761184256,761185279,HU
761185280,761188351,NL
761188352,761188607,DE
761188608,761188863,FR
761188864,761189375,DE
761189376,761190399,IR
761190400,761191423,TJ
761191424,761192447,NL
761192448,761193471,FR
761193472,761194495,RU
761194496,761195519,IN
761195520,761195775,KR
761195776,761196031,IE
761196032,761196287,TR
761196288,761196543,ID
761196544,761197567,GB
761197568,761198591,US
761198592,761199615,DE
761199616,761200639,IR
761200640,761200895,DE
761200896,761201151,BG
761201152,761201407,DE
761201408,761201663,BG
761201664,761202687,DE
761202688,761202943,FI
761202944,761203199,FR
761203200,761203455,IT
761203456,761203711,SK
761203712,761203967,JP
761203968,761204223,PT
761204224,761204479,GB
761204480,761204735,AE
761204736,761205759,US
761205760,761206015,GE
761206016,761206271,GB
761206272,761206783,AE
761206784,761207807,IN
761207808,761208063,RU
761208064,761208319,IT
761208320,761208831,RU
761208832,761209855,LT
761209856,761210111,AU
761210112,761210367,CA
761210368,761210879,AE
761210880,761211903,NL
761211904,761212927,HU
761212928,761213951,US
761213952,761214975,DE
761214976,761215999,RU
761216000,761217023,US
761217024,761217279,CA
761217280,761217535,TR
761217536,761218047,AE
761218048,761219071,NL
761219072,761220095,US
761220096,761221119,ES
761221120,761222143,LV
761222144,761223167,FR
761223168,761224191,IR
761224192,761224447,IL
761224448,761224959,GB
761224960,761225471,US
761225472,761226239,DE
761226240,761227263,CH
761227264,761229311,DE
761229312,761229567,GB
761229568,761229823,FR
761229824,761230335,GB
761230336,761231359,FR
761231360,761232383,DE
761232384,761233407,AT
761233408,761233919,RU
761233920,761234431,MA
761234432,761235455,IN
761235456,761236479,RU
761236480,761237503,AT
761237504,761238527,NL
761238528,761239551,RU
761239552,761240575,AT
761240576,761241599,GB
761241600,761242623,DE
761242624,761243647,LV
761243648,761244159,HR
761244160,761244671,BG
761244672,761245695,FR
761245696,761247743,NL
761247744,761248767,US
761248768,761249279,UA
761249280,761249791,NL
761249792,761250815,US
761250816,761251839,ES
761251840,761252351,VG
761252352,761252863,RU
761252864,761253887,DE
761253888,761254143,DK
761254144,761254399,US
761254400,761254911,IT
761254912,761255167,JP
761255168,761255935,LT
761255936,761256191,IE
761256192,761256447,IT
761256448,761256703,PL
761256704,761256959,CH
761256960,761257983,RO
761257984,761258495,EG
761258496,761259007,DE
761259008,761260031,RO
761260032,761260799,RU
761260800,761261055,DE
761261056,761262079,GB
761262080,761262335,QA
761262336,761262591,NL
761262592,761262847,MM
761262848,761263103,AT
761263104,761264127,OM
761264128,761265151,GB
761265152,761266175,NL
761266176,762314751,EG
762314752,762315775,IN
762315776,762316799,SG
762316800,762320895,IN
762320896,762321919,HK
762321920,762323967,IN
762323968,762324991,SG
762324992,762326015,IN
762326016,762327039,MM
762327040,762330111,IN
762330112,762331135,NZ
762331136,762332159,TH
762332160,762333183,IN
762333184,762334207,BD
762334208,762335743,SG
762335744,762336255,PH
762336256,762337279,DE
762337280,762345471,KR
762345472,762346495,FR
762346496,762347519,ID
762347520,762348543,SG
762348544,762349567,CN
762349568,762350591,IN
762350592,762351615,TH
762351616,762353663,IN
762353664,762358783,KR
762358784,762359807,US
762359808,762360831,MM
762360832,762361087,IN
762361088,762361151,PS
762361152,762361215,QA
762361216,762361279,BH
762361280,762361343,KG
762361344,762361407,ZA
762361408,762361471,NG
762361472,762361535,ET
762361536,762361599,MW
762361600,762361727,IN
762361728,762361855,US
762361856,762362879,IN
762362880,762363903,CN
762363904,762364927,FR
762364928,762365951,MY
762365952,762366975,IN
762366976,762367999,HK
762368000,762372095,CN
762372096,762373119,FJ
762373120,762376191,CN
762376192,762377215,IN
762377216,762377471,US
762377472,762378239,AU
762378240,762379263,US
762379264,762380287,IN
762380288,762381311,HK
762381312,762382335,JP
762382336,762383359,NZ
762383360,762388479,CN
762388480,762389503,HK
762389504,762390527,AU
762390528,762391551,CN
762391552,762393599,KR
762393600,762395647,CN
762395648,762396159,SG
762396160,762397695,IN
762397696,762398719,HK
762398720,762399743,CN
762399744,762400767,IN
762400768,762401791,HK
762402816,762403839,IN
762403840,762404863,AU
762404864,762407935,IN
762407936,762408959,PS
762408960,762409983,HK
762409984,762411007,JP
762411008,762412031,IN
762412032,762413055,PK
762413056,762414079,SG
762414080,762415103,BD
762415104,762416127,IN
762416128,762417151,HK
762417152,762419199,CN
762419200,762420223,IN
762420224,762421247,TW
762421248,762423295,HK
762423296,762424319,CN
762424320,762425343,JP
762425344,762426367,CN
762426368,762427391,IN
762427392,762428415,CN
762428416,762429439,IN
762429440,762430463,HK
762430464,762431487,AU
762431488,762437631,CN
762437632,762438655,IN
762438656,762439679,ID
762439680,762440703,AU
762440704,762441215,NL
762441216,762441471,CH
762441472,762441727,IQ
762441728,762442751,CN
762442752,762443775,AU
762443776,762444799,IN
762444800,762446847,CN
762446848,762447871,SG
762447872,762449919,IN
762449920,762450943,JP
762450944,762451967,PH
762451968,762452991,HK
762452992,762454015,MY
762454016,762455039,CN
762455040,762456063,IN
762456064,762457087,CN
762457088,762458111,HK
762458112,762459135,IN
762459136,762460159,CN
762460160,762461183,IN
762461184,762462207,NL
762462208,762467327,IN
762467328,762469375,BD
762469376,762470399,US
762470400,762471423,CN
762472448,762473471,US
762473472,762474495,HK
762474496,762475519,JP
762475520,762475775,AU
762475776,762476031,SG
762476032,762476287,ID
762476288,762476543,SG
762476544,762477567,SE
762477568,762478591,CN
762478592,762479615,KR
762479616,762480639,PH
762480640,762481663,CN
762481664,762486783,IN
762486784,762487807,KH
762487808,762490879,HK
762490880,762492927,IN
762492928,762493951,JP
762493952,762494719,AU
762494720,762494975,IQ
762494976,762495999,IN
762496000,762498047,CN
762498048,762499071,AU
762499072,762502143,IN
762502144,762503167,GB
762503168,762504191,CA
762504192,762505215,CN
762505216,762505727,NC
762505728,762506239,US
762506240,762507263,HK
762507264,762508287,US
762508288,762510335,IN
762510336,762511359,CN
762511360,762514431,IN
762514432,762515455,BD
762515456,762515967,VN
762515968,762516479,CN
762516480,762517503,AU
762517504,762518527,HK
762518528,762519551,IN
762519552,762520575,JP
762520576,762521087,HK
762521088,762521343,SG
762521344,762521599,HK
762521600,762522111,BD
762522112,762522623,PK
762522624,762523647,CN
762523648,762523903,AU
762523904,762524159,PK
762524160,762524671,TH
762524672,762526719,IN
762526720,762527743,US
762527744,762528767,ID
762528768,762529791,AU
762529792,762530815,TL
762530816,762531839,IN
762531840,762532863,KH
762532864,762533887,PK
762533888,762534911,IN
762534912,762535935,TR
762535936,762536959,IN
762536960,762537983,CN
762537984,762539007,IN
762539008,762540031,NL
762540032,762541055,BD
762541056,762541567,AU
762541568,762541823,TH
762541824,762542079,IN
762542080,762543103,CN
762543104,762544127,HK
762544128,762545151,AU
762545152,762546175,CN
762546176,762547199,ID
762548224,762549247,CN
762549248,762550271,IN
762550272,762551295,KR
762551296,762552319,CN
762552320,762553343,HK
762553344,762554367,CN
762554368,762557439,IN
762557440,762558463,KH
762558464,762560511,IN
762560512,762561535,US
762561536,762562559,HK
762562560,762563583,CN
762563584,762564607,US
762564608,762565631,KH
762565632,762566655,CN
762566656,762567679,NP
762567680,762568703,MY
762568704,762569727,PH
762569728,762570751,CN
762570752,762571775,AU
762571776,762572799,CN
762572800,762573823,HK
762573824,762575871,CN
762575872,762578943,IN
762578944,762580223,HK
762580224,762580735,JP
762580736,762580991,HK
762580992,762582015,CN
762582016,762583039,NP
762583040,762584063,CN
762584064,762585087,IN
762585088,762587135,CN
762587136,762588159,SG
762588160,762589183,IN
762589184,762590207,AU
762590208,762591231,CN
762591232,762592255,IN
762592256,762594303,HK
762594304,762595327,IN
762595328,762596351,JP
762596352,762598399,HK
762598400,762599423,IN
762600448,762601471,JP
762601472,762603519,CN
762603520,762603775,NL
762603776,762604543,IN
762604544,762605567,AU
762605568,762609663,IN
762609664,762610175,AF
762610688,762611711,JP
762611712,762612735,SG
762612736,762613759,CN
762613760,762614783,HK
762614784,762615807,IN
762615808,762616831,CN
762616832,762617855,ID
762617856,762618879,MY
762618880,762619903,HK
762619904,762620927,US
762620928,762622975,MY
762622976,762623999,IN
762624000,762625023,NL
762625024,762630143,IN
762630144,762631167,CN
762631168,762632191,HK
762632192,762633215,TH
762633216,762634239,AU
762634240,762635263,JP
762635264,762636287,IN
762636288,762637311,PK
762637312,762640383,MY
762640384,762641407,PS
762641408,762643455,IN
762643456,762644479,PS
762644480,762645503,CN
762645504,762646527,KR
762646528,762647551,JP
762647552,762648575,CN
762648576,762649599,AU
762649600,762650623,IN
762650624,762651647,MN
762651648,762652671,NZ
762652672,762653695,PS
762653696,762655743,IN
762655744,762655999,US
762656000,762656255,JP
762656256,762656511,US
762656512,762656767,LT
762656768,762657279,HK
762657280,762657791,IN
762657792,762658815,BD
762658816,762659839,IN
762659840,762660863,CN
762660864,762661887,IN
762661888,762663935,VN
762663936,762664959,IN
762664960,762665983,PK
762665984,762667007,IN
762667008,762668031,HK
762668032,762668287,AU
762668288,762669055,JP
762669056,762670079,PK
762670080,762673151,IN
762673152,762674175,MY
762674176,762675199,CN
762675200,762676223,IN
762676224,762677247,ID
762677248,762678271,GB
762678272,762679295,JP
762679296,762680319,US
762680320,762681343,IN
762681344,762681855,NP
762681856,762682367,US
762682368,762688511,VN
762688512,762690559,IN
762690560,762691583,SG
762691584,762692607,HK
762692608,762693631,GU
762693632,762695679,IN
762695680,762696703,TH
762696704,762700799,IN
762700800,762701823,MY
762701824,762702847,IT
762702848,762703871,MY
762703872,762705919,FJ
762705920,762706943,IN
762706944,762707967,CN
762707968,762710015,IN
762710272,762710527,IN
762711040,762717183,IN
762717184,762718207,PH
762718208,762719231,JP
762719232,762723327,IN
762723328,762724351,BD
762724352,762725375,AU
762725376,762726399,BD
762726400,762727423,IN
762727424,762728447,KH
762728448,762736639,IN
762736640,762737663,ID
762737664,762739711,IN
762740736,762741759,IN
762741760,762742783,SG
762742784,762746879,VN
762746880,762754047,IN
762754048,762755071,SG
762755072,762756095,DE
762756096,762757119,NZ
762757120,762770431,IN
762770432,762771455,BD
762771456,762771711,DE
762771712,762771967,PH
762771968,762772223,KR
762772224,762772479,JP
762773504,762775551,HK
762775552,762783743,IN
762784768,762786815,IN
762786816,762787839,CN
762787840,762788863,IN
762788864,762792959,CN
762792960,762796031,VN
762796032,762797055,IN
762797056,762799103,HK
762799104,762800127,NZ
762800128,762801151,CN
762801152,762802175,VN
762802176,762803199,IN
762803200,762804223,CN
762804224,762804735,BD
762804736,762805247,IN
762805248,762806271,DE
762806272,762807295,IN
762807296,762808319,KH
762808320,762810367,IN
762810368,762811391,KR
762811392,762812415,IN
762812416,762814463,SG
762814464,762815487,MY
762815488,762816511,JP
762816512,762824703,IN
762824704,762825727,SG
762825728,762826751,JP
762826752,762827775,US
762827776,762829823,VN
762829824,762830847,AU
762830848,762832895,IN
762832896,762833919,CN
762833920,762834943,IN
762834944,762835967,VN
762835968,762838015,IN
762838016,762839039,US
762839040,762841087,HK
762841088,762846207,IN
762846208,762847231,HK
762847232,762848255,IN
762848256,762848511,AU
762848512,762848767,IN
762848768,762849279,BD
762849280,762850303,IN
762850304,762850559,HK
762850560,762850815,TW
762850816,762851327,HK
762851328,762852351,IN
762852352,762853375,MY
762853376,762855423,IN
762855424,762857471,KR
762857472,762858495,IN
762858496,762859519,US
762859520,762860543,HK
762860544,762861567,MM
762861568,762863615,IN
762863616,762864639,BD
762864640,762865663,CN
762865664,762866687,US
762866688,762867711,PH
762867712,762868735,BD
762868736,762869759,NZ
762869760,762871807,IN
762872832,762873855,KH
762873856,762874879,IN
762874880,762875903,CN
762875904,762876927,IN
762876928,762877951,SG
762877952,762879999,HK
762880000,762881023,IN
762881024,762882047,CN
762882048,762883071,HK
762883072,762884095,IN
762884096,762884863,NL
762884864,762885119,BE
762885120,762887167,HK
762887168,762888191,US
762889216,762890239,PK
762890240,762890495,KR
762890496,762891007,AU
762891008,762891263,MY
762891264,762893311,HK
762893312,762894335,IN
762894336,762895359,HK
762895360,762896383,ES
762896384,762898431,VN
762898432,762900479,IN
762900480,762901503,CN
762901504,762902527,ID
762902528,762909695,IN
762909696,762910719,MY
762910720,762911743,VN
762911744,762912767,IN
762912768,762913791,NP
762913792,762914815,MY
762914816,762915839,ID
762915840,762916863,IN
762916864,762917887,TW
762917888,762918911,CN
762918912,762919935,HK
762919936,762920959,TH
762920960,762924031,CN
762924032,762925055,IN
762925056,762926079,HK
762926080,762927103,SG
762927104,762928127,LK
762928128,762930175,CN
762930176,762931199,IN
762931200,762932223,PS
762932224,762938367,IN
762938368,762939391,AU
762939392,762940415,HK
762942464,762943487,JP
762943488,762944511,VN
762944512,762945535,IN
762945536,762946559,VN
762946560,762947583,KR
762947584,762948607,IN
762948608,762950655,CN
762950656,762950911,US
762950912,762951167,AU
762951168,762951423,IT
762951424,762951679,ZA
762951680,762952703,JP
762952704,762953727,SG
762953728,762957823,HK
762957824,762958847,AU
762958848,762959103,SG
762959104,762959359,MY
762959360,762959615,DE
762959616,762959871,CN
762959872,762960895,ID
762960896,762964991,IN
762964992,762966015,KH
762966016,762981375,CN
762981376,762982399,IN
762982400,762983423,TH
762983424,762985471,ID
762985472,763000831,CN
763000832,763003903,IN
763003904,763005951,HK
763005952,763010047,IN
763010048,763011071,HK
763011072,763026431,CN
763026432,763027455,VN
763027456,763028479,JP
763028480,763029247,AU
763029504,763035647,VN
763035648,763040767,IN
763040768,763041791,HK
763041792,763042815,IN
763042816,763045887,CN
763045888,763046911,NL
763046912,763059199,CN
763059200,763060223,IN
763060224,763061247,VN
763061248,763062271,MY
763062272,763063295,AU
763063296,763064319,IN
763064320,763065343,HK
763065344,763065599,TR
763065600,763066367,TW
763066368,763067391,CN
763067392,763068415,MY
763068416,763071487,CN
763071488,763072511,ID
763072512,763072767,US
763072768,763073023,JP
763073024,763073535,LT
763073536,763076607,CN
763076608,763077631,IN
763077632,763083775,CN
763083776,763086847,HK
763086848,763087871,MO
763087872,763088895,CN
763088896,763089919,NZ
763089920,763090943,CN
763090944,763091967,IN
763091968,763092991,NP
763092992,763102207,CN
763102208,763103231,IN
763103232,763104255,HK
763104256,763105279,BD
763105280,763106303,PH
763106304,763107327,CN
763107328,763108351,HK
763108352,763111423,CN
763111424,763112447,AU
763112448,763113471,CN
763113472,763114495,IN
763114496,763115519,AU
763115520,763116543,PH
763116544,763117567,JP
763117568,763118591,HK
763118592,763119615,CN
763120640,763122687,CN
763122688,763125759,VN
763125760,763126271,TJ
763126272,763126783,MY
763126784,763127807,CN
763127808,763129343,IN
763129856,763130879,HK
763130880,763132927,IN
763132928,763133951,CN
763133952,763134975,IN
763136000,763137023,JP
763137024,763142143,IN
763142144,763143167,HK
763143168,763144191,AU
763144192,763145215,BD
763145216,763147263,CN
763147264,763152383,IN
763152384,763153407,AU
763153408,763154431,JP
763154432,763155455,CN
763155456,763156479,AU
763156480,763158527,JP
763158528,763164671,IN
763164672,763165695,CN
763165696,763165951,HK
763165952,763166207,US
763166208,763166463,DE
763166464,763166719,VN
763166720,763167743,HK
763167744,763168767,MM
763168768,763170815,HK
763170816,763171839,CN
763171840,763172863,SG
763172864,763173887,CN
763174912,763175935,HK
763175936,763177983,IN
763177984,763179007,CN
763179008,763180031,HK
763180032,763182079,CN
763182080,763183103,IN
763183104,763184127,HK
763184128,763185151,IN
763185152,763186175,ID
763186176,763193343,CN
763194368,763196415,HK
763196416,763197439,IN
763197440,763199487,AU
763199488,763200511,TH
763200512,763201535,IN
763201536,763202559,CN
763202560,763207679,IN
763207680,763209727,HK
763209728,763210751,NZ
763210752,763214847,IN
763214848,763215871,JP
763215872,763217919,SG
763217920,763220991,VN
763220992,763222015,IN
763222016,763223039,HK
763223040,763224063,BD
763225088,763226111,TH
763226112,763227135,KR
763227136,763228159,VN
763228160,763229183,JP
763229184,763229951,IN
763229952,763230207,AU
763230208,763231231,PH
763231232,763232255,IN
763232256,763234303,HK
763234304,763235327,IN
763235328,763236351,HK
763236352,763238399,IN
763238400,763239423,AU
763239424,763241471,IN
763241472,763242495,US
763242496,763243007,ID
763243264,763243519,ID
763243520,763244543,AU
763244544,763246591,CN
763246592,763247615,ID
763247616,763248639,SG
763248640,763250687,IN
763250688,763251711,BD
763251712,763252735,HK
763252736,763253759,ID
763253760,763254783,PH
763254784,763255807,MY
763255808,763257855,VN
763257856,763258879,CN
763258880,763259903,IN
763259904,763263999,CN
763264000,763265023,HK
763265024,763266047,NZ
763266048,763267071,ID
763267072,763268095,IN
763268096,763269119,BN
763269120,763270143,IN
763270144,763271167,KR
763271168,763272191,ID
763272192,763273215,JP
763273216,763274239,IN
763274240,763275263,SG
763275264,763278335,IN
763278336,763279359,HK
763279360,763280383,ID
763280384,763281407,IN
763281408,763282431,AU
763282432,763285503,IN
763285504,763286527,US
763286528,763287551,CN
763287552,763288575,HK
763288576,763289599,CN
763289600,763290623,TH
763290624,763291647,HK
763291648,763293695,IN
763293696,763294719,HK
763294720,763295743,IN
763295744,763296767,ID
763296768,763297023,IN
763297024,763297279,AF
763297280,763297791,IN
763297792,763298815,HK
763298816,763299839,MY
763299840,763301887,CN
763301888,763304959,IN
763304960,763305983,JP
763305984,763307007,SG
763307008,763308031,HK
763308032,763310079,IN
763310080,763311103,BD
763311104,763313151,IN
763313152,763314175,TH
763314176,763321343,IN
763321344,763322367,AU
763323392,763326463,IN
763326464,763326975,HK
763326976,763327487,US
763327488,763328511,SG
763328512,763329535,IN
763329536,763330559,HK
763330560,763331583,CN
763331584,763332607,ID
763332608,763333631,IN
763333632,763334655,BN
763334656,763336703,CN
763336704,763337727,KH
763337728,763338751,CN
763338752,763339775,HK
763339776,763340799,PH
763340800,763341823,SG
763341824,763342847,AU
763342848,763343871,PS
763343872,763344895,AU
763344896,763345919,HK
763345920,763346943,IN
763346944,763347967,CO
763347968,763350015,IN
763350016,763351039,ID
763351040,763353087,IN
763353088,763354111,CN
763354112,763360255,IN
763360256,763361279,BD
763361280,763362303,US
763362304,763363327,VN
763363328,763364351,NL
763364352,763365375,BG
763365376,763366399,ES
763366400,763366911,SG
763366912,763367423,DE
763367424,763367535,LI
763367536,763367551,CH
763367552,763367647,LI
763367648,763367655,IS
763367656,763367663,SG
763367664,763367671,AE
763367672,763367679,LI
763367680,763367935,DE
763367936,763368191,SG
763368192,763369471,US
763369472,763369727,IL
763369728,763370239,TH
763370240,763370495,NL
763370496,763371519,AT
763371520,763372543,GB
763372544,763372799,US
763372800,763373567,RO
763373568,763374591,CH
763374592,763374847,LV
763374848,763375103,ME
763375104,763375615,PL
763375616,763375871,NL
763375872,763376127,RU
763376128,763376383,DK
763376384,763376639,CY
763376640,763376895,CH
763376896,763377151,RU
763377152,763377407,MY
763377408,763379711,CY
763379712,763380735,NL
763380736,763381759,HU
763381760,763382015,LU
763382016,763382527,CY
763382528,763382783,LV
763382784,763383039,DE
763383040,763383295,US
763383296,763383551,DE
763383552,763383807,VN
763383808,763385855,GB
763385856,763386879,BG
763386880,763387903,DE
763387904,763388159,NL
763388160,763388671,BG
763388672,763389951,DE
763389952,763390975,GB
763390976,763391999,PL
763392000,763393023,FR
763393024,763394047,RO
763394048,763395071,IQ
763395072,763395327,US
763395328,763395583,SE
763395584,763395839,SG
763395840,763396095,GR
763396096,763396351,BR
763396352,763397119,RU
763397120,763398143,EE
763398144,763399167,GB
763399168,763400191,IR
763400192,763401215,HK
763401216,763402239,UA
763402240,763403263,GB
763403264,763403519,US
763403520,763404287,NL
763404288,763405311,LT
763405312,763406335,AT
763406336,763407359,RO
763407360,763408383,AT
763408384,763409407,VG
763409408,763410431,DE
763410432,763411455,RU
763411456,763412479,UA
763412480,763413503,SE
763413504,763413759,US
763413760,763414015,FR
763414016,763414271,SG
763414272,763414527,NL
763414528,763415551,ES
763415552,763415807,RU
763415808,763416063,BY
763416064,763416575,RU
763416576,763417599,JP
763417600,763418623,GB
763418624,763419647,PL
763419648,763420159,HK
763420160,763420415,SG
763420416,763420671,GB
763420672,763421695,DE
763421696,763422719,RU
763422720,763422975,NL
763422976,763423487,BG
763423488,763423743,FI
763423744,763424767,ES
763424768,763425791,IT
763425792,763426047,FI
763426048,763426559,SC
763426560,763426815,HN
763426816,763427839,IL
763427840,763428863,DE
763428864,763429119,EE
763429120,763429375,SG
763429376,763430911,RU
763430912,763431935,JP
763431936,763432191,RO
763432192,763432447,NL
763432448,763432959,RO
763432960,763433983,GB
763433984,763435007,ES
763435008,763436031,CZ
763436032,763437055,AT
763437056,763437567,DE
763437568,763437823,OM
763437824,763438079,DE
763438080,763439103,IR
763439104,763441151,DE
763441152,763442175,FR
763442176,763443199,EE
763443200,763443455,DK
763443456,763444223,SE
763444224,763445247,NL
763445248,763446271,RO
763446272,763447295,BE
763447296,763447551,GB
763447552,763447807,TR
763447808,763448063,GB
763448064,763448319,NO
763448320,763448831,RU
763448832,763449087,EE
763449088,763449343,RU
763449344,763450367,DE
763450368,763450623,SC
763450624,763451391,BG
763451392,763451647,FR
763451648,763451903,GB
763451904,763452159,FR
763452160,763452415,GB
763452416,763452927,DE
763452928,763453183,BE
763453184,763453186,GB
763453187,763453187,DE
763453188,763453189,GB
763453190,763453190,DE
763453191,763453191,GB
763453192,763453439,DE
763453440,763454463,EE
763454464,763455487,GB
763455488,763456511,CZ
763456512,763457535,FR
763457536,763458559,US
763458560,763459583,IR
763459584,763460607,TR
763460608,763461119,DE
763461120,763461375,FR
763461376,763461631,US
763461632,763461887,RU
763461888,763462143,VN
763462144,763462399,PL
763462400,763462655,VN
763462656,763463167,US
763463168,763463679,NL
763463680,763464703,LB
763464704,763464959,NL
763464960,763465215,SK
763465216,763465471,CZ
763465472,763466751,NL
763466752,763467775,DE
763467776,763468799,RU
763468800,763469823,CZ
763469824,763470847,IT
763470848,763471103,EE
763471104,763471359,DE
763471360,763471615,TR
763471616,763471871,DK
763471872,763472639,GB
763472640,763472895,BY
763472896,763474943,NL
763474944,763475967,DE
763475968,763476479,RU
763476480,763476735,BY
763476736,763476991,RU
763476992,763478015,SE
763478016,763479039,FR
763479040,763479295,PL
763479296,763479551,HK
763479552,763479807,GB
763479808,763480063,EE
763480064,763482111,RU
763482112,763483135,US
763483136,763484159,DK
763484160,763485183,FR
763485184,763486207,US
763486208,763487231,CH
763487232,763488255,SG
763488256,763489279,NL
763489280,763490303,RU
763490304,763492351,DE
763492352,763493375,IT
763493376,763494399,PL
763494400,763495423,UA
763495424,763496447,KZ
763496448,763497471,RU
763497472,763498495,TR
763498496,763499519,ES
763499520,763500543,NL
763500544,763501567,FR
763501568,763502591,PL
763502592,763502847,GB
763502848,763503103,US
763503104,763503615,PL
763503616,763504639,KW
763504640,763505663,RU
763505664,763505919,NL
763505920,763506175,GB
763506176,763506431,DE
763506432,763507711,FR
763507712,763508735,NL
763508736,763509759,GB
763509760,763510783,FI
763510784,763511039,PL
763511040,763511295,CZ
763511296,763511551,IN
763511552,763511807,US
763511808,763512831,GB
763512832,763513855,AT
763513856,763514111,TR
763514112,763514623,TH
763514624,763514879,KR
763514880,763515135,CA
763515136,763515391,UA
763515392,763515647,SE
763515648,763515903,US
763515904,763516927,SE
763516928,763517951,IT
763517952,763518975,DE
763518976,763519999,PS
763520000,763521023,NL
763521024,763521279,FR
763521280,763522047,DE
763522048,763523071,IT
763523072,763523327,RS
763523328,763523839,RU
763523840,763524095,HU
763524096,763524607,NL
763524608,763524863,SE
763524864,763525119,NL
763525120,763526143,US
763526144,763526399,ES
763526400,763526655,SC
763526656,763527167,US
763527168,763527423,DE
763527424,763528191,NL
763528192,763529215,ES
763529216,763529727,NL
763529728,763529983,MX
763529984,763530239,KZ
763530240,763530495,SE
763530496,763530751,AU
763530752,763531007,BR
763531008,763531263,DE
763531264,763531519,RU
763531520,763531775,KZ
763531776,763532287,RU
763532288,763532543,UZ
763532544,763532799,KZ
763532800,763533311,RU
763533312,763534335,GB
763534336,763535359,TR
763535360,763535615,GT
763535616,763536127,CR
763536128,763536383,ES
763536384,763536895,SG
763536896,763537407,JP
763537408,763539455,RU
763539456,763540479,GB
763540480,763541503,DE
763541504,763542527,US
763542528,763543551,RU
763543552,763544575,DE
763544576,763545599,NL
763545600,763545855,SE
763545856,763546111,NL
763546112,763546367,TR
763546368,763546495,EG
763546496,763546623,DZ
763546624,763547647,AT
763547648,763548671,PL
763548672,763549695,LV
763549696,763550719,NL
763550720,763551743,FR
763551744,763551999,NI
763552000,763552767,ID
763552768,763553791,SG
763553792,763554815,DE
763554816,763555839,FR
763555840,763556863,HU
763556864,763557887,UA
763557888,763558911,CZ
763558912,763559167,BE
763559168,763559423,MX
763559424,763559679,PH
763559680,763559935,DE
763559936,763560959,TR
763560960,763561983,NL
763561984,763563007,IT
763563008,763564031,HU
763564032,763565055,DE
763565056,763566079,LB
763566080,763567103,AT
763567104,763568127,ES
763568128,763569151,PL
763569152,763570175,DE
763570176,763571199,RU
763571200,763571455,PL
763571456,763572991,RU
763572992,763573247,VN
763573248,763574271,ES
763574272,763575295,RU
763575296,763575807,NL
763575808,763576319,BE
763576320,763577343,DE
763577344,763577353,US
763577354,763577355,RU
763577356,763578367,US
763578368,763579391,HU
763579392,763580095,NL
763580096,763580159,IT
763580160,763580415,NL
763580416,763581439,ES
763581440,763582463,NL
763582464,763583487,GB
763583488,763584511,IN
763584512,763585535,RU
763585536,763586559,IN
763586560,763587583,RO
763587584,763588607,DE
763588608,763589631,GB
763589632,763590655,BA
763590656,763591679,DE
763591680,763592703,AM
763592704,763593727,RO
763593728,763593983,PL
763593984,763594239,DE
763594240,763594495,ES
763594496,763594751,FI
763594752,763595775,GB
763595776,763596799,OM
763596800,763597823,NL
763597824,763598847,HU
763598848,763599871,DE
763599872,763600895,HK
763600896,763601407,RU
763601408,763601663,CO
763601664,763601919,RS
763601920,763602943,EE
763602944,763603967,CH
763603968,763604991,ES
763604992,763606015,HK
763606016,763606527,NL
763606528,763606783,DE
763606784,763607039,PL
763607040,763607295,CH
763607296,763607551,FI
763607552,763607807,RU
763607808,763608063,NL
763608064,763609087,SE
763609088,763609343,US
763609344,763609599,NL
763609600,763610111,US
763610112,763611135,TR
763611136,763612159,NL
763612160,763613183,PL
763613184,763614207,NL
763614208,763614463,CN
763614464,763614719,DE
763614720,763614975,EG
763614976,763615231,DE
763615232,763616255,GB
763616256,763617279,IT
763617280,763618303,IN
763618304,763619327,GB
763619328,763620351,DE
763620352,763621375,IT
763621376,763622399,NL
763622400,763623423,CH
763623424,763624447,IE
763624448,763625471,AT
763625472,763625727,FR
763625728,763625983,DE
763625984,763626239,CZ
763626240,763626495,CA
763626496,763628543,NL
763628544,763629567,AT
763629568,763631615,RU
763631616,763632639,GB
763632640,763633663,DE
763633664,763633919,IR
763633920,763634175,US
763634176,763634431,ES
763634432,763634687,AT
763634688,763635455,RU
763635456,763635711,IN
763635712,763636735,NL
763636736,763637759,SE
763637760,763638271,SC
763638272,763638527,RU
763638528,763639807,DE
763639808,763640831,NL
763640832,763641087,DE
763641088,763641855,AT
763641856,763642879,EE
763642880,763643903,DE
763643904,763644159,SE
763644160,763644671,US
763644672,763644927,SG
763644928,763645951,PL
763645952,763646975,US
763646976,763647999,KZ
763648000,763649023,DE
763649024,763650047,UA
763650048,763650303,FR
763650304,763650559,DK
763650560,763650815,HK
763650816,763651071,ID
763651072,763652095,HU
763652096,763653119,NL
763653120,763654143,GB
763654144,763654399,PL
763654400,763654655,US
763654656,763654911,NL
763654912,763655167,US
763655168,763656191,DE
763656192,763657215,NL
763657216,763658239,DE
763658240,763658751,RU
763658752,763659007,SC
763659008,763659263,RU
763659264,763660287,CY
763660288,763662335,GB
763662336,763663359,PL
763663360,763664383,CZ
763664384,763665407,NL
763665408,763665663,DE
763665664,763665919,BR
763665920,763666175,FR
763666176,763666431,DE
763666432,763667455,CZ
763667456,763668479,GB
763668480,763670527,IR
763670528,763671551,RU
763671552,763671807,IQ
763671808,763672575,UA
763672576,763673599,RU
763673600,763674623,US
763674624,763674879,NL
763674880,763675135,US
763675136,763675391,BY
763675392,763675647,LU
763675648,763676671,SY
763676672,763677695,HU
763677696,763678463,RU
763678464,763678719,DE
763678720,763680767,IT
763680768,763681535,DE
763681536,763681791,JP
763681792,763682815,IT
763682816,763683327,AU
763683328,763683583,CH
763683584,763683839,US
763683840,763684863,GB
763684864,763685887,SE
763685888,763686911,HK
763686912,763687935,US
763687936,763688959,DE
763688960,763689983,FR
763689984,763690239,RU
763690240,763690751,VG
763690752,763691007,RU
763691008,763691263,CL
763691264,763691519,NL
763691520,763692031,ES
763692032,763692799,AU
763692800,763693055,NZ
763693056,763694079,DE
763694080,763695103,IT
763695104,763696127,CA
763696128,763697151,GB
763697152,763698175,SE
763698176,763698943,AE
763698944,763700223,RU
763700224,763701503,TR
763701504,763701759,UA
763701760,763702015,AT
763702016,763702271,BG
763702272,763704319,NL
763704320,763705343,SE
763705344,763706367,US
763706368,763706879,MX
763706880,763707135,HN
763707136,763707391,MX
763707392,763708415,AT
763708416,763709439,FR
763709440,763709695,DE
763709696,763709823,HK
763709824,763709951,FR
763709952,763710463,DE
763710464,763711487,SC
763711488,763712511,GB
763712512,763713535,AT
763713536,763714559,GB
763714560,763715583,BG
763715584,763716607,RU
763716608,763717631,BG
763717632,763718655,AM
763718656,763719679,KR
763719680,763720703,US
763720704,763720959,FR
763720960,763721727,NL
763721728,763724799,GB
763724800,763725823,CY
763725824,763726079,US
763726080,763726335,CZ
763726336,763726847,ES
763726848,763727103,NL
763727104,763727359,FR
763727360,763727615,NL
763727616,763727871,ES
763727872,763728895,IT
763728896,763729919,RU
763729920,763730431,RO
763730432,763730943,IT
763730944,763731455,DE
763731456,763731967,US
763731968,763732991,NL
763732992,763734015,DK
763734016,763734271,AE
763734272,763734527,JP
763734528,763734783,AE
763734784,763735039,DE
763735040,763735551,GB
763735552,763735807,NL
763735808,763736063,GB
763736064,763736319,TW
763736320,763736575,CH
763736576,763736831,FR
763736832,763737087,CH
763737088,763737215,MX
763737216,763737343,BR
763737344,763737471,IN
763737472,763737599,HK
763737600,763737855,CA
763737856,763738111,GB
763738112,763739135,NL
763739136,763740159,DE
763740160,763741183,US
763741184,763742207,NL
763742208,763743231,VG
763743232,763744255,FR
763744256,763744511,AT
763744512,763745023,DE
763745024,763745279,IT
763745280,763746303,US
763746304,763746559,MY
763746560,763747071,RU
763747072,763747327,GB
763747328,763748351,FR
763748352,763749375,RU
763749376,763750399,HK
763750400,763751167,KZ
763751168,763751423,RU
763751424,763752447,HK
763752448,763752703,GB
763752704,763752959,IL
763752960,763753215,IT
763753216,763753471,RU
763753472,763753727,VG
763753728,763754239,FI
763754240,763754495,RU
763754496,763755263,NL
763755264,763755519,DE
763755520,763755775,NL
763755776,763756031,US
763756032,763756287,NL
763756288,763756543,US
763756544,763757567,AT
763757568,763758591,CA
763758592,763759103,DE
763759104,763759615,US
763759616,763760127,FR
763760128,763760639,DE
763760640,763761663,GB
763761664,763761919,AU
763761920,763762175,NL
763762176,763762431,IT
763762432,763762687,NL
763762688,763763199,RU
763763200,763763455,BY
763763456,763763711,RU
763763712,763764735,US
763764736,763765759,FR
763765760,763766015,MY
763766016,763767807,DE
763767808,763768831,SE
763768832,763769343,RO
763769344,763769599,DE
763769600,763769855,RO
763769856,763770879,RU
763770880,763771903,SE
763771904,763773951,RU
763773952,763774975,ES
763774976,763775231,AR
763775232,763775487,ID
763775488,763775743,KR
763775744,763775999,TR
763776000,763777023,IN
763777024,763778047,HK
763778048,763779071,ES
763779072,763780095,CH
763780096,763781119,HU
763781120,763781375,UA
763781376,763781631,IR
763781632,763781887,KH
763781888,763782143,IR
763782144,763783167,DE
763783168,763784191,IN
763784192,763785215,DE
763785216,763786239,IN
763786240,763787263,CA
763787264,763788287,SE
763788288,763789311,RU
763789312,763789567,NL
763789568,763789823,US
763789824,763790079,NL
763790080,763790335,US
763790336,763791359,CH
763791360,763791871,NL
763791872,763792127,ES
763792128,763792383,NL
763792384,763792639,US
763792640,763792895,BR
763792896,763793151,US
763793152,763793407,GB
763793408,763794431,HK
763794432,763794943,CH
763794944,763795199,NL
763795200,763795455,DE
763795456,763796479,ES
763796480,763796735,TN
763796736,763796991,TZ
763796992,763797503,UA
763797504,763798527,RO
763798528,763799551,DK
763799552,763800575,DE
763800576,763800831,NL
763800832,763801087,UA
763801088,763802623,NL
763802624,763803647,RU
763803648,763803903,NL
763803904,763804159,SG
763804160,763804415,EG
763804416,763804671,RU
763804672,763805695,DE
763805696,763806719,FR
763806720,763807743,US
763807744,763808767,PS
763808768,763809791,DE
763809792,763810815,NO
763810816,763811071,PL
763811072,763811327,ES
763811328,763811839,CZ
763811840,763812095,RU
763812096,763812351,DE
763812352,763812607,NL
763812608,763812863,CZ
763812864,763813375,SE
763813376,763813887,NL
763813888,763814399,DE
763814400,763814655,FR
763814656,763814911,DE
763814912,763815935,GB
763815936,763816959,DE
763816960,763817983,HU
763817984,763818239,TR
763818240,763818495,GE
763818496,763818751,RO
763818752,763819007,IT
763819008,763820031,AT
763820032,763820287,FR
763820288,763820543,GB
763820544,763820799,FR
763820800,763821055,GB
763821056,763821567,RU
763821568,763821823,NL
763821824,763822079,RU
763822080,763823103,UA
763823104,763824127,SG
763824128,763824383,FR
763824384,763824639,GB
763824640,763824895,FR
763824896,763825151,GB
763825152,763826175,CA
763826176,763827199,GB
763827200,763828223,US
763828224,763829247,IT
763829248,763830783,RU
763830784,763831039,GB
763831040,763831295,LT
763831296,763831551,SC
763831552,763831807,US
763831808,763832063,GB
763832064,763832319,DE
763832320,763833343,SG
763833344,763834367,HK
763834368,763835391,US
763835392,763835903,ES
763835904,763835967,CO
763835968,763836031,PE
763836032,763836095,EC
763836096,763836415,ES
763836416,763837439,NL
763837440,763838463,DE
763838464,763839487,DK
763839488,763840511,IT
763840512,763841535,FR
763841536,763842559,NL
763842560,763843583,RU
763843584,763844607,CZ
763844608,763845631,OM
763845632,763846655,RU
763846656,763847679,NL
763847680,763848703,AT
763848704,763850751,DE
763850752,763851775,SA
763851776,763852799,HK
763852800,763853823,LT
763853824,763854847,DE
763854848,763855103,AE
763855104,763855359,GB
763855360,763855615,RU
763855616,763855871,KZ
763855872,763856127,US
763856128,763856383,KZ
763856384,763856895,RU
763856896,763857151,DE
763857152,763857407,IT
763857408,763857663,US
763857664,763857919,GB
763857920,763858943,US
763858944,763859967,FI
763859968,763860991,DE
763860992,763862015,CZ
763862016,763863039,NO
763863040,763863551,JP
763863552,763864063,US
763864064,763864319,RU
763864320,763864575,DE
763864576,763865087,RU
763865088,763865343,NL
763865344,763866111,FR
763866112,763867135,PT
763867136,763867391,AE
763867392,763867647,RU
763867648,763868159,ES
763868160,763868927,NL
763868928,763869183,AE
763869184,763869439,US
763869440,763869695,ES
763869696,763869951,NL
763869952,763870207,SE
763870208,763872255,DE
763872256,763873279,ES
763873280,763874303,DE
763874304,763875327,TR
763875328,763876351,NL
763876352,763877119,RU
763877120,763877375,KZ
763877376,763878399,PL
763878400,763879423,AT
763879424,763880447,RO
763880448,763880703,SG
763880704,763881215,US
763881216,763881471,HK
763881472,763881983,RU
763881984,763882239,BY
763882240,763882495,BZ
763882496,763883519,HK
763883520,763884543,IR
763884544,763885567,DE
763885568,763885823,IN
763885824,763886079,JP
763886080,763886591,LT
763886592,763887615,GG
763887616,763888639,AT
763888640,763889663,TR
763889664,763890687,IN
763890688,763891711,HK
763891712,763892735,DE
763892736,763893759,RU
763893760,763894783,US
763894784,763895807,DE
763895808,763896831,ES
763896832,763897855,DK
763897856,763898879,RO
763898880,763899903,BZ
763899904,763900927,AE
763900928,763901951,GE
763901952,763902975,KZ
763902976,763903999,AT
763904000,763905023,NL
763905024,763905279,CA
763905280,763905535,DE
763905536,763906047,DK
763906048,763907071,SG
763907072,763908095,NL
763908096,763909119,NO
763909120,763910143,NL
763910144,763911167,DE
763911168,763912191,FR
763912192,763913215,DE
763913216,763914239,RU
763914240,763915263,TR
763915264,763915775,GB
763915776,763916031,IT
763916032,763916287,NL
763916288,763917055,CY
763917056,763917311,US
763917312,763917567,RS
763917568,763918335,CY
763918336,763919359,HU
763919360,763920383,CY
763920384,763920639,KZ
763920640,763920895,HR
763920896,763921407,CY
763921408,763922431,SK
763922432,763923455,CH
763923456,763923711,IE
763923712,763923967,NL
763923968,763924479,HR
763924480,763925503,RU
763925504,763925759,CY
763925760,763926015,KR
763926016,763926527,CY
763926528,763926783,CZ
763926784,763927039,DE
763927040,763927295,CA
763927296,763927551,TR
763927552,763928575,SE
763928576,763929599,DE
763929600,763930623,AZ
763930624,763932159,DE
763932160,763932415,GB
763932416,763933695,DE
763933696,763934719,RU
763934720,763935743,DE
763935744,763936767,SI
763936768,763937791,ES
763937792,763938559,AE
763938560,763938815,RO
763938816,763939839,GB
763939840,763940351,RU
763940352,763940607,AU
763940608,763941887,RU
763941888,763942911,GB
763942912,763943167,FR
763943168,763943423,GB
763943424,763943679,FR
763943680,763943935,GB
763943936,763944959,DE
763944960,763945983,NL
763945984,763946239,DE
763946240,763946751,NL
763946752,763947007,SC
763947008,763948031,GB
763948032,763949055,TH
763949056,763950079,IL
763950080,763951103,RU
763951104,763951359,DE
763951360,763952127,RU
763952128,763953151,TH
763953152,763954175,RO
763954176,763955199,AT
763955200,763956223,HK
763956224,763956735,MX
763956736,763956991,ES
763956992,763957247,VE
763957248,763957759,IR
763957760,763958015,GB
763958016,763958271,IR
763958272,763959295,US
763959296,763960319,FR
763960320,763960831,AE
763960832,763961343,GB
763961344,763962367,ES
763962368,763963391,GB
763963392,763964415,DE
763964416,763966463,GB
763966464,763966719,CN
763966720,763966975,FR
763966976,763967231,GB
763967232,763967487,PL
763967488,763968511,DE
763968512,763968767,FI
763968768,763969023,DK
763969024,763969279,DE
763969280,763969535,SC
763969536,763970559,NL
763970560,763970815,DE
763970816,763971071,FI
763971072,763971583,DE
763971584,763972607,ES
763972608,763973631,DE
763973632,763973887,IT
763973888,763974143,DE
763974144,763974399,RO
763974400,763974655,NL
763974656,763974911,IT
763974912,763975167,DE
763975168,763975423,NO
763975424,763975679,US
763975680,763976703,NL
763976704,763977727,DE
763977728,763977983,LT
763977984,763978239,US
763978240,763978495,DE
763978496,763978751,RO
763978752,763979775,NL
763979776,763980799,VG
763980800,763981823,HU
763981824,763982847,RU
763982848,763983615,AE
763983616,763983871,BR
763983872,763984895,HU
763984896,763985151,FR
763985152,763985407,GB
763985408,763985663,IN
763985664,763985919,TR
763985920,763986943,CZ
763986944,763987967,IT
763987968,763988479,CO
763988480,763988991,ES
763988992,763990015,CA
763990016,763991039,FR
763991040,763991295,DE
763991296,763991807,FR
763991808,763992063,GB
763992064,763992831,RU
763992832,763993087,US
763993088,763993343,GB
763993344,763993599,AU
763993600,763993855,SG
763993856,763994111,US
763994112,763995135,ES
763995136,763996159,SK
763996160,763997183,DE
763997184,763998207,AT
763998208,763999231,FR
763999232,764000255,JP
764000256,764001279,IE
764001280,764001535,LV
764001536,764002047,RU
764002048,764002303,AE
764002304,764002559,US
764002560,764002815,DE
764002816,764003071,US
764003072,764003327,DE
764003328,764004351,NL
764004352,764004607,DE
764004608,764004863,BG
764004864,764005375,DE
764005376,764005887,NL
764005888,764006143,US
764006144,764006399,NL
764006400,764007423,SE
764007424,764007679,NL
764007680,764008191,US
764008192,764008447,NL
764008448,764009471,AT
764009472,764010495,BG
764010496,764011519,PL
764011520,764012543,MD
764012544,764014591,IT
764014592,764015615,ES
764015616,764016639,DE
764016640,764017663,HR
764017664,764018687,RU
764018688,764019711,AE
764019712,764019967,DE
764019968,764020223,NL
764020224,764020479,GB
764020480,764020735,ES
764020736,764021759,GB
764021760,764022783,LT
764022784,764023039,PL
764023040,764023295,NL
764023296,764023551,IT
764023552,764023807,NL
764023808,764024831,AT
764024832,764025343,NL
764025344,764025855,US
764025856,764026879,HK
764026880,764027903,GB
764027904,764028927,NL
764028928,764029951,DE
764029952,764030975,GE
764030976,764031999,DE
764032000,764033023,NL
764033024,764034047,DE
764034048,764035071,US
764035072,764036095,RO
764036096,764037119,HK
764037120,764037375,VG
764037376,764037887,FI
764037888,764038143,VG
764038144,764038399,FR
764038400,764038655,GB
764038656,764038911,FR
764038912,764039167,GB
764039168,764040191,HK
764040192,764041215,US
764041216,764042239,HU
764042240,764043263,IN
764043264,764044031,RO
764044032,764044287,DE
764044288,764044543,US
764044544,764044799,EE
764044800,764045311,SE
764045312,764046335,CZ
764046336,764047359,AT
764047360,764048383,FR
764048384,764049407,DE
764049408,764050431,BE
764050432,764052479,NL
764052480,764053503,IR
764053504,764054527,NL
764054528,764055551,SE
764055552,764055807,RU
764055808,764056063,DE
764056064,764056575,RU
764056576,764057599,NL
764057600,764058623,PL
764058624,764058879,AU
764058880,764059135,RU
764059136,764059647,UZ
764059648,764060671,RU
764060672,764061695,US
764061696,764062719,BE
764062720,764063743,DE
764063744,764064767,GB
764064768,764065023,UA
764065024,764065279,VN
764065280,764065791,UA
764065792,764066815,SK
764066816,764067839,IT
764067840,764068863,FR
764068864,764069887,US
764069888,764070911,IT
764070912,764071167,FR
764071168,764071423,MD
764071424,764071679,MK
764071680,764071935,NL
764071936,764072959,AT
764072960,764073215,NO
764073216,764073727,RU
764073728,764073983,GE
764073984,764075007,NL
764075008,764076031,CZ
764076032,764077055,IN
764077056,764078079,NL
764078080,764079103,US
764079104,764080127,NO
764080128,764081151,AU
764081152,764082175,ES
764082176,764083199,GB
764083200,764084223,ES
764084224,764084479,GB
764084480,764084735,PL
764084736,764084991,CH
764084992,764085247,US
764085248,764085759,JP
764085760,764086015,GB
764086016,764086271,US
764086272,764087295,IR
764087296,764088319,GB
764088320,764089343,RU
764089344,764090367,FR
764090368,764091391,RU
764091392,764091647,IT
764091648,764091903,KZ
764091904,764092159,GB
764092160,764092415,FI
764092416,764092671,FR
764092672,764092927,GB
764092928,764093183,FR
764093184,764093439,GB
764093440,764094463,CZ
764094464,764095487,RU
764095488,764096511,CZ
764096512,764097023,NL
764097024,764097279,US
764097280,764097535,NL
764097536,764098047,RU
764098048,764098303,NL
764098304,764098559,RU
764098560,764099583,CZ
764099584,764100607,AT
764100608,764101631,CZ
764101632,764102143,US
764102144,764102655,RO
764102656,764103679,FR
764103680,764104191,NL
764104192,764104703,RU
764104704,764105727,GB
764105728,764106751,NO
764106752,764107775,CZ
764107776,764108799,PL
764108800,764110847,IT
764110848,764111103,US
764111104,764111359,IQ
764111360,764111615,RO
764111616,764111871,EE
764111872,764112895,RU
764112896,764113919,DE
764113920,764115455,NL
764115456,764115711,SC
764115712,764115967,BG
764115968,764116223,SC
764116224,764116991,RU
764116992,764118015,CH
764118016,764121087,DE
764121088,764122111,RU
764122112,764123135,DE
764123136,764124159,RU
764124160,764125183,DE
764125184,764125695,NL
764125696,764125951,IT
764125952,764127231,NL
764127232,764128255,SC
764128256,764129279,NL
764129280,764130047,RU
764130048,764130303,KZ
764130304,764130559,AE
764130560,764130815,GB
764130816,764131327,AE
764131328,764132351,RU
764132352,764133375,HK
764133376,764133631,DE
764133632,764133887,US
764133888,764134143,EE
764134144,764134399,DE
764134400,764134911,GB
764134912,764135423,US
764135424,764136447,TR
764136448,764137471,NL
764137472,764137983,BR
764137984,764138495,US
764138496,764139519,GR
764139520,764140543,HU
764140544,764141567,TR
764141568,764141823,GB
764141824,764142079,JP
764142080,764142335,SG
764142336,764142591,GB
764142592,764142847,FR
764142848,764143103,GB
764143104,764143359,FR
764143360,764143615,GB
764143616,764144639,IN
764144640,764145663,RU
764145664,764146687,IE
764146688,764147711,SE
764147712,764148735,DE
764148736,764148991,IS
764148992,764149247,PR
764149248,764149759,IE
764149760,764150783,NO
764150784,764151295,IN
764151296,764151551,US
764151552,764151807,CY
764151808,764152831,NL
764152832,764153087,SE
764153088,764153343,DE
764153344,764153599,SC
764153600,764153855,PT
764153856,764154111,ES
764154112,764154367,NL
764154368,764154623,RU
764154624,764154879,DE
764154880,764155903,FR
764155904,764156415,KZ
764156416,764156927,CZ
764156928,764157951,IR
764157952,764158975,LV
764158976,764159999,DE
764160000,764160511,GR
764160512,764161023,DE
764161024,764162047,UA
764162048,764163071,EE
764163072,764164095,RU
764164096,764164351,DE
764164352,764164607,US
764164608,764164863,DE
764164864,764165119,FR
764165120,764165375,RU
764165376,764165631,IT
764165632,764166399,RU
764166400,764166655,VN
764166656,764166911,GB
764166912,764167167,NL
764167168,764167423,FR
764167424,764167679,GB
764167680,764167935,FR
764167936,764168191,GB
764168192,764171263,RU
764171264,764172287,IT
764172288,764173311,HK
764173312,764174335,RU
764174336,764175359,GB
764175360,764176383,CH
764176384,764177407,OM
764177408,764178431,FR
764178432,764180479,DE
764180480,764181503,UA
764181504,764183551,DE
764183552,764183807,NL
764183808,764184319,GB
764184320,764184575,FR
764184576,764185599,GB
764185600,764186623,NL
764186624,764187135,GB
764187136,764187391,LV
764187392,764187647,FR
764187648,764188671,AT
764188672,764189695,DE
764189696,764190719,NL
764190720,764191743,ES
764191744,764192255,FR
764192256,764192511,GB
764192512,764192767,FR
764192768,764193535,RU
764193536,764193791,BE
764193792,764194047,GB
764194048,764194303,AU
764194304,764194559,US
764194560,764195839,RU
764195840,764197119,DE
764197120,764197375,FR
764197376,764197887,DE
764197888,764198911,NL
764198912,764199423,BR
764199424,764199679,DE
764199680,764199935,ID
764199936,764200959,IT
764200960,764201983,AU
764201984,764203007,IL
764203008,764203263,US
764203264,764204031,DE
764204032,764204543,NL
764204544,764204799,FR
764204800,764205055,GB
764205056,764206079,CH
764206080,764206335,GB
764206336,764206591,SG
764206592,764207103,US
764207104,764209151,IR
764209152,764210175,HU
764210176,764211199,LT
764211200,764212223,CZ
764212224,764212479,FR
764212480,764212735,TR
764212736,764213247,US
764213248,764214271,AT
764214272,764215295,GB
764215296,764216319,PL
764216320,764217343,ES
764217344,764218367,LT
764218368,764219391,US
764219392,764220415,NL
764220416,764220927,DE
764220928,764221183,FR
764221184,764221439,DE
764221440,764221695,NL
764221696,764221951,GB
764221952,764223487,NL
764223488,764224511,PL
764224512,764225535,DE
764225536,764226559,IT
764226560,764227583,HK
764227584,764227839,FR
764227840,764228095,GB
764228096,764228351,FR
764228352,764228607,GB
764228608,764229375,CH
764229376,764229887,AT
764229888,764230143,IT
764230144,764230655,AT
764230656,764230911,US
764230912,764231679,NL
764231680,764232703,ES
764232704,764233727,HK
764233728,764234751,DE
764234752,764235775,RU
764235776,764236799,IT
764236800,764237823,RU
764237824,764238847,NL
764238848,764239615,RU
764239616,764239871,KG
764239872,764240895,CH
764240896,764241919,RU
764241920,764242943,NL
764242944,764243967,SE
764243968,764244991,FR
764244992,764245247,DE
764245248,764245503,NL
764245504,764245759,GB
764245760,764246015,CH
764246016,764246527,DE
764246528,764246783,GB
764246784,764247039,DE
764247040,764248063,NL
764248064,764248575,US
764248576,764248831,HK
764248832,764249087,US
764249088,764250111,GB
764250112,764251135,HK
764251136,764252159,AU
764252160,764253183,AT
764253184,764254207,TR
764254208,764254463,DE
764254464,764254719,US
764254720,764254975,GB
764254976,764255231,RO
764255232,764255743,BG
764255744,764255999,JP
764256000,764256255,US
764256256,764257279,HU
764257280,764258303,GB
764258304,764258815,SI
764258816,764259327,TW
764259328,764260351,FR
764260352,764260863,DE
764260864,764261119,FR
764261120,764262399,DE
764262400,764262655,RU
764262656,764262911,AU
764262912,764263167,UA
764263168,764263423,BR
764263424,764264447,DE
764264448,764265471,ES
764265472,764265983,RU
764265984,764266495,KZ
764266496,764268543,NL
764268544,764269567,RU
764269568,764270079,NL
764270080,764270335,BR
764270336,764270591,PL
764270592,764270847,AL
764270848,764271103,GE
764271104,764271359,NO
764271360,764271615,RU
764271616,764272639,AU
764272640,764273663,GB
764273664,764274687,IT
764274688,764275711,BG
764275712,764276735,GB
764276736,764277759,ES
764277760,764278783,AT
764278784,764279807,CZ
764279808,764280831,DE
764280832,764281855,VG
764281856,764282879,DE
764282880,764283903,HR
764283904,764284159,GB
764284160,764284671,FR
764284672,764284927,IT
764284928,764285951,NL
764285952,764286975,DE
764286976,764287231,IN
764287232,764287487,HK
764287488,764287743,AL
764287744,764287999,HK
764288000,764288255,DE
764288256,764288511,RO
764288512,764289023,DE
764289024,764290303,RU
764290304,764290559,NL
764290560,764290815,SC
764290816,764291071,RU
764291072,764292095,MX
764292096,764293119,RU
764293120,764294143,CZ
764294144,764295167,NL
764295168,764296191,DE
764296192,764297215,AT
764297216,764298239,SE
764298240,764299263,ES
764299264,764300287,RU
764300288,764301311,HK
764301312,764302335,IT
764302336,764303359,LB
764303360,764304383,UA
764304384,764306431,US
764306432,764307455,EE
764307456,764307711,DE
764307712,764308223,NL
764308224,764308479,DE
764308480,764309503,FR
764309504,764310527,DE
764310528,764311551,CZ
764311552,764312575,VG
764312576,764312831,HK
764312832,764313599,JP
764313600,764314623,BG
764314624,764315647,IT
764315648,764316671,LB
764316672,764317695,RO
764317696,764318719,NL
764318720,764319743,US
764319744,764320767,HK
764320768,764321791,US
764321792,764322815,PL
764322816,764323071,NL
764323072,764323839,JP
764323840,764324863,IT
764324864,764325887,FR
764325888,764327935,DE
764327936,764328959,IT
764328960,764329983,IR
764329984,764330239,NL
764330240,764330495,RO
764330496,764330751,US
764330752,764331007,RO
764331008,764332031,JO
764332032,764332287,GB
764332288,764332543,NL
764332544,764332799,SG
764332800,764333055,NL
764333056,764333311,FR
764333312,764333567,GB
764333568,764333823,FR
764333824,764334079,GB
764334080,764335103,RU
764335104,764335359,PL
764335360,764335615,GB
764335616,764335871,US
764335872,764337151,GB
764337152,764338175,DE
764338176,764339199,CH
764339200,764340223,ES
764340224,764341247,NL
764341248,764341503,DE
764341504,764341759,IN
764341760,764342271,US
764342272,764343295,AT
764343296,764343326,US
764343327,764343327,GB
764343328,764344319,US
764344320,764345343,CA
764345344,764346111,RU
764346112,764346367,CY
764346368,764347391,JP
764347392,764347647,IL
764347648,764347903,FR
764347904,764348159,GB
764348160,764348415,IL
764348416,764348927,LT
764348928,764349183,DE
764349184,764349439,US
764349440,764350463,VG
764350464,764351487,DE
764351488,764352511,RU
764352512,764353535,AT
764353536,764354559,IQ
764354560,764355583,ES
764355584,764356607,IT
764356608,764357631,NL
764357632,764358655,AT
764358656,764359679,LV
764359680,764359935,AU
764359936,764360191,NL
764360192,764360447,ES
764360448,764360703,AU
764360704,764361727,ES
764361728,764361983,NL
764361984,764362751,AE
764362752,764363775,AT
764363776,764364799,IN
764364800,764365823,PL
764365824,764366847,DE
764366848,764367359,SG
764367360,764367615,DE
764367616,764367871,BR
764367872,764368895,RU
764368896,764369919,KZ
764369920,764370943,RU
764370944,764371967,TR
764371968,764372991,IT
764372992,764374015,IN
764374016,764375039,GE
764375040,764378111,GB
764378112,764379135,CH
764379136,764379903,US
764379904,764380159,JP
764380160,764381183,GB
764381184,764382207,RU
764382208,764382463,GB
764382464,764382719,LV
764382720,764382975,RU
764382976,764383231,AU
764383232,764383487,GB
764383488,764383999,US
764384000,764384255,GB
764384256,764385279,ES
764385280,764386303,GB
764386304,764386815,CH
764386816,764387327,IT
764387328,764387583,AE
764387584,764388095,US
764388096,764388351,AE
764388352,764388863,RU
764388864,764389375,NL
764389376,764390399,FR
764390400,764391423,IN
764391424,764392447,DE
764392448,764393471,IT
764393472,764394495,DE
764394496,764395519,TR
764395520,764395775,NL
764395776,764396031,US
764396032,764396287,NL
764396288,764396543,US
764396544,764397567,GB
764397568,764398591,RU
764398592,764399615,AM
764399616,764400639,FR
764400640,764401663,CH
764401664,764402687,HR
764402688,764403711,EE
764403712,764404735,GB
764404736,764405759,DE
764405760,764406783,JP
764406784,764407807,RU
764407808,764408831,CZ
764408832,764409855,RU
764409856,764410879,NL
764410880,764411903,IR
764411904,764412159,DE
764412160,764412927,RU
764412928,764413951,EE
764413952,764414975,IE
764414976,764415999,ES
764416000,764417023,IR
764417024,764418047,CH
764418048,764419071,ES
764419072,764419583,FR
764419584,764420095,RU
764420096,764421119,MD
764421120,764421887,RU
764421888,764422143,GB
764422144,764424191,RU
764424192,764425215,PL
764425216,764425727,FI
764425728,764426239,DE
764426240,764427263,GB
764427264,764428287,IT
764428288,764429311,RU
764429312,764431359,AT
764431360,764432383,NO
764432384,764433407,DE
764433408,764434431,AT
764434432,764435455,IN
764435456,764436479,FR
764436480,764437503,DE
764437504,764438527,IT
764438528,764439551,DE
764439552,764440575,NL
764440576,764441599,US
764441600,764442623,SE
764442624,764443647,PL
764443648,764444671,IR
764444672,764444927,MY
764444928,764445183,AT
764445184,764445439,ZA
764445440,764445695,MY
764445696,764446719,DE
764446720,764447743,HK
764447744,764448767,IT
764448768,764449791,GB
764449792,764450815,NL
764450816,764451327,IT
764451328,764451583,NL
764451584,764451839,BG
764451840,764452095,FR
764452096,764452351,GB
764452352,764452607,FR
764452608,764453887,GB
764453888,764454911,TH
764454912,764455935,RU
764455936,764456191,IT
764456192,764456447,AE
764456448,764456703,HK
764456704,764456959,KZ
764456960,764457983,RU
764457984,764459007,GB
764459008,764460031,DE
764460032,764461055,MX
764461056,764462079,HU
764462080,764462335,NL
764462336,764463103,SG
764463104,764464127,AT
764464128,764465151,KY
764465152,764466175,AT
764466176,764467199,UA
764467200,764468223,SG
764468224,764469247,RU
764469248,764469503,MX
764469504,764469759,NL
764469760,764470015,GB
764470016,764470271,TW
764470272,764471295,ES
764471296,764471551,NL
764471552,764471807,DE
764471808,764472319,FI
764472320,764473343,GB
764473344,764474367,US
764474368,764475391,NL
764475392,764477439,ES
764477440,764477695,MD
764477696,764477951,RU
764477952,764478207,GB
764478208,764478719,RU
764478720,764479231,LV
764479232,764479487,RU
764479488,764481279,DE
764481280,764481535,PL
764481536,764481791,FI
764481792,764482047,US
764482048,764482559,RO
764482560,764483583,TR
764483584,764484607,IT
764484608,764486655,GB
764486656,764486911,LU
764486912,764487167,DE
764487168,764487423,AE
764487424,764488703,DE
764488704,764489215,OM
764489216,764489471,ES
764489472,764489727,OM
764489728,764490751,GB
764490752,764491007,NL
764491008,764491263,US
764491264,764491519,GB
764491520,764491775,US
764491776,764492031,IL
764492032,764492543,US
764492544,764492799,DE
764493824,764494847,RU
764494848,764496895,US
764496896,764497919,BZ
764497920,764498943,AT
764498944,764499967,GB
764499968,764500479,RU
764500480,764500735,DE
764500736,764500991,RU
764500992,764502015,DK
764502016,764503039,US
764503040,764504063,GB
764504064,764505087,IN
764505088,764506111,NL
764506112,764507135,FR
764507136,764508159,RU
764508160,764510207,FR
764510208,764511231,IL
764511232,764511999,BO
764512000,764512255,ES
764512256,764513279,GB
764513280,764515327,NL
764515328,764516351,GB
764516352,764517119,SE
764517120,764517375,SG
764517376,764518399,NL
764518400,764518655,BY
764518656,764518911,DE
764518912,764519167,JP
764519168,764519423,LV
764519424,764520447,FR
764520448,764520703,LV
764520704,764521215,RU
764521216,764521471,EE
764521472,764522495,IL
764522496,764523519,MD
764523520,764524543,GB
764524544,764525567,US
764525568,764526591,RU
764526592,764527615,AT
764527616,764528639,NL
764528640,764530687,IT
764530688,764531711,PL
764531712,764532735,CA
764532736,764532991,US
764532992,764533247,PL
764533248,764533759,ES
764533760,764534783,CZ
764534784,764535807,DE
764535808,764536831,HK
764536832,764537855,FR
764537856,764539903,DE
764539904,764540927,ES
764540928,764541183,NL
764541184,764541439,FR
764541440,764541695,IT
764541696,764541951,MX
764541952,764542975,NL
764542976,764543999,HU
764544000,764544255,NL
764544256,764544511,IT
764544512,764544767,HU
764544768,764545023,NL
764545024,764546047,GB
764546048,764547071,PS
764547072,764549119,DE
764549120,764549631,RU
764549632,764549887,US
764549888,764550143,RU
764550144,764551167,DE
764551168,764552191,FR
764552192,764553215,AM
764553216,764554239,RU
764554240,764555263,PL
764555264,764556287,SE
764556288,764556543,PL
764556544,764556799,FR
764556800,764557311,US
764557312,764558335,SG
764558336,764559359,GB
764559360,764560383,RU
764560384,764562431,GB
764562432,764563455,EE
764563456,764563711,LT
764563712,764563967,BR
764563968,764564479,US
764564480,764565503,DE
764565504,764565759,EG
764565760,764567551,DE
764567552,764568575,LU
764568576,764569599,NL
764569600,764569855,SE
764569856,764570111,SG
764570112,764570623,SE
764570624,764571647,CZ
764571648,764572671,HK
764572672,764574719,GB
764574720,764575743,NL
764575744,764575999,SC
764576000,764576255,JP
764576256,764576511,BR
764576512,764578815,DE
764578816,764579839,BG
764579840,764580863,GB
764580864,764581887,ES
764581888,764582911,RU
764582912,764583935,GB
764583936,764584447,DE
764584448,764584703,US
764584704,764584959,JP
764584960,764586495,RU
764586496,764586751,UA
764586752,764587007,RU
764587008,764588031,DE
764588032,764589055,GB
764589056,764589567,DE
764589568,764590079,DK
764590080,764590591,IE
764590592,764590847,NZ
764590848,764591103,GB
764591104,764592127,ES
764592128,764592639,LT
764592640,764593151,CH
764593152,764594431,NL
764594432,764594943,LT
764594944,764595199,TR
764595200,764596223,DE
764596224,764597247,NL
764597248,764598271,FR
764598272,764599295,AT
764599296,764600319,US
764600320,764601343,ES
764601344,764602367,RU
764602368,764602879,HK
764602880,764603391,ID
764603392,764604415,DE
764604416,764604927,AU
764604928,764605439,HK
764605440,764606463,SK
764606464,764607487,FI
764607488,764608511,DE
764608512,764608767,RU
764608768,764609023,NL
764609024,764609535,RU
764609536,764610559,DE
764610560,764611583,US
764611584,764612607,RU
764612608,764613631,ES
764613632,764614655,FR
764614656,764615679,HK
764615680,764615935,FI
764615936,764616191,DK
764616192,764616447,AE
764616448,764616703,DE
764616704,764617727,GB
764617728,764618751,DE
764618752,764619775,CH
764619776,764620031,GB
764620032,764620799,TR
764620800,764621823,DE
764621824,764622847,US
764622848,764623871,KZ
764623872,764624127,JP
764624128,764624383,AE
764624384,764624895,US
764624896,764625919,PS
764625920,764626431,FR
764626432,764626687,SE
764626688,764626943,PT
764626944,764627967,CA
764627968,764628991,IR
764628992,764630015,RU
764630016,764630271,GB
764630272,764630783,DE
764630784,764631039,NL
764631040,764632063,GB
764632064,764632319,NL
764632320,764632575,EE
764632576,764633087,NL
764633088,764634111,FR
764634112,764635135,US
764635136,764636159,ES
764636160,764637183,DE
764637184,764639231,ES
764639232,764640255,RU
764640256,764641279,NL
764641280,764642303,ES
764642304,764642559,VN
764642560,764642815,ID
764642816,764643071,IL
764643072,764643327,TR
764643328,764644351,SI
764644352,764645375,UA
764645376,764647423,RU
764647424,764647679,IT
764647680,764649215,GB
764649216,764649471,HU
764649472,764649727,NL
764649728,764649983,LU
764649984,764650495,RU
764650496,764651519,CZ
764651520,764652543,SC
764652544,764653567,DE
764653568,764654591,RU
764654592,764655615,FI
764655616,764656639,DE
764656640,764657663,GB
764657664,764658175,RU
764658176,764658431,GR
764658432,764658687,RU
764658688,764659711,NL
764659712,764660735,RU
764660736,764661759,ES
764661760,764662783,FR
764662784,764663807,HK
764663808,764664831,CH
764664832,764665855,DE
764665856,764666111,US
764666112,764666367,UA
764666368,764666623,BR
764666624,764666879,ES
764666880,764667903,DE
764667904,764668927,US
764668928,764669951,IT
764669952,764670975,NL
764670976,764671487,US
764671488,764671743,FR
764671744,764671999,US
764672000,764672255,DE
764672256,764672511,GB
764672512,764672767,IT
764672768,764673023,ES
764673024,764673279,RU
764673280,764673535,UZ
764673536,764674047,GB
764674048,764675071,IE
764675072,764676095,SE
764676096,764676351,US
764676352,764676863,RO
764676864,764677119,NL
764677120,764678143,GB
764678144,764679167,SE
764679168,764680191,IT
764680192,764680447,PL
764680448,764680703,AT
764680704,764680959,NL
764680960,764681215,US
764681216,764682239,DK
764682240,764683263,ES
764683264,764684287,LT
764684288,764685311,PL
764685312,764685567,IL
764685568,764685823,EG
764685824,764686079,SA
764686080,764686335,LT
764686336,764686591,CH
764686592,764686847,BE
764686848,764687359,NL
764687360,764688383,DE
764688384,764689407,GB
764689408,764690431,NL
764690432,764691455,AE
764691456,764693503,ES
764693504,764694527,GB
764694528,764695551,CZ
764695552,764697599,ES
764697600,764698623,IQ
764698624,764698879,BR
764698880,764699647,SE
764699648,764700671,BE
764700672,764701695,IN
764701696,764702719,FR
764702720,764703743,DE
764703744,764703999,FI
764704000,764704255,DE
764704256,764704511,CH
764704512,764704767,PL
764704768,764705535,NL
764705536,764705791,BA
764705792,764706047,RU
764706048,764706303,US
764706304,764706559,RU
764706560,764706815,FI
764706816,764707839,AT
764707840,764708351,HK
764708352,764708607,SE
764708608,764708863,US
764708864,764709887,DE
764709888,764710143,MA
764710144,764710399,NL
764710400,764710911,AE
764710912,764711935,VG
764711936,764712959,NL
764712960,764713983,UA
764713984,764716031,FR
764716032,764716287,RU
764716288,764716543,US
764716544,764716799,GB
764716800,764717055,RU
764717056,764718079,NL
764718080,764719103,JP
764719104,764720127,ES
764720128,764721151,US
764721152,764722175,NL
764722176,764723199,ES
764723200,764724223,DE
764724224,764725247,ES
764725248,764726271,OM
764726272,764727295,SE
764727296,764728319,DE
764728320,764729343,IT
764729344,764730367,DE
764730368,764731391,ES
764731392,764732415,DE
764732416,764733439,UA
764733440,764734463,IL
764734464,764735487,CH
764735488,764737535,RU
764737536,764738559,IR
764738560,764739583,GB
764739584,764739839,PL
764739840,764740095,IT
764740096,764740351,DE
764740352,764740607,VE
764740608,764741375,DE
764741376,764741631,GB
764741632,764743679,NL
764743680,764744703,CN
764744704,764745727,IN
764745728,764745983,TR
764745984,764746239,UA
764746240,764746495,GB
764746496,764746751,US
764746752,764747775,IN
764747776,764748799,AT
764748800,764749055,GB
764749056,764749823,FR
764749824,764750847,RU
764750848,764751871,NL
764751872,764752895,PL
764752896,764753151,NL
764753152,764753407,DE
764753408,764753919,NL
764753920,764754943,FR
764754944,764755967,AE
764755968,764756991,BE
764756992,764758015,HK
764758016,764759039,GB
764759040,764760063,IR
764760064,764760831,US
764760832,764761087,FR
764761088,764762111,AE
764762112,764763135,NL
764763136,764763391,HK
764763392,764763647,SG
764763648,764763903,SI
764763904,764764159,DE
764764160,764765183,FR
764765184,764765439,CA
764765440,764765695,LT
764765696,764765951,FI
764765952,764766207,US
764766208,764767231,SE
764767232,764768255,NL
764768256,764768511,US
764768512,764768767,KR
764768768,764769023,IN
764769024,764769279,CY
764769280,764770303,ES
764770304,764771327,SE
764771328,764772351,FR
764772352,764772863,RU
764772864,764773119,CZ
764773120,764773375,TR
764773376,764773631,RU
764773632,764773887,UA
764773888,764774143,GB
764774144,764774399,RU
764774400,764775423,DK
764775424,764776447,FR
764776448,764777471,IT
764777472,764778495,US
764778496,764778751,FR
764778752,764779007,BR
764779008,764779263,NL
764779264,764779519,FR
764779520,764780543,JP
764780544,764781567,LV
764781568,764781823,GB
764781824,764782335,DE
764782336,764782591,FR
764782592,764783615,GB
764783616,764784383,US
764784384,764784639,BY
764784640,764785663,SK
764785664,764786687,ES
764786688,764787199,LT
764787200,764787455,HK
764787456,764787711,ID
764787712,764788735,GB
764788736,764789759,AU
764789760,764790783,AT
764790784,764791807,ES
764791808,764792831,DE
764792832,764793855,PL
764793856,764794879,SE
764794880,764795903,DE
764795904,764796927,GB
764796928,764797951,ZA
764797952,764798975,ES
764798976,764799487,IT
764799488,764799999,NL
764800000,764801023,CH
764801024,764801279,BR
764801280,764801535,GB
764801536,764802047,BG
764802048,764803071,RU
764803072,764804095,NL
764804096,764805119,GB
764805120,764806143,NL
764806144,764806399,RO
764806400,764806655,SA
764806656,764806911,RO
764806912,764807167,US
764807168,764808191,RU
764808192,764809215,ES
764809216,764810239,US
764810240,764810751,SI
764810752,764811007,GB
764811008,764811263,US
764811264,764812287,UZ
764812288,764813311,NL
764813312,764813567,DE
764813568,764813823,NL
764813824,764814079,GB
764814080,764814335,US
764814336,764815359,RU
764815360,764817407,NL
764817408,764817663,HR
764817664,764817919,EG
764817920,764818175,KR
764818176,764818431,ME
764818432,764819455,US
764819456,764819711,DE
764819712,764819967,GB
764819968,764820479,US
764820480,764820991,RU
764820992,764821247,GB
764821248,764821503,NL
764821504,764821759,RU
764821760,764822015,US
764822016,764822271,GB
764822272,764822527,FI
764822528,764823551,DE
764823552,764824575,SE
764824576,764825599,NL
764825600,764826111,US
764826112,764826623,RO
764826624,764826879,EC
764826880,764827135,PY
764827136,764827647,PE
764827648,764828671,IR
764828672,764828927,PL
764828928,764829183,NO
764829184,764829439,PL
764829440,764829695,NL
764829696,764830719,AT
764830720,764831743,DE
764831744,764832767,NL
764832768,764833023,IL
764833024,764833791,NL
764833792,764834047,DE
764834048,764834559,RU
764834560,764834815,SC
764834816,764835839,ZA
764835840,764837887,DE
764837888,764838911,TH
764838912,764839935,NL
764839936,764840959,DE
764840960,764843007,GB
764843008,764843263,RU
764843264,764843519,UA
764843520,764843775,IR
764843776,764844031,PL
764844032,764845055,DE
764845056,764846079,NL
764846080,764847103,SE
764847104,764849151,US
764849152,764849407,GB
764849408,764849663,AM
764849664,764851199,DE
764851200,764851455,AU
764851456,764852223,US
764852224,764853247,ES
764853248,764854271,KE
764854272,764854527,US
764854528,764855295,ES
764855296,764855551,US
764855552,764855807,GB
764855808,764856319,US
764856320,764857343,IT
764857344,764858367,RU
764858368,764859391,AE
764859392,764860415,US
764860416,764861439,ES
764861440,764863487,US
764863488,764864511,GB
764864512,764865535,LT
764865536,764865791,RU
764865792,764866559,GB
764866560,764867583,US
764867584,764868607,NL
764868608,764869631,CH
764869632,764870655,IN
764870656,764870911,FR
764870912,764871679,UA
764871680,764872703,EE
764872704,764873727,FR
764873728,764874751,IT
764874752,764875775,FR
764875776,764876799,DE
764876800,764877823,BZ
764877824,764878079,RU
764878080,764878335,PT
764878336,764878847,RU
764878848,764880895,NL
764880896,764881919,FR
764881920,764881983,NL
764881984,764882047,US
764882048,764882079,DE
764882080,764882111,US
764882112,764882431,LT
764882432,764882687,JP
764882688,764882943,LT
764882944,764884991,ES
764884992,764885503,DE
764885504,764885535,FR
764885536,764885623,DE
764885624,764885625,JP
764885626,764885627,US
764885628,764885631,DE
764885632,764885645,FR
764885646,764885693,DE
764885694,764885704,FR
764885705,764885705,DE
764885706,764885707,FR
764885708,764885755,DE
764885756,764885756,FR
764885757,764886015,DE
764886016,764887039,RU
764887040,764888063,IT
764888064,764888575,NL
764888576,764888831,SK
764888832,764889087,AE
764889088,764889343,EE
764889344,764889599,SE
764889600,764889855,DE
764889856,764890111,ES
764890112,764891135,IQ
764891136,764892159,GB
764892160,764892671,CH
764892672,764893183,NL
764893184,764893439,IT
764893440,764893695,BG
764893696,764893951,FR
764893952,764894207,BG
764894208,764895231,DE
764895232,764895743,BY
764895744,764896255,RU
764896256,764896511,PL
764896512,764897023,DE
764897024,764897279,PL
764897280,764897535,SC
764897536,764898047,GB
764898048,764898303,NL
764898304,764899327,RU
764899328,764900351,DE
764900352,764901375,NL
764901376,764901887,BR
764901888,764902399,FR
764902400,764903423,PL
764903424,764904447,FI
764904448,764905471,US
764905472,764906495,RU
764906496,764906751,US
764906752,764907007,PH
764907008,764907263,NL
764907264,764907519,US
764907520,764908543,RU
764908544,764909567,DE
764909568,764909823,JP
764909824,764910335,AU
764910336,764910591,SG
764910592,764911615,NL
764911616,764914687,DE
764914688,764915711,AT
764915712,764916735,ES
764916736,764916991,ZA
764916992,764917503,KR
764917504,764917759,CZ
764917760,764919807,FR
764919808,764920831,ES
764920832,764921855,US
764921856,764922879,NL
764922880,764923903,AT
764923904,764924927,FR
764924928,764925695,CH
764925696,764925951,DE
764925952,764926975,PL
764926976,764927999,FR
764928000,764929023,ES
764929024,764930047,RU
764930048,764930303,US
764930304,764930559,NL
764930560,764931071,RU
764931072,764932095,UA
764932096,764933119,DE
764933120,764934143,ES
764934144,764935167,TR
764935168,764938239,GB
764938240,764938751,NL
764938752,764939007,GB
764939008,764939263,NL
764939264,764940287,ES
764940288,764941311,FR
764941312,764942335,DE
764942336,764943359,RU
764943360,764944383,GB
764944384,764944895,NL
764944896,764945407,BR
764945408,764946431,NL
764946432,764947455,AT
764947456,764947711,BR
764947712,764947967,OM
764947968,764948223,BR
764948224,764948479,FR
764948480,764949503,NO
764949504,764950527,AT
764950528,764951551,HK
764951552,764952575,DE
764952576,764953599,HK
764953600,764954623,BE
764954624,764955647,UA
764955648,764956671,NL
764956672,764957695,BE
764957696,764958207,RU
764958208,764958719,LV
764958720,764960767,GB
764960768,764961791,SK
764961792,764962815,DE
764962816,764963839,FI
764963840,764964863,DE
764964864,764966399,RU
764966400,764966655,IT
764966656,764966911,CH
764966912,764967935,RU
764967936,764968959,DE
764968960,764969983,US
764969984,764970495,DE
764970496,764971007,AE
764971008,764971263,RU
764971264,764971775,US
764971776,764972031,ES
764972032,764973055,MX
764973056,764974079,IT
764974080,764974335,ES
764974336,764974591,US
764974592,764975103,NL
764975104,764976127,DE
764976128,764977151,KY
764977152,764977663,DE
764977664,764977919,FR
764977920,764978175,DE
764978176,764978431,UA
764978432,764978687,US
764978688,764978943,KR
764978944,764979199,UA
764979200,764980223,RU
764980224,764981247,SE
764981248,764981503,JP
764981504,764982271,HK
764982272,764982527,US
764982528,764982783,FR
764982784,764983039,US
764983040,764983295,ES
764983296,764984319,FR
764984320,764984831,DE
764984832,764985343,LU
764985344,764986367,NL
764986368,764986623,RU
764986624,764986879,US
764986880,764987135,FI
764987136,764987647,SC
764987648,764987903,US
764987904,764988159,DE
764988160,764988415,FR
764988416,764989695,DE
764989696,764990463,NL
764990464,764990719,RU
764990720,764990975,BY
764990976,764991231,KZ
764991232,764991487,RU
764991488,764992511,SV
764992512,764993791,RU
764993792,764994047,VN
764994048,764994303,RU
764994304,764995583,DE
764995584,764996607,GB
764996608,764997631,NL
764997632,764997887,LT
764997888,764998143,AT
764998144,764998399,LT
764998400,764998655,TR
764998656,764999679,DE
764999680,765000703,NL
765000704,765001727,GB
765001728,765002751,NL
765002752,765003007,LT
765003008,765003263,TW
765003264,765003519,US
765003520,765003775,LT
765003776,765004799,HK
765004800,765005823,RU
765005824,765006847,NL
765006848,765007103,GB
765007104,765007359,AE
765007360,765007615,DE
765007616,765007871,TW
765007872,765008895,GE
765008896,765009919,RU
765009920,765010431,DE
765010432,765010687,NL
765010688,765010943,DE
765010944,765011967,GB
765011968,765012991,IT
765012992,765014015,RU
765014016,765014271,DK
765014272,765014527,RU
765014528,765015039,KZ
765015040,765015295,RU
765015296,765015551,BY
765015552,765015807,KZ
765015808,765016063,RU
765016064,765017087,DE
765017088,765019135,UZ
765019136,765021183,RU
765021184,765022207,DK
765022208,765022721,DE
765022722,765022723,SI
765022724,765022725,AT
765022726,765022727,DE
765022728,765022729,BG
765022730,765022741,DE
765022742,765022743,HU
765022744,765022747,AT
765022748,765022749,RO
765022750,765022751,DE
765022752,765022753,GB
765022754,765022755,RO
765022756,765022773,DE
765022774,765022775,AT
765022776,765022781,DE
765022782,765022783,RO
765022784,765022785,DE
765022786,765022787,SE
765022788,765022791,GB
765022792,765022793,AT
765022794,765022797,SE
765022798,765022803,DE
765022804,765022805,IT
765022806,765022807,DE
765022808,765022811,NL
765022812,765022821,DE
765022822,765022823,NL
765022824,765022825,RO
765022826,765022827,AT
765022828,765022831,SE
765022832,765022845,DE
765022846,765022847,AT
765022848,765022861,DE
765022862,765022863,NL
765022864,765022867,DE
765022868,765022869,NL
765022870,765022871,DE
765022872,765022873,AT
765022874,765022891,DE
765022892,765022893,NL
765022894,765022899,DE
765022900,765022901,NL
765022902,765022919,DE
765022920,765022921,NL
765022922,765022935,DE
765022936,765022937,AT
765022938,765022943,DE
765022944,765022947,CH
765022948,765022949,DK
765022950,765022951,DE
765022952,765022953,CH
765022954,765022955,NL
765022956,765022959,DE
765022960,765022963,HU
765022964,765022973,DE
765022974,765022975,SI
765022976,765022993,DE
765022994,765022995,AT
765022996,765023003,DE
765023004,765023005,NL
765023006,765023013,DE
765023014,765023015,DK
765023016,765023019,DE
765023020,765023025,NL
765023026,765023027,GB
765023028,765023035,DE
765023036,765023039,NL
765023040,765023041,DE
765023042,765023043,AT
765023044,765023045,RO
765023046,765023047,NL
765023048,765023051,DE
765023052,765023053,NL
765023054,765023055,IT
765023056,765023057,RO
765023058,765023071,DE
765023072,765023073,IT
765023074,765023075,DE
765023076,765023077,RO
765023078,765023079,BG
765023080,765023083,DE
765023084,765023085,CZ
765023086,765023089,DE
765023090,765023091,GB
765023092,765023095,DE
765023096,765023097,NL
765023098,765023109,DE
765023110,765023111,NL
765023112,765023113,FR
765023114,765023115,DE
765023116,765023119,IT
765023120,765023125,DE
765023126,765023127,FR
765023128,765023143,DE
765023144,765023159,DK
765023160,765023163,AT
765023164,765023185,DE
765023186,765023187,RO
765023188,765023205,DE
765023206,765023207,NL
765023208,765023223,DE
765023224,765023227,GB
765023228,765023229,FR
765023230,765023231,DE
765023232,765024255,NL
765024256,765024511,RO
765024512,765024767,CH
765024768,765025023,DE
765025024,765025279,RO
765025280,765026303,FR
765026304,765027327,ES
765027328,765028351,IN
765028352,765029375,NO
765029376,765030143,US
765030144,765030399,BG
765030400,765031423,DE
765031424,765032447,IQ
765032448,765033471,SE
765033472,765033727,MD
765033728,765033983,BG
765033984,765034239,MK
765034240,765034495,RO
765034496,765035519,HK
765035520,765036543,GB
765036544,765037567,CH
765037568,765037823,AT
765037824,765037855,FR
765037856,765038591,AT
765038592,765039615,DE
765039616,765040639,HU
765040640,765041663,BE
765041664,765042687,IN
765042688,765043711,CZ
765043712,765043967,GB
765043968,765044223,DO
765044224,765044735,GB
765044736,765045759,AT
765045760,765046015,IT
765046016,765046271,AE
765046272,765046527,UA
765046528,765046783,IQ
765046784,765047807,DE
765047808,765048831,GR
765048832,765049087,NL
765049088,765049343,GB
765049344,765049599,NL
765049600,765049855,SE
765049856,765050879,RU
765050880,765051903,CZ
765051904,765052927,RU
765052928,765053951,IE
765053952,765054975,FR
765054976,765055999,LV
765056000,765057023,AM
765057024,765057279,SC
765057280,765057535,PH
765057536,765057791,AE
765057792,765058047,TW
765058048,765059071,GB
765059072,765059839,RU
765059840,765060095,DE
765060096,765060351,NL
765060352,765060607,SG
765060608,765060863,RU
765060864,765061119,BR
765061120,765062143,AT
765062144,765062399,PL
765062400,765062655,LT
765062656,765063167,US
765063168,765064191,DE
765064192,765065215,JP
765065216,765066239,TR
765066240,765067263,NL
765067264,765068287,RU
765068288,765069311,GB
765069312,765070335,NL
765070336,765071359,HK
765071360,765072383,GB
765072384,765073407,DE
765073408,765074431,TH
765074432,765075455,SE
765075456,765075711,DE
765075712,765076223,NL
765076224,765076479,AE
765076480,765077503,SE
765077504,765078527,GB
765078528,765079551,NL
765079552,765080575,DE
765080576,765081599,NO
765081600,765081855,DE
765081856,765082111,ES
765082112,765082367,DE
765082368,765082623,US
765082624,765083647,FR
765083648,765084671,PT
765084672,765085695,FI
765085696,765086719,IT
765086720,765087743,BG
765087744,765088767,GB
765088768,765089023,NL
765089024,765089279,PH
765089280,765089791,NL
765089792,765090815,GE
765090816,765091839,DE
765091840,765092351,BE
765092352,765092607,NL
765092608,765092615,FR
765092616,765092863,BE
765092864,765093887,IE
765093888,765094143,FR
765094144,765094399,JP
765094400,765094911,US
765094912,765095935,DE
765095936,765096959,FI
765096960,765097983,UA
765097984,765098239,US
765098240,765098495,EG
765098496,765098751,US
765098752,765099007,EG
765099008,765100031,US
765100032,765101055,UA
765101056,765102079,GB
765102080,765102335,PL
765102336,765102847,FR
765102848,765103103,NL
765103104,765104127,UA
765104128,765105151,PL
765105152,765106175,GB
765106176,765106431,PE
765106432,765106687,BO
765106688,765106943,UY
765106944,765107199,PE
765107200,765107455,PL
765107456,765107711,GE
765107712,765108223,BR
765108224,765108735,RU
765108736,765108991,BE
765108992,765109247,RU
765109248,765110271,NL
765110272,765111295,FR
765111296,765112319,ES
765112320,765113343,BG
765113344,765114367,US
765114368,765115391,RU
765115392,765116415,NL
765116416,765117439,IN
765117440,765118207,GB
765118208,765118463,SE
765118464,765119487,CH
765119488,765121535,GB
765121536,765122815,US
765122816,765123071,CH
765123072,765123327,UA
765123328,765123583,US
765123584,765124607,PL
765124608,765125887,DE
765125888,765126143,JP
765126144,765126399,MX
765126400,765126655,LT
765126656,765127679,NO
765127680,765128703,NL
765128704,765129727,FR
765129728,765129983,CN
765129984,765130239,GB
765130240,765130495,FR
765130496,765130751,RU
765130752,765132799,GB
765132800,765133823,PL
765133824,765134335,NL
765134336,765134591,RU
765134592,765134847,SC
765134848,765135871,IT
765135872,765136895,CZ
765136896,765137151,LT
765137152,765137407,SG
765137408,765137663,LT
765137664,765137919,TR
765137920,765138943,GB
765138944,765140991,IE
765140992,765142015,ES
765142016,765143039,US
765143040,765145087,DE
765145088,765146111,ES
765146112,765146623,RU
765146624,765146879,CH
765146880,765147135,FI
765147136,765147647,HN
765147648,765148159,PE
765148160,765148415,BY
765148416,765148671,RU
765148672,765149183,PL
765149184,765149439,US
765149440,765150207,LT
765150208,765150463,NL
765150464,765150719,SG
765150720,765151231,DE
765151232,765152255,TR
765152256,765153279,CH
765153280,765154303,UA
765154304,765155327,DE
765155328,765156351,HK
765156352,765157375,RU
765157376,765158399,SE
765158400,765158911,GB
765158912,765159167,DE
765159168,765159423,FR
765159424,765160447,RU
765160448,765161471,GB
765161472,765163519,DE
765163520,765164031,NL
765164032,765164543,RO
765164544,765165055,TR
765165056,765165311,BG
765165312,765165567,TR
765165568,765166591,DE
765166592,765167615,LB
765167616,765169663,DE
765169664,765170687,RU
765170688,765171711,PL
765171712,765172735,SE
765172736,765173247,AE
765173248,765173503,US
765173504,765173759,TR
765173760,765174783,FR
765174784,765175039,DE
765175040,765175807,IL
765175808,765176831,FR
765176832,765177855,DE
765177856,765178879,FR
765178880,765179903,GB
765179904,765180927,AT
765180928,765181951,GB
765181952,765182975,IR
765182976,765183999,IE
765184000,765185023,US
765185024,765185535,RU
765185536,765185791,KZ
765185792,765186047,RU
765186048,765189119,NL
765189120,765191167,HK
765191168,765192191,FR
765192192,765193215,GB
765193216,765194239,RU
765194240,765194751,ES
765194752,765195007,FR
765195008,765195263,US
765195264,765196287,AT
765196288,765196543,DE
765196544,765196799,NL
765196800,765197055,SE
765197056,765197311,DE
765197312,765197567,AU
765197568,765198335,ES
765198336,765199359,RU
765199360,765200383,AT
765200384,765201407,DK
765201408,765202431,TR
765202432,765203455,NL
765203456,765203711,LV
765203712,765205503,RU
765205504,765206527,TR
765206528,765207551,EE
765207552,765208575,UA
765208576,765209599,ES
765209600,765210623,CZ
765210624,765211647,NL
765211648,765213695,US
765213696,765214719,IT
765214720,765215743,AU
765215744,765216767,ES
765216768,765217791,TR
765217792,765218815,ES
765218816,765219839,GB
765219840,765220863,NL
765220864,765221887,DE
765221888,765222911,FI
765222912,765223935,GB
765223936,765224959,ES
765224960,765225983,FI
765225984,765227007,DE
765227008,765227519,CZ
765227520,765228031,KZ
765228032,765229055,IR
765229056,765230079,IE
765230080,765231103,DE
765231104,765232127,PT
765232128,765233151,FR
765233152,765234175,CY
765234176,765235199,SI
765235200,765236223,DK
765236224,765236479,RU
765236480,765236735,PL
765236736,765236991,FI
765236992,765237247,RU
765237248,765238271,BE
765238272,765238527,IT
765238528,765238783,DE
765238784,765239039,NL
765239040,765239295,IN
765239296,765241343,DE
765241344,765242367,HK
765242368,765243391,NL
765243392,765244415,ES
765244416,765246463,IR
765246464,765247487,FR
765247488,765250559,IR
765250560,765251583,US
765251584,765252607,ES
765252608,765253631,RU
765253632,765255679,HK
765255680,765256703,IN
765256704,765258751,FR
765258752,765259775,PL
765259776,765260799,AT
765260800,765261823,FR
765261824,765262847,BA
765262848,765263871,FI
765263872,765264127,US
765264128,765264383,GB
765264384,765264639,DE
765264640,765264895,IN
765264896,765265919,SI
765265920,765266943,DE
765266944,765267967,PL
765267968,765268223,BR
765268224,765268479,LT
765268480,765268735,ID
765268736,765268991,BR
765268992,765270015,ES
765270016,765271039,NL
765271040,765272575,DE
765272576,765272831,GB
765272832,765273087,NL
765273088,765273343,MX
765273344,765273599,MT
765273600,765273855,SG
765273856,765274111,JP
765274112,765275135,GB
765275136,765276159,DE
765276160,765277183,CH
765277184,765278207,IQ
765278208,765279231,ES
765279232,765280255,FR
765280256,765281279,IT
765281280,765282303,HK
765282304,765282815,US
765282816,765283327,PT
765283328,765284351,NL
765284352,765285375,ES
765285376,765286399,GB
765286400,765287423,TH
765287424,765288447,HK
765288448,765288959,NL
765288960,765289215,SE
765289216,765289471,US
765289472,765290495,DE
765290496,765291519,FI
765291520,765292543,NL
765292544,765292799,FR
765292800,765293055,PL
765293056,765293311,IE
765293312,765293567,FR
765293568,765294079,DE
765294080,765294591,NL
765294592,765295615,PT
765295616,765296383,US
765296384,765296639,IN
765296640,765297663,IE
765297664,765298687,NL
765298688,765298943,SC
765298944,765299199,DE
765299200,765299455,MX
765299456,765299711,DE
765299712,765300735,RU
765300736,765301759,DE
765301760,765302783,IQ
765302784,765303807,GE
765303808,765304319,BR
765304320,765304831,NL
765304832,765305855,RU
765305856,765306879,DK
765306880,765307903,NZ
765307904,765308415,DE
765308416,765308671,NL
765308672,765308927,GB
765308928,765309951,DE
765309952,765310463,SA
765310464,765310719,BA
765310720,765310975,TR
765310976,765311999,ES
765312000,765313023,CH
765313024,765314047,EE
765314048,765315071,FR
765315072,765316095,NL
765316096,765317119,UA
765317120,765317631,ES
765317632,765317887,US
765317888,765318143,ES
765318144,765319167,RU
765319168,765320191,ES
765320192,765321215,DE
765321216,765322239,CH
765322240,765323263,IT
765323264,765326335,DE
765326336,765327359,IR
765327360,765328383,FR
765328384,765329407,GB
765329408,765330431,ES
765330432,765331455,PL
765331456,765331711,BR
765331712,765331967,LT
765331968,765332223,SG
765332224,765332479,US
765332480,765333503,TR
765333504,765334527,RS
765334528,765335551,HK
765335552,765336575,IL
765336576,765337599,BG
765337600,765338623,AT
765338624,765339601,US
765339602,765339602,BR
765339603,765339647,US
765339648,765340671,DE
765340672,765340927,US
765340928,765341695,RU
765341696,765342719,LV
765342720,765343743,EE
765343744,765343999,US
765344000,765344255,TR
765344256,765344511,LT
765344512,765344767,SG
765344768,765345791,SI
765345792,765346815,DE
765346816,765347839,FR
765347840,765348863,PL
765348864,765349375,FR
765349376,765349887,GB
765349888,765350143,RO
765350144,765350399,NL
765350400,765350911,RO
765350912,765351935,ES
765351936,765352959,CZ
765352960,765353983,NO
765353984,765355007,KW
765355008,765356031,ES
765356032,765357055,HU
765357056,765358079,PL
765358080,765359103,IE
765359104,765360127,RO
765360128,765361151,IR
765361152,765361663,GB
765361664,765361919,ID
765361920,765362175,US
765362176,765363199,UA
765363200,765364223,DE
765364224,765365247,TR
765365248,765366271,LU
765366272,765367295,IE
765367296,765368319,US
765368320,765369343,HU
765369344,765370367,PS
765370368,765371391,BG
765371392,765372415,US
765372416,765372671,LT
765372672,765372927,LV
765372928,765373183,VE
765373184,765373439,LT
765373440,765374463,DE
765374464,765375487,IE
765375488,765376511,HK
765376512,765376767,US
765376768,765377023,DE
765377024,765377279,NL
765377280,765377535,US
765377536,765378559,RU
765378560,765379839,US
765379840,765380351,RU
765380352,765380607,DE
765380608,765381631,US
765381632,765382655,NL
765382656,765383679,DK
765383680,765384703,IN
765384704,765385727,ES
765385728,765386751,HK
765386752,765387775,ES
765387776,765388799,HK
765388800,765389823,RU
765389824,765390847,SI
765390848,765391871,NL
765391872,765392895,UA
765392896,765393919,DE
765393920,765394943,HK
765394944,765395967,RU
765395968,765396991,DE
765396992,765398015,IN
765398016,765399039,SE
765399040,765400063,RU
765400064,765400319,JP
765400320,765401087,US
765401088,765402111,GR
765402112,765403135,TR
765403136,765404159,DE
765404160,765405183,IT
765405184,765406207,GB
765406208,765407231,NL
765407232,765408255,JP
765408256,765409279,DE
765409280,765410303,HK
765410304,765411327,IT
765411328,765411839,GB
765411840,765412351,IT
765412352,765413375,FR
765413376,765414399,AM
765414400,765415167,ES
765415168,765415423,US
765415424,765416447,PL
765416448,765416703,RU
765416704,765416959,DE
765416960,765417215,KZ
765417216,765417471,RU
765417472,765418495,GB
765418496,765419519,VG
765419520,765420031,ES
765420032,765420287,PL
765420288,765420543,GB
765420544,765421567,UA
765421568,765422591,RU
765422592,765422847,US
765422848,765423103,NL
765423104,765423615,CZ
765423616,765424639,IR
765424640,765425663,CZ
765425664,765426687,RO
765426688,765427711,RU
765427712,765428735,IL
765428736,765429759,DE
765429760,765430783,RU
765430784,765430786,NL
765430787,765430787,DE
765430788,765430789,NL
765430790,765430791,BE
765430792,765430794,NL
765430795,765430795,DE
765430796,765430796,NL
765430797,765430797,DE
765430798,765430799,NL
765430800,765430800,BE
765430801,765430808,NL
765430809,765430809,LU
765430810,765431295,NL
765431296,765431551,BE
765431552,765431807,DE
765431808,765432831,PL
765432832,765433855,IR
765433856,765434879,GB
765434880,765435903,SE
765435904,765436927,PS
765436928,765437951,PL
765437952,765438975,ES
765438976,765439231,BR
765439232,765439999,NL
765440000,765441023,DE
765441024,765441279,DK
765441280,765441535,EE
765441536,765441791,PT
765441792,765442047,AT
765442048,765443071,LB
765443072,765444095,EE
765444096,765444607,DE
765444608,765445119,NL
765445120,765446143,IR
765446144,765447167,RU
765447168,765448191,NL
765448192,765449215,RU
765449216,765450239,DE
765450240,765451263,US
765451264,765454335,DE
765454336,765455359,GR
765455360,765456383,PL
765456384,765457407,DE
765457408,765457919,AU
765457920,765458175,US
765458176,765458431,NL
765458432,765458687,GB
765458688,765458943,FI
765458944,765459199,KZ
765459200,765459455,PT
765459456,765460479,NL
765460480,765461503,BR
765461504,765462527,CL
765462528,765463551,BR
765463552,765464575,CL
765464576,765467647,BR
765467648,765468671,AR
765468672,765469695,PY
765469696,765478911,BR
765478912,765479935,CL
765479936,765494271,BR
765494272,765495295,CR
765495296,765500415,BR
765500416,765501439,AR
765501440,765508607,BR
765508608,765509631,CL
765509632,765510655,BR
765510656,765512703,AR
765512704,765514751,BR
765514752,765515519,CL
765515520,765517823,BR
765517824,765518847,VE
765518848,765528063,BR
765528064,765529087,AR
765529088,765532159,BR
765532160,765533183,SV
765533184,765534207,BR
765534208,765535231,EC
765535232,765537279,BR
765537280,765538303,CL
765538304,765553663,BR
765553664,765555711,CL
765555712,765556735,AR
765556736,765559807,BR
765559808,765560831,AR
765560832,765569023,BR
765569024,765571071,AR
765571072,765572095,BR
765572096,765573119,AR
765573120,765574143,BR
765574144,765575167,CL
765575168,765586431,BR
765586432,765587455,PY
765587456,765591551,BR
765591552,765592575,CO
765592576,765596671,BR
765596672,765597183,AR
765597184,765606911,BR
765606912,765607935,AR
765607936,765609983,BR
765609984,765611007,EC
765611008,765612031,CO
765612032,765612543,BR
765612544,765613567,CO
765613568,765614079,BR
765614080,765615103,AR
765615104,765617151,BR
765617152,765618175,AR
765618176,765619199,BR
765619200,765620223,AR
765620224,765623551,BR
765623552,765623807,AR
765623808,765624063,CO
765624064,765625343,BR
765625344,765626367,CL
765626368,765627391,BR
765627392,765628415,AR
765628416,765634559,BR
765634560,765635583,AR
765635584,765637631,BR
765637632,765638655,PY
765638656,765639679,CL
765639680,765640703,BR
765640704,765641727,CL
765641728,765643775,BR
765643776,765644799,CR
765644800,765645823,CL
765645824,765661695,BR
765661696,765662207,BO
765662208,765663231,AR
765663232,765664255,BR
765664256,765665023,CO
765665024,765665279,AR
765665280,765666303,BR
765666304,765667327,AR
765667328,765677567,BR
765677568,765678591,AR
765678592,765687807,BR
765687808,765689855,MX
765689856,765690879,AR
765690880,765691903,BR
765691904,765692927,CR
765692928,765693951,AR
765693952,765705215,BR
765705216,765706239,PY
765706240,765709311,BR
765709312,765710335,EC
765710336,765720575,BR
765720576,765721599,AR
765721600,765725695,BR
765725696,765726719,DO
765726720,765727743,AR
765727744,765728255,MX
765728256,765728511,BR
765728512,765728767,MX
765728768,765739007,BR
765739008,765740031,EC
765740032,765750271,BR
765750272,765751295,MX
765751296,765757439,BR
765757440,765758463,MX
765758464,765760511,BR
765760512,765761535,GT
765761536,765766655,BR
765766656,765767679,DO
765767680,765774847,BR
765774848,765775359,AR
765775360,765775615,BR
765775616,765775871,SV
765775872,765780991,BR
765780992,765782015,AR
765782016,765783039,BR
765783040,765784063,MX
765784064,765797375,BR
765797376,765798399,AR
765798400,765799423,CL
765799424,765800447,AR
765800448,765801471,BR
765801472,765801983,PY
765801984,765816831,BR
765816832,765817855,AR
765817856,765827071,BR
765827328,765827583,BR
765827584,765828095,AR
765828096,765831167,BR
765831168,765832191,CL
765832192,765857791,BR
765857792,765858815,VE
765858816,765872127,BR
765872128,765873151,PE
765873152,765873919,AR
765873920,765874175,BR
765874176,765875199,AR
765875200,765877247,BR
765877248,765878271,HN
765878272,765879295,BR
765879296,765880319,MX
765880320,765881343,BR
765881344,765882367,MX
765882368,765890559,BR
765890560,765891583,CL
765891584,765898751,BR
765898752,765899775,AR
765899776,765908991,BR
765908992,765910015,MX
765910016,765911039,BR
765911040,765911551,SV
765911552,765915135,BR
765915136,765916159,GT
765916160,765918207,BR
765918208,765919231,AR
765919232,765920255,SV
765920256,765922303,BR
765922304,765923327,MX
765923328,765923839,BR
765923840,765925375,AR
765925376,765926399,CL
765926400,765941759,BR
765941760,765942783,AR
765942784,765943807,MX
765943808,765947903,BR
765947904,765948927,MX
765948928,765949951,BR
765949952,765950463,AR
765950464,765950975,BR
765950976,765951743,CO
765951744,765951999,AR
765952000,765959167,BR
765959168,765960191,MX
765960192,765962239,BR
765962240,765963263,AR
765963264,765964287,BR
765964288,765964799,MX
765964800,765968383,BR
765968384,765969407,CL
765969408,765970431,CR
765970432,765971455,MX
765971456,765975551,BR
765975552,765976575,AR
765976576,765977599,BR
765977600,765978623,PE
765978624,765982719,BR
765982720,765983743,CO
765983744,765984767,MX
765984768,766002175,BR
766002176,766003199,CL
766003200,766005247,BR
766005248,766005503,AR
766005504,766011391,BR
766011392,766012415,CO
766012416,766028799,BR
766028800,766029311,HN
766029312,766029823,VE
766029824,766033919,BR
766033920,766034943,AR
766034944,766035967,CR
766035968,766039039,BR
766039040,766040063,AR
766040064,766044159,BR
766044160,766046207,MX
766046208,766059519,BR
766059520,766059775,PE
766059776,766060543,CO
766060544,766063615,BR
766063616,766064127,AR
766064128,766064639,CL
766064640,766065663,BR
766065664,766066687,PE
766066688,766073855,BR
766073856,766074879,PE
766074880,766075391,BR
766075392,766075903,CO
766075904,766076159,US
766076160,766076415,EC
766076416,766076671,PA
766076672,766077951,AR
766077952,766078975,BR
766078976,766079999,PY
766080000,766086143,BR
766086144,766087167,VE
766087168,766088191,EC
766088192,766089215,CL
766089216,766092031,BR
766092032,766092287,CL
766092288,766093311,GF
766093312,766094335,AR
766094336,766099455,BR
766099456,766100479,DO
766100480,766110719,BR
766110720,766111743,MX
766111744,766112767,BR
766112768,766113791,HN
766113792,766114303,BR
766114304,766114815,AR
766114816,766115071,BR
766115072,766115327,CO
766115328,766117887,BR
766117888,766118911,AR
766118912,766119167,US
766119168,766119423,CA
766119424,766119935,DE
766119936,766123007,BR
766123008,766124031,SV
766124032,766125055,HN
766125056,766126079,BR
766126080,766127103,AR
766127104,766128127,EC
766128128,766129151,PE
766129152,766141439,BR
766141440,766142463,CL
766142464,766143487,PY
766143488,766143999,AR
766144000,766144511,VE
766144512,766147583,BR
766147584,766148607,CO
766148608,766149631,PY
766149632,766149639,EC
766149640,766149640,DO
766149641,766149641,AR
766149642,766149647,EC
766149648,766149663,CL
766149664,766149727,CO
766149728,766149743,MX
766149744,766149920,CO
766149921,766149921,VE
766149922,766149923,CO
766149924,766149924,HN
766149925,766149951,CO
766149952,766149952,EC
766149953,766150143,CO
766150144,766150399,AR
766150400,766150655,CL
766150656,766162943,BR
766162944,766163967,AR
766163968,766164991,MX
766164992,766170111,BR
766170112,766171135,AR
766171136,766173183,BR
766173184,766174207,NI
766174208,766175231,BR
766175232,766176255,SV
766176256,766177279,BR
766177280,766178303,CO
766178304,766181119,MX
766181120,766190591,BR
766190592,766191615,AR
766191616,766193663,BR
766193664,766194175,CL
766194176,766197759,BR
766197760,766198783,GT
766198784,766200831,BR
766200832,766201343,MX
766201344,766201855,BR
766201856,766202623,AR
766202624,766209023,BR
766209024,766210047,EC
766210048,766211071,AR
766211072,766211583,BR
766211584,766211839,CO
766211840,766212095,BR
766212096,766212607,EC
766212608,766215167,BR
766215168,766216191,AR
766216192,766221311,BR
766221312,766222335,MX
766222336,766223359,EC
766223360,766224383,PE
766224384,766227455,BR
766227456,766228479,CO
766228480,766232575,BR
766232576,766233599,HN
766233600,766237695,BR
766237696,766238719,CL
766238720,766239743,AR
766239744,766248959,BR
766248960,766249983,PE
766249984,766251007,BR
766251008,766252031,AR
766252032,766253055,BR
766253056,766255103,AR
766255104,766269439,BR
766269440,766271487,MX
766271488,766274559,BR
766274560,766275583,AR
766275584,766281727,BR
766281728,766282751,CL
766282752,766283775,AR
766283776,766285823,BR
766285824,766286847,DO
766286848,766291967,BR
766291968,766292479,AR
766292480,766292991,CO
766292992,766294015,BR
766294016,766295039,CO
766295040,766296063,AR
766296064,766302719,BR
766302720,766302975,CO
766302976,766303743,AR
766303744,766304255,CO
766304256,766305279,AR
766305280,766306303,PY
766306304,766310399,BR
766310400,766311423,AR
766311424,766312447,BR
766312448,766313471,AR
766313472,766315775,CO
766315776,766316031,BR
766316032,766316543,CO
766316544,766317567,AR
766317568,766322687,BR
766322688,766323711,AR
766323712,766323967,CO
766323968,766325759,BR
766325760,766326783,AR
766326784,766327807,SV
766327808,766328831,AR
766328832,766329855,BR
766329856,766330879,CO
766330880,766331903,PE
766331904,766341119,BR
766341120,766342143,EC
766342144,766343167,BR
766343168,766344191,CL
766344192,766345215,BR
766345216,766346239,CL
766346240,766355455,BR
766355456,766356479,AR
766356480,766358783,BR
766358784,766359551,AR
766359552,766361599,BR
766361600,766362623,AR
766362624,766363647,VE
766363648,766364671,PE
766364672,766365695,VE
766365696,766367743,AR
766367744,766368767,GT
766368768,766370815,BR
766370816,766371839,EC
766371840,766374911,BR
766374912,766375935,AR
766375936,766383103,BR
766383104,766385151,AR
766385152,766389247,BR
766389248,766390271,MX
766390272,766392319,AR
766392320,766393343,MX
766393344,766394367,AR
766394368,766395391,BR
766395392,766398463,MX
766398464,766399487,BR
766399488,766402559,MX
766402560,766403071,BR
766403072,766403583,MX
766403584,766404607,BR
766404608,766405631,CL
766405632,766406655,MX
766406656,766409727,BR
766409728,766410751,MX
766410752,766411007,BR
766411008,766411775,AR
766411776,766415871,BR
766415872,766416895,AR
766416896,766420991,BR
766420992,766423039,MX
766423040,766423551,BR
766423552,766424063,AR
766424064,766429183,BR
766429184,766430207,MX
766430208,766431231,CL
766431232,766435327,BR
766435328,766435839,CO
766435840,766436095,PE
766436096,766436351,CO
766436352,766437375,MX
766437376,766439423,BR
766439424,766443519,MX
766443520,766448639,BR
766448640,766448895,CO
766448896,766449151,CL
766449152,766449407,VE
766449408,766452735,BR
766452736,766453759,VE
766453760,766454783,AR
766454784,766459903,BR
766459904,766460927,HN
766460928,766461951,DO
766461952,766469119,BR
766469120,766470143,AR
766470144,766478335,BR
766478336,766478847,CL
766478848,766479103,AR
766479104,766479359,CO
766479360,766480383,AR
766480384,766481407,BR
766481408,766483455,AR
766483456,766484479,PY
766484480,766485503,AR
766485504,766486527,EC
766486528,766497791,BR
766497792,766498815,VE
766498816,766502911,BR
766502912,766504959,MX
766504960,766508031,BR
766508032,766509055,MX
766509056,766511103,BR
766511104,766512127,AR
766512128,766514175,BR
766514176,766515199,AR
766515200,766517247,BR
766517248,766518271,AR
766518272,766526975,BR
766526976,766527487,CO
766527488,766530559,BR
766530560,766531071,DO
766531072,766531583,PY
766531584,766532607,AR
766532608,766534655,DO
766534656,766536703,BR
766536704,766537727,AR
766537728,766538751,BR
766538752,766539775,CL
766539776,766541823,BR
766541824,766542847,AR
766542848,766551039,BR
766551040,766552063,CL
766552064,766557183,BR
766557184,766558207,MX
766558208,766558463,CL
766558464,766558719,CO
766558720,766559231,AR
766559232,766568447,BR
766568448,766569471,CO
766569472,766570495,MX
766570496,766574591,BR
766574592,766575615,DO
766575616,766578687,BR
766578688,766578943,PY
766578944,766579199,GT
766579200,766579455,PY
766579456,766579711,GT
766579712,766580735,PE
766580736,766584831,BR
766584832,766585855,MX
766585856,766587903,BR
766587904,766588671,CO
766588672,766590975,BR
766590976,766594047,AR
766594048,766595071,BR
766595072,766596095,AR
766596096,766597119,BR
766597120,766599167,AR
766599168,766600191,CL
766600192,766602239,BR
766602240,766603263,CO
766603264,766606335,BR
766606336,766607359,EC
766607360,766608383,AR
766608384,766611455,BR
766611456,766612479,AR
766612480,766619647,BR
766619648,766620671,MX
766620672,766621695,AR
766621696,766624767,BR
766624768,766625279,PE
766625280,766625535,MX
766625536,766625791,BR
766625792,766626815,AR
766626816,766627839,PY
766627840,766635007,BR
766635008,766636031,AE
766636032,766640127,BR
766640128,766641151,AR
766641152,766642175,CO
766642176,766643199,AR
766643200,766644223,CO
766644224,766649343,BR
766649344,766650367,EC
766650368,766652415,BR
766652416,766653439,PY
766653440,766654463,AR
766654464,766656511,BR
766656512,766657535,CO
766657536,766658559,AR
766658560,766659583,MX
766659584,766661631,BR
766661632,766662655,AR
766662656,766663679,MX
766663680,766664703,BR
766664704,766665727,AR
766665728,766666751,BR
766666752,766667775,AR
766667776,766673919,BR
766673920,766674943,CL
766674944,766682111,BR
766682112,766683135,VE
766683136,766687231,BR
766687232,766688255,AR
766688256,766689279,BR
766689280,766690303,AR
766690304,766691327,PE
766691328,766702591,BR
766702592,766703615,AR
766703616,766704639,BR
766704640,766705663,AR
766705664,766708735,BR
766708736,766709759,VE
766709760,766719487,BR
766719488,766719999,AR
766720000,766721023,BR
766721024,766721279,AR
766721280,766724095,BR
766724096,766725119,AR
766725120,766729215,BR
766729216,766730239,AR
766730240,766741503,BR
766741504,766742527,EC
766742528,766744575,BR
766744576,766745599,PY
766745600,766746623,BR
766746624,766747647,CO
766747648,766748671,VE
766748672,766754815,BR
766754816,766755839,PY
766755840,766756351,VE
766756352,766756607,GT
766756608,766756863,BR
766756864,766757887,CO
766757888,766768127,BR
766768128,766769151,CO
766769152,766773247,BR
766773248,766774271,MX
766774272,766776319,BR
766776320,766776831,PA
766776832,766777343,CO
766777344,766778367,CL
766778368,766782463,BR
766782464,766782719,CO
766782720,766783487,EC
766783488,766786559,BR
766786560,766787583,AR
766787584,766788607,BR
766788608,766789631,CL
766789632,766790655,BR
766790656,766791679,AR
766791680,766792191,BR
766792192,766792703,CO
766792704,766799871,BR
766799872,766800127,CO
766800128,766800383,BR
766800384,766800639,PY
766800640,766801919,BR
766801920,766802943,BZ
766802944,766803967,EC
766803968,766807039,BR
766807040,766808063,EC
766808064,766815231,BR
766815232,766816255,CL
766816256,766816767,AR
766816768,766817023,BR
766817024,766817279,AR
766817280,766818303,PY
766818304,766830591,BR
766830592,766831615,MX
766831616,766832639,BR
766832640,766833663,SV
766833664,766834687,MX
766834688,766838271,BR
766838272,766838527,SV
766838528,766839807,BR
766839808,766840831,MX
766840832,766846975,BR
766846976,766847743,MX
766847744,766847999,BR
766848000,766849023,AR
766849024,766854143,BR
766854144,766855167,PA
766855168,766856703,BR
766856704,766857215,IT
766857216,766858239,BR
766858240,766859263,HN
766859264,766867455,BR
766867456,766868479,CL
766868480,766869503,VE
766869504,766870527,AR
766870528,766876671,BR
766876672,766877695,CO
766877696,766878719,BR
766878720,766879743,AR
766879744,766884863,BR
766884864,766885887,CO
766885888,766888959,BR
766888960,766889983,CO
766889984,766894079,BR
766894080,766895103,VE
766895104,766899199,BR
766899200,766900223,AR
766900224,766901247,VE
766901248,766907391,BR
766907392,766908415,HN
766908416,766909439,BR
766909440,766910463,AR
766910464,766912767,BR
766912768,766913023,CO
766913024,766913279,BR
766913280,766913535,CR
766913536,766922751,BR
766922752,766923775,AR
766923776,766930943,BR
766930944,766931967,AR
766931968,766932223,CL
766932224,766932991,EC
766932992,766934015,BR
766934016,766935039,AR
766935040,766936063,PY
766936064,766938111,BR
766938112,766938623,VE
766938624,766938879,NI
766938880,766939135,AR
766939136,766948351,BR
766948352,766949375,AR
766949376,766949887,BR
766949888,766950399,AR
766950400,766950655,TR
766950656,766950911,PA
766950912,766951423,DO
766951424,766958591,BR
766958592,766959615,AR
766959616,766962687,BR
766962688,766963711,AR
766963712,766968831,BR
766968832,766969855,AE
766969856,766970879,BR
766971904,766978047,BR
766978048,766978303,DO
766978304,766978559,PA
766978560,766979071,VE
766979072,766980095,PE
766980096,766981119,BR
766981120,766982143,AR
766982144,766983167,BR
766983168,766984191,PY
766984192,766993407,BR
766993408,766994431,EC
766994432,766994943,BR
766994944,766996479,PE
766996480,766998527,BR
766998528,766999039,DO
766999040,766999551,AR
766999552,767002623,BR
767002624,767004671,EC
767004672,767007743,BR
767007744,767008767,AR
767008768,767011839,BR
767011840,767012863,AR
767012864,767013375,BR
767013376,767013631,MX
767013632,767013887,CL
767013888,767014911,BR
767014912,767015935,BO
767015936,767017983,BR
767017984,767019007,CO
767019008,767024127,BR
767024128,767024639,GT
767024640,767031039,BR
767031040,767031295,CO
767031296,767038463,BR
767038464,767039487,AR
767039488,767054847,BR
767054848,767055871,CL
767055872,767056895,BR
767056896,767057919,HN
767057920,767058943,BR
767058944,767059455,SV
767059456,767059711,EC
767059712,767059967,VE
767059968,767060991,AR
767060992,767062015,PY
767062016,767063039,BR
767063040,767064063,AR
767064064,767065087,BR
767065088,767066111,MX
767066112,767067135,BR
767067136,767068159,DO
767068160,767072255,BR
767072256,767073279,AR
767073280,767074303,PY
767074304,767090687,BR
767090688,767091711,EC
767091712,767092735,AR
767092736,767096831,BR
767096832,767097855,VE
767097856,767103999,BR
767104000,767105023,TT
767105024,767106559,BR
767106560,767106815,GT
767106816,767107071,CO
767107072,767109887,BR
767109888,767110143,CR
767110144,767112191,BR
767112192,767113215,HN
767113216,767131647,BR
767131648,767132063,PA
767132064,767132095,CR
767132096,767132415,PA
767132416,767132671,HN
767132672,767134719,BR
767134720,767135743,MX
767135744,767136767,BR
767136768,767137023,VE
767137024,767139839,BR
767139840,767140863,EC
767140864,767145983,BR
767145984,767146495,VE
767146496,767147007,PE
767147008,767148031,AR
767148032,767151103,BR
767151104,767152127,AR
767152128,767155199,BR
767155200,767156223,AR
767156224,767160319,BR
767160320,767164415,MX
767164416,767165439,BR
767165440,767166463,EC
767166464,767167487,BR
767167488,767168511,DO
767168512,767169535,BR
767169536,767172607,AR
767172608,767175679,BR
767175680,767176703,AR
767176704,767191039,BR
767191040,767192063,GT
767192064,767193087,SV
767193088,767196159,BR
767196160,767196671,AR
767196672,767197183,EC
767197184,767198207,AR
767198208,767199231,BR
767199232,767200255,AR
767200256,767200767,EC
767200768,767201279,BR
767201280,767202303,VE
767202304,767203327,CL
767203328,767204351,HN
767204352,767215615,BR
767215616,767216639,VE
767216640,767217663,AR
767217664,767218687,VE
767218688,767228927,BR
767228928,767229951,PE
767229952,767230975,EC
767230976,767231999,VE
767232000,767239167,BR
767239168,767240191,AR
767240192,767241215,BR
767241216,767242239,MX
767242240,767243263,CO
767243264,767249407,BR
767249408,767250431,AR
767250432,767252479,BR
767252480,767253503,AR
767253504,767254527,VE
767254528,767263743,BR
767263744,767264767,AR
767264768,767267839,BR
767267840,767268863,MX
767268864,767283199,BR
767283200,767283711,AR
767283712,767284223,SV
767284224,767293439,BR
767293440,767293695,AR
767293696,767295487,BR
767295488,767296511,GT
767296512,767300607,BR
767300608,767301631,AR
767301632,767307775,BR
767307776,767308799,MX
767308800,767309823,BR
767309824,767310335,EC
767310336,767310591,GT
767310592,767314943,BR
767314944,767315967,MX
767315968,767319039,BR
767319040,767320063,MX
767320064,767323135,BR
767323136,767324159,MX
767324160,767327231,BR
767327232,767328255,MX
767328256,767329279,GT
767329280,767329535,BR
767329536,767329791,MX
767329792,767330303,BR
767330304,767331327,AR
767331328,767336447,BR
767336448,767337471,AR
767337472,767338495,MX
767338496,767339519,BR
767339520,767340543,AR
767340544,767343615,BR
767343616,767344639,AR
767344640,767348735,BR
767348736,767349759,AR
767349760,767350015,CO
767350016,767350783,AR
767350784,767351295,CR
767351296,767351551,BR
767351552,767351807,EC
767351808,767353855,BR
767353856,767355903,EC
767355904,767358975,BR
767358976,767359999,PA
767360000,767370239,BR
767370240,767371263,VE
767371264,767375359,BR
767375360,767376383,EC
767376384,767377407,MX
767377408,767380479,BR
767380480,767381503,AR
767381504,767387647,BR
767387648,767388671,MX
767388672,767389695,PE
767389696,767390719,EC
767390720,767391487,PE
767391488,767391743,CO
767391744,767398911,BR
767398912,767401983,MX
767401984,767405055,BR
767405056,767406079,AR
767406080,767408127,BR
767408128,767409151,AR
767409152,767410175,PE
767410176,767413247,AR
767413248,767416319,BR
767416320,767417343,AR
767417344,767420415,BR
767420416,767420927,AR
767420928,767421183,VE
767421184,767421439,CO
767421440,767422463,MX
767422464,767425535,BR
767425536,767426559,MX
767426560,767427839,BR
767427840,767428095,PY
767428096,767429887,BR
767429888,767430143,HN
767430144,767430399,BR
767430400,767430655,AR
767430656,767431679,CL
767431680,767442943,BR
767442944,767443967,US
767443968,767446015,BR
767446016,767447039,MX
767447040,767448063,BR
767448064,767448575,VE
767448576,767448831,CO
767448832,767449087,EC
767449088,767450111,BR
767450112,767451135,PY
767451136,767458303,BR
767458304,767458559,VE
767458560,767458815,US
767458816,767459327,VE
767459328,767468543,BR
767468544,767469567,AR
767469568,767470079,VE
767470080,767470335,PE
767470336,767472639,BR
767472640,767473663,MX
767473664,767474687,HN
767474688,767475711,PY
767475712,767476735,DO
767476736,767477759,MX
767477760,767486975,BR
767486976,767489023,MX
767489024,767492095,BR
767492096,767492351,CL
767492352,767493119,CO
767493120,767494143,AR
767494144,767503359,BR
767503360,767504383,CO
767504384,767505407,CL
767505408,767506431,MX
767506432,767507455,AR
767507456,767511039,BR
767511040,767511551,CO
767511552,767512575,BR
767512576,767514623,AR
767514624,767515647,PY
767515648,767516671,BR
767516672,767517695,PE
767517696,767518719,CL
767518720,767519743,BR
767519744,767521791,AR
767521792,767532031,BR
767532032,767533055,AR
767533056,767534079,BR
767534080,767535103,AE
767535104,767537151,BR
767537152,767538175,AR
767538176,767540223,BR
767540224,767542271,AR
767542272,767543295,PE
767543296,767549439,BR
767549440,767550463,AR
767550464,767551487,BR
767551488,767552511,CO
767552512,767554559,BR
767554560,767555583,GT
767555584,767557631,BR
767557632,767558399,SC
767558400,767558655,HN
767558656,767559935,SC
767559936,767560191,ES
767560192,767560703,SC
767560704,767560959,PL
767560960,767561215,SG
767561216,767561471,ID
767561472,767561983,HK
767561984,767565823,SC
767565824,767569919,US
767569920,767570943,NL
767570944,767571455,ES
767571456,767571967,CH
767571968,767572223,LT
767572224,767572735,ZA
767572736,767572991,CA
767572992,767573759,ID
767573760,767574015,CA
767574016,767586303,SC
767586304,767586559,TH
767586560,767587071,SC
767587072,767587327,TH
767587328,767587839,SG
767587840,767588351,SC
767588352,767590399,PH
767590400,767590911,SC
767590912,767591423,VE
767591424,767598591,SC
767598592,767599615,HK
767599616,767599871,SC
767599872,767600383,HK
767600384,767601663,SC
767601664,767602687,HK
767602688,767603199,JP
767603200,767603455,SC
767603456,767607807,HK
767607808,767609855,JP
767609856,767610367,HK
767610368,767610879,JP
767610880,767615743,SC
767615744,767615999,BR
767616000,767616255,DE
767616256,767616511,GB
767616512,767616767,HK
767616768,767617023,VN
767617024,767617279,US
767617280,767617535,TW
767617536,767617791,VN
767617792,767618047,KR
767618048,767618303,MY
767618304,767618559,TH
767618560,767618815,BR
767618816,767619071,PH
767619072,767619327,HK
767619328,767620095,JP
767620096,767620351,HK
767620352,767620607,SC
767620608,767621119,HK
767621120,767621631,JP
767621632,767622143,SC
767622144,767622399,MA
767622400,767623167,IL
767623168,767688703,SC
767688704,767688959,PH
767688960,767689215,JP
767689216,767689727,SC
767689728,767689983,JP
767689984,767690239,MO
767690240,767690495,SC
767690496,767690751,PE
767690752,767691263,SC
767691264,767691519,LT
767691520,767691775,SC
767691776,767692287,VN
767692288,767692799,SC
767692800,767693823,SG
767693824,767694335,HK
767694336,767694591,SG
767694592,767694847,HK
767694848,767695103,US
767695104,767695615,SC
767695616,767695871,MY
767695872,767699967,SC
767699968,767700223,PL
767700224,767705599,SC
767705600,767705855,PL
767705856,767706367,SC
767706368,767706623,CO
767706624,767710975,SC
767710976,767711231,DE
767711232,767713023,SC
767713024,767713279,DE
767713280,767713535,HK
767713536,767715327,SC
767715328,767717375,HK
767717376,767717887,SC
767717888,767718399,PH
767718400,767718911,SC
767718912,767719167,PH
767719168,767720191,SC
767720192,767720447,DO
767720448,767754239,SC
767754240,767754495,US
767754496,767755007,SC
767755008,767755263,ID
767755264,767757311,SC
767757312,767757823,VE
767757824,767758079,SC
767758080,767758335,PH
767758336,767766527,SC
767766528,767767551,PH
767767552,767770367,SC
767770368,767770623,JP
767770624,767771903,SC
767771904,767772159,MY
767772160,767773439,SC
767773440,767773695,TR
767773696,767773951,MY
767773952,767775743,SC
767775744,767776767,US
767776768,767778815,SC
767778816,767779839,RU
767779840,767780095,GA
767780096,767780607,CL
767780608,767780863,RU
767780864,767781887,SC
767781888,767782399,PH
767782400,767787519,SC
767787520,767788031,PK
767788032,767788287,SC
767788288,767788543,ID
767788544,767788799,US
767788800,767789055,SC
767789056,767789311,HK
767789312,767792127,SC
767792128,767792639,PH
767792640,767793663,SC
767793664,767794175,PH
767794176,767794431,SC
767794432,767794943,VN
767794944,767795199,SC
767795200,767795455,ID
767795456,767795711,CA
767795712,767796223,US
767796224,767796735,BD
767796736,767796991,LT
767796992,767797503,BD
767797504,767797759,ID
767797760,767798015,TH
767798016,767798783,ID
767798784,767799551,TH
767799552,767799807,BG
767799808,767800063,LT
767800064,767800319,BG
767800320,767800575,LT
767800576,767800831,BG
767800832,767801087,LT
767801088,767801343,SG
767801344,767801599,NO
767801600,767801855,SG
767801856,767802111,BG
767802112,767802367,NO
767802368,767802623,SG
767802624,767803135,CN
767803136,767803391,ZA
767803392,767803903,SC
767803904,767804415,PK
767804416,767805951,SC
767805952,767806463,PH
767806464,767807999,SC
767808000,767808511,PK
767808512,767816703,SC
767816704,767817215,US
767817216,767818751,SC
767818752,767819263,RU
767819264,767819519,SC
767819520,767819775,BR
767819776,767827711,SC
767827712,767827967,LT
767827968,767836159,SC
767836160,767837183,MX
767837184,767837439,VN
767837440,767843327,SC
767843328,767844351,US
767844352,767844607,SC
767844608,767844863,DE
767844864,767845375,HK
767845376,767846911,SC
767846912,767847167,KE
767847168,767847423,TR
767847424,767850751,SC
767850752,767852543,RU
767852544,767854591,SC
767854592,767855103,TH
767855104,767855359,SC
767855360,767856639,RU
767856640,767858687,SC
767858688,767858943,RU
767858944,767869439,SC
767869440,767869951,KR
767869952,767870463,SC
767870464,767870975,RU
767870976,767874815,SC
767874816,767875071,IT
767875072,767876607,HK
767876608,767876863,DE
767876864,767877119,CO
767877120,767877375,SC
767877376,767877631,BR
767877632,767878143,ID
767878144,767878399,HK
767878400,767879423,SC
767879424,767879679,JP
767879680,767880959,HK
767880960,767881215,GB
767881216,767881471,SG
767881472,767883775,SC
767883776,767884031,HK
767884032,767884287,SA
767884288,767885311,HK
767885312,767886079,SC
767886080,767886335,MY
767886336,767887359,SC
767887360,767887615,MY
767887616,767887871,SC
767887872,767888383,MY
767888384,767891455,SC
767891456,767891711,MY
767891712,767901695,SC
767901696,767901951,IQ
767901952,767902463,US
767902464,767902719,AE
767902720,767903231,SA
767903232,767903487,AE
767903488,767904255,EG
767904256,767904767,PH
767904768,767905023,CO
767905024,767906047,KR
767906048,767906303,KW
767906304,767907071,MY
767907072,767907327,MX
767907328,767908095,EG
767908096,767908863,SA
767908864,767909119,TW
767909120,767909887,TH
767909888,767910399,TR
767910400,767910911,HK
767910912,767911679,SG
767911680,767912447,IQ
767912448,767912959,ID
767912960,767914751,VN
767914752,767915007,AE
767915008,767915263,BH
767915264,767915775,PH
767915776,767916031,CO
767916032,767916287,KR
767916288,767916543,MY
767916544,767916799,JP
767916800,767917311,US
767917312,767917567,HK
767917568,767918079,VN
767918080,767919359,SC
767919360,767919615,GB
767919616,767919871,SC
767919872,767920127,MY
767920128,767928319,SC
767928320,767929343,MY
767929344,767936511,SC
767936512,767938559,US
767938560,767942655,SC
767942656,767944703,US
767944704,767950847,SC
767950848,767951103,PL
767951104,767952127,SC
767952128,767952383,ID
767952384,767954943,SC
767954944,767955711,ID
767955712,767959039,SC
767959040,767959551,ID
767959552,767964671,SC
767964672,767965183,ES
767965184,767965695,SC
767965696,767965951,CA
767965952,767968511,SC
767968512,767968767,GB
767968768,767970047,SC
767970048,767970303,GB
767970304,767971583,SC
767971584,767971839,GB
767971840,767972351,SC
767972352,767972607,MY
767972608,767972863,SC
767972864,767973119,TW
767973120,767973631,SC
767973632,767973887,GB
767973888,767974143,TW
767974144,767975679,SC
767975680,767975935,TW
767975936,767977471,SC
767977472,767977727,MX
767977728,767978751,SC
767978752,767979007,ID
767979008,767979519,SC
767979520,767979775,ID
767979776,767981567,SC
767981568,767982079,NL
767982080,767986175,SC
767986176,767986431,ID
767986432,767992575,SC
767992576,767992831,ID
767992832,767993855,SC
767993856,767994111,TW
767994112,767995903,SC
767995904,767996159,TH
767996160,767997183,SC
767997184,767997439,GB
767997440,767997695,SC
767997696,767997951,HK
767997952,767998207,VN
767998208,768008703,SC
768008704,768008959,ID
768008960,768009215,HK
768009216,768009727,ID
768009728,768009983,MX
768009984,768010239,TH
768010240,768015359,SC
768015360,768015871,US
768015872,768053247,SC
768053248,768054271,SG
768054272,768065535,SC
768065536,768066559,ZA
768066560,768066815,IL
768066816,768067071,CR
768067072,768067327,RS
768067328,768067583,KH
768067584,768068607,MA
768068608,768069119,NG
768069120,768069375,DZ
768069376,768069887,LK
768069888,768072959,IT
768072960,768073215,NO
768073216,768073471,TW
768073472,768073727,NO
768073728,768073983,DK
768073984,768074495,TW
768074496,768074751,DK
768074752,768075007,TZ
768075008,768075519,DK
768075520,768076543,SE
768076544,768078079,CH
768078080,768079359,PH
768079360,768080127,BY
768080128,768080639,PH
768080640,768080895,BY
768080896,768081151,PH
768081152,768081663,BY
768081664,768081919,PH
768081920,768082175,BR
768082176,768082943,US
768082944,768118783,SC
768118784,768122879,US
768122880,768123903,TH
768123904,768126719,LK
768126720,768126975,BO
768126976,768127743,KE
768127744,768128255,BE
768128256,768131071,UA
768131072,768150015,SC
768150016,768150527,TH
768150528,768151551,SC
768151552,768154111,TH
768154112,768154623,SC
768154624,768155903,TH
768155904,768156159,SC
768156160,768158463,TH
768158464,768159743,SC
768159744,768159999,TH
768160000,768163071,SC
768163072,768163327,TH
768163328,768173055,SC
768173056,768174079,TH
768174080,768175615,SC
768175616,768176639,TH
768176640,768178175,SC
768178176,768179455,TH
768179456,768183295,SC
768183296,768183807,KH
768183808,768217087,SC
768217088,768221183,US
768221184,768230655,SC
768230656,768230911,BR
768230912,768231935,SC
768231936,768232191,US
768232192,768238591,SC
768238592,768239103,NL
768239104,768241407,SC
768241408,768241663,BR
768241664,768241919,US
768241920,768243455,SC
768243456,768243711,RU
768243712,768244991,SC
768244992,768245247,RU
768245248,768245503,SC
768245504,768245759,RU
768245760,768258047,HK
768258048,768260095,MX
768260096,768262143,HK
768262144,768262655,CR
768262656,768263423,HK
768263424,768263679,SC
768263680,768263935,NG
768263936,768264191,SC
768264192,768264703,NG
768264704,768264959,TJ
768264960,768265471,SC
768265472,768266239,TJ
768266240,768266495,RS
768266496,768267519,SC
768267520,768267775,RS
768267776,768268287,SC
768268288,768270335,HK
768270336,768274431,SC
768274432,768275455,US
768275456,768275711,SC
768275712,768275967,JP
768275968,768276479,MO
768276480,768276991,HK
768276992,768278015,SC
768278016,768278527,JP
768278528,768286719,SC
768286720,768288767,TH
768288768,768290815,MX
768290816,768291839,MY
768291840,768293887,SC
768293888,768294399,MY
768294400,768335871,SC
768335872,768338431,MY
768338432,768352255,SC
768352256,768356351,US
768356352,768357887,HK
768357888,768358399,TW
768358400,768360703,SC
768360704,768360959,RS
768360960,768361727,SC
768361728,768361983,UA
768361984,768362751,SC
768362752,768363007,EG
768363008,768363263,SC
768363264,768363519,TR
768363520,768372735,SC
768372736,768376831,US
768376832,768377855,SC
768377856,768378111,HK
768378112,768381695,SC
768381696,768382975,HK
768382976,768383487,SC
768383488,768383743,HK
768383744,768390399,SC
768390400,768390655,HK
768390656,768407551,SC
768407552,768407807,HK
768407808,768409343,SC
768409344,768409599,HK
768409600,768454655,SC
768454656,768458751,US
768458752,768471039,SC
768471040,768475135,US
768475136,768483583,SC
768483584,768484863,PK
768484864,768486399,SC
768486400,768486911,GB
768486912,768492031,SC
768492032,768492287,TW
768492288,768503295,SC
768503296,768503807,PK
768503808,768507903,SC
768507904,768540671,US
768540672,768541183,SC
768541184,768541695,CL
768541696,768542207,SC
768542208,768542463,CL
768542464,768542719,SC
768542720,768544767,HK
768544768,768546047,SC
768546048,768546303,ZA
768546304,768549375,SC
768549376,768549887,MO
768549888,768551423,SC
768551424,768551679,ZA
768551680,768552447,SC
768552448,768552703,ZA
768552704,768555263,SC
768555264,768555519,ZA
768555520,768555775,KR
768555776,768556031,HK
768556032,768573439,SC
768573440,768575999,GB
768576000,768577023,SC
768577024,768577535,SG
768577536,768578559,JP
768578560,768578815,CL
768578816,768579583,TR
768579584,768580607,SC
768580608,768581119,HK
768581120,768581631,TW
768581632,768582399,TR
768582400,768584447,SC
768584448,768584703,ZA
768584704,768596415,SC
768596416,768596479,FR
768596480,768606207,SC
768606208,768868351,GH
768868352,769130495,ZM
769130496,769392639,MA
769392640,769400831,ZA
769404928,769405183,TZ
769405184,769405439,ZA
769405952,769406975,GN
769406976,769409023,ZA
769425408,769459199,ZA
769459200,769460223,CD
769460224,769461247,UG
769461248,769462271,ZA
769462272,769463295,MU
769464320,769464575,GH
769464576,769464831,MW
769464832,769465087,ZA
769465088,769465343,CI
769466368,769474559,ZA
769474560,769475839,SC
769475840,769476095,US
769476096,769476607,SC
769476608,769478655,UG
769478656,769483775,ZA
769483776,769484799,TH
769484800,769486847,TW
769486848,769488895,ZA
769488896,769490943,TH
769490944,769507327,ZA
769507328,769509375,TZ
769509376,769515519,ZA
769515520,769523711,BJ
769523712,769535999,ZA
769536000,769540095,GH
769540096,769548287,ZA
769548288,769550335,NG
769550336,769556479,ZA
769556480,769589247,GH
769589248,769654783,US
769654784,769656831,BR
769656832,769657855,AR
769657856,769659903,BR
769659904,769660927,EC
769660928,769661951,BR
769661952,769662975,AR
769662976,769668095,BR
769668096,769669119,AR
769669120,769679359,BR
769679360,769680383,EC
769680384,769682431,AR
769682432,769684479,BR
769684480,769685503,EC
769685504,769686527,BR
769686528,769687551,AR
769687552,769690623,BR
769690624,769691647,AR
769691648,769692671,PE
769692672,769694719,EC
769694720,769695743,AR
769695744,769701887,BR
769701888,769702143,AR
769702144,769702399,BR
769702400,769702655,CO
769702656,769702911,BR
769702912,769703935,AR
769703936,769706495,BR
769706496,769706751,CR
769706752,769707007,AR
769707008,769713151,BR
769713152,769713407,HN
769713408,769713663,CA
769713664,769714175,HN
769714176,769719295,BR
769719296,769720063,US
769720064,769720319,CA
769720320,769721343,AR
769721344,769727487,BR
769727488,769728511,AR
769728512,769730559,BR
769730560,769731071,AR
769731072,769731327,BZ
769731328,769731583,CL
769731584,769732607,EC
769732608,769737727,BR
769737728,769738239,AR
769738240,769738751,PA
769738752,769739263,BR
769739264,769739519,PA
769739520,769739775,BO
769739776,769742847,BR
769742848,769743871,EC
769743872,769744895,CL
769744896,769745919,AR
769745920,769746943,BR
769746944,769747967,EC
769747968,769754111,BR
769754112,769754623,CL
769754624,769754879,AR
769754880,769755135,PA
769755136,769760255,BR
769760256,769761279,AR
769761280,769767423,BR
769767424,769768447,CL
769768448,769772543,BR
769772544,769773567,CL
769773568,769774591,BR
769774592,769777663,AR
769777664,769778687,CO
769778688,769784063,BR
769784064,769784319,DO
769784320,769787903,BR
769787904,769788927,AR
769788928,769793023,BR
769793024,769794047,AR
769794048,769795071,BO
769795072,769800703,BR
769800704,769800959,AR
769800960,769801215,HN
769801216,769802239,BR
769802240,769803263,CR
769803264,769804287,PE
769804288,769811455,BR
769811456,769812479,AR
769812480,769814527,BR
769814528,769815551,CO
769815552,769822719,BR
769822720,769823743,AR
769823744,769828863,BR
769828864,769829887,CL
769829888,769830911,AR
769830912,769831935,GT
769831936,769832959,BR
769832960,769833471,AR
769833472,769833983,CO
769833984,769834495,BR
769834496,769835007,VE
769835008,769838079,BR
769838080,769839103,EC
769839104,769843199,BR
769843200,769845247,AR
769845248,769852671,BR
769852672,769852927,CO
769852928,769853439,BR
769853440,769855487,AR
769855488,769856511,PE
769856512,769859583,BR
769859584,769861631,AR
769861632,769863679,BR
769863680,769864703,CL
769864704,769866751,BR
769866752,769867007,CL
769867008,769867263,BR
769867264,769867775,CL
769867776,769868799,BR
769868800,769869823,AR
769869824,769873919,BR
769874944,769875967,AR
769875968,769884159,BR
769884160,769884927,AR
769884928,769885183,CL
769885184,769890303,BR
769890304,769891327,AR
769891328,769892351,BR
769892352,769894399,AR
769894400,769895423,BR
769895424,769896447,AR
769896448,769897471,CL
769897472,769901567,BR
769901568,769902591,AR
769902592,769903615,CR
769903616,769906687,BR
769906688,769907711,AR
769907712,769908735,BR
769908736,769909759,AR
769909760,769913855,BR
769913856,769914879,AR
769914880,769915903,BR
769915904,769916927,PA
769916928,769921023,BR
769921024,769922047,AR
769922048,769930239,BR
769930240,769931263,EC
769931264,769932287,AR
769932288,769933311,PY
769933312,769933823,UY
769933824,769934079,CO
769934080,769934335,UY
769934336,769935359,MX
769935360,769937407,AR
769937408,769951743,BR
769951744,769952767,PY
769952768,769955839,BR
769955840,769956863,AR
769956864,769957119,BZ
769957120,769960959,BR
769960960,769961983,EC
769961984,769963007,AR
769963008,769964031,EC
769964032,769965055,BR
769965056,769966079,AR
769966080,769968639,BR
769968640,769968895,AR
769968896,769970175,BR
769970176,769971199,CL
769971200,769973247,BR
769973248,769974271,AR
769974272,769976319,BR
769976320,769977343,GT
769977344,769983487,BR
769983488,769984511,EC
769984512,769986559,BR
769986560,769987583,EC
769987584,769989631,BR
769989632,769990655,AR
769990656,769991679,DO
769991680,769992703,AR
769992704,769993727,GT
769993728,769994751,AR
769994752,769995775,EC
769995776,769996799,BR
769996800,769997823,PA
769997824,769998847,AR
769998848,770000895,BR
770000896,770001407,CO
770001408,770001663,AR
770001664,770003967,BR
770003968,770004735,AR
770004736,770004991,EC
770004992,770015231,BR
770015232,770016255,GT
770016256,770017535,BR
770017536,770017791,CL
770017792,770020351,BR
770020352,770020863,DO
770020864,770025471,BR
770025472,770026495,PY
770026496,770028543,BR
770028544,770029567,AR
770029568,770030591,BR
770030592,770031615,CL
770031616,770032127,CO
770032128,770032383,BR
770032384,770032639,BO
770032640,770033663,PA
770033664,770034687,BR
770034688,770034783,AR
770034784,770034799,US
770034800,770035711,AR
770035712,770044927,BR
770044928,770045439,BO
770045440,770045695,CR
770045696,770045951,CL
770045952,770046975,AR
770046976,770050047,BR
770050048,770051071,AR
770051072,770052095,ES
770052096,770053119,BR
770053120,770053375,AR
770053376,770054143,CL
770054144,770056447,BR
770056448,770056703,CO
770056704,770057215,AR
770057216,770058239,CL
770058240,770059263,BR
770059264,770060287,VE
770060288,770061311,CL
770061312,770063359,BR
770063360,770065407,AR
770065408,770066431,BR
770066432,770067455,AR
770067456,770068479,BR
770068480,770069503,AR
770069504,770070015,BR
770070272,770079743,BR
770079744,770080767,MX
770080768,770091007,BR
770091008,770092031,VE
770092032,770093055,MX
770093056,770098175,BR
770098176,770099199,PE
770099200,770100223,BR
770100224,770101247,AR
770101248,770103295,BR
770103296,770104319,DO
770104320,770109439,BR
770109440,770110463,EC
770110464,770111487,BR
770111488,770112511,PE
770112512,770120447,BR
770120448,770120471,CO
770120472,770121727,BR
770121728,770122751,PE
770122752,770123775,BR
770123776,770125823,MX
770125824,770126847,CL
770126848,770127871,CR
770127872,770131967,BR
770131968,770132991,PE
770132992,770134015,BR
770134016,770135039,PE
770135040,770140159,BR
770140160,770141183,DO
770141184,770142207,MX
770142208,770151423,BR
770151424,770152447,EC
770152448,770153471,BR
770153472,770154239,AR
770154240,770156543,BR
770156544,770157567,MX
770157568,770160639,BR
770160640,770161663,CO
770161664,770166271,BR
770166272,770166527,AE
770166528,770168319,BR
770168320,770169855,AR
770169856,770170879,MX
770170880,770171903,AR
770171904,770177023,BR
770177024,770178047,AR
770178048,770179071,BR
770179072,770180095,AR
770180096,770182143,BR
770182144,770184191,AR
770184192,770187263,BR
770187264,770188287,CL
770188288,770190847,BR
770190848,770191359,BO
770191360,770202623,BR
770202624,770203647,CL
770203648,770204671,AR
770204672,770205695,BR
770205696,770206719,PE
770206720,770208767,BR
770208768,770209791,CR
770209792,770210815,CL
770210816,770215935,BR
770215936,770216959,AR
770216960,770217983,PE
770217984,770219007,AR
770219008,770221055,BR
770221056,770222079,AR
770222080,770223103,BR
770223104,770224127,DO
770224128,770225151,CL
770225152,770228223,BR
770228224,770229247,PE
770229248,770231295,BR
770231296,770232319,AR
770232320,770233343,CL
770233344,770243583,BR
770243584,770244607,MX
770244608,770245631,BR
770245632,770246655,CO
770246656,770260991,BR
770260992,770262015,GT
770262016,770263039,AR
770263040,770264063,CO
770264064,770268159,BR
770268160,770269183,EC
770269184,770270207,BR
770270208,770271231,EC
770271232,770274303,BR
770274304,770275327,MX
770275328,770280447,BR
770280448,770281215,AR
770281216,770281471,CL
770281472,770287615,BR
770287616,770288639,CO
770288640,770304511,BR
770304512,770305535,AR
770305536,770318335,BR
770318336,770319359,AR
770319360,770325503,BR
770325504,770326271,VE
770326272,770331647,BR
770331648,770332415,PY
770332416,770332671,AR
770332672,770333695,BZ
770333696,770338815,BR
770338816,770339839,CW
770339840,770341887,AR
770341888,770350079,BR
770350080,770351103,CL
770351104,770351615,AR
770351616,770352127,BR
770352128,770353151,TT
770353152,770354175,BR
770354176,770355199,AR
770355200,770356223,BR
770356224,770357247,AR
770357248,770367487,BR
770367488,770368511,CL
770368512,770369535,AR
770369536,770370559,HN
770370560,770378751,BR
770378752,770379775,EC
770379776,770384895,BR
770384896,770385919,CL
770385920,770386943,CO
770386944,770398207,BR
770398208,770399231,AR
770399232,770400255,BR
770400256,770401279,AR
770401280,770406399,BR
770406400,770407423,PY
770407424,770408447,BR
770408448,770409471,MX
770409472,770411519,BR
770411520,770412543,EC
770412544,770419711,BR
770419712,770420735,MX
770420736,770429951,BR
770429952,770430975,EC
770430976,770433023,BR
770433024,770433535,AR
770433536,770433791,BR
770433792,770434047,PA
770434048,770435071,DO
770435072,770440191,BR
770440192,770441215,MX
770441216,770447359,BR
770447360,770448383,AR
770448384,770449407,VE
770449408,770450431,AR
770450432,770451455,BR
770451456,770452479,AR
770452480,770453503,PE
770453504,770461695,BR
770461696,770462719,AR
770462720,770463743,BR
770463744,770464756,CL
770464757,770464757,US
770464758,770464758,CA
770464759,770464759,MX
770464760,770464760,CO
770464761,770464763,AR
770464764,770464767,CL
770464768,770465791,AR
770465792,770466815,BR
770466816,770467839,AR
770467840,770468863,EC
770468864,770471935,BR
770471936,770472191,VE
770472192,770472959,BR
770472960,770475007,CL
770475008,770477055,BR
770477056,770478079,EC
770478080,770479103,BR
770479104,770480127,EC
770480128,770483199,BR
770483200,770484223,CL
770484224,770485247,EC
770485248,770485759,PE
770485760,770486271,CL
770486272,770488319,BR
770488320,770489343,CL
770489344,770490367,BR
770490368,770491391,BO
770491392,770499583,BR
770499584,770500607,PE
770500608,770501631,AR
770501632,770503679,BR
770503680,770504703,PY
770504704,770515967,BR
770515968,770516991,AR
770516992,770518015,BR
770518016,770519039,PY
770519040,770520063,DO
770520064,770521087,AR
770521088,770523135,BR
770523136,770524159,AR
770524160,770528255,BR
770528256,770529279,HN
770529280,770530303,TT
770530304,770540543,BR
770540544,770542591,CL
770542592,770549759,BR
770549760,770550015,HN
770550016,770550271,US
770550272,770550783,HN
770550784,770551807,PE
770551808,770552831,AR
770552832,770553855,BR
770553856,770554879,PA
770554880,770563071,BR
770563072,770564095,AR
770564096,770574335,BR
770574336,770577407,AR
770577408,770578431,CL
770578432,770579455,BR
770579456,770580479,NI
770580480,770581503,BR
770581504,770582527,PY
770582528,770585599,BR
770585600,770586623,AR
770586624,770587647,EC
770587648,770588671,CL
770588672,770598911,BR
770598912,770599935,AR
770599936,770608127,BR
770608128,770609151,HN
770609152,770610175,CO
770610176,770611199,BR
770611200,770612223,CL
770612224,770613247,US
770613248,770617343,BR
770617344,770617855,CL
770617856,770618111,BR
770618112,770618367,CL
770618368,770619391,CO
770619392,770620415,BR
770620416,770621439,MX
770621440,770622463,AR
770622464,770623487,CO
770623488,770626559,BR
770626560,770627583,AR
770627584,770628607,EC
770628608,770629631,AR
770629632,770635775,BR
770635776,770636799,AR
770636800,770641919,BR
770641920,770642943,MX
770642944,770643455,BR
770643456,770643967,PE
770643968,770644991,BR
770644992,770646015,CL
770646016,770648063,AR
770648064,770649087,BR
770649088,770650111,PY
770650112,770651135,EC
770651136,770653183,BR
770653184,770654207,AR
770654208,770655231,CR
770655232,770656255,MX
770656256,770657279,BR
770657280,770658303,MX
770658304,770659327,BR
770659328,770660351,AR
770660352,770661375,CO
770661376,770662399,AR
770662400,770663423,CL
770663424,770664447,BR
770664448,770664703,AR
770664704,770665215,BR
770665216,770665471,CO
770665472,770665983,CL
770665984,770666239,PE
770666240,770666751,CL
770666752,770667007,BR
770667008,770667263,AR
770667264,770667519,CO
770667520,770668543,AR
770668544,770669567,CL
770669568,770671615,AR
770671616,770678783,BR
770678784,770679807,EC
770679808,770691071,BR
770691072,770692095,CL
770692096,770693119,BR
770693120,770694143,CL
770694144,770703359,BR
770703360,771227647,EG
771227648,771229695,IN
771229696,771230719,CN
771230720,771236863,IN
771236864,771237119,GB
771237120,771237375,SE
771237888,771238911,IN
771238912,771239935,US
771239936,771240959,AU
771240960,771241983,US
771241984,771245055,IN
771245056,771246079,HK
771246080,771247103,KR
771247104,771248127,AU
771248128,771251199,CN
771251200,771252223,IN
771252224,771256319,CN
771258368,771259391,IN
771259392,771260415,CA
771260416,771262463,CN
771262464,771263487,IN
771263488,771264383,AU
771264384,771264399,US
771264400,771264415,AU
771264416,771264431,US
771264432,771264447,AU
771264448,771264463,PG
771264464,771264479,AE
771264480,771264495,MY
771264496,771264511,AU
771264512,771265535,GB
771265536,771267583,BD
771267584,771269631,IN
771269632,771270655,IR
771270656,771272703,IN
771273728,771274751,IN
771275776,771277823,IN
771277824,771278847,AU
771278848,771279871,HK
771279872,771295231,CN
771295232,771296255,PK
771296256,771303423,CN
771303424,771307519,IN
771307520,771308543,US
771308544,771309311,AU
771309312,771309567,HK
771309568,771310591,KR
771310592,771315711,IN
771315712,771315967,US
771315968,771316223,JP
771316224,771316479,US
771316480,771316735,MY
771316736,771318783,HK
771319808,771320831,SG
771320832,771321855,IN
771321856,771322879,CN
771322880,771323903,AU
771323904,771325951,IN
771326976,771329023,IN
771330048,771334143,IN
771334144,771335167,KR
771335168,771337215,IN
771339264,771340287,ID
771340288,771341311,BD
771341312,771348479,CN
771348480,771348991,ID
771348992,771349503,IN
771349504,771351039,ID
771351040,771351295,PH
771352576,771355647,IN
771355648,771356671,HK
771356672,771360767,IN
771360768,771361791,US
771361792,771363839,CN
771363840,771364863,BD
771364864,771365375,US
771365376,771365887,GB
771365888,771369983,CN
771369984,771374079,IN
771374080,771375103,US
771375104,771377151,IN
771377152,771378175,US
771378176,771384319,CN
771384320,771385343,ID
771385344,771398655,CN
771398656,771399679,PH
771399680,771400703,SG
771400704,771401727,CN
771401728,771402751,IN
771403776,771404799,TH
771404800,771408895,CN
771408896,771409919,HK
771409920,771410943,MM
771410944,771412991,KR
771412992,771415039,IN
771415040,771416063,KR
771416064,771417087,IN
771417088,771418111,BD
771418112,771419135,IN
771419136,771420159,KH
771420160,771421183,MM
771421184,771423231,IN
771423232,771424255,US
771424256,771425279,CN
771425280,771426303,ID
771426304,771427327,CN
771427328,771428351,IN
771428352,771430399,CN
771430400,771431423,PH
771431424,771435519,IN
771435520,771436543,US
771436544,771437567,IN
771437568,771438591,CN
771438592,771439615,BD
771439616,771440639,FR
771440640,771441407,HK
771441408,771441663,JP
771441664,771442687,IN
771442688,771443711,ID
771443712,771445759,IN
771445760,771450879,CN
771450880,771452927,HK
771452928,771453951,VN
771453952,771454975,IN
771454976,771457023,CN
771457024,771458047,BD
771458048,771459071,JP
771459072,771482623,CN
771482624,771483647,BD
771483648,771485695,IN
771485696,771486207,JP
771486208,771486719,CN
771486720,771487743,IN
771488768,771489791,IN
771489792,771503103,CN
771503104,771504127,TH
771504128,771505151,SG
771506176,771507199,TH
771507200,771510271,IN
771510272,771511295,US
771511296,771535871,CN
771535872,771536895,NL
771536896,771537919,AU
771537920,771538943,IN
771538944,771550207,CN
771550208,771551231,ES
771551232,771554303,VN
771554304,771555327,AU
771555328,771577855,CN
771578880,771587071,CN
771587072,771588095,NZ
771588096,771588607,AU
771588608,771589119,US
771589120,771617791,CN
771617792,771618303,HK
771618304,771618815,CN
771618816,771620863,VG
771620864,771629055,CN
771629056,771630079,VN
771630080,771631103,SG
771631104,771632127,CN
771633152,771680255,CN
771681280,771683327,CN
771683328,771683839,US
771683840,771684095,MV
771684096,771684351,MH
771684352,771685375,CN
771685376,771685631,KR
771685632,771685887,JP
771685888,771686143,NZ
771686144,771686399,HK
771686400,771718143,CN
771718144,771719167,HK
771719168,771720191,US
771720192,771721215,HK
771721216,771750911,CN
771750912,771751935,MY
