1526726656,1531183103,DE
1531183104,1531445247,FR
1531445248,1531707391,AE
1531707392,1531969535,RU
1531969536,1532100607,IT
1532100608,1532231679,HU
1532231680,1532248063,GB
1532248064,1532256255,CH
1532256256,1532264447,NL
1532264448,1532297215,GB
1532297216,1532305407,SG
1532305408,1532338175,GB
1532338176,1532346367,US
1532346368,1532362751,GB
1532362752,1532493823,BE
1532493824,1532559359,FR
1532559360,1532624895,DE
1532624896,1532626943,ES
1532626944,1532631039,UA
1532631040,1532633087,SE
1532633088,1532635135,RU
1532635136,1532637183,NO
1532637184,1532639231,FI
1532639232,1532641279,PL
1532641280,1532643327,NO
1532643328,1532645375,PL
1532645376,1532646399,US
1532646400,1532647423,DE
1532647424,1532649471,PL
1532649472,1532651519,FR
1532651520,1532653567,NO
1532653568,1532655615,PL
1532655616,1532655871,GL
1532655872,1532656127,GB
1532656128,1532656383,LI
1532656384,1532656639,BE
1532656640,1532656895,IM
1532656896,1532657151,RO
1532657152,1532657407,PA
1532657408,1532657663,RO
1532657664,1532661759,IL
1532661760,1532665855,DE
1532665856,1532666111,PL
1532666112,1532666367,ES
1532666368,1532666623,BZ
1532666624,1532666879,IL
1532666880,1532667391,PL
1532667392,1532667647,CH
1532667648,1532667903,DE
1532667904,1532668415,IL
1532668416,1532668671,PT
1532668672,1532668927,GB
1532668928,1532674047,PL
1532674048,1532674303,NL
1532674304,1532674559,CH
1532674560,1532674815,NL
1532674816,1532675071,US
1532675072,1532675583,UA
1532675584,1532676095,RU
1532676096,1532678143,MD
1532678144,1532678399,KZ
1532678400,1532680191,RU
1532680192,1532681215,UZ
1532681216,1532681727,RU
1532681728,1532682239,BY
1532682240,1532690431,LV
1532690432,1532755967,FR
1532755968,1532756735,BG
1532756736,1532756991,IT
1532756992,1532757503,GB
1532757504,1532758015,DE
1532758016,1532760319,BG
1532760320,1532760575,US
1532760576,1532761087,FR
1532761088,1532761343,US
1532761344,1532761599,PL
1532761600,1532762111,US
1532762112,1532762623,IT
1532762624,1532763135,BG
1532763136,1532764159,IE
1532764160,1532764415,IT
1532764416,1532764927,DE
1532764928,1532765183,BG
1532765184,1532765439,RO
1532765440,1532765695,ES
1532765696,1532766207,US
1532766208,1532766463,NL
1532766464,1532766719,BG
1532766720,1532766975,NL
1532766976,1532767231,DE
1532767232,1532767743,BG
1532767744,1532767999,PL
1532768000,1532768255,NL
1532768256,1532772351,BG
1532772352,1532772607,US
1532772608,1532773119,BG
1532773120,1532773375,DE
1532773376,1532774143,BG
1532774144,1532774399,CH
1532774400,1532782591,BG
1532782592,1532782847,IR
1532782848,1532783615,BG
1532783616,1532783871,CY
1532783872,1532784383,BG
1532784384,1532784639,CY
1532784640,1532785151,GE
1532785152,1532785407,IR
1532785408,1532785663,LB
1532785664,1532786687,DE
1532786688,1532786943,CY
1532786944,1532788735,IR
1532788736,1532788991,CY
1532788992,1532790783,IR
1532790784,1532791295,CY
1532791296,1532791551,US
1532791552,1532791807,BG
1532791808,1532792831,CH
1532792832,1532793087,CY
1532793088,1532794879,IR
1532794880,1532795903,CH
1532795904,1532796927,IR
1532796928,1532797439,GB
1532797440,1532797951,BG
1532797952,1532798975,IR
1532798976,1532799999,BG
1532800000,1532801023,IR
1532801024,1532801535,SA
1532801536,1532802047,US
1532802048,1532805631,IR
1532805632,1532806143,BG
1532806144,1532806655,GB
1532806656,1532807167,BG
1532807168,1532808191,CH
1532808192,1532811263,IR
1532811264,1532812031,US
1532812032,1532812287,BG
1532812288,1532813311,IR
1532813312,1532813823,DE
1532813824,1532814335,CH
1532814336,1532814847,IR
1532814848,1532815103,US
1532815104,1532815359,IR
1532815360,1532816383,BG
1532816384,1532817407,IR
1532817408,1532817663,DE
1532817664,1532818175,NL
1532818176,1532818431,US
1532818432,1532818943,RU
1532818944,1532819455,BG
1532819456,1532819967,ES
1532819968,1532820223,AL
1532820224,1532821503,BG
1532821504,1532887039,TR
1532887040,1532952575,PL
1532952576,1533018111,EE
1533018112,1533280255,DE
1533280256,1533411327,DK
1533411328,1533413375,GB
1533413376,1533415423,DE
1533415424,1533417471,SA
1533417472,1533419519,DK
1533419520,1533421567,KW
1533421568,1533423615,GB
1533423616,1533425663,IT
1533425664,1533427711,GB
1533427712,1533428223,RO
1533428224,1533429759,GB
1533429760,1533431807,RU
1533431808,1533433855,IE
1533433856,1533435903,DK
1533435904,1533437951,US
1533437952,1533438207,AT
1533438208,1533438463,BE
1533438464,1533438719,CZ
1533438720,1533438975,IE
1533438976,1533439231,LU
1533439232,1533439487,NL
1533439488,1533439743,PL
1533439744,1533439999,SK
1533440000,1533442303,PL
1533442304,1533442559,DE
1533442560,1533442815,EE
1533442816,1533443071,NL
1533443072,1533443327,AL
1533443328,1533443583,ES
1533443584,1533444095,IR
1533444096,1533446143,IT
1533446144,1533448191,DE
1533448192,1533450239,KW
1533450240,1533452287,RU
1533452288,1533453567,TR
1533453568,1533453823,JP
1533453824,1533454335,TR
1533454336,1533456383,RS
1533456384,1533457407,UA
1533457408,1533457663,US
1533457664,1533457919,QA
1533457920,1533458431,PL
1533458432,1533460479,GB
1533460480,1533462527,CH
1533462528,1533464575,RU
1533464576,1533466623,NL
1533466624,1533468671,RU
1533468672,1533470719,RS
1533470720,1533472767,KW
1533472768,1533474815,ES
1533474816,1533476863,FR
1533476864,1533478911,IE
1533478912,1533480959,DE
1533480960,1533481727,NL
1533481728,1533481983,GB
1533481984,1533483007,NL
1533483008,1533485055,AM
1533485056,1533485823,GB
1533485824,1533487103,DE
1533487104,1533489151,FR
1533489152,1533491199,ES
1533491200,1533493247,AM
1533493248,1533495295,CH
1533495296,1533497343,RU
1533497344,1533499391,GB
1533499392,1533501439,MT
1533501440,1533503487,LT
1533503488,1533504511,KZ
1533504512,1533505023,LT
1533505024,1533505535,RU
1533505536,1533507583,DE
1533507584,1533508607,HK
1533508608,1533509631,FR
1533509632,1533511935,GB
1533511936,1533512191,AZ
1533512192,1533512447,PL
1533512448,1533512703,TR
1533512704,1533512959,FI
1533512960,1533513215,US
1533513216,1533513471,RU
1533513472,1533513727,GB
1533513728,1533514751,PL
1533514752,1533515775,ES
1533515776,1533517823,NL
1533517824,1533519871,CZ
1533519872,1533526015,GB
1533526016,1533532159,RU
1533532160,1533534207,DE
1533534208,1533536255,RU
1533536256,1533538303,FR
1533538304,1533540351,DE
1533540352,1533541375,AM
1533541376,1533541887,NL
1533541888,1533542399,VG
1533542400,1533607935,HU
1533607936,1533640703,LV
1533640704,1533657087,RU
1533657088,1533657599,VG
1533657600,1533659135,RU
1533659136,1533661183,LV
1533661184,1533663231,UA
1533663232,1533665279,NL
1533665280,1533667327,GB
1533667328,1533669375,RU
1533669376,1533671423,DE
1533671424,1533673471,FI
1533673472,1533677567,DE
1533677568,1533679615,ES
1533679616,1533681663,PL
1533681664,1533689855,IQ
1533689856,1533698047,IR
1533698048,1533702143,JO
1533702144,1533704191,RU
1533704192,1533722623,DE
1533722624,1533724671,SE
1533724672,1533726719,RU
1533726720,1533728767,CH
1533728768,1533729791,TR
1533729792,1533730815,US
1533730816,1533732863,NL
1533732864,1533734911,RU
1533734912,1533739007,TR
1533739008,1533757439,RU
1533757440,1533759487,MD
1533759488,1533761535,RU
1533761536,1533763583,MD
1533763584,1533771775,RU
1533771776,1533804543,DE
1533804544,1533805567,RU
1533805568,1533810687,AG
1533810688,1533813503,RU
1533813504,1533815039,AG
1533815040,1533815295,RU
1533815296,1533817855,AG
1533817856,1533818367,RU
1533818368,1533820927,AG
1533820928,1533825023,IN
1533825024,1533826047,DE
1533826048,1533827071,NZ
1533827072,1533829119,DE
1533829120,1533829631,GB
1533829632,1533829887,NL
1533829888,1533830143,AU
1533830144,1533830399,SG
1533830400,1533830911,FR
1533830912,1533831167,GB
1533831168,1533833215,IN
1533833216,1533834239,FR
1533834240,1533835263,ID
1533835264,1533836287,LT
1533836288,1533837311,BR
1533837312,1533845503,IR
1533845504,1533847551,GB
1533847552,1533849599,RU
1533849600,1533851647,SC
1533851648,1533851903,CH
1533851904,1533852159,CZ
1533852160,1533852415,LT
1533852416,1533852671,KZ
1533852672,1533852927,TR
1533852928,1533853183,LV
1533853184,1533853439,GB
1533853440,1533853695,NL
1533853696,1533861887,GB
1533861888,1533862143,AU
1533862144,1533865727,GB
1533865728,1533865983,FI
1533865984,1533866239,FR
1533866240,1533866495,FI
1533866496,1533867007,DE
1533867008,1533868031,GB
1533868032,1533868287,NL
1533868288,1533869055,PL
1533869056,1533869311,GB
1533869312,1533869567,FR
1533869568,1533870079,GB
1533870080,1533870591,DE
1533870592,1533871615,GB
1533871616,1533873151,DE
1533873152,1533874175,GB
1533874176,1533878271,DE
1533878272,1533880319,CZ
1533880320,1533882367,DE
1533882368,1533886463,IT
1533886464,1533894655,RU
1533894656,1533896703,ES
1533896704,1533898751,IR
1533898752,1533900799,GB
1533900800,1533902847,FR
1533902848,1533911039,RU
1533911040,1533911295,MX
1533911296,1533911551,VE
1533911552,1533911807,MX
1533911808,1533912063,VE
1533912064,1533913087,ES
1533913088,1533915135,IT
1533915136,1533919231,FR
1533919232,1533921279,IT
1533921280,1533923327,RU
1533923328,1533925375,TR
1533925376,1533927423,AF
1533927424,1533929471,RU
1533929472,1533933567,GB
1533933568,1533935615,GI
1533935616,1533968383,SG
1533968384,1534001151,US
1534001152,1534066687,GB
1534066688,1534328831,AT
1534328832,1534459903,ES
1534459904,1534590975,AT
1534590976,1534656511,HU
1534656512,1534722047,FR
1534722048,1534787583,RU
1534787584,1534789631,GB
1534789632,1534789887,BR
1534789888,1534790143,AU
1534790144,1534790655,BR
1534790656,1534791167,ZA
1534791168,1534791423,SG
1534791424,1534791679,ZA
1534791680,1534795775,RU
1534795776,1534803967,NO
1534803968,1534808063,NL
1534808064,1534812159,RU
1534812160,1534816255,CH
1534816256,1534820351,FR
1534820352,1534824447,FI
1534824448,1534828543,UA
1534828544,1534836735,PL
1534836736,1534840831,SE
1534840832,1534844927,PL
1534844928,1534849023,IE
1534849024,1534853119,NL
1534853120,1534853375,US
1534853376,1534853631,NL
1534853632,1534854143,US
1534854144,1534854399,GB
1534854400,1534854655,FR
1534854656,1534854911,DE
1534854912,1534855167,IT
1534855168,1534856191,TH
1534856192,1534856703,UA
1534856704,1534857215,NL
1534857216,1534857727,US
1534857728,1534858239,NL
1534858240,1534859263,GB
1534859264,1534859519,UA
1534859520,1534859775,ES
1534859776,1534861055,UA
1534861056,1534861311,CZ
1534861312,1534861567,US
1534861568,1534861823,UA
1534861824,1534862079,KR
1534862080,1534862847,UA
1534862848,1534863103,SG
1534863104,1534863359,MX
1534863360,1534863871,NL
1534863872,1534864383,IN
1534864384,1534865407,UA
1534865408,1534865663,PE
1534865664,1534865919,UA
1534865920,1534866175,CO
1534866176,1534866431,CL
1534866432,1534866687,UA
1534866688,1534866943,FI
1534866944,1534867199,UA
1534867200,1534867455,MX
1534867456,1534867711,PL
1534867712,1534867967,UA
1534867968,1534868223,MX
1534868224,1534868479,US
1534868480,1534868735,KZ
1534868736,1534868991,SI
1534868992,1534869247,US
1534869248,1534869503,TR
1534869504,1534869759,HK
1534869760,1534870015,SG
1534870016,1534870271,UA
1534870272,1534870527,MX
1534870528,1534873599,UA
1534873600,1534874111,MX
1534874112,1534874367,US
1534874368,1534874623,MX
1534874624,1534875391,UA
1534875392,1534875647,MX
1534875648,1534875903,AU
1534875904,1534876159,MX
1534876160,1534876415,US
1534876416,1534876671,TR
1534876672,1534878207,UA
1534878208,1534878463,NL
1534878464,1534879743,UA
1534879744,1534880767,NL
1534880768,1534881791,UA
1534881792,1534883071,DE
1534883072,1534883583,UA
1534883584,1534883839,US
1534883840,1534884095,UA
1534884096,1534884607,CH
1534884608,1534884863,US
1534884864,1534885375,HK
1534885376,1534885631,CH
1534885632,1534886143,UA
1534886144,1534886655,US
1534886656,1534886911,UA
1534886912,1534887167,ID
1534887168,1534887423,UA
1534887424,1534887679,US
1534887680,1534888447,UA
1534888448,1534888703,ID
1534888704,1534888959,MX
1534888960,1534889215,PL
1534889216,1534889471,US
1534889472,1534889983,UA
1534889984,1534890239,US
1534890240,1534890495,MX
1534890496,1534890751,US
1534890752,1534891263,MX
1534891264,1534891519,UA
1534891520,1534892031,JP
1534892032,1534894079,PL
1534894080,1534896127,DE
1534896128,1534896383,UA
1534896384,1534896639,TH
1534896640,1534896895,MX
1534896896,1534897151,IT
1534897152,1534897919,MX
1534897920,1534898431,UA
1534898432,1534899199,MX
1534899200,1534900223,US
1534900224,1534900479,AU
1534900480,1534900991,MX
1534900992,1534902271,US
1534902272,1534902527,UA
1534902528,1534902783,CZ
1534902784,1534903295,TW
1534903296,1534903551,CA
1534903552,1534903807,TW
1534903808,1534904575,UA
1534904576,1534904831,US
1534904832,1534905855,UA
1534905856,1534906111,TW
1534906112,1534906623,US
1534906624,1534906879,DE
1534906880,1534907391,HK
1534907392,1534908671,UA
1534908672,1534908927,JP
1534908928,1534909183,RS
1534909184,1534909439,UA
1534909440,1534909695,FI
1534909696,1534909951,UA
1534909952,1534910463,HK
1534910464,1534911487,UA
1534911488,1534913535,US
1534913536,1534913791,UA
1534913792,1534914047,NL
1534914048,1534914303,CA
1534914304,1534914559,CH
1534914560,1534914815,HR
1534914816,1534915071,UA
1534915072,1534915327,US
1534915328,1534915583,PL
1534915584,1534917631,UA
1534917632,1534917887,PL
1534917888,1534918143,US
1534918144,1534918399,DE
1534918400,1534918655,UA
1534918656,1534984191,GB
1534984192,1534988287,NO
1534988288,1535049727,ES
1535049728,1535115263,SK
1535115264,1535197183,SE
1535197184,1535205375,EE
1535205376,1535311871,SE
1535311872,1535344639,EE
1535344640,1535377407,SE
1535377408,1535378431,DE
1535378432,1535379455,RO
1535379456,1535380479,DE
1535380480,1535380735,HR
1535380736,1535380991,TH
1535380992,1535381247,PL
1535381248,1535381503,TR
1535381504,1535382527,GR
1535382528,1535383551,RU
1535383552,1535385087,ES
1535385088,1535385343,CO
1535385344,1535385599,ES
1535385600,1535386623,GB
1535386624,1535387647,DK
1535387648,1535388671,NL
1535388672,1535389695,FR
1535389696,1535390207,AE
1535390208,1535390719,DE
1535390720,1535391743,SE
1535391744,1535392767,NL
1535392768,1535393791,BG
1535393792,1535394815,OM
1535394816,1535395839,GB
1535395840,1535396863,SI
1535396864,1535397887,DE
1535397888,1535398911,GB
1535398912,1535399935,US
1535399936,1535400959,DE
1535400960,1535401215,DK
1535401216,1535401471,AE
1535401472,1535401727,SI
1535401728,1535401983,GB
1535401984,1535403007,RU
1535403008,1535403263,JO
1535403264,1535404031,ES
1535404032,1535405055,RU
1535405056,1535406079,FR
1535406080,1535406591,PL
1535406592,1535407103,IN
1535407104,1535408127,ES
1535408128,1535409151,GB
1535409152,1535410175,US
1535410176,1535411199,GB
1535411200,1535411455,AM
1535411456,1535411711,MK
1535411712,1535411967,SI
1535411968,1535412223,DE
1535412224,1535412479,CH
1535412480,1535412735,US
1535412736,1535412991,SE
1535412992,1535413247,AT
1535413248,1535413503,HU
1535413504,1535413759,IN
1535413760,1535414015,FI
1535414016,1535414271,KZ
1535414272,1535415295,DE
1535415296,1535416319,KZ
1535416320,1535419391,DE
1535419392,1535420415,AE
1535420416,1535421439,SE
1535421440,1535422463,AL
1535422464,1535423487,SE
1535423488,1535424511,CH
1535424512,1535425535,US
1535425536,1535426559,RU
1535426560,1535427583,AZ
1535427584,1535427839,NL
1535427840,1535428607,RU
1535428608,1535429631,DE
1535429632,1535430655,CZ
1535430656,1535431679,SI
1535431680,1535432703,MD
1535432704,1535433727,RU
1535433728,1535434751,DE
1535434752,1535435007,NL
1535435008,1535435263,BE
1535435264,1535435519,SC
1535435520,1535435775,US
1535435776,1535436799,RU
1535436800,1535437823,CZ
1535437824,1535438847,CH
1535438848,1535439871,NL
1535439872,1535440895,ES
1535440896,1535441919,RO
1535441920,1535442943,FR
1535442944,1535451135,RU
1535451136,1535459327,DK
1535459328,1535475711,AT
1535475712,1535508479,IR
1535508480,1535574015,FR
1535574016,1535578111,GB
1535578112,1535582207,LV
1535582208,1535590399,NO
1535590400,1535594495,CH
1535594496,1535598591,LV
1535598592,1535602687,IL
1535602688,1535606783,HU
1535606784,1535610879,NO
1535610880,1535614975,RU
1535614976,1535619071,AT
1535619072,1535623167,FR
1535623168,1535627263,KZ
1535627264,1535631359,RU
1535631360,1535635455,GB
1535635456,1535639551,AZ
1535639552,1535672319,GB
1535672320,1535737855,DE
1535737856,1535770623,HU
1535770624,1535803391,CH
1535803392,1535836159,GR
1535836160,1535868927,CZ
1535868928,1535901695,BG
1535901696,1535934463,GR
1535934464,1535967231,KW
1535967232,1535999999,AT
1536000000,1536032767,NL
1536032768,1536036863,LV
1536036864,1536040959,AT
1536040960,1536045055,GB
1536045056,1536049151,LU
1536049152,1536051199,IT
1536051200,1536057343,RU
1536057344,1536061439,IE
1536061440,1536065535,SE
1536065536,1536065791,GB
1536065792,1536066047,RU
1536066048,1536066303,TR
1536066304,1536066815,NL
1536066816,1536067071,FR
1536067072,1536067327,GB
1536067328,1536067583,RU
1536067584,1536067839,DK
1536067840,1536068095,PL
1536068096,1536068351,RU
1536068352,1536068607,HR
1536068608,1536068863,SG
1536068864,1536069119,RU
1536069120,1536069375,TR
1536069376,1536069631,IT
1536069632,1536073727,RU
1536073728,1536077823,UA
1536077824,1536081919,DE
1536081920,1536086015,PL
1536086016,1536090111,ES
1536090112,1536094207,IE
1536094208,1536098303,NL
1536098304,1536114687,RU
1536114688,1536118783,GB
1536118784,1536122879,DE
1536122880,1536126975,AT
1536126976,1536131071,DK
1536131072,1536143359,RU
1536143360,1536147455,GB
1536147456,1536151551,IT
1536151552,1536155647,RS
1536155648,1536159743,IL
1536159744,1536163839,DE
1536163840,1536180223,SY
1536180224,1536196607,HU
1536196608,1536212991,RU
1536212992,1536229375,DK
1536229376,1536245759,SE
1536245760,1536262143,FI
1536262144,1536278527,PL
1536278528,1536294911,UA
1536294912,1536311295,RU
1536311296,1536319487,EE
1536319488,1536321535,ES
1536321536,1536323583,DE
1536323584,1536325631,GB
1536325632,1536327679,CZ
1536327680,1536344063,HU
1536344064,1536360447,PL
1536360448,1536376831,RU
1536376832,1536380927,IR
1536380928,1536391167,KZ
1536391168,1536391423,JP
1536391424,1536393215,KZ
1536393216,1536409599,SA
1536409600,1536421887,HU
1536421888,1536423935,RS
1536423936,1536425983,HU
1536425984,1536442367,SK
1536442368,1536458751,RS
1536458752,1536475135,BG
1536475136,1536484367,NL
1536484368,1536484399,CZ
1536484400,1536484415,GR
1536484416,1536484479,IN
1536484480,1536484543,GB
1536484544,1536484607,RU
1536484608,1536485375,NL
1536485376,1536485887,DE
1536485888,1536486591,NL
1536486592,1536486655,GB
1536486656,1536486783,DE
1536486784,1536486847,GB
1536486848,1536486911,NL
1536486912,1536486943,CH
1536486944,1536486975,AT
1536486976,1536487007,SG
1536487008,1536487039,FR
1536487040,1536487071,DE
1536487072,1536487119,NL
1536487120,1536487135,SE
1536487136,1536487151,GR
1536487152,1536487167,SK
1536487168,1536487183,HU
1536487184,1536487199,ID
1536487200,1536487215,AR
1536487216,1536487231,BR
1536487232,1536487247,UA
1536487248,1536487263,TR
1536487264,1536487279,NL
1536487280,1536487295,PT
1536487296,1536487311,SI
1536487312,1536487327,IT
1536487328,1536487343,NO
1536487344,1536487359,RO
1536487360,1536487375,LV
1536487376,1536487391,BG
1536487392,1536487407,AL
1536487408,1536487423,PL
1536487424,1536487503,NL
1536487504,1536487535,BE
1536487536,1536487567,DK
1536487568,1536487599,RS
1536487600,1536487631,IE
1536487632,1536487663,FI
1536487664,1536487807,NL
1536487808,1536487935,GB
1536487936,1536487999,NL
1536488000,1536488031,IN
1536488032,1536488063,BE
1536488064,1536488095,DK
1536488096,1536488127,ZA
1536488128,1536488159,GB
1536488160,1536488191,RU
1536488192,1536488335,NL
1536488336,1536488351,RS
1536488352,1536488367,IE
1536488368,1536488383,FI
1536488384,1536488399,IL
1536488400,1536488415,ES
1536488416,1536488431,CZ
1536488432,1536488447,IS
1536488448,1536488527,NL
1536488528,1536488543,CH
1536488544,1536488575,ZA
1536488576,1536488607,BE
1536488608,1536488639,DK
1536488640,1536488671,IL
1536488672,1536488703,ES
1536488704,1536488743,NL
1536488744,1536488759,AL
1536488760,1536488831,NL
1536488832,1536488991,IN
1536488992,1536489023,NL
1536489024,1536489055,IN
1536489056,1536489087,BE
1536489088,1536489103,DK
1536489104,1536489119,GR
1536489120,1536489151,IS
1536489152,1536489183,AT
1536489184,1536489199,PL
1536489200,1536489359,NL
1536489360,1536489375,RS
1536489376,1536489391,IE
1536489392,1536489407,FI
1536489408,1536489423,IL
1536489424,1536489439,ES
1536489440,1536489455,CZ
1536489456,1536489471,IS
1536489472,1536489487,NL
1536489488,1536489503,LV
1536489504,1536489519,AR
1536489520,1536489535,BR
1536489536,1536489551,UA
1536489552,1536489567,TR
1536489568,1536489583,MY
1536489584,1536489599,SI
1536489600,1536489615,PT
1536489616,1536489631,IT
1536489632,1536489647,NO
1536489648,1536489663,RO
1536489664,1536489679,BG
1536489680,1536489711,SG
1536489712,1536489727,NL
1536489728,1536489983,DE
1536489984,1536491519,NL
1536491520,1536499711,NO
1536499712,1536503807,SE
1536503808,1536507903,NO
1536507904,1536524287,RU
1536524288,1536540671,BY
1536540672,1536543231,PL
1536543232,1536543743,GB
1536543744,1536547327,PL
1536547328,1536547583,FR
1536547584,1536547839,FI
1536547840,1536548351,PL
1536548352,1536548863,DE
1536548864,1536549887,PL
1536549888,1536550143,CH
1536550144,1536550655,NZ
1536550656,1536550911,PL
1536550912,1536551423,DE
1536551424,1536551935,PL
1536551936,1536552447,HK
1536552448,1536552703,GB
1536552704,1536552959,US
1536552960,1536553471,NL
1536553472,1536555007,ES
1536555008,1536556543,PL
1536556544,1536573439,FI
1536573440,1536589823,RS
1536589824,1536614399,PL
1536614400,1536622591,DK
1536622592,1536626687,GB
1536626688,1536630783,DE
1536630784,1536634879,RU
1536634880,1536643071,FR
1536643072,1536644607,TR
1536644608,1536645119,IT
1536645120,1536647167,TR
1536647168,1536651263,ES
1536651264,1536655359,FR
1536655360,1536659455,GE
1536659456,1536663551,DE
1536663552,1536667647,SA
1536667648,1536675839,RU
1536675840,1536679935,GB
1536679936,1536684031,LB
1536684032,1536688127,GB
1536688128,1537212415,FI
1537212416,1538260991,FR
1538260992,1538785279,BE
1538785280,1538793471,DK
1538793472,1538801663,DE
1538801664,1538809855,IR
1538809856,1538818047,GE
1538818048,1538826239,NO
1538826240,1538834431,DE
1538834432,1538842623,CY
1538842624,1538846719,RU
1538846720,1538847231,SE
1538847232,1538847487,NL
1538847488,1538847743,FI
1538847744,1538848767,RU
1538848768,1538849791,CZ
1538849792,1538850303,LT
1538850304,1538850815,RU
1538850816,1538859007,KZ
1538859008,1538875391,RU
1538875392,1538883583,RS
1538883584,1538891775,IR
1538891776,1538897919,GB
1538897920,1538899967,PL
1538899968,1538908159,SI
1538908160,1538916351,RU
1538916352,1538924543,GB
1538924544,1538932735,DE
1538932736,1538940927,NO
1538940928,1538949119,RU
1538949120,1538957311,AT
1538957312,1538965503,GB
1538965504,1538966527,GR
1538966528,1538967551,RU
1538967552,1538970623,GR
1538970624,1538971135,FI
1538971136,1538971647,GR
1538971648,1538972671,SE
1538972672,1538973695,GR
1538973696,1538981887,JO
1538981888,1538990079,ES
1538990080,1538998271,CZ
1538998272,1539006463,AD
1539006464,1539014655,AL
1539014656,1539022847,RS
1539022848,1539031039,LT
1539031040,1539039231,IT
1539039232,1539047423,PL
1539047424,1539055615,IT
1539055616,1539063807,LV
1539063808,1539071999,FR
1539072000,1539080191,PL
1539080192,1539088383,UZ
1539088384,1539096575,RU
1539096576,1539097599,TR
1539097600,1539098623,RU
1539098624,1539099647,AT
1539099648,1539100671,AU
1539100672,1539101695,LB
1539101696,1539102719,RU
1539102720,1539103743,TR
1539103744,1539103999,SC
1539104000,1539104255,RU
1539104256,1539104511,SC
1539104512,1539104767,RU
1539104768,1539105791,RO
1539105792,1539106815,RU
1539106816,1539107839,NO
1539107840,1539108863,US
1539108864,1539110911,RU
1539110912,1539111935,CY
1539111936,1539112191,EG
1539112192,1539112447,BG
1539112448,1539112703,LT
1539112704,1539112959,FR
1539112960,1539115007,PL
1539115008,1539117055,CH
1539117056,1539123199,PL
1539123200,1539125247,SE
1539125248,1539127295,RU
1539127296,1539129343,PL
1539129344,1539131391,IE
1539131392,1539133439,PL
1539133440,1539135487,RU
1539135488,1539137535,GB
1539137536,1539139583,NL
1539139584,1539141631,FR
1539141632,1539143679,RU
1539143680,1539145727,NO
1539145728,1539147775,UA
1539147776,1539149823,PL
1539149824,1539151871,GB
1539151872,1539153919,UA
1539153920,1539155967,RU
1539155968,1539160063,NO
1539160064,1539161087,AT
1539161088,1539162111,BH
1539162112,1539164159,DE
1539164160,1539166207,DK
1539166208,1539167231,NL
1539167232,1539168255,IT
1539168256,1539170303,PL
1539170304,1539172351,NL
1539172352,1539176447,RU
1539176448,1539178495,PL
1539178496,1539186687,CH
1539186688,1539190527,LV
1539190528,1539190783,DE
1539190784,1539194879,LV
1539194880,1539201023,RU
1539201024,1539203071,IR
1539203072,1539203327,FR
1539203328,1539203583,GB
1539203584,1539203839,NL
1539203840,1539204095,FR
1539204096,1539204351,NL
1539204352,1539204607,PL
1539204608,1539205119,NL
1539205120,1539205375,FR
1539205376,1539205631,GB
1539205632,1539205887,AU
1539205888,1539206143,NL
1539206144,1539207167,GB
1539207168,1539211263,RU
1539211264,1539213311,LV
1539213312,1539215359,SE
1539215360,1539217407,DE
1539217408,1539217663,HK
1539217664,1539217919,UA
1539217920,1539218175,US
1539218176,1539218431,NO
1539218432,1539218687,RU
1539218688,1539218943,LV
1539218944,1539219199,ES
1539219200,1539219455,UZ
1539219456,1539221503,GG
1539221504,1539223551,FR
1539223552,1539225599,RU
1539225600,1539226111,HU
1539226112,1539226367,SE
1539226368,1539226623,HU
1539226624,1539226879,GB
1539226880,1539227135,HU
1539227136,1539227391,IT
1539227392,1539227647,DK
1539227648,1539229695,FI
1539229696,1539231743,DE
1539231744,1539233791,BE
1539233792,1539235839,LU
1539235840,1539237887,DE
1539237888,1539239935,RU
1539239936,1539244031,DE
1539244032,1539260415,BA
1539260416,1539276799,SK
1539276800,1539280895,SE
1539280896,1539284991,FR
1539284992,1539289087,TR
1539289088,1539290111,DE
1539290112,1539290623,RU
1539290624,1539291135,CH
1539291136,1539291391,RU
1539291392,1539291647,KZ
1539291648,1539291903,UZ
1539291904,1539292927,RU
1539292928,1539293183,AE
1539293184,1539297279,AZ
1539297280,1539297535,US
1539297536,1539297791,BG
1539297792,1539299071,US
1539299072,1539299839,BG
1539299840,1539300095,US
1539300096,1539301375,BG
1539301376,1539309567,RU
1539309568,1539310591,PL
1539310592,1539311615,IQ
1539311616,1539311871,GE
1539311872,1539312127,TR
1539312128,1539313663,DE
1539313664,1539314687,GB
1539314688,1539315711,RU
1539315712,1539316735,IT
1539316736,1539317759,SE
1539317760,1539318783,CZ
1539318784,1539319807,NL
1539319808,1539320831,DE
1539320832,1539321855,UA
1539321856,1539322879,AT
1539322880,1539323903,DK
1539323904,1539324927,PL
1539324928,1539325951,RU
1539325952,1539326975,KG
1539326976,1539329023,RU
1539329024,1539330047,PL
1539330048,1539331071,LT
1539331072,1539331327,BR
1539331328,1539331583,ES
1539331584,1539331839,GB
1539331840,1539332095,FR
1539332096,1539333119,PL
1539333120,1539335167,RU
1539335168,1539336191,CH
1539336192,1539336703,UA
1539336704,1539337215,GB
1539337216,1539338239,ES
1539338240,1539339263,SE
1539339264,1539340287,EE
1539340288,1539341311,PL
1539341312,1539342335,IT
1539342336,1539345407,UA
1539345408,1539346431,RO
1539346432,1539347455,PL
1539347456,1539348479,RU
1539348480,1539349503,UA
1539349504,1539350527,RU
1539350528,1539350783,IR
1539350784,1539351039,LV
1539351040,1539351295,CH
1539351296,1539351551,DE
1539351552,1539352575,PL
1539352576,1539354623,RU
1539354624,1539355647,LB
1539355648,1539357695,UA
1539357696,1539358719,RU
1539358720,1539359743,GB
1539359744,1539360767,PL
1539360768,1539361279,UA
1539361792,1539362815,PL
1539362816,1539363839,GB
1539363840,1539364863,US
1539364864,1539365887,UA
1539365888,1539366911,NO
1539366912,1539367423,PL
1539367424,1539367679,NL
1539367680,1539367935,MK
1539367936,1539368959,PL
1539368960,1539369983,GB
1539369984,1539371007,BG
1539371008,1539372031,UA
1539372032,1539373055,RU
1539373056,1539374079,PL
1539374080,1539375103,SE
1539375104,1539376127,NO
1539376128,1539376383,CH
1539376384,1539376639,IT
1539376640,1539376895,CA
1539376896,1539377151,JP
1539377152,1539378175,GB
1539378176,1539379199,PL
1539379200,1539379711,GB
1539379712,1539379967,PL
1539379968,1539380223,US
1539380224,1539381247,CH
1539381248,1539381503,RO
1539381504,1539381759,LV
1539381760,1539382015,TJ
1539382016,1539382271,FR
1539382272,1539382783,NL
1539382784,1539383295,ES
1539383296,1539384319,UA
1539384320,1539385343,RU
1539385344,1539385855,PL
1539385856,1539386111,FR
1539386112,1539386367,RU
1539386368,1539387391,IT
1539387392,1539388415,IL
1539388416,1539388671,ES
1539388672,1539388927,RO
1539388928,1539389439,IT
1539389440,1539389951,GE
1539389952,1539390463,GB
1539390464,1539391487,GR
1539391488,1539392511,LV
1539392512,1539393535,UA
1539393536,1539393791,DE
1539393792,1539394047,PL
1539394048,1539394303,FR
1539394304,1539394559,RS
1539394560,1539396607,UA
1539396608,1539397631,PL
1539397632,1539398143,RU
1539398144,1539398399,CH
1539398400,1539398655,FR
1539398656,1539399679,ES
1539399680,1539400703,PL
1539400704,1539401727,US
1539401728,1539402239,GB
1539402240,1539402751,FR
1539402752,1539403263,GB
1539403264,1539403775,RU
1539403776,1539404031,NL
1539404032,1539404287,DE
1539404288,1539404543,GB
1539404544,1539404799,NL
1539404800,1539405823,GB
1539405824,1539406847,PL
1539406848,1539408895,UA
1539408896,1539409919,CZ
1539409920,1539410943,DK
1539410944,1539411967,RU
1539411968,1539412991,PL
1539412992,1539414015,RU
1539414016,1539415039,ES
1539415040,1539416063,BG
1539416064,1539417087,PL
1539417088,1539418111,UA
1539418112,1539419135,RU
1539419136,1539420159,UA
1539420160,1539421183,RU
1539421184,1539422207,AE
1539422208,1539423231,PL
1539423232,1539424255,IE
1539424256,1539425279,NL
1539425280,1539426303,PL
1539426304,1539427327,BG
1539427328,1539428351,UA
1539428352,1539429375,PL
1539429376,1539434495,RU
1539434496,1539434751,US
1539434752,1539435007,UA
1539435008,1539435263,VN
1539435264,1539435519,US
1539435520,1539437567,RU
1539437568,1539438591,GB
1539438592,1539439615,RO
1539439616,1539439871,NL
1539439872,1539440127,PE
1539440128,1539440383,SE
1539440384,1539440639,IE
1539440640,1539441151,NL
1539441152,1539441663,RU
1539441664,1539442175,ES
1539442176,1539442431,IR
1539442432,1539442687,GE
1539442688,1539443199,NL
1539443200,1539443455,GB
1539443456,1539443711,CA
1539443712,1539444223,RU
1539444224,1539444735,NL
1539444736,1539445247,RU
1539445248,1539445759,PL
1539445760,1539446271,FI
1539446272,1539446783,SE
1539446784,1539447295,GB
1539447296,1539447551,SE
1539447552,1539447807,FI
1539447808,1539448831,RO
1539448832,1539449343,US
1539449344,1539449855,UA
1539449856,1539450367,DK
1539450368,1539450879,SE
1539450880,1539451391,UA
1539451392,1539451903,GB
1539451904,1539452415,RO
1539452416,1539452927,GB
1539452928,1539453439,CH
1539453440,1539453951,UA
1539453952,1539454719,TR
1539454720,1539454975,RU
1539454976,1539455487,UA
1539455488,1539455999,RU
1539456000,1539456511,FR
1539456512,1539457023,ES
1539457024,1539457535,RU
1539457536,1539458047,SE
1539458048,1539459071,GB
1539459072,1539459583,UA
1539459584,1539460607,GB
1539460608,1539461631,UA
1539461632,1539462143,RS
1539462144,1539462655,DE
1539462656,1539463167,BE
1539463168,1539463679,UA
1539463680,1539464191,FR
1539464192,1539464703,MT
1539464704,1539465215,DK
1539465216,1539466751,FR
1539466752,1539467263,KW
1539467264,1539467775,GB
1539467776,1539468287,PL
1539468288,1539468799,DE
1539468800,1539469055,LV
1539469056,1539469311,CH
1539469312,1539469823,RU
1539469824,1539470335,IL
1539470336,1539470847,GB
1539470848,1539471359,DE
1539471360,1539471871,RU
1539471872,1539472383,PL
1539472384,1539472895,DE
1539472896,1539473407,GB
1539473408,1539473919,FR
1539473920,1539474431,KW
1539474432,1539474943,DE
1539474944,1539475455,UA
1539475456,1539475967,NL
1539475968,1539476223,PL
1539476224,1539476479,CH
1539476480,1539476991,PL
1539476992,1539477503,IT
1539477504,1539478015,PL
1539478016,1539478527,CH
1539478528,1539478783,AT
1539478784,1539479039,RU
1539479040,1539480063,GB
1539480064,1539480575,DK
1539480576,1539481087,PL
1539481088,1539481599,GB
1539481600,1539481855,JP
1539481856,1539482111,IS
1539482112,1539483135,RU
1539483136,1539483647,PL
1539483648,1539484159,UA
1539484160,1539484671,PT
1539484672,1539485695,RU
1539485696,1539485951,LV
1539485952,1539486207,PL
1539486208,1539486719,FR
1539486720,1539487231,DE
1539487232,1539487743,PT
1539487744,1539488255,RU
1539488256,1539488767,SE
1539488768,1539489279,PL
1539489280,1539489791,RU
1539489792,1539490815,NL
1539490816,1539491327,CH
1539491328,1539491839,PL
1539491840,1539492095,GB
1539492096,1539492351,US
1539492352,1539492863,BE
1539492864,1539493375,US
1539493376,1539493887,RU
1539493888,1539494399,FR
1539494400,1539494911,PL
1539494912,1539495423,RU
1539495424,1539495935,FI
1539495936,1539496447,RS
1539496448,1539496959,NL
1539496960,1539497471,GB
1539497472,1539497983,DE
1539497984,1539498495,NL
1539498496,1539499007,RU
1539499008,1539499519,PL
1539499520,1539500543,DE
1539500544,1539501055,RO
1539501056,1539501567,CW
1539501568,1539502079,RU
1539502080,1539502591,FI
1539502592,1539503103,HR
1539503104,1539504127,RU
1539504128,1539504639,AT
1539504640,1539505151,UA
1539505152,1539505663,RU
1539505664,1539506175,DE
1539506176,1539506687,NL
1539506688,1539507199,UA
1539507200,1539508223,RO
1539508736,1539509247,UA
1539509248,1539509759,PL
1539509760,1539510271,RO
1539510272,1539510783,RU
1539510784,1539511295,CH
1539511296,1539511807,RU
1539511808,1539512319,FR
1539512320,1539512831,BG
1539512832,1539513343,PL
1539513344,1539513855,RO
1539513856,1539514367,RU
1539514368,1539514879,SE
1539514880,1539515391,ES
1539515392,1539515647,TR
1539515648,1539515903,IR
1539515904,1539516415,RS
1539516416,1539516927,AT
1539516928,1539517439,PL
1539517440,1539517951,RO
1539517952,1539518463,PL
1539518464,1539519487,DE
1539519488,1539519999,UA
1539520000,1539520511,DE
1539520512,1539521023,PL
1539521024,1539521535,DK
1539521536,1539522047,RU
1539522048,1539522559,RO
1539522560,1539523583,NL
1539523584,1539524095,UA
1539524096,1539524607,GB
1539524608,1539525119,ES
1539525120,1539525631,UA
1539525632,1539526143,SE
1539526144,1539526655,DE
1539526656,1539527167,NL
1539527168,1539527679,GB
1539527680,1539528191,RO
1539528192,1539528703,RU
1539528704,1539529215,SA
1539529216,1539529727,UA
1539529728,1539530239,PL
1539530240,1539530751,AT
1539530752,1539531263,UA
1539531264,1539531775,RO
1539531776,1539532287,RU
1539532288,1539532799,ES
1539532800,1539533311,DE
1539533312,1539533823,CZ
1539533824,1539534335,PL
1539534336,1539534847,AM
1539534848,1539535359,GB
1539535360,1539535871,RU
1539535872,1539536383,AT
1539536384,1539536895,NL
1539536896,1539537407,UA
1539537408,1539537919,GB
1539537920,1539540479,RU
1539540480,1539540991,PL
1539540992,1539541503,RU
1539541504,1539542015,TR
1539542016,1539542527,DE
1539542528,1539543039,CH
1539543040,1539543551,RO
1539543552,1539544063,SI
1539544064,1539544575,RU
1539544576,1539545087,DE
1539545088,1539545599,GR
1539545600,1539546111,SE
1539546112,1539546623,UA
1539546624,1539547135,PL
1539547136,1539547647,NL
1539547648,1539548159,IL
1539548160,1539548671,FR
1539548672,1539549695,GB
1539549696,1539550207,RU
1539550208,1539550719,UA
1539550720,1539551231,IE
1539551232,1539551743,RS
1539551744,1539552255,RU
1539552256,1539552767,RO
1539552768,1539553279,GB
1539553280,1539553791,UA
1539553792,1539554303,GB
1539554304,1539554815,CH
1539554816,1539555327,PL
1539555328,1539555839,GB
1539555840,1539556863,RO
1539556864,1539557375,AT
1539557376,1539557887,NL
1539557888,1539558399,CZ
1539558400,1539558911,RU
1539558912,1539559423,FR
1539559424,1539559935,IE
1539559936,1539560447,RU
1539560448,1539560959,SE
1539560960,1539561471,UA
1539561472,1539561727,AT
1539561728,1539561983,RO
1539561984,1539563007,DE
1539563008,1539564031,SE
1539564032,1539564543,KZ
1539564544,1539565055,DE
1539565056,1539565567,RU
1539565568,1539566079,PL
1539566080,1539567103,NL
1539567104,1539567615,CH
1539567616,1539568639,DE
1539568640,1539569151,UA
1539569152,1539569663,EE
1539569664,1539570175,UA
1539570176,1539570687,PL
1539570688,1539571199,EE
1539571200,1539571711,AM
1539571712,1539572735,UA
1539572736,1539572991,RU
1539572992,1539573247,GB
1539573248,1539573503,NL
1539573504,1539575807,PL
1539575808,1539576831,IT
1539576832,1539577855,AT
1539577856,1539578879,NL
1539578880,1539579903,GB
1539579904,1539580159,DE
1539580160,1539580415,US
1539580416,1539580671,DE
1539580672,1539580927,RU
1539580928,1539581951,AM
1539581952,1539582975,CZ
1539582976,1539583999,RO
1539584000,1539585023,PL
1539585024,1539586047,UA
1539586048,1539587071,PL
1539587072,1539588095,RU
1539588096,1539589119,IT
1539589120,1539590143,DE
1539590144,1539591167,RU
1539591168,1539592191,UZ
1539592192,1539593215,UA
1539593216,1539594239,RU
1539594240,1539598335,UA
1539598336,1539599359,NL
1539599360,1539600383,PL
1539600384,1539601407,HU
1539601408,1539602431,GB
1539602432,1539603455,UA
1539603456,1539604479,BG
1539604480,1539605503,ES
1539605504,1539606527,UA
1539606528,1539607551,RU
1539607552,1539609599,DE
1539609600,1539610623,UA
1539610624,1539610879,FR
1539610880,1539611391,RO
1539611392,1539611647,DE
1539611648,1539612927,UA
1539612928,1539613695,PL
1539613696,1539614719,LV
1539614720,1539615743,NL
1539615744,1539616767,DK
1539616768,1539617791,UA
1539617792,1539618815,IL
1539618816,1539619839,GB
1539619840,1539620095,DK
1539620096,1539620351,DE
1539620352,1539620607,GB
1539620864,1539621887,UA
1539621888,1539622911,SK
1539622912,1539624959,DE
1539624960,1539625983,ES
1539625984,1539627007,PL
1539627008,1539628031,NL
1539628032,1539628287,US
1539628288,1539629055,DE
1539629056,1539630079,BG
1539630080,1539631103,UA
1539631104,1539632127,DK
1539632128,1539633151,RU
1539633152,1539634175,SE
1539634176,1539637247,RU
1539637248,1539638271,LV
1539638272,1539638527,UA
1539638528,1539639039,FR
1539639040,1539639295,UA
1539639296,1539640319,RU
1539640320,1539641343,CY
1539641344,1539642367,UA
1539642368,1539643391,RU
1539643392,1539644415,UA
1539644416,1539645439,DE
1539645440,1539646463,GB
1539646464,1539647487,RO
1539647488,1539648511,SE
1539648512,1539649023,CZ
1539649024,1539649535,LB
1539649536,1539650559,UA
1539650560,1539651327,RU
1539651328,1539651583,DE
1539651584,1539651839,UA
1539651840,1539652095,RU
1539652096,1539652607,UA
1539652608,1539653631,IL
1539653632,1539654655,RU
1539654656,1539656703,NL
1539656704,1539657727,RU
1539657728,1539658751,UA
1539658752,1539659775,FI
1539659776,1539660799,PL
1539660800,1539661823,GB
1539661824,1539662847,RU
1539662848,1539663871,IL
1539663872,1539664895,RU
1539664896,1539665919,BE
1539665920,1539667967,CZ
1539667968,1539668991,ES
1539668992,1539670015,RU
1539670016,1539671039,UA
1539671040,1539672063,RU
1539672064,1539673087,FR
1539673088,1539674111,GB
1539674112,1539675135,UA
1539675136,1539677183,PL
1539677184,1539679231,RU
1539679232,1539680255,FR
1539680256,1539681279,UA
1539681280,1539684351,RU
1539684352,1539685375,UA
1539685376,1539687423,RU
1539687424,1539688447,IT
1539688448,1539689471,RO
1539689472,1539690495,RU
1539690496,1539691519,FI
1539691520,1539692543,RU
1539692544,1539694591,UA
1539694592,1539695615,PL
1539695616,1539696639,GB
1539696640,1539697663,IE
1539697664,1539698687,RU
1539698688,1539698943,UA
1539698944,1539699199,PL
1539699200,1539699455,IR
1539699456,1539699711,US
1539699712,1539700735,RO
1539700736,1539701759,DK
1539701760,1539702783,US
1539702784,1539703039,SI
1539703040,1539703295,UA
1539703296,1539703551,DE
1539703552,1539703807,GB
1539703808,1539704063,UA
1539704064,1539704319,IL
1539704320,1539704575,CH
1539704576,1539704831,HU
1539704832,1539705087,CH
1539705088,1539705343,GB
1539705344,1539705599,UA
1539705600,1539706111,CH
1539706112,1539706367,GB
1539706368,1539706623,RU
1539706624,1539707135,PL
1539707136,1539707391,LT
1539707392,1539707647,AE
1539707648,1539707903,DE
1539707904,1539708159,PL
1539708160,1539708415,DE
1539708416,1539708671,SE
1539708672,1539708927,HK
1539708928,1539709183,GB
1539709184,1539709439,AT
1539709440,1539709695,BE
1539709696,1539709951,NL
1539709952,1539710207,PL
1539710208,1539710463,NL
1539710464,1539710719,FR
1539710720,1539710975,UA
1539710976,1539711231,DE
1539711232,1539711487,RU
1539711488,1539711743,UA
1539711744,1539711999,DE
1539712000,1539712255,UA
1539712256,1539712511,ES
1539712512,1539712767,KZ
1539712768,1539713023,RU
1539713024,1539713279,GB
1539713280,1539713535,ES
1539713536,1539713791,DK
1539713792,1539714047,DE
1539714048,1539714303,FR
1539714304,1539714559,AT
1539714560,1539714815,RU
1539714816,1539715071,PT
1539715072,1539715327,ES
1539715328,1539715583,TR
1539715584,1539715839,UA
1539715840,1539716095,FR
1539716096,1539716351,SI
1539716352,1539716607,PL
1539716608,1539716863,RU
1539716864,1539717375,PL
1539717376,1539717631,LT
1539717632,1539717887,CH
1539717888,1539718143,RO
1539718144,1539718399,DE
1539718400,1539718655,TR
1539718656,1539718911,SA
1539718912,1539719167,KZ
1539719168,1539719423,TR
1539719424,1539719679,ES
1539719680,1539719935,TR
1539719936,1539720191,DE
1539720192,1539720703,RU
1539720704,1539720959,IL
1539720960,1539721215,RU
1539721216,1539721727,CH
1539721728,1539721983,PL
1539721984,1539722239,RU
1539722240,1539722495,PL
1539722496,1539722751,LT
1539722752,1539723007,DE
1539723008,1539723263,CH
1539723264,1539723519,PL
1539723520,1539723775,GB
1539723776,1539724031,DE
1539724032,1539724287,UA
1539724288,1539724543,IT
1539724544,1539724799,RU
1539724800,1539725055,DE
1539725056,1539725311,CZ
1539725312,1539725567,FR
1539725568,1539725823,PL
1539725824,1539726079,PT
1539726080,1539726335,LV
1539726336,1539726591,SE
1539726592,1539726847,AT
1539726848,1539727103,PL
1539727104,1539727359,US
1539727360,1539727615,SI
1539727616,1539727871,PL
1539727872,1539728127,RU
1539728128,1539728383,GB
1539728384,1539728639,PL
1539728640,1539728895,KZ
1539728896,1539729151,CH
1539729152,1539729407,NL
1539729408,1539729663,RU
1539729664,1539729919,FR
1539729920,1539730175,NL
1539730176,1539730431,GB
1539730432,1539730943,AM
1539730944,1539731199,IR
1539731200,1539731455,PL
1539731456,1539731711,SI
1539731712,1539732223,DE
1539732224,1539732479,LT
1539732480,1539732735,UA
1539732736,1539732991,GB
1539732992,1539733247,PL
1539733248,1539733503,BG
1539733504,1539733759,FI
1539733760,1539734015,PL
1539734016,1539734271,FR
1539734272,1539734527,NL
1539734528,1539734783,TR
1539734784,1539735039,FR
1539735040,1539735295,LU
1539735296,1539735551,RU
1539735552,1539735807,AT
1539735808,1539736063,IL
1539736064,1539736319,RU
1539736320,1539736575,HU
1539736576,1539737087,BG
1539737088,1539737343,KW
1539737344,1539737599,SE
1539737600,1539738111,DE
1539738112,1539738367,FR
1539738368,1539738623,DE
1539738624,1539738879,UA
1539738880,1539739135,IT
1539739392,1539739647,UA
1539739648,1539739903,DK
1539739904,1539740415,PL
1539740416,1539740671,IT
1539740672,1539740927,AT
1539740928,1539741183,RU
1539741184,1539741439,PL
1539741440,1539741951,NL
1539741952,1539742207,RU
1539742208,1539742463,CH
1539742464,1539742719,RU
1539742720,1539742975,LV
1539742976,1539743231,DE
1539743232,1539743487,IT
1539743488,1539743743,FR
1539743744,1539743999,RO
1539744000,1539744255,PL
1539744256,1539744511,RO
1539744512,1539744767,DE
1539744768,1539745023,SE
1539745024,1539745279,DE
1539745280,1539745535,PL
1539745536,1539745791,IT
1539745792,1539746303,DK
1539746304,1539746815,NL
1539746816,1539747071,DE
1539747072,1539747327,CH
1539747328,1539747583,US
1539747584,1539747839,RU
1539747840,1539748095,NO
1539748096,1539748351,PL
1539748352,1539748607,NL
1539748608,1539748863,PL
1539748864,1539749119,GB
1539749120,1539749375,BG
1539749376,1539749631,PT
1539749632,1539749887,GR
1539749888,1539750143,RU
1539750144,1539750399,DE
1539750400,1539750655,PL
1539750656,1539750911,DE
1539750912,1539751167,IL
1539751168,1539751423,DE
1539751424,1539751679,SI
1539751680,1539751935,FR
1539751936,1539752191,DE
1539752192,1539752447,SE
1539752448,1539752703,PL
1539752704,1539752959,AT
1539752960,1539753471,DE
1539753472,1539753727,HU
1539753728,1539753983,FR
1539753984,1539754239,DK
1539754240,1539754495,NO
1539754496,1539754751,SE
1539754752,1539755007,BE
1539755008,1539755263,DK
1539755264,1539755519,IL
1539755520,1539755775,EE
1539755776,1539756031,MC
1539756032,1539756287,RU
1539756288,1539756543,PL
1539756544,1539757567,RU
1539757568,1539757823,SI
1539757824,1539758079,RU
1539758080,1539758335,HR
1539758336,1539758591,PL
1539758592,1539758847,RU
1539758848,1539759103,BA
1539759104,1539759615,RU
1539759616,1539759871,PL
1539759872,1539760127,SE
1539760128,1539760383,DE
1539760384,1539760639,RU
1539760640,1539760895,PL
1539760896,1539761151,DK
1539761152,1539761407,DE
1539761408,1539761919,CH
1539761920,1539762175,RU
1539762176,1539762431,PL
1539762432,1539762687,UA
1539762688,1539762943,NL
1539762944,1539763199,UA
1539763200,1539763455,MD
1539763456,1539763711,DK
1539763712,1539763967,DE
1539763968,1539764223,FR
1539764224,1539764479,AT
1539764480,1539764735,GB
1539764736,1539764991,DE
1539764992,1539765247,BE
1539765248,1539765503,IE
1539765504,1539766015,PL
1539766016,1539766271,UA
1539766272,1539766527,PL
1539766528,1539766783,UA
1539766784,1539767039,DE
1539767040,1539767295,SA
1539767296,1539767551,DK
1539767552,1539767807,DE
1539767808,1539768063,RU
1539768064,1539768319,GB
1539768320,1539768575,FR
1539768576,1539768831,GB
1539768832,1539769087,BG
1539769088,1539769343,SC
1539769344,1539769599,RU
1539769600,1539769855,AT
1539769856,1539770111,DE
1539770112,1539770367,GR
1539770368,1539770623,DE
1539770624,1539770879,IR
1539770880,1539771135,RU
1539771136,1539771391,FR
1539771392,1539771647,PL
1539771648,1539771903,UA
1539771904,1539772159,IR
1539772160,1539772415,BE
1539772416,1539772671,RU
1539772672,1539772927,RS
1539772928,1539773439,IR
1539773440,1539773695,KZ
1539773696,1539773951,DE
1539773952,1539774207,PL
1539774208,1539774463,SI
1539774464,1539774719,GB
1539774720,1539774975,PL
1539774976,1539775231,RU
1539775232,1539775487,IR
1539775488,1539775743,UA
1539775744,1539775999,IL
1539776000,1539776255,IR
1539776256,1539776511,SK
1539776512,1539776767,GB
1539776768,1539777023,UA
1539777024,1539777279,RU
1539777280,1539777535,UA
1539777536,1539777791,IT
1539777792,1539778047,RU
1539778048,1539778303,AM
1539778304,1539778559,LB
1539778560,1539778815,NL
1539778816,1539779071,IN
1539779072,1539779327,HR
1539779328,1539779583,IR
1539779584,1539779839,DE
1539779840,1539780095,UA
1539780096,1539780351,RU
1539780352,1539780863,ES
1539780864,1539781375,RO
1539781376,1539781631,PL
1539781632,1539781887,HU
1539781888,1539782143,IL
1539782144,1539782399,CY
1539782400,1539782655,LT
1539782656,1539782911,MT
1539782912,1539783167,PL
1539783168,1539783679,NL
1539783680,1539783935,AT
1539783936,1539784191,SI
1539784192,1539784447,RU
1539784448,1539784703,NO
1539784704,1539784959,SE
1539784960,1539785215,DE
1539785216,1539785471,CH
1539785472,1539785727,RU
1539785728,1539785983,SE
1539785984,1539786239,IL
1539786240,1539786495,AT
1539786496,1539786751,GB
1539786752,1539787007,HU
1539787008,1539787263,TR
1539787264,1539787519,IE
1539787520,1539787775,DE
1539787776,1539788031,CH
1539788032,1539788287,HR
1539788288,1539788543,GB
1539788544,1539788799,HR
1539788800,1539789055,RU
1539789056,1539789311,DE
1539789312,1539789567,US
1539789568,1539789823,IM
1539789824,1539790079,HK
1539790080,1539790335,CH
1539790336,1539790591,LV
1539790592,1539790847,SG
1539790848,1539791103,DE
1539791104,1539791359,PL
1539791360,1539791615,ES
1539791616,1539792383,UA
1539792384,1539792639,IL
1539792640,1539792895,PL
1539792896,1539793151,GR
1539793152,1539793407,PL
1539793408,1539793663,CH
1539793664,1539794175,IL
1539794176,1539794431,PL
1539794432,1539794687,ES
1539794688,1539794943,FR
1539794944,1539795199,RO
1539795200,1539795455,TR
1539795456,1539795711,PL
1539795712,1539795967,SA
1539795968,1539796223,ES
1539796224,1539796479,MC
1539796480,1539796735,BE
1539796736,1539796991,TR
1539796992,1539797247,KG
1539797248,1539797503,DK
1539797504,1539798015,RU
1539798016,1539798271,PT
1539798272,1539798527,PL
1539798528,1539798783,DE
1539798784,1539799039,IL
1539799040,1539799295,ES
1539799296,1539799551,DK
1539799552,1539799807,OM
1539799808,1539800063,ES
1539800064,1539800319,BG
1539800320,1539800575,GB
1539800576,1539800831,CH
1539800832,1539801087,PL
1539801088,1539801343,BG
1539801344,1539801855,GB
1539801856,1539802111,SI
1539802112,1539802367,PL
1539802368,1539802623,RU
1539802624,1539802879,IS
1539802880,1539803135,NL
1539803136,1539803391,GB
1539803392,1539803647,CZ
1539803648,1539804159,UA
1539804160,1539804671,PL
1539804672,1539804927,SI
1539804928,1539805183,RU
1539805184,1539805439,UA
1539805440,1539805695,AT
1539805696,1539805951,PL
1539805952,1539806207,CZ
1539806208,1539806463,FI
1539806464,1539806719,RU
1539806720,1539806975,BG
1539806976,1539807231,GB
1539807488,1539807743,RU
1539807744,1539807999,CZ
1539808000,1539808255,HU
1539808256,1539808511,RU
1539808512,1539808767,GB
1539808768,1539809023,DE
1539809024,1539809279,GB
1539809280,1539809535,CZ
1539809536,1539809791,SI
1539809792,1539810047,DE
1539810048,1539810303,LT
1539810304,1539810559,CZ
1539810560,1539810815,DE
1539810816,1539811071,LV
1539811072,1539811327,NL
1539811328,1539811583,CZ
1539811584,1539811839,DE
1539811840,1539812095,IT
1539812096,1539812351,RU
1539812352,1539812607,LT
1539812608,1539812863,NL
1539812864,1539813119,RU
1539813120,1539813375,AT
1539813376,1539813631,PL
1539813632,1539813887,NL
1539813888,1539814143,RU
1539814144,1539814399,FR
1539814400,1539814911,GB
1539814912,1539815167,US
1539815168,1539815423,GB
1539815424,1539815935,NL
1539815936,1539816191,CH
1539816192,1539816447,SA
1539816448,1539816703,UA
1539816704,1539816959,KZ
1539816960,1539817215,DK
1539817216,1539817471,TR
1539817472,1539817727,DE
1539817728,1539817983,NO
1539817984,1539818239,UA
1539818240,1539818495,NO
1539818496,1539819007,RU
1539819008,1539819263,CH
1539819264,1539819519,RU
1539819520,1539819775,AT
1539819776,1539820031,SI
1539820032,1539820287,IL
1539820288,1539820543,PL
1539820544,1539820799,TR
1539820800,1539821055,RU
1539821056,1539821311,NL
1539821312,1539821567,CZ
1539821568,1539821823,DK
1539821824,1539822079,JP
1539822080,1539822335,RO
1539822336,1539822591,IT
1539822592,1539822847,GB
1539822848,1539823103,IE
1539823104,1539823359,DE
1539823360,1539823615,IR
1539823616,1539823871,RO
1539823872,1539824127,DK
1539824128,1539824383,CH
1539824384,1539824639,NL
1539824640,1539824895,RO
1539824896,1539825151,FR
1539825152,1539825407,UA
1539825408,1539825663,IT
1539825664,1539825919,RU
1539825920,1539826175,DE
1539826176,1539826431,AM
1539826432,1539826687,NL
1539826688,1539826943,CH
1539826944,1539827455,RU
1539827456,1539827711,MK
1539827712,1539827967,RU
1539827968,1539828479,FR
1539828480,1539828735,SI
1539828736,1539828991,NL
1539828992,1539829247,BG
1539829248,1539829503,SE
1539829504,1539829759,DE
1539829760,1539830015,PL
1539830016,1539830271,DE
1539830272,1539830527,FR
1539830528,1539830783,RO
1539830784,1539831039,RU
1539831040,1539831295,UA
1539831296,1539831551,PL
1539831552,1539831807,BG
1539831808,1539832063,IT
1539832064,1539832319,GB
1539832320,1539832575,PL
1539832576,1539832831,RU
1539832832,1539833087,GB
1539833088,1539833343,IN
1539833344,1539833855,FR
1539833856,1539836927,UA
1539836928,1539837951,RU
1539837952,1539838975,NL
1539838976,1539839999,GR
1539840000,1539841023,PL
1539841024,1539842047,RU
1539842048,1539844095,PL
1539844096,1539845119,UA
1539845120,1539846143,RU
1539846144,1539847167,NL
1539847168,1539849471,UA
1539849472,1539849727,GB
1539849728,1539849983,RU
1539849984,1539850239,CY
1539850240,1539851263,LV
1539851264,1539852287,PL
1539852288,1539853311,UA
1539853312,1539854335,PL
1539854336,1539855359,UA
1539855360,1539856383,RU
1539856384,1539857407,GB
1539857408,1539858431,PL
1539858432,1539859455,RO
1539859456,1539860479,DE
1539860480,1539861503,PL
1539861504,1539862527,DE
1539862528,1539863551,UA
1539863552,1539864575,ES
1539864576,1539865599,RO
1539865600,1539866623,UA
1539866624,1539867647,IT
1539867648,1539867903,RO
1539867904,1539868159,US
1539868160,1539868671,RO
1539868672,1539869695,GE
1539869696,1539870719,ES
1539870720,1539870975,CH
1539870976,1539871231,DE
1539871232,1539871487,RU
1539871488,1539871743,GB
1539871744,1539871999,KZ
1539872000,1539872511,RU
1539872512,1539872767,KZ
1539872768,1539873791,SE
1539873792,1539874815,UA
1539874816,1539876863,RU
1539876864,1539877887,ES
1539877888,1539878911,PL
1539878912,1539879167,SI
1539879168,1539879423,FR
1539879424,1539879679,LV
1539879680,1539879935,IT
1539879936,1539880959,UA
1539880960,1539881983,PL
1539881984,1539883007,US
1539883008,1539884031,BG
1539884032,1539885055,MT
1539885056,1539886079,UA
1539886080,1539887103,FR
1539887104,1539888127,IT
1539888128,1539889151,CA
1539889152,1539890175,TJ
1539890176,1539890431,RO
1539890432,1539890687,UA
1539890688,1539890943,NL
1539890944,1539891199,US
1539891200,1539893247,RU
1539893248,1539894271,UA
1539894272,1539895295,PL
1539895296,1539895551,JP
1539895552,1539895807,DE
1539895808,1539896319,JP
1539896320,1539897343,ES
1539897344,1539898367,UA
1539898368,1539898623,GB
1539898624,1539898879,LT
1539898880,1539899135,FR
1539899136,1539899391,GB
1539899392,1539900415,RU
1539900416,1539901439,AE
1539901440,1539901951,RU
1539901952,1539902207,KZ
1539902208,1539902463,RU
1539902464,1539903487,LV
1539903488,1539904511,PL
1539904512,1539905535,CZ
1539905536,1539905791,RU
1539905792,1539906047,NL
1539906048,1539906559,RU
1539906560,1539907583,SK
1539907584,1539908607,CZ
1539908608,1539909631,UA
1539909632,1539910655,RU
1539910656,1539911679,PL
1539911680,1539913727,RU
1539913728,1539914751,CH
1539914752,1539915775,SE
1539915776,1539916799,LT
1539916800,1539917823,UA
1539917824,1539918847,RU
1539918848,1539920895,RO
1539920896,1539921663,RU
1539921664,1539921919,NL
1539921920,1539922943,PL
1539922944,1539923967,CZ
1539923968,1539924991,GE
1539924992,1539926015,DE
1539926016,1539926271,IT
1539926272,1539926527,GB
1539926528,1539926783,FR
1539926784,1539927039,US
1539927040,1539928063,RU
1539928064,1539929087,NL
1539929088,1539930111,RU
1539930112,1539931135,PL
1539931136,1539932159,NL
1539932160,1539933183,DE
1539933184,1539934207,ES
1539934208,1539935231,RS
1539935232,1539935743,DE
1539935744,1539936255,IT
1539936256,1539937279,UA
1539937280,1539938303,CH
1539938304,1539939327,PL
1539939328,1539940351,UA
1539940352,1539941375,GB
1539941376,1539942399,NL
1539942400,1539942655,UA
1539942656,1539942911,DK
1539942912,1539943167,US
1539943168,1539943423,AT
1539943424,1539944447,BG
1539944448,1539945471,RU
1539945472,1539946495,UA
1539946496,1539947519,RU
1539947520,1539948543,UA
1539948544,1539949567,RO
1539949568,1539949823,AM
1539949824,1539950079,ES
1539950080,1539950335,GB
1539950336,1539950591,NL
1539950592,1539950847,AZ
1539950848,1539951103,NO
1539951104,1539951615,US
1539951616,1539953663,RU
1539953664,1539954175,CH
1539954176,1539955711,KZ
1539955712,1539956735,RO
1539956736,1539957759,UA
1539957760,1539958783,RU
1539958784,1539959807,UA
1539959808,1539960831,RU
1539960832,1539962879,UA
1539962880,1539964927,RU
1539964928,1539965183,BG
1539965184,1539965439,UA
1539965440,1539965695,DE
1539965696,1539965951,ES
1539965952,1539966463,NL
1539966464,1539966975,UA
1539966976,1539972095,RU
1539972096,1539973119,GB
1539973120,1539974143,BE
1539974144,1539975167,RU
1539975168,1539976191,DE
1539976192,1539977215,RU
1539977216,1539978239,DE
1539978240,1539979263,CZ
1539979264,1539980287,GE
1539980288,1539981311,LT
1539981312,1539982335,SI
1539982336,1539983359,RU
1539983360,1539984383,UA
1539984384,1539985407,RU
1539985408,1539986431,NO
1539986432,1539987455,RU
1539987456,1539988479,RO
1539988480,1539989503,RU
1539989504,1539990527,GE
1539990528,1539991551,PL
1539991552,1539993599,UA
1539993600,1539994623,FI
1539994624,1539995647,AT
1539995648,1539996671,CH
1539996672,1539997695,PL
1539997696,1539999743,UA
1539999744,1540000767,GB
1540000768,1540001791,RU
1540001792,1540002815,UA
1540002816,1540003839,RU
1540003840,1540004863,PL
1540004864,1540005887,SE
1540005888,1540006911,UA
1540006912,1540007935,RU
1540007936,1540008959,IL
1540008960,1540011007,PL
1540011008,1540013055,RU
1540013056,1540014079,ES
1540014080,1540015103,PL
1540015104,1540016127,RU
1540016128,1540017151,US
1540017152,1540018175,RU
1540018176,1540018431,NL
1540018432,1540018687,BR
1540018688,1540018943,NL
1540018944,1540019199,KY
1540019200,1540020223,UA
1540020224,1540022271,RU
1540022272,1540023295,GB
1540023296,1540024319,PL
1540024320,1540025343,RU
1540025344,1540026367,GB
1540026368,1540027391,UA
1540027392,1540028415,CY
1540028416,1540029439,SA
1540029440,1540031487,RU
1540031488,1540032511,UA
1540032512,1540033535,RU
1540033536,1540034559,UA
1540034560,1540035583,PL
1540035584,1540036607,KZ
1540036608,1540037631,UA
1540037632,1540037887,SI
1540037888,1540038143,EE
1540038144,1540038399,US
1540038400,1540038655,CH
1540038656,1540039679,FR
1540039680,1540040703,RU
1540040704,1540041727,SE
1540041728,1540042751,RU
1540042752,1540043775,UA
1540043776,1540044799,PL
1540044800,1540045823,GB
1540045824,1540046847,UA
1540046848,1540047871,RU
1540047872,1540048895,LV
1540048896,1540049919,GB
1540049920,1540050943,NL
1540050944,1540052991,RU
1540052992,1540054015,UA
1540054016,1540055039,FR
1540055040,1540056063,NO
1540056064,1540057087,DE
1540057088,1540057343,PL
1540057344,1540057599,RU
1540057600,1540059135,DE
1540059136,1540060159,UA
1540060160,1540061183,NO
1540061184,1540062207,IL
1540062208,1540063231,RU
1540063232,1540064255,US
1540064256,1540065279,IN
1540065280,1540068351,UA
1540068352,1540069375,NL
1540069376,1540070399,RU
1540070400,1540071423,PL
1540071424,1540072447,SE
1540072448,1540073471,UA
1540073472,1540074495,RU
1540074496,1540075519,UZ
1540075520,1540077567,RU
1540077568,1540078591,FR
1540078592,1540081663,RU
1540081664,1540083711,DE
1540083712,1540084735,RU
1540084736,1540085759,DE
1540085760,1540086783,PL
1540086784,1540087039,IT
1540087040,1540087807,PL
1540087808,1540088575,RU
1540088576,1540088831,KZ
1540088832,1540089855,DE
1540089856,1540092927,RU
1540092928,1540094975,PL
1540094976,1540095999,RU
1540096000,1540097023,SE
1540097024,1540099071,DE
1540099072,1540100095,UA
1540100096,1540102143,RU
1540102144,1540103167,CH
1540103168,1540104191,PL
1540104192,1540105215,DE
1540105216,1540106239,UA
1540106240,1540107263,GB
1540107264,1540109055,DE
1540109056,1540109311,JP
1540109312,1540110335,RS
1540110336,1540111359,RU
1540111360,1540112383,UA
1540112384,1540113407,LV
1540113408,1540114431,RU
1540114432,1540114943,LT
1540114944,1540115199,FI
1540115200,1540115455,LV
1540115456,1540116479,UA
1540116480,1540116735,AU
1540116736,1540116991,DE
1540116992,1540117247,IE
1540117248,1540117503,NL
1540117504,1540118527,UA
1540118528,1540119551,PL
1540119552,1540120575,UA
1540120576,1540124671,RU
1540124672,1540125695,UA
1540125696,1540126719,FR
1540126720,1540127743,UA
1540127744,1540128767,ES
1540128768,1540129791,RU
1540129792,1540130815,UA
1540130816,1540131839,RU
1540131840,1540132863,PL
1540132864,1540134911,RU
1540134912,1540135935,PL
1540135936,1540136959,BG
1540136960,1540137983,PL
1540137984,1540139007,RU
1540139008,1540140031,DE
1540140032,1540141055,GB
1540141056,1540142335,RU
1540142336,1540142591,KH
1540142592,1540143103,CO
1540143104,1540144127,RU
1540144128,1540145151,AM
1540145152,1540146175,AT
1540146176,1540147199,UA
1540147200,1540148223,RU
1540148224,1540149247,PL
1540149248,1540150271,GB
1540150272,1540151295,UA
1540151296,1540152319,AT
1540152320,1540153343,BG
1540153344,1540154367,HK
1540154368,1540156415,RU
1540156416,1540157439,UZ
1540157440,1540158463,RU
1540158464,1540159487,GB
1540159488,1540160511,IT
1540160512,1540162559,RU
1540162560,1540163583,ES
1540163584,1540164607,RU
1540164608,1540165631,DE
1540165632,1540166655,UA
1540166656,1540167679,PL
1540167680,1540168703,RU
1540168704,1540169727,DE
1540169728,1540170751,NL
1540170752,1540171775,DE
1540171776,1540172031,CZ
1540172032,1540172287,TR
1540172288,1540172543,IQ
1540172544,1540172799,FR
1540172800,1540173823,RU
1540173824,1540174847,KG
1540174848,1540175871,RU
1540175872,1540176895,DE
1540176896,1540177919,SE
1540177920,1540178943,UA
1540178944,1540179967,BA
1540179968,1540180991,PL
1540180992,1540182015,DE
1540182016,1540183039,IT
1540183040,1540184063,RU
1540184064,1540185087,PL
1540185088,1540186111,CZ
1540186112,1540187135,EE
1540187136,1540188159,US
1540188160,1540189183,DE
1540189184,1540190207,GB
1540190208,1540191231,PT
1540191232,1540192255,FR
1540192256,1540193279,RU
1540193280,1540193535,DE
1540193536,1540193791,GB
1540193792,1540194047,ES
1540194048,1540194303,SE
1540194304,1540195327,RU
1540195328,1540198399,AM
1540198400,1540199423,RU
1540199424,1540200447,CH
1540200448,1540201471,IL
1540201472,1540201727,FR
1540201728,1540201983,GE
1540201984,1540202239,UA
1540202240,1540202495,NO
1540202496,1540205567,RU
1540205568,1540206591,FR
1540206592,1540208639,RU
1540208640,1540209663,NO
1540209664,1540210687,RU
1540210688,1540211455,NL
1540211456,1540211711,CZ
1540211712,1540212735,AM
1540212736,1540213759,RU
1540213760,1540214783,UA
1540214784,1540215807,RU
1540215808,1540216831,NL
1540216832,1540217855,UA
1540217856,1540218111,FI
1540218112,1540218367,IN
1540218368,1540218623,PL
1540218624,1540218879,US
1540218880,1540219903,RU
1540219904,1540220159,GB
1540220416,1540220671,IN
1540220672,1540220927,NO
1540220928,1540221951,CO
1540221952,1540223999,RU
1540224000,1540225023,PL
1540225024,1540226047,GB
1540226048,1540227071,RU
1540227072,1540227583,GB
1540227584,1540227839,LT
1540227840,1540228607,UA
1540228608,1540229119,PL
1540229120,1540229631,AT
1540229632,1540229887,FR
1540229888,1540230143,CH
1540230144,1540232191,RU
1540232192,1540232703,BG
1540232704,1540233215,RU
1540233216,1540233727,CH
1540233728,1540234239,PL
1540234240,1540234495,IR
1540234496,1540234751,DE
1540234752,1540235775,UA
1540235776,1540236287,NO
1540236288,1540236799,RO
1540236800,1540237311,PL
1540237312,1540238847,RO
1540238848,1540239359,DE
1540239360,1540239871,GB
1540239872,1540240383,FR
1540240384,1540240895,CH
1540240896,1540242175,RU
1540242176,1540242431,GB
1540242432,1540242943,DE
1540242944,1540243455,RU
1540243456,1540243967,GB
1540243968,1540244735,RU
1540244736,1540244991,AE
1540244992,1540245247,IT
1540245248,1540245503,TR
1540245504,1540246015,RU
1540246016,1540246271,DE
1540246272,1540246527,BE
1540246528,1540247039,PL
1540247040,1540247551,RO
1540247552,1540248063,NL
1540248064,1540248575,RO
1540248576,1540249087,BE
1540249088,1540249599,DE
1540249600,1540250111,RU
1540250112,1540250367,PL
1540250368,1540250623,CZ
1540250624,1540251135,RU
1540251136,1540251391,NL
1540251392,1540251647,IT
1540251648,1540252159,PL
1540252160,1540252671,DE
1540252672,1540253183,RU
1540253184,1540253695,AT
1540253696,1540254207,CH
1540254208,1540254719,IE
1540254720,1540255231,PL
1540255232,1540255743,RU
1540255744,1540255999,HU
1540256000,1540256255,AT
1540256256,1540256767,PL
1540256768,1540257279,RU
1540257280,1540257791,GB
1540257792,1540258303,RU
1540258304,1540258559,DE
1540258560,1540258815,RO
1540258816,1540259327,UA
1540259328,1540259839,RU
1540259840,1540260351,IT
1540260352,1540260863,GE
1540260864,1540261375,LT
1540261376,1540261887,SA
1540261888,1540262399,NL
1540262400,1540262911,BG
1540262912,1540263423,IE
1540263424,1540263935,DE
1540263936,1540264447,IM
1540264448,1540265471,RU
1540265472,1540265983,US
1540265984,1540266495,DE
1540266496,1540267007,PL
1540267008,1540267519,FR
1540267520,1540268543,RO
1540268544,1540268799,NL
1540268800,1540269055,LU
1540269056,1540269567,DK
1540269568,1540269823,RU
1540269824,1540270079,UA
1540270080,1540270335,AR
1540270336,1540270591,PL
1540270592,1540270847,DK
1540270848,1540271103,IR
1540271104,1540271615,PL
1540271616,1540272127,SE
1540272128,1540272383,CH
1540272384,1540272639,IR
1540272640,1540273663,PL
1540273664,1540274175,GB
1540274176,1540274687,DE
1540274688,1540275199,UA
1540275200,1540275711,DE
1540275712,1540276223,GR
1540276224,1540276735,AT
1540276736,1540277247,ES
1540277248,1540277759,RU
1540277760,1540278271,FR
1540278272,1540278783,UA
1540278784,1540279807,AT
1540279808,1540280319,RO
1540280320,1540280831,IE
1540280832,1540281343,PL
1540281344,1540281855,RU
1540281856,1540282367,DE
1540282368,1540282879,RU
1540282880,1540283391,UA
1540283392,1540283903,VG
1540283904,1540284415,RU
1540284416,1540284927,AT
1540284928,1540285439,UA
1540285440,1540285695,BG
1540285696,1540285951,FR
1540285952,1540286207,DK
1540286208,1540286463,IT
1540286464,1540286975,NL
1540286976,1540287487,GB
1540287488,1540288511,AT
1540288512,1540289535,RU
1540289536,1540290047,PL
1540290048,1540290559,NL
1540290560,1540291071,RU
1540291072,1540291583,BE
1540291584,1540292095,UA
1540292096,1540292351,DE
1540292352,1540292607,FR
1540292608,1540293119,IE
1540293120,1540293631,DK
1540293632,1540294655,RU
1540294656,1540294911,KZ
1540294912,1540295167,RU
1540295168,1540295679,PL
1540295680,1540295935,CH
1540295936,1540296191,DE
1540296192,1540296703,PL
1540296704,1540297215,DE
1540297216,1540297471,IR
1540297472,1540297727,US
1540297728,1540298239,FR
1540298240,1540298751,HR
1540298752,1540299775,RU
1540299776,1540300287,KG
1540300288,1540300799,RU
1540300800,1540301311,DK
1540301312,1540301823,IL
1540301824,1540302847,GB
1540302848,1540303871,RU
1540303872,1540304895,UA
1540304896,1540305407,PL
1540305408,1540305919,GB
1540305920,1540306431,PL
1540306432,1540306943,UA
1540306944,1540307199,HU
1540307200,1540307455,BE
1540307456,1540307967,RU
1540307968,1540308223,PL
1540308224,1540308479,US
1540308480,1540308991,RS
1540308992,1540309503,PL
1540309504,1540310015,UA
1540310016,1540310783,PL
1540310784,1540311039,RU
1540311040,1540311551,DE
1540311552,1540312063,KZ
1540312064,1540312831,RU
1540312832,1540313087,FI
1540313088,1540313599,SE
1540313600,1540315135,RU
1540315136,1540315647,UA
1540315648,1540316159,IL
1540316160,1540317183,DE
1540317184,1540318207,RU
1540318208,1540318463,NO
1540318464,1540318719,AT
1540318720,1540319199,RO
1540319200,1540319231,EG
1540319232,1540319743,UA
1540319744,1540320767,RU
1540320768,1540321279,GB
1540321280,1540321791,SE
1540321792,1540322303,RU
1540322304,1540322559,GE
1540322560,1540322815,DK
1540322816,1540323327,DE
1540323328,1540323839,RO
1540323840,1540324351,UA
1540324352,1540324863,RO
1540324864,1540325375,PL
1540325376,1540325887,DE
1540325888,1540326399,LI
1540326400,1540326911,RU
1540326912,1540327423,AT
1540327424,1540327935,RU
1540327936,1540328447,IR
1540328448,1540329471,RU
1540329472,1540329983,LT
1540329984,1540330495,RU
1540330496,1540331007,PL
1540331008,1540331519,IT
1540331520,1540332031,GB
1540332032,1540332543,LT
1540332544,1540333055,PL
1540333056,1540333567,NO
1540333568,1540334079,RO
1540334080,1540334591,DE
1540334592,1540335103,CH
1540335104,1540336127,PL
1540336128,1540336639,RU
1540336640,1540336895,DE
1540336896,1540337151,SG
1540337152,1540337407,JP
1540337408,1540337663,US
1540337664,1540338175,FR
1540338176,1540338687,CH
1540338688,1540339199,RU
1540339200,1540339455,NL
1540339456,1540339711,RU
1540339712,1540340735,PL
1540340736,1540341247,CZ
1540341248,1540341759,BG
1540341760,1540342271,GB
1540342272,1540342783,UA
1540342784,1540343295,NO
1540343296,1540343807,US
1540343808,1540344831,PL
1540344832,1540345087,GB
1540345088,1540345343,IR
1540345344,1540345599,GB
1540345600,1540345855,CH
1540345856,1540346111,AE
1540346112,1540346367,CY
1540346368,1540346879,UA
1540346880,1540347391,US
1540347392,1540347903,DK
1540347904,1540348415,RO
1540348416,1540348927,US
1540348928,1540349439,GB
1540349440,1540349951,NO
1540349952,1540350463,RU
1540350464,1540350975,NO
1540350976,1540351487,DK
1540351488,1540351999,CZ
1540352000,1540352511,NL
1540352512,1540353023,CZ
1540353024,1540353279,AE
1540353280,1540353535,ES
1540353536,1540354047,RU
1540354048,1540354559,IL
1540354560,1540355071,PL
1540355072,1540355583,UA
1540355584,1540356095,RU
1540356096,1540356351,GB
1540356352,1540356607,UA
1540356608,1540357119,DE
1540357120,1540357631,RU
1540357632,1540358143,FR
1540358144,1540358399,IE
1540358400,1540358655,GB
1540358656,1540358911,SE
1540358912,1540359167,GB
1540359168,1540359423,SA
1540359424,1540359679,DE
1540359680,1540359935,CY
1540359936,1540360191,AT
1540360192,1540360447,NO
1540360448,1540360703,FR
1540360704,1540360959,PL
1540360960,1540361215,GB
1540361216,1540361471,BE
1540361472,1540361727,DE
1540361728,1540361983,IT
1540361984,1540362239,EE
1540362240,1540362495,IE
1540362496,1540363007,DE
1540363008,1540363263,IE
1540363264,1540363519,RU
1540363520,1540363775,IE
1540363776,1540364031,IS
1540364032,1540364287,RU
1540364288,1540364543,NO
1540364544,1540364799,UA
1540364800,1540365055,EE
1540365056,1540365311,SI
1540365312,1540365567,GB
1540365568,1540365823,RU
1540365824,1540366079,CH
1540366080,1540366335,DE
1540366336,1540366591,TR
1540366592,1540366847,RU
1540366848,1540367103,US
1540367104,1540367359,RU
1540367360,1540367615,HU
1540367616,1540367871,BE
1540367872,1540368127,DE
1540368128,1540368383,RU
1540368384,1540368639,FR
1540368640,1540368895,SK
1540368896,1540369407,RU
1540369408,1540369663,PL
1540369664,1540370687,DE
1540370688,1540370943,NL
1540370944,1540371199,PL
1540371200,1540371455,BE
1540371456,1540371711,SC
1540371712,1540372223,GB
1540372224,1540372479,PL
1540372480,1540372735,AT
1540372736,1540372991,GR
1540372992,1540373247,DE
1540373248,1540373503,GB
1540373504,1540373759,NL
1540373760,1540374015,AE
1540374016,1540374271,NL
1540374272,1540374527,BG
1540374528,1540374783,DE
1540374784,1540375039,UA
1540375040,1540375295,GB
1540375296,1540375551,NL
1540375552,1540375807,DE
1540375808,1540376063,US
1540376064,1540376319,TR
1540376320,1540376575,DK
1540376576,1540376831,PL
1540376832,1540377087,US
1540377088,1540377343,DE
1540377344,1540377599,RO
1540377600,1540377855,AM
1540377856,1540378111,NL
1540378112,1540378367,PL
1540378368,1540378623,CH
1540378624,1540378879,AT
1540378880,1540379135,SE
1540379136,1540379391,CH
1540379392,1540379647,DE
1540379648,1540379903,RU
1540379904,1540380159,FR
1540380160,1540380415,IL
1540380416,1540380671,NL
1540380672,1540380927,SI
1540380928,1540381183,RS
1540381184,1540381439,RO
1540381440,1540381695,US
1540381696,1540381951,GB
1540381952,1540382207,PL
1540382208,1540382463,UA
1540382464,1540382719,GB
1540382720,1540382975,LB
1540382976,1540383231,UA
1540383232,1540383487,AT
1540383488,1540383743,DE
1540383744,1540383999,HR
1540384000,1540384255,SI
1540384256,1540384511,FR
1540384512,1540384767,SE
1540384768,1540385023,US
1540385024,1540385279,GB
1540385280,1540385535,PL
1540385536,1540386047,DE
1540386048,1540386303,US
1540386304,1540386559,NL
1540386560,1540386815,GB
1540386816,1540387071,CZ
1540387072,1540387327,HR
1540387328,1540387583,GB
1540387584,1540388095,UA
1540388096,1540388351,GB
1540388352,1540388607,IL
1540388608,1540388863,RU
1540388864,1540389119,RO
1540389120,1540389375,RU
1540389376,1540389631,AE
1540389632,1540389887,RO
1540389888,1540390143,GB
1540390144,1540390399,SI
1540390400,1540390655,RU
1540390656,1540390911,NL
1540390912,1540391167,HR
1540391168,1540391423,IL
1540391424,1540391935,CH
1540391936,1540392191,RU
1540392192,1540392447,PL
1540392448,1540392703,RU
1540392704,1540392959,PL
1540392960,1540393215,RU
1540393216,1540393471,HR
1540393472,1540393727,UA
1540393728,1540394239,IL
1540394496,1540394751,RO
1540394752,1540395007,DK
1540395008,1540395263,GE
1540395264,1540395519,UA
1540395520,1540395775,HR
1540395776,1540396031,IL
1540396032,1540396287,SE
1540396288,1540396543,RU
1540396544,1540396799,PL
1540396800,1540397055,HR
1540397056,1540397311,IT
1540397312,1540397823,UA
1540397824,1540398079,DE
1540398080,1540398335,SA
1540398336,1540398591,DK
1540398592,1540399359,DE
1540399360,1540399615,RU
1540399616,1540399871,MD
1540399872,1540400127,IR
1540400128,1540400383,BE
1540400384,1540400639,IR
1540400640,1540400895,RU
1540400896,1540401151,NL
1540401152,1540401407,SI
1540401408,1540401663,AT
1540401664,1540401919,GB
1540401920,1540402175,RU
1540402176,1540402431,FR
1540402432,1540402687,CH
1540402688,1540402943,SE
1540402944,1540403199,RO
1540403200,1540403711,PL
1540403712,1540403967,NL
1540403968,1540404223,RO
1540404224,1540404479,CH
1540404480,1540404735,FR
1540404736,1540404991,PL
1540404992,1540405247,RU
1540405248,1540405503,MD
1540405504,1540405759,RU
1540405760,1540406015,PL
1540406016,1540406271,RU
1540406272,1540406527,SE
1540406528,1540406783,PL
1540406784,1540407039,GB
1540407040,1540407807,DE
1540407808,1540408063,UA
1540408064,1540408319,IT
1540408320,1540408575,NL
1540408576,1540408831,MD
1540408832,1540409087,UA
1540409088,1540409343,TR
1540409344,1540409599,SI
1540409600,1540409855,AT
1540409856,1540410111,DE
1540410112,1540410367,KW
1540410368,1540410623,TR
1540410624,1540410879,RU
1540410880,1540411135,MD
1540411136,1540411391,FR
1540411392,1540411647,NZ
1540411648,1540411903,FR
1540411904,1540412159,RU
1540412160,1540412415,BE
1540412416,1540412671,LU
1540412672,1540413183,FR
1540413184,1540413439,RO
1540413440,1540413695,RU
1540413696,1540413951,AT
1540413952,1540414207,IL
1540414208,1540414463,GB
1540414464,1540414719,BE
1540414720,1540414975,SE
1540414976,1540415231,FR
1540415232,1540415487,RO
1540415488,1540415743,FR
1540415744,1540415999,SI
1540416000,1540416255,FR
1540416256,1540416511,CH
1540416512,1540416767,US
1540416768,1540417023,NL
1540417024,1540417279,NZ
1540417280,1540417535,UA
1540417536,1540417791,RU
1540417792,1540418047,NZ
1540418048,1540418559,RO
1540418560,1540418815,US
1540418816,1540419071,FR
1540419072,1540419327,RU
1540419328,1540419583,GB
1540419584,1540419839,US
1540419840,1540420095,NL
1540420096,1540420351,GB
1540420352,1540420607,SI
1540420608,1540420863,DE
1540420864,1540421375,US
1540421376,1540421631,PL
1540421632,1540422143,RU
1540422144,1540422399,PL
1540422400,1540422655,NL
1540422656,1540422911,GB
1540422912,1540423423,RU
1540423424,1540423679,BA
1540423680,1540423935,SE
1540423936,1540424191,SI
1540424192,1540424447,AT
1540424448,1540424703,CH
1540424704,1540424959,HR
1540424960,1540425215,RO
1540425216,1540425471,US
1540425472,1540425727,NL
1540425728,1540425983,BG
1540425984,1540426239,RU
1540426240,1540426495,IE
1540426496,1540426751,UA
1540426752,1540427007,US
1540427008,1540427263,NL
1540427264,1540427519,LV
1540427520,1540427775,FR
1540427776,1540428031,PT
1540428032,1540428287,RU
1540428288,1540428543,SI
1540428544,1540428799,FR
1540428800,1540429055,PL
1540429056,1540429311,NL
1540429312,1540429567,PL
1540429568,1540429823,RO
1540429824,1540430079,UA
1540430080,1540430335,FR
1540430336,1540430591,DE
1540430592,1540430847,PL
1540430848,1540431103,CH
1540431104,1540431359,FI
1540431360,1540431871,NO
1540431872,1540432127,HR
1540432128,1540432383,SK
1540432384,1540432639,GB
1540432640,1540432895,FR
1540432896,1540433151,UA
1540433408,1540433663,AM
1540433664,1540433919,DK
1540433920,1540434175,PL
1540434176,1540434431,CH
1540434432,1540434687,DE
1540434688,1540434943,NL
1540434944,1540435199,FR
1540435200,1540435455,RO
1540435712,1540435967,GR
1540435968,1540436223,TW
1540436224,1540436479,SI
1540436480,1540436735,PL
1540436736,1540436991,UA
1540436992,1540437247,DE
1540437248,1540437503,CH
1540437504,1540437759,RU
1540437760,1540438015,UA
1540438016,1540438271,PL
1540438272,1540438527,FR
1540438528,1540438783,PL
1540438784,1540439039,RU
1540439040,1540439295,GB
1540439296,1540439551,RO
1540439552,1540440063,PL
1540440064,1540440319,UA
1540440320,1540440575,RU
1540440576,1540440831,MD
1540440832,1540441087,RU
1540441088,1540441343,GB
1540441344,1540441599,RU
1540441600,1540441855,BZ
1540441856,1540442111,FR
1540442112,1540442367,RU
1540442368,1540442623,UA
1540442624,1540442879,IE
1540442880,1540443135,AT
1540443136,1540443647,RU
1540443904,1540444159,NL
1540444160,1540444415,RU
1540444416,1540444671,DE
1540444672,1540444927,GB
1540445184,1540445439,CH
1540445440,1540445695,RU
1540445696,1540445951,GB
1540445952,1540446207,US
1540446208,1540446463,NO
1540446464,1540446719,AT
1540446720,1540446975,GB
1540446976,1540447231,RU
1540447232,1540447487,DE
1540447488,1540447743,PL
1540447744,1540447999,RU
1540448000,1540448255,PL
1540448256,1540448511,IR
1540448512,1540448767,IT
1540448768,1540449023,CH
1540449024,1540449535,GB
1540449536,1540449791,CZ
1540449792,1540450047,RO
1540450048,1540450303,FR
1540450304,1540450559,US
1540450560,1540450815,PL
1540450816,1540451071,IE
1540451072,1540451327,FR
1540451328,1540451583,ES
1540451584,1540451839,RO
1540451840,1540452095,NL
1540452096,1540452351,CH
1540452352,1540452607,AT
1540452608,1540452863,IL
1540452864,1540453119,HU
1540453120,1540453631,PL
1540453632,1540453887,NL
1540453888,1540454143,UA
1540454144,1540454399,RU
1540454400,1540454911,DE
1540454912,1540455167,RU
1540455168,1540455423,RO
1540455424,1540455679,RU
1540455936,1540456191,UA
1540456192,1540457215,RU
1540457216,1540457471,GE
1540457472,1540457727,SI
1540457728,1540457983,BE
1540457984,1540458239,CH
1540458240,1540458495,RU
1540458496,1540458751,HR
1540458752,1540459007,NL
1540459008,1540459519,UA
1540459520,1540459775,RU
1540459776,1540460031,PL
1540460032,1540460287,GB
1540460288,1540460543,IT
1540460544,1540460799,GB
1540460800,1540461055,SI
1540461056,1540461311,BG
1540461312,1540461823,RU
1540461824,1540462079,PL
1540462080,1540462335,SI
1540462336,1540463103,PL
1540463104,1540463359,FR
1540463360,1540463615,PL
1540463616,1540463871,DK
1540463872,1540464127,UA
1540464128,1540464383,CH
1540464384,1540464895,DE
1540464896,1540465151,IR
1540465152,1540465407,GB
1540465408,1540465663,ES
1540465664,1540465919,NL
1540465920,1540466175,UA
1540466176,1540466431,DK
1540466432,1540466687,HR
1540466688,1540466943,NL
1540466944,1540467455,CH
1540467456,1540467711,RO
1540467712,1540467967,KW
1540467968,1540468223,GR
1540468224,1540468479,FR
1540468480,1540468735,TR
1540468736,1540468991,UA
1540468992,1540469247,PL
1540469248,1540469503,GB
1540469504,1540469759,CA
1540469760,1540470015,PL
1540470016,1540470271,SI
1540470272,1540470527,HK
1540470528,1540471039,IR
1540471040,1540471295,DE
1540471296,1540471551,IR
1540471552,1540471807,GB
1540471808,1540472063,SI
1540472064,1540472319,RO
1540472320,1540472575,DK
1540472576,1540472831,FR
1540472832,1540473087,NL
1540473088,1540473343,UA
1540473600,1540473855,RO
1540473856,1540474111,GB
1540474112,1540474367,DE
1540474368,1540474623,RO
1540474624,1540474879,PL
1540474880,1540475135,GB
1540475136,1540475903,UA
1540475904,1540476159,CH
1540476160,1540476415,TR
1540476416,1540476671,UA
1540476672,1540476927,SI
1540476928,1540477183,RU
1540477184,1540477439,US
1540477440,1540477695,UA
1540477696,1540477951,DE
1540477952,1540478207,NO
1540478208,1540478463,NL
1540478464,1540478719,UA
1540478720,1540478975,NO
1540478976,1540479231,HR
1540479232,1540479487,GB
1540479488,1540479743,RU
1540479744,1540479999,AT
1540480000,1540480255,LU
1540480256,1540480767,PL
1540480768,1540481023,GB
1540481024,1540481279,DE
1540481280,1540481535,AZ
1540481536,1540481791,NL
1540481792,1540482047,SE
1540482048,1540482303,AE
1540482304,1540482559,FR
1540482560,1540483071,ES
1540483072,1540483327,SE
1540483328,1540483583,RU
1540483584,1540483839,ES
1540483840,1540484095,UA
1540484096,1540484351,BE
1540484352,1540484607,SI
1540484608,1540484863,IL
1540484864,1540485119,UA
1540485120,1540485375,SE
1540485376,1540485631,RO
1540485632,1540485887,IR
1540485888,1540486143,ES
1540486144,1540486399,GB
1540486400,1540486655,FR
1540486656,1540486911,GB
1540486912,1540487167,SK
1540487168,1540487423,JO
1540487424,1540487679,UA
1540487680,1540487935,DE
1540487936,1540488191,SI
1540488192,1540488447,GB
1540488448,1540488703,SA
1540488704,1540488959,DE
1540488960,1540489215,RO
1540489216,1540491263,RU
1540491264,1540492287,UA
1540492288,1540493311,PL
1540493312,1540494335,CZ
1540494336,1540495359,UA
1540495360,1540496383,RU
1540496384,1540499455,UA
1540499456,1540499711,PL
1540499712,1540499967,BG
1540499968,1540500223,SE
1540500224,1540500479,DK
1540500480,1540501503,RU
1540501504,1540502527,PL
1540502528,1540503551,RU
1540503552,1540504575,DK
1540504576,1540505599,SE
1540505600,1540506623,NL
1540506624,1540506879,MX
1540506880,1540507135,CA
1540507136,1540507391,NL
1540507392,1540507647,MX
1540507648,1540508671,DE
1540508672,1540509695,PL
1540509696,1540510719,US
1540510720,1540511743,RU
1540511744,1540512767,BG
1540512768,1540514815,RU
1540514816,1540515839,GB
1540515840,1540516863,RU
1540516864,1540517375,NL
1540517376,1540517887,UA
1540517888,1540518911,RU
1540518912,1540519935,UA
1540519936,1540520959,US
1540520960,1540521215,CY
1540521216,1540521471,NL
1540521472,1540521727,ES
1540521728,1540521983,NL
1540521984,1540523007,PL
1540523008,1540524031,RU
1540524032,1540525055,AL
1540525056,1540526079,AT
1540526080,1540526335,FR
1540526336,1540526591,UA
1540526592,1540526847,TH
1540526848,1540527103,IT
1540527104,1540528383,RU
1540528384,1540528639,DE
1540528640,1540528895,AX
1540528896,1540529151,RO
1540529152,1540531199,RU
1540531200,1540531711,US
1540531712,1540531967,BG
1540531968,1540532223,US
1540532224,1540533247,RU
1540533248,1540534271,KZ
1540534272,1540535295,RU
1540535296,1540536319,SK
1540536320,1540537343,RU
1540537344,1540538367,BG
1540538368,1540542463,RU
1540542464,1540543487,GR
1540543488,1540544511,IT
1540544512,1540545535,RU
1540545536,1540546559,AT
1540546560,1540547583,DE
1540547584,1540548607,RU
1540548608,1540549631,IE
1540549632,1540552703,PL
1540552704,1540553727,UA
1540553728,1540554751,RU
1540554752,1540555007,GB
1540555008,1540555263,CH
1540555264,1540555519,RU
1540555520,1540555775,NL
1540555776,1540556799,RU
1540556800,1540557823,DE
1540557824,1540558847,UA
1540558848,1540560895,RU
1540560896,1540561407,GR
1540561408,1540561663,RU
1540561664,1540561919,PL
1540561920,1540562943,RU
1540562944,1540563967,US
1540563968,1540564991,RU
1540564992,1540566015,DE
1540566016,1540567039,RU
1540567040,1540568063,MD
1540568064,1540571135,RU
1540571136,1540572159,FR
1540572160,1540573183,UA
1540573184,1540574207,NL
1540574208,1540576255,RU
1540576256,1540576511,AE
1540576512,1540576767,GB
1540576768,1540577023,GE
1540577024,1540577279,RO
1540577280,1540578303,UA
1540578304,1540579327,RU
1540579328,1540580351,IM
1540580352,1540581375,PL
1540581376,1540582399,RU
1540582400,1540583423,BG
1540583424,1540583679,TR
1540583680,1540583935,RU
1540583936,1540584191,FI
1540584192,1540584447,NL
1540584448,1540586495,UA
1540586496,1540588543,RU
1540588544,1540589567,UA
1540589568,1540590591,LV
1540590592,1540591615,RU
1540591616,1540591871,ES
1540591872,1540592127,IL
1540592128,1540592383,GB
1540592384,1540592639,CY
1540592640,1540593663,RU
1540593664,1540594687,GB
1540594688,1540595711,IT
1540595712,1540596735,NL
1540596736,1540597759,FR
1540597760,1540598783,SE
1540598784,1540599807,RU
1540599808,1540600831,UA
1540600832,1540602879,RU
1540602880,1540603903,BG
1540603904,1540604927,RU
1540604928,1540605183,DE
1540605184,1540605439,SG
1540605440,1540605695,US
1540605696,1540605951,BR
1540605952,1540606463,MD
1540606464,1540606975,GB
1540606976,1540607999,IL
1540608000,1540609023,RU
1540609024,1540610047,GR
1540610048,1540611071,RU
1540611072,1540613119,PL
1540613120,1540614143,RU
1540614144,1540615167,BG
1540615168,1540616191,RU
1540616192,1540617215,AT
1540617216,1540618239,LT
1540618240,1540619263,NL
1540619264,1540620287,PL
1540620288,1540620543,JO
1540620544,1540620799,LB
1540620800,1540621055,PL
1540621056,1540621311,DE
1540621312,1540621567,BA
1540621568,1540621823,PL
1540621824,1540622079,DE
1540622080,1540622335,RU
1540622336,1540622591,IQ
1540622592,1540622847,PL
1540623104,1540623359,NL
1540623360,1540623615,GB
1540623616,1540623871,BG
1540623872,1540624127,NL
1540624128,1540624383,RS
1540624384,1540624639,IR
1540624640,1540624895,BG
1540624896,1540625151,GB
1540625152,1540625407,US
1540625408,1540625663,BR
1540625664,1540625919,FR
1540625920,1540626175,UA
1540626176,1540626431,RO
1540626432,1540626687,SI
1540626688,1540626943,PL
1540626944,1540627199,FR
1540627200,1540627455,BR
1540627456,1540627711,DK
1540627712,1540627967,CH
1540627968,1540628223,PL
1540628224,1540628479,HR
1540628480,1540628735,KZ
1540628736,1540628991,FR
1540628992,1540629247,UA
1540629248,1540629503,RO
1540629504,1540629759,DK
1540629760,1540630015,BG
1540630016,1540630271,NZ
1540630272,1540630527,RO
1540630528,1540631039,DE
1540631040,1540631295,NL
1540631296,1540631551,CH
1540631552,1540631807,HR
1540631808,1540632063,NL
1540632064,1540632319,AT
1540632320,1540632575,RU
1540632576,1540632831,DK
1540632832,1540633599,RU
1540633600,1540633855,IT
1540633856,1540634111,AE
1540634112,1540634623,DE
1540634624,1540634879,UA
1540634880,1540635135,RU
1540635136,1540635391,FR
1540635392,1540635647,PT
1540635648,1540636159,RU
1540636160,1540636415,RO
1540636416,1540636671,LV
1540636672,1540637183,RU
1540637184,1540637439,RO
1540637440,1540637695,SA
1540637696,1540637951,RU
1540637952,1540638207,RS
1540638208,1540638463,RO
1540638464,1540638719,AM
1540638720,1540639231,IT
1540639232,1540639487,RO
1540639488,1540639743,CH
1540639744,1540639999,IL
1540640000,1540640255,CH
1540640256,1540640511,FR
1540640512,1540640767,GB
1540640768,1540641023,UA
1540641024,1540641279,RU
1540641280,1540641535,FR
1540641536,1540641791,DE
1540641792,1540642047,PL
1540642048,1540642303,DE
1540642304,1540642559,PL
1540642560,1540642815,DE
1540642816,1540643071,AG
1540643072,1540643327,UZ
1540643328,1540643583,GB
1540643584,1540643839,CH
1540643840,1540644095,NO
1540644096,1540644351,KZ
1540644352,1540644607,GB
1540644608,1540644863,DE
1540644864,1540645119,AL
1540645120,1540645375,RU
1540645376,1540645631,FR
1540645632,1540645887,HR
1540645888,1540646143,US
1540646144,1540646399,RO
1540646400,1540646655,PS
1540646656,1540646911,AR
1540646912,1540647167,NL
1540647168,1540647423,GB
1540647424,1540647679,DE
1540647680,1540647935,KG
1540647936,1540648191,GB
1540648192,1540648447,CH
1540648448,1540648959,RO
1540648960,1540649215,SK
1540649216,1540649471,DE
1540649472,1540649727,IL
1540649728,1540649983,GB
1540649984,1540650239,FR
1540650240,1540650495,CH
1540650496,1540650751,RU
1540650752,1540651007,FR
1540651008,1540651263,HK
1540651264,1540651519,DE
1540651520,1540651775,NL
1540651776,1540652031,US
1540652032,1540652287,UZ
1540652288,1540652543,DE
1540652544,1540652799,TR
1540652800,1540653311,FR
1540653312,1540653567,DK
1540653568,1540653823,DE
1540653824,1540654079,GB
1540654080,1540654335,IN
1540654336,1540654591,KZ
1540654592,1540654847,SI
1540654848,1540655103,PL
1540655104,1540655359,AT
1540655360,1540655615,RU
1540655616,1540655871,GB
1540655872,1540656127,NL
1540656128,1540656383,DE
1540656384,1540656895,PL
1540656896,1540657151,RO
1540657152,1540657407,DE
1540657664,1540657919,RU
1540657920,1540658175,FR
1540658176,1540658431,RO
1540658432,1540658687,PL
1540658688,1540659199,RU
1540659200,1540659455,FR
1540659456,1540659711,DE
1540659712,1540659967,UA
1540659968,1540660223,PL
1540660224,1540660479,DE
1540660480,1540660735,FR
1540660736,1540660991,RU
1540660992,1540661247,DE
1540661248,1540661759,IT
1540661760,1540662015,RO
1540662016,1540662271,DE
1540662272,1540662527,SA
1540662528,1540662783,PL
1540662784,1540663039,KZ
1540663040,1540663295,IT
1540663296,1540663551,PL
1540663552,1540663807,BE
1540663808,1540664063,PL
1540664064,1540664319,RU
1540664320,1540664575,AT
1540664576,1540664831,UA
1540664832,1540665087,IR
1540665088,1540665343,ES
1540665344,1540665599,NL
1540665600,1540665855,UA
1540665856,1540666111,TR
1540666112,1540666367,RU
1540666368,1540666623,UZ
1540666624,1540666879,DE
1540666880,1540667135,GB
1540667136,1540667647,NL
1540667648,1540667903,BE
1540667904,1540668159,DE
1540668160,1540668415,AT
1540668416,1540668671,SE
1540668672,1540668927,IL
1540668928,1540669695,RO
1540669696,1540669951,DE
1540669952,1540670207,UA
1540670208,1540670463,ES
1540670464,1540670719,CH
1540670720,1540671231,RU
1540671232,1540671487,SI
1540671488,1540671743,CH
1540671744,1540671999,RU
1540672000,1540672255,FR
1540672256,1540672511,UA
1540672512,1540672767,HR
1540672768,1540673023,FR
1540673024,1540673279,DE
1540673280,1540673535,SE
1540673536,1540673791,SI
1540673792,1540674047,SE
1540674048,1540674303,GB
1540674304,1540674559,FR
1540674560,1540674815,GB
1540674816,1540675071,GE
1540675072,1540675327,UA
1540675328,1540675583,NL
1540675584,1540675839,JP
1540675840,1540676351,RU
1540676352,1540676607,IT
1540676608,1540676863,RU
1540676864,1540677119,DE
1540677120,1540677375,NL
1540677376,1540677631,PL
1540677632,1540677887,DK
1540677888,1540678143,GE
1540678144,1540678399,RU
1540678400,1540678655,RO
1540678656,1540678911,SE
1540678912,1540679167,SC
1540679168,1540679423,IT
1540679424,1540679679,RO
1540679680,1540679935,IR
1540679936,1540680191,BG
1540680192,1540680447,CH
1540680448,1540680703,BG
1540680704,1540680959,FR
1540680960,1540681215,NL
1540681216,1540681471,FR
1540681472,1540681727,RU
1540681728,1540681983,RO
1540681984,1540682239,IT
1540682240,1540682495,PL
1540682496,1540682751,DE
1540682752,1540683007,EE
1540683008,1540683263,DE
1540683264,1540683519,RO
1540683520,1540683775,HR
1540683776,1540684031,RU
1540684032,1540684287,IT
1540684288,1540684543,HU
1540684544,1540684799,SI
1540684800,1540685055,IR
1540685056,1540685311,UA
1540685312,1540685823,RO
1540685824,1540686079,SE
1540686080,1540686335,TR
1540686336,1540686591,CH
1540686592,1540686847,US
1540686848,1540687103,CH
1540687104,1540687359,RU
1540687360,1540687615,AT
1540687616,1540687871,IT
1540687872,1540688127,GB
1540688128,1540688383,HU
1540688384,1540688639,CZ
1540688640,1540688895,RO
1540688896,1540689151,BG
1540689152,1540689407,NL
1540689408,1540689663,RU
1540689664,1540689919,FR
1540689920,1540690175,RO
1540690176,1540690431,DE
1540690432,1540690687,SA
1540690688,1540690943,CH
1540690944,1540691711,DE
1540691712,1540691967,RU
1540691968,1540692223,CH
1540692224,1540692735,FR
1540692736,1540692991,DE
1540692992,1540693247,IE
1540693248,1540693503,UA
1540693504,1540693759,ES
1540693760,1540694015,UZ
1540694016,1540694271,CH
1540694272,1540694527,UA
1540694528,1540694783,RO
1540694784,1540695039,RU
1540695040,1540695295,DE
1540695296,1540695551,NL
1540695552,1540695807,PL
1540695808,1540696063,RU
1540696064,1540696319,HU
1540696320,1540696575,FR
1540696576,1540696831,GB
1540696832,1540697087,EE
1540697088,1540697343,RU
1540697344,1540697599,GB
1540697600,1540697855,ES
1540697856,1540698111,NO
1540698112,1540698367,RU
1540698368,1540698623,KZ
1540698624,1540699135,RU
1540699136,1540699391,GR
1540699392,1540699647,NL
1540699648,1540699903,AT
1540699904,1540700159,RO
1540700160,1540700415,DE
1540700416,1540700671,RO
1540700672,1540700927,PL
1540700928,1540701183,UA
1540701184,1540701695,DE
1540701696,1540701951,UA
1540701952,1540702207,GB
1540702208,1540702463,PL
1540702464,1540702719,PT
1540702720,1540702975,NO
1540702976,1540703231,RU
1540703232,1540703487,DE
1540703488,1540703743,NL
1540703744,1540703999,DK
1540704000,1540704255,PL
1540704256,1540704511,NL
1540704512,1540704575,SK
1540704576,1540704639,ES
1540704640,1540704703,CZ
1540704704,1540704767,FR
1540704768,1540705279,ES
1540705280,1540705535,RO
1540705536,1540705791,AT
1540705792,1540706047,NL
1540706048,1540706303,FR
1540706304,1540706559,SI
1540706560,1540706815,US
1540706816,1540707071,FR
1540707072,1540707327,IR
1540707328,1540707583,HR
1540707584,1540707839,IT
1540707840,1540708095,RO
1540708096,1540708351,RU
1540708352,1540708607,PL
1540708608,1540708863,SI
1540708864,1540709119,FR
1540709120,1540709375,DE
1540709376,1540709631,UA
1540709632,1540710399,NL
1540710400,1540710655,PL
1540710656,1540710911,FI
1540710912,1540711167,DE
1540711168,1540711423,UZ
1540711424,1540711679,CH
1540711680,1540711935,RO
1540711936,1540712191,FR
1540712192,1540712447,DE
1540712448,1540712703,RU
1540712704,1540713215,LV
1540713216,1540713727,PL
1540713728,1540713983,RU
1540713984,1540714239,GB
1540714240,1540714751,NL
1540714752,1540715263,RU
1540715264,1540715519,NL
1540715520,1540715775,DE
1540715776,1540716031,RU
1540716032,1540716287,TR
1540716288,1540716543,UA
1540716544,1540717055,ES
1540717056,1540717311,CZ
1540717312,1540717823,PL
1540717824,1540718079,RU
1540718080,1540718335,EE
1540718336,1540718591,NO
1540718592,1540718847,CH
1540718848,1540719103,IT
1540719104,1540719359,RU
1540719360,1540719615,SI
1540719616,1540719871,AT
1540719872,1540720127,CH
1540720128,1540720383,US
1540720384,1540720639,RO
1540720640,1540720895,CH
1540720896,1540721151,PL
1540721152,1540721663,RU
1540721664,1540721919,CY
1540721920,1540722431,RU
1540722432,1540722687,CZ
1540722688,1540722943,RU
1540722944,1540723455,FR
1540723456,1540723711,SI
1540723712,1540723967,FR
1540723968,1540724223,UA
1540724224,1540724479,HU
1540724480,1540724735,IR
1540724736,1540724991,CY
1540724992,1540725247,IT
1540725248,1540725503,UA
1540725504,1540725759,RU
1540725760,1540726015,PL
1540726016,1540726271,IR
1540726272,1540726527,RU
1540726528,1540726783,CH
1540726784,1540727039,CZ
1540727040,1540727295,FI
1540727296,1540727551,PL
1540727552,1540727807,RU
1540727808,1540728063,IR
1540728064,1540728319,NL
1540728320,1540728575,RU
1540728576,1540728831,IR
1540728832,1540729343,RU
1540729344,1540729599,PL
1540729600,1540729855,CH
1540729856,1540730111,IR
1540730112,1540730623,US
1540730624,1540730879,UA
1540730880,1540731135,RU
1540731136,1540731391,DE
1540731392,1540731647,NL
1540731648,1540731903,SE
1540731904,1540732159,FR
1540732160,1540732415,MD
1540732416,1540732671,BG
1540732672,1540732927,GB
1540732928,1540733183,RU
1540733184,1540733439,FR
1540733440,1540733695,US
1540733696,1540733951,UA
1540733952,1540734207,RO
1540734208,1540734463,US
1540734464,1540734719,NL
1540734720,1540734975,IQ
1540734976,1540735231,MC
1540735232,1540735487,PL
1540735488,1540735743,CH
1540735744,1540735999,NL
1540736000,1540736255,RU
1540736256,1540736511,SI
1540736512,1540736767,DE
1540736768,1540737023,GB
1540737024,1540737279,US
1540737280,1540737535,NL
1540737536,1540737791,AT
1540737792,1540738047,NO
1540738048,1540738303,AT
1540738304,1540738559,SA
1540738560,1540738815,PL
1540738816,1540739071,DE
1540739072,1540739327,GB
1540739328,1540739583,UA
1540739584,1540739839,IT
1540739840,1540739903,AE
1540739904,1540739967,NL
1540739968,1540740031,AT
1540740032,1540740095,OM
1540740096,1540740351,GB
1540740352,1540740607,RU
1540740608,1540740863,US
1540740864,1540741631,GB
1540741632,1540742143,NL
1540742144,1540742399,GB
1540742400,1540742655,DE
1540742656,1540742911,AT
1540742912,1540743167,FR
1540743168,1540743423,NO
1540743424,1540743679,GB
1540743680,1540743935,PL
1540743936,1540744191,CH
1540744192,1540744447,GR
1540744448,1540744703,FR
1540744704,1540744959,CZ
1540744960,1540745215,UA
1540745216,1540745471,DE
1540745472,1540745727,KG
1540745728,1540745983,AT
1540745984,1540746239,DE
1540746240,1540746751,FR
1540746752,1540747263,PL
1540747264,1540747519,RU
1540747520,1540747775,SI
1540747776,1540748031,FR
1540748032,1540748543,RU
1540748544,1540748799,TR
1540748800,1540749055,SE
1540749056,1540749311,KZ
1540749312,1540749823,RU
1540749824,1540750079,SE
1540750080,1540750335,LV
1540750336,1540750591,DE
1540750592,1540751103,TR
1540751104,1540752383,PL
1540752384,1540753407,GB
1540753408,1540754431,DE
1540754432,1540755455,RO
1540755456,1540756479,UA
1540756480,1540756613,DK
1540756614,1540756614,NO
1540756615,1540757503,DK
1540757504,1540758527,PL
1540758528,1540759551,UA
1540759552,1540761599,PL
1540761600,1540762111,RU
1540762112,1540762623,KZ
1540762624,1540763647,NL
1540763648,1540764671,RU
1540764672,1540765695,PL
1540765696,1540766719,RU
1540766720,1540767743,IT
1540767744,1540768767,DE
1540768768,1540769791,RU
1540769792,1540770815,IT
1540770816,1540771327,RU
1540771328,1540771839,GE
1540771840,1540772863,RU
1540772864,1540773887,UA
1540773888,1540774911,SE
1540774912,1540775935,DE
1540775936,1540776959,RU
1540776960,1540777983,IL
1540777984,1540779007,HR
1540779008,1540780031,US
1540780032,1540780287,HU
1540780288,1540781055,FR
1540781056,1540783103,RU
1540783104,1540783359,GR
1540783360,1540783615,UA
1540783616,1540783871,CY
1540783872,1540784127,DE
1540784128,1540785151,RU
1540785152,1540787199,UA
1540787200,1540789247,RU
1540789248,1540790271,NL
1540790272,1540791295,KW
1540791296,1540792319,CZ
1540792320,1540793343,RU
1540793344,1540794367,FI
1540794368,1540795391,CH
1540795392,1540795647,RU
1540795648,1540795903,IE
1540795904,1540796159,KZ
1540796160,1540796415,RU
1540796416,1540798463,UA
1540798464,1540799487,RU
1540799488,1540800511,CH
1540800512,1540801535,CZ
1540801536,1540802559,RU
1540802560,1540803583,RS
1540803584,1540804607,RU
1540804608,1540805631,UA
1540805632,1540806655,RU
1540806656,1540807679,US
1540807680,1540809727,RU
1540809728,1540810751,GB
1540810752,1540811775,UA
1540811776,1540812799,CY
1540812800,1540813823,RU
1540813824,1540815871,UA
1540815872,1540816895,DE
1540816896,1540817919,PL
1540817920,1540818943,NL
1540818944,1540819967,UA
1540819968,1540820991,CZ
1540820992,1540823039,RU
1540823040,1540824063,UA
1540824064,1540825087,RU
1540825088,1540826111,PL
1540826112,1540828159,RU
1540828160,1540829183,PL
1540829184,1540830207,ES
1540830208,1540832255,UA
1540832256,1540833279,RU
1540833280,1540834303,ES
1540834304,1540835327,UA
1540835328,1540836351,DE
1540836352,1540837375,RU
1540837376,1540838399,PL
1540838400,1540838911,RU
1540838912,1540839167,GB
1540839168,1540839423,BZ
1540839424,1540840447,RU
1540840448,1540841471,SE
1540841472,1540842495,KZ
1540842496,1540843519,DE
1540843520,1540844543,PL
1540844544,1540846591,RU
1540846592,1540847615,DE
1540847616,1540848639,RU
1540848640,1540849663,UA
1540849664,1540850687,RU
1540850688,1540851711,FI
1540851712,1540852735,KZ
1540852736,1540853759,RU
1540853760,1540854783,UA
1540854784,1540855807,NL
1540855808,1540856831,BG
1540856832,1540857855,NL
1540857856,1540858879,DK
1540858880,1540859903,GB
1540859904,1540861951,RU
1540861952,1540862975,BY
1540862976,1540865023,GB
1540865024,1540872191,RU
1540872192,1540873215,BG
1540873216,1540875263,RU
1540875264,1540876287,PL
1540876288,1540877311,RU
1540877312,1540878335,PL
1540878336,1540879359,AT
1540879360,1540882431,RU
1540882432,1540882687,SE
1540882688,1540883199,LV
1540883200,1540883455,RU
1540883456,1540883711,IR
1540883712,1540883967,PL
1540883968,1540884223,IE
1540884224,1540884479,SE
1540884480,1540884735,AT
1540884736,1540884991,GB
1540884992,1540885247,BE
1540885248,1540885503,FR
1540885504,1540885759,ES
1540885760,1540886015,AE
1540886016,1540886271,DK
1540886272,1540886527,FR
1540886528,1540886783,PL
1540886784,1540887039,IT
1540887040,1540887295,GB
1540887296,1540887551,FR
1540887552,1540887807,BE
1540887808,1540888063,MD
1540888064,1540888319,FR
1540888320,1540888575,DE
1540888576,1540888831,SE
1540888832,1540889087,PL
1540889088,1540889343,FR
1540889344,1540889599,RO
1540889600,1540889855,UA
1540889856,1540890111,TR
1540890112,1540890367,PL
1540890368,1540890623,ES
1540890624,1540890879,SE
1540890880,1540891135,DE
1540891136,1540891391,NL
1540891392,1540891647,DE
1540891648,1540891903,TR
1540891904,1540892159,UZ
1540892160,1540892415,IT
1540892416,1540892671,FR
1540892672,1540892927,CH
1540892928,1540893183,BE
1540893184,1540893439,GB
1540893440,1540893695,FR
1540893696,1540894207,DE
1540894208,1540894463,RU
1540894464,1540894719,MD
1540894720,1540895487,RU
1540895488,1540895743,PL
1540895744,1540895999,RO
1540896000,1540896255,RU
1540896256,1540896511,SI
1540896512,1540896767,GB
1540896768,1540897023,IE
1540897024,1540897279,BG
1540897280,1540897535,FR
1540897536,1540897791,RU
1540897792,1540898047,HU
1540898048,1540898303,UA
1540898304,1540898559,SE
1540898816,1540899071,PL
1540899072,1540899327,SE
1540899328,1540899583,RU
1540899840,1540900351,RU
1540900352,1540900607,HU
1540900608,1540900863,IR
1540900864,1540901119,RU
1540901120,1540901375,ES
1540901376,1540901631,SI
1540901632,1540901887,RO
1540901888,1540902143,GR
1540902144,1540902399,PE
1540902400,1540902655,RO
1540902656,1540902911,FI
1540902912,1540903167,RO
1540903168,1540903423,RU
1540903424,1540903679,GB
1540903680,1540904447,CH
1540904448,1540904703,EE
1540904704,1540904959,SI
1540904960,1540905471,GB
1540905472,1540905727,DE
1540905728,1540905983,TR
1540905984,1540906239,AT
1540906240,1540906495,GB
1540906496,1540906751,UA
1540906752,1540907007,BG
1540907008,1540907263,RU
1540907264,1540907519,MD
1540907520,1540907775,BG
1540907776,1540908031,PL
1540908032,1540908287,ES
1540908288,1540908543,DK
1540908544,1540908799,KZ
1540908800,1540909055,DK
1540909056,1540909311,GB
1540909312,1540909567,US
1540909568,1540909823,UA
1540909824,1540910079,FR
1540910080,1540910335,DE
1540910336,1540910591,SI
1540910592,1540910847,FR
1540910848,1540911103,SE
1540911104,1540911359,TR
1540911360,1540911615,NL
1540911616,1540911871,RU
1540911872,1540912127,PL
1540912128,1540912383,GB
1540912384,1540912639,PT
1540912640,1540912895,DK
1540912896,1540913151,TR
1540913152,1540913407,FR
1540913408,1540913663,RU
1540913664,1540913919,ES
1540913920,1540914175,RU
1540914176,1540914431,TR
1540914432,1540914687,PL
1540914688,1540914943,RU
1540914944,1540915199,IT
1540915200,1540915455,DE
1540915456,1540915967,RU
1540915968,1540916479,NL
1540916480,1540916735,UA
1540916736,1540916991,AZ
1540916992,1540917247,UA
1540917248,1540917503,FI
1540917504,1540917759,GB
1540917760,1540918015,US
1540918016,1540918271,NL
1540918272,1540918527,FR
1540918528,1540919039,NL
1540919040,1540919295,GB
1540919296,1540919551,RO
1540919552,1540919807,BE
1540919808,1540920063,SK
1540920064,1540920319,RU
1540920320,1540920575,TR
1540920576,1540920831,PL
1540920832,1540921087,HU
1540921088,1540921599,RO
1540921600,1540922111,MT
1540922112,1540922367,GB
1540922368,1540922879,RO
1540922880,1540923135,DE
1540923136,1540923391,IR
1540923392,1540923647,PL
1540923648,1540923903,UA
1540923904,1540924159,NL
1540924160,1540924415,LT
1540924416,1540924671,RU
1540924672,1540924927,UA
1540924928,1540925183,MD
1540925184,1540925439,RU
1540925440,1540925695,CZ
1540925696,1540925951,US
1540925952,1540926207,TR
1540926208,1540926463,IR
1540926464,1540926719,SI
1540926720,1540926975,UA
1540926976,1540927231,BG
1540927232,1540927487,RU
1540927488,1540927743,UA
1540927744,1540927999,RO
1540928000,1540928255,KZ
1540928256,1540928511,CZ
1540928512,1540928767,GR
1540928768,1540929023,GB
1540929024,1540929279,DK
1540929280,1540929535,GB
1540929536,1540929791,NL
1540929792,1540930047,AE
1540930048,1540930559,RU
1540930560,1540930815,KW
1540930816,1540931071,KZ
1540931072,1540931327,US
1540931328,1540931839,PL
1540931840,1540932095,GB
1540932096,1540932351,PL
1540932352,1540932607,FR
1540932608,1540932863,UA
1540932864,1540933119,DE
1540933120,1540933375,RU
1540933376,1540933631,RO
1540933632,1540933887,NL
1540933888,1540934143,TR
1540934144,1540934399,PL
1540934400,1540934655,FR
1540934656,1540934911,PL
1540934912,1540935167,RU
1540935168,1540935423,GR
1540935424,1540935679,UA
1540935680,1540935935,RU
1540935936,1540936191,FR
1540936192,1540936447,ES
1540936448,1540936959,RU
1540936960,1540937471,PL
1540937472,1540937727,JP
1540937728,1540937983,DE
1540937984,1540938239,IR
1540938240,1540938751,ES
1540938752,1540939007,GB
1540939008,1540939263,FR
1540939264,1540939519,IL
1540939520,1540939775,TR
1540939776,1540940031,PL
1540940032,1540940287,RO
1540940288,1540940543,DK
1540940544,1540940799,RO
1540940800,1540941055,FR
1540941056,1540941311,CH
1540941312,1540941567,AT
1540941568,1540942079,UA
1540942080,1540942335,RO
1540942336,1540942591,FR
1540942592,1540942847,DE
1540942848,1540943103,IE
1540943104,1540943359,UA
1540943360,1540943615,BE
1540943616,1540943871,PL
1540943872,1540944127,RU
1540944128,1540944383,IE
1540944384,1540944639,AT
1540944640,1540944895,DE
1540944896,1540945151,UA
1540945152,1540945407,DE
1540945408,1540945663,GB
1540945664,1540945919,AT
1540945920,1540946175,DE
1540946176,1540946431,AT
1540946432,1540946591,US
1540946592,1540946623,HK
1540946624,1540946655,AU
1540946656,1540946687,GB
1540946688,1540946943,UA
1540946944,1540947199,IL
1540947200,1540947455,BG
1540947456,1540947711,ES
1540947712,1540947967,IS
1540947968,1540948479,PL
1540948480,1540949503,RU
1540949504,1540950015,US
1540950016,1540950527,RU
1540950528,1540951039,KZ
1540951040,1540951551,UA
1540951552,1540952063,RS
1540952064,1540952575,RU
1540952576,1540953087,PL
1540953088,1540953599,RU
1540953600,1540953855,ES
1540953856,1540954111,DE
1540954112,1540954623,PL
1540954624,1540955135,DE
1540955136,1540955647,RO
1540955648,1540956159,NL
1540956160,1540956671,SK
1540956672,1540957183,RU
1540957184,1540957695,DE
1540957696,1540958207,AT
1540958208,1540958719,PL
1540958720,1540959231,RU
1540959744,1540960255,RU
1540960256,1540960767,PL
1540960768,1540961023,EE
1540961024,1540961279,IL
1540961280,1540961791,CZ
1540961792,1540962303,AT
1540962304,1540962815,NL
1540962816,1540963839,UA
1540963840,1540964351,RU
1540964352,1540964863,IR
1540964864,1540965887,UA
1540965888,1540966399,RU
1540966400,1540966911,AU
1540966912,1540967423,RU
1540967424,1540967679,FI
1540967680,1540967935,VG
1540967936,1540968959,RU
1540968960,1540969471,RO
1540969472,1540969983,GB
1540969984,1540970495,DE
1540970496,1540971007,IE
1540971008,1540971263,US
1540971264,1540971519,PL
1540971520,1540972031,SI
1540972032,1540972543,FR
1540972544,1540973055,CZ
1540973056,1540973567,PL
1540973568,1540974079,UA
1540974080,1540974591,RU
1540974592,1540975103,PL
1540975104,1540975615,US
1540975616,1540976639,RU
1540976640,1540977151,UA
1540977152,1540977663,FR
1540977664,1540978175,FI
1540978176,1540978431,FR
1540978432,1540978687,TR
1540978688,1540979199,GB
1540979200,1540979711,SI
1540979712,1540979967,ES
1540979968,1540980223,RU
1540980224,1540980735,SI
1540980736,1540980991,CH
1540980992,1540981247,RU
1540981248,1540981503,RO
1540981504,1540981759,DE
1540981760,1540982015,PL
1540982016,1540982271,IQ
1540982272,1540982527,DE
1540982528,1540982783,US
1540982784,1540983295,RU
1540983296,1540983551,ME
1540983552,1540983807,HK
1540983808,1540984063,FR
1540984064,1540984319,DE
1540984320,1540984575,PL
1540984576,1540984831,RU
1540984832,1540985087,LV
1540985088,1540985343,DE
1540985344,1540985599,NL
1540985600,1540985855,TR
1540985856,1540986111,BG
1540986112,1540986367,DE
1540986368,1540986623,PL
1540986624,1540986879,CH
1540986880,1540987135,PL
1540987136,1540987391,LV
1540987392,1540987647,FR
1540987648,1540987903,GR
1540987904,1540988159,RU
1540988160,1540988415,AM
1540988416,1540988671,PL
1540988928,1540989183,HK
1540989184,1540989439,PL
1540989440,1540989695,HK
1540989696,1540989951,RU
1540989952,1540990207,FR
1540990208,1540990463,DE
1540990464,1540990719,IR
1540990720,1540990975,BE
1540990976,1540991231,FR
1540991232,1540991487,HU
1540991488,1540991743,CH
1540991744,1540991999,PL
1540992000,1540992255,FR
1540992256,1540992511,AT
1540992512,1540993279,DE
1540993280,1540993535,IR
1540993536,1540993791,RU
1540993792,1540994047,UA
1540994048,1540994303,RU
1540994304,1540994559,SE
1540994560,1540994815,PL
1540994816,1540995071,UA
1540995072,1540995327,RU
1540995328,1540995583,IQ
1540995584,1540995839,SE
1540995840,1540996095,RO
1540996096,1540996351,DE
1540996352,1540996607,GB
1540996608,1540996863,RU
1540996864,1540997119,GB
1540997120,1540997375,DE
1540997376,1540997631,TR
1540997632,1540997887,RU
1540997888,1540998143,IT
1540998144,1540998399,RU
1540998400,1540998655,UA
1540998656,1540998911,PL
1540998912,1540999167,DE
1540999168,1540999423,NL
1540999424,1540999679,DK
1540999680,1540999935,RU
1540999936,1541000191,RO
1541000192,1541000447,PL
1541000448,1541000703,BG
1541000704,1541000959,NO
1541000960,1541001215,LI
1541001216,1541001471,PL
1541001472,1541001727,SE
1541001728,1541002239,NL
1541002240,1541002495,SA
1541002496,1541002751,FR
1541002752,1541003007,DE
1541003264,1541003519,GB
1541003520,1541004031,PL
1541004032,1541004287,IT
1541004288,1541004543,RU
1541004544,1541004799,PL
1541004800,1541005311,SI
1541005312,1541005567,PL
1541005568,1541005823,AT
1541005824,1541006079,RO
1541006080,1541006335,RU
1541006336,1541006591,PL
1541006592,1541006847,GB
1541006848,1541007103,DE
1541007104,1541007359,GB
1541007360,1541007615,DE
1541007616,1541007871,RU
1541007872,1541008127,FR
1541008128,1541008383,NL
1541008384,1541008639,SG
1541008640,1541008895,GB
1541008896,1541009151,TR
1541009152,1541009407,PL
1541009408,1541009663,EE
1541009664,1541009919,BG
1541009920,1541010175,PL
1541010176,1541010431,GR
1541010432,1541010687,RU
1541010688,1541010943,GB
1541010944,1541011199,CY
1541011200,1541011455,CH
1541011456,1541011711,FI
1541011712,1541011967,DE
1541011968,1541012223,GB
1541012224,1541012479,DE
1541012480,1541012735,FI
1541012736,1541012991,NL
1541012992,1541013247,UA
1541013248,1541013503,SI
1541013504,1541014527,DE
1541014528,1541015551,AM
1541015552,1541016575,RU
1541016576,1541017599,UA
1541017600,1541018623,RU
1541018624,1541018879,NL
1541018880,1541019135,TR
1541019136,1541019391,GR
1541019392,1541019647,DE
1541019648,1541021695,RU
1541021696,1541022975,UA
1541022976,1541023231,NL
1541023232,1541023487,CH
1541023488,1541023743,GB
1541023744,1541024767,RU
1541024768,1541026815,UA
1541026816,1541027839,LV
1541027840,1541028095,AZ
1541028096,1541028351,ES
1541028352,1541028607,GB
1541028608,1541028863,TR
1541028864,1541029887,PL
1541029888,1541030911,DE
1541030912,1541031935,PL
1541031936,1541032959,UA
1541032960,1541033215,PL
1541033216,1541033471,IT
1541033472,1541033727,SE
1541033728,1541033983,NO
1541033984,1541035007,BG
1541035008,1541036031,RU
1541036032,1541037055,UA
1541037056,1541038079,RU
1541038080,1541039103,UA
1541039104,1541040127,RU
1541040128,1541041151,UA
1541041152,1541044223,RU
1541044224,1541045247,UA
1541045248,1541046271,NL
1541046272,1541049343,RU
1541049344,1541049855,KZ
1541049856,1541050367,LV
1541050368,1541051391,RU
1541051392,1541052415,NL
1541052416,1541052927,PS
1541052928,1541053439,US
1541053440,1541054463,PL
1541054464,1541055487,TJ
1541055488,1541056511,PL
1541056512,1541057535,TJ
1541057536,1541058303,RS
1541058304,1541058559,CH
1541058560,1541059327,LK
1541059328,1541059583,RU
1541059584,1541060095,KZ
1541060096,1541060351,SE
1541060352,1541060607,GB
1541060608,1541061631,NO
1541061632,1541062655,CZ
1541062656,1541063679,UA
1541063680,1541065727,PL
1541065728,1541066751,SE
1541066752,1541067775,PL
1541067776,1541068799,UA
1541068800,1541069823,PL
1541069824,1541070847,RU
1541070848,1541071871,IT
1541071872,1541072895,RU
1541072896,1541073919,CZ
1541073920,1541074943,GB
1541074944,1541075967,PL
1541075968,1541078015,RU
1541078016,1541079039,RO
1541079040,1541080063,PL
1541080064,1541081087,RU
1541081088,1541082111,DE
1541082112,1541083135,RU
1541083136,1541084159,RO
1541084160,1541084415,GB
1541084416,1541084671,ES
1541084672,1541084927,TR
1541084928,1541086207,RU
1541086208,1541087231,SK
1541087232,1541089279,RU
1541089280,1541090303,GB
1541090304,1541091327,CZ
1541091328,1541092351,RU
1541092352,1541093375,UA
1541093376,1541094399,RU
1541094400,1541095423,UA
1541095424,1541096447,RU
1541096448,1541097471,AT
1541097472,1541098495,RU
1541098496,1541099519,NL
1541099520,1541100543,UA
1541100544,1541101567,HU
1541101568,1541102591,RU
1541102592,1541103615,SA
1541103616,1541105663,RU
1541105664,1541106687,PL
1541106688,1541107711,NL
1541107712,1541108735,PL
1541108736,1541108991,IR
1541108992,1541109247,RU
1541109248,1541109503,GB
1541109504,1541110783,PL
1541110784,1541111807,RU
1541111808,1541112831,PL
1541112832,1541113855,SK
1541113856,1541114879,RU
1541114880,1541115903,US
1541115904,1541116927,UA
1541116928,1541117951,RU
1541117952,1541118975,DK
1541118976,1541122047,RU
1541122048,1541123071,UA
1541123072,1541124095,FI
1541124096,1541126143,RU
1541126144,1541127167,PL
1541127168,1541129215,RU
1541129216,1541130239,UA
1541130240,1541132287,RU
1541132288,1541133311,PL
1541133312,1541133567,US
1541133568,1541134079,RO
1541134080,1541134335,NO
1541134336,1541135359,SE
1541135360,1541136383,UA
1541136384,1541137407,KZ
1541137408,1541138431,RU
1541138432,1541139455,GE
1541139456,1541140479,HU
1541140480,1541142527,CZ
1541142528,1541143551,RU
1541143552,1541144575,UA
1541144576,1541144831,IR
1541144832,1541145087,RU
1541145088,1541145343,AT
1541145344,1541145599,UA
1541145600,1541145855,IT
1541145856,1541146111,RU
1541146112,1541146367,NL
1541146368,1541146623,DK
1541146624,1541146879,DE
1541146880,1541147135,ES
1541147136,1541147391,DE
1541147392,1541147903,RU
1541147904,1541148415,RO
1541148416,1541148671,IT
1541148672,1541148927,DE
1541148928,1541149439,PL
1541149440,1541149695,SE
1541149696,1541149951,CZ
1541149952,1541150207,NL
1541150208,1541150463,IL
1541150464,1541150719,CH
1541150720,1541150975,GB
1541150976,1541151231,JP
1541151232,1541151487,RO
1541151488,1541151743,FR
1541151744,1541151999,NL
1541152000,1541152255,HU
1541152256,1541152511,NL
1541152512,1541152767,RU
1541152768,1541153023,PL
1541153024,1541153279,RU
1541153280,1541153535,DE
1541153536,1541153791,NL
1541153792,1541154047,DE
1541154048,1541154303,NL
1541154304,1541154559,RU
1541154560,1541154815,PL
1541155072,1541155327,IQ
1541155328,1541155583,GB
1541155584,1541155839,LV
1541155840,1541156095,PL
1541156096,1541156351,IE
1541156352,1541156607,RU
1541156608,1541156863,SE
1541156864,1541157119,RO
1541157120,1541157375,DE
1541157376,1541157631,TR
1541157632,1541157887,FR
1541157888,1541158143,GB
1541158144,1541158399,NL
1541158400,1541158655,PL
1541158656,1541158911,SI
1541158912,1541159167,DE
1541159168,1541159423,RU
1541159424,1541159679,SE
1541159680,1541159935,LT
1541159936,1541160447,UA
1541160448,1541160703,CH
1541160704,1541160959,RO
1541160960,1541161215,CH
1541161216,1541161471,TR
1541161472,1541161727,ES
1541161728,1541161983,DE
1541161984,1541162239,BE
1541162240,1541162495,RU
1541162496,1541162751,ES
1541162752,1541163007,NL
1541163008,1541163263,RO
1541163264,1541163519,PL
1541163520,1541163775,DE
1541163776,1541164031,RO
1541164032,1541164287,RU
1541164288,1541164543,CH
1541164544,1541164799,SI
1541164800,1541165055,IR
1541165056,1541165567,RU
1541165568,1541165823,NL
1541165824,1541166079,IT
1541166080,1541166335,GE
1541166336,1541166591,FR
1541166592,1541166847,RO
1541166848,1541167103,RU
1541167104,1541167359,NL
1541167360,1541167615,AT
1541167616,1541167871,AZ
1541167872,1541168127,UA
1541168128,1541168639,RU
1541168640,1541168895,SA
1541168896,1541169151,MK
1541169152,1541169407,RO
1541169408,1541169663,DE
1541169664,1541169919,SE
1541169920,1541170431,CH
1541170432,1541170687,UA
1541170688,1541170943,BE
1541170944,1541171199,PL
1541171200,1541171455,UA
1541171456,1541171711,PL
1541171712,1541171967,UA
1541171968,1541172223,SI
1541172224,1541172479,GR
1541172480,1541172735,RU
1541172736,1541172991,IS
1541172992,1541173247,BE
1541173248,1541173503,RU
1541173504,1541173759,IR
1541173760,1541174015,LT
1541174016,1541174271,GB
1541174272,1541174527,FR
1541174528,1541174783,SE
1541174784,1541175039,GB
1541175040,1541175295,SI
1541175296,1541175551,RU
1541175552,1541175807,RO
1541175808,1541176063,CZ
1541176064,1541176319,NL
1541176320,1541176575,RU
1541176576,1541176831,DE
1541176832,1541177087,AM
1541177088,1541177343,GB
1541177344,1541177599,CH
1541177600,1541177855,DE
1541177856,1541178111,PL
1541178112,1541178367,GR
1541178368,1541178623,GB
1541178624,1541178879,RU
1541178880,1541179135,DE
1541179136,1541179391,RU
1541179392,1541179647,BE
1541179648,1541179903,RU
1541179904,1541180159,IS
1541180160,1541180415,MT
1541180416,1541180671,UA
1541180672,1541180927,GB
1541181184,1541181439,NO
1541181440,1541181695,MD
1541181696,1541182207,RU
1541182208,1541182463,NL
1541182464,1541182719,DE
1541182720,1541182975,RO
1541182976,1541183231,SE
1541183232,1541183487,UA
1541183488,1541183743,RU
1541183744,1541183999,NL
1541184000,1541184255,BE
1541184256,1541184511,RU
1541184512,1541184767,SI
1541184768,1541185023,RU
1541185024,1541185279,ES
1541185280,1541185535,DE
1541185536,1541185791,GB
1541185792,1541186047,UA
1541186048,1541186303,CH
1541186304,1541186559,RU
1541186560,1541186815,PL
1541186816,1541187071,NO
1541187072,1541187327,RU
1541187328,1541187583,RO
1541187584,1541187839,IT
1541187840,1541188351,RU
1541188352,1541188607,GR
1541188608,1541188863,HU
1541189120,1541189375,UA
1541189376,1541189631,GB
1541189632,1541189887,GR
1541189888,1541190143,PL
1541190144,1541190399,GB
1541190400,1541190655,AT
1541190656,1541190911,GB
1541190912,1541191167,RU
1541191168,1541191423,TR
1541191424,1541191679,RO
1541191680,1541191935,GR
1541191936,1541192191,DE
1541192192,1541192447,RU
1541192448,1541192703,ME
1541192704,1541192959,RU
1541192960,1541193215,BG
1541193216,1541193471,PT
1541193472,1541193727,BE
1541193728,1541193983,SE
1541194240,1541194495,SI
1541194496,1541194751,JO
1541194752,1541195007,NO
1541195008,1541195263,FR
1541195264,1541195519,SA
1541195520,1541195775,GB
1541195776,1541196031,FR
1541196032,1541196287,CZ
1541196288,1541196799,GB
1541196800,1541197055,UA
1541197056,1541197311,PL
1541197312,1541197567,RU
1541197568,1541197823,MD
1541197824,1541198079,GR
1541198080,1541198335,LT
1541198336,1541198591,AT
1541198592,1541198847,RU
1541198848,1541199103,DE
1541199104,1541199359,SI
1541199360,1541199615,GB
1541199616,1541199871,RU
1541199872,1541200127,AZ
1541200128,1541200383,NO
1541200384,1541201151,RU
1541201152,1541201407,SI
1541201408,1541201663,PL
1541201664,1541201919,UA
1541201920,1541202175,IE
1541202176,1541202431,PL
1541202432,1541202687,UA
1541202688,1541202943,SE
1541202944,1541203199,DE
1541203200,1541203455,RU
1541203456,1541203711,UA
1541203712,1541203967,NL
1541203968,1541204223,RO
1541204224,1541204479,RU
1541204480,1541204735,GB
1541204736,1541204991,UA
1541204992,1541205247,GR
1541205248,1541205503,SK
1541205504,1541205759,PL
1541205760,1541206015,AT
1541206016,1541206271,SI
1541206272,1541206527,FI
1541206528,1541206783,TR
1541206784,1541207039,IR
1541207040,1541207295,DE
1541207296,1541207807,FR
1541207808,1541208063,HU
1541208064,1541208319,FR
1541208320,1541208575,BE
1541208576,1541208831,BY
1541208832,1541209087,HU
1541209088,1541209343,LT
1541209344,1541209599,UA
1541209600,1541209855,SE
1541209856,1541210111,UA
1541210112,1541210623,RU
1541210624,1541211135,CZ
1541211136,1541211647,SK
1541211648,1541212159,US
1541212160,1541213695,DE
1541213696,1541214207,UA
1541214208,1541215231,RU
1541215232,1541215743,LV
1541215744,1541216255,SA
1541216256,1541216767,RU
1541216768,1541217279,PL
1541217280,1541218303,RU
1541218304,1541218815,IT
1541218816,1541219839,RU
1541219840,1541220095,CL
1541220096,1541220351,RU
1541220352,1541220607,SG
1541220608,1541220863,SA
1541220864,1541221375,RU
1541221376,1541221887,PL
1541221888,1541222399,CZ
1541222400,1541222911,RU
1541222912,1541223423,DK
1541223424,1541223935,GE
1541223936,1541224447,GB
1541224448,1541224959,RU
1541224960,1541225471,DE
1541225472,1541225983,AM
1541225984,1541226495,LV
1541226496,1541227007,UA
1541227008,1541227519,FI
1541227520,1541227775,RU
1541227776,1541228031,NL
1541228032,1541228543,RU
1541228544,1541229055,NL
1541229056,1541229567,UA
1541229568,1541230079,ES
1541230080,1541230591,RO
1541230592,1541231103,NL
1541231104,1541231615,CH
1541231616,1541232127,UA
1541232128,1541232639,ES
1541232640,1541233151,PL
1541233152,1541233663,RU
1541233664,1541234175,FR
1541234176,1541234687,PL
1541234688,1541235199,NL
1541235200,1541235455,RU
1541235456,1541235711,GB
1541235712,1541236223,AT
1541236224,1541236735,RU
1541236736,1541237247,DE
1541237248,1541237759,FR
1541237760,1541238271,RU
1541238272,1541239295,SK
1541239296,1541239807,PL
1541239808,1541240319,IR
1541240320,1541240831,CH
1541240832,1541241343,DE
1541241344,1541241855,PL
1541241856,1541242367,UA
1541242368,1541242879,PL
1541242880,1541243391,KW
1541243392,1541243903,NO
1541243904,1541244415,RU
1541244416,1541244927,RS
1541244928,1541245439,RU
1541245440,1541245951,AT
1541245952,1541246463,RU
1541246464,1541246975,DK
1541246976,1541247487,PL
1541247488,1541247999,FR
1541248000,1541248511,CZ
1541248512,1541249023,NL
1541249024,1541249535,GB
1541249536,1541250047,UA
1541250048,1541250559,RU
1541250560,1541251071,PL
1541251072,1541251583,NL
1541251584,1541252607,RU
1541252608,1541253119,UA
1541253120,1541253631,GB
1541253632,1541254143,SI
1541254144,1541254655,PL
1541254656,1541255679,RU
1541255680,1541256191,UA
1541256192,1541256703,RU
1541256704,1541257215,DE
1541257216,1541257727,SA
1541257728,1541258239,DK
1541258240,1541258751,RU
1541258752,1541259263,NL
1541259264,1541259775,CH
1541259776,1541260287,RU
1541260288,1541260799,DK
1541260800,1541261823,RU
1541261824,1541262335,SA
1541262336,1541262847,DE
1541262848,1541263359,DK
1541263360,1541263871,CH
1541263872,1541264383,UA
1541264384,1541264895,CZ
1541264896,1541265407,PL
1541265408,1541265919,RS
1541265920,1541266431,UA
1541266432,1541266943,KW
1541266944,1541267199,NL
1541267200,1541267455,DE
1541267456,1541267967,FR
1541267968,1541268479,DE
1541268480,1541268991,AM
1541268992,1541269503,NL
1541269504,1541269759,CH
1541269760,1541270015,US
1541270016,1541270527,UA
1541270528,1541271039,IT
1541271040,1541271551,FI
1541271552,1541272063,IR
1541272064,1541272575,RU
1541272576,1541273087,FR
1541273088,1541274111,RU
1541274112,1541274623,DE
1541274624,1541275135,RU
1541275136,1541275647,FR
1541275648,1541276671,UA
1541276672,1541277695,RS
1541277696,1541278719,DE
1541278720,1541280767,UA
1541280768,1541281791,BG
1541281792,1541282815,PL
1541282816,1541283839,RU
1541283840,1541285887,UA
1541285888,1541286399,PL
1541286400,1541286655,UA
1541286656,1541286911,FR
1541286912,1541287935,DE
1541287936,1541288959,UA
1541288960,1541289983,CZ
1541289984,1541291007,PL
1541291008,1541293055,UA
1541293056,1541295103,PL
1541295104,1541297151,UA
1541297152,1541298175,CH
1541298176,1541299199,KZ
1541299200,1541300223,AT
1541300224,1541301247,DE
1541301248,1541302271,PL
1541302272,1541303295,SK
1541303296,1541304319,PL
1541304320,1541305343,UA
1541305344,1541306367,PL
1541306368,1541307391,RU
1541307392,1541308415,PL
1541308416,1541309439,RU
1541309440,1541310463,NL
1541310464,1541311487,UA
1541311488,1541314559,PL
1541314560,1541315583,UA
1541315584,1541316607,RU
1541316608,1541317631,PL
1541317632,1541318655,RU
1541318656,1541319679,UA
1541319680,1541320703,CA
1541320704,1541321727,DE
1541321728,1541322751,UA
1541322752,1541323775,PL
1541323776,1541324799,FI
1541324800,1541325823,PL
1541325824,1541326847,IR
1541326848,1541327871,SA
1541327872,1541328895,IR
1541328896,1541329919,RU
1541329920,1541330943,PL
1541330944,1541331967,RU
1541331968,1541332991,UA
1541332992,1541334015,PL
1541334016,1541335039,RU
1541335040,1541336063,DE
1541336064,1541338111,RU
1541338112,1541341183,UA
1541341184,1541341439,TR
1541341440,1541341695,RU
1541341696,1541341951,DE
1541341952,1541342463,PL
1541342464,1541342719,FR
1541342720,1541342975,PL
1541342976,1541343231,ES
1541343232,1541343487,TR
1541343488,1541343743,IE
1541343744,1541343999,GB
1541344000,1541344255,IL
1541344256,1541344511,IT
1541344512,1541345023,PL
1541345024,1541345279,RU
1541345280,1541345535,DE
1541345536,1541345791,CH
1541345792,1541346047,RU
1541346048,1541346303,UA
1541346304,1541346559,DE
1541346560,1541346815,GB
1541346816,1541347071,FR
1541347072,1541347327,PL
1541347328,1541347583,HR
1541347584,1541347839,RU
1541347840,1541348095,SI
1541348096,1541348351,FI
1541348352,1541348607,RU
1541348608,1541348863,HR
1541348864,1541349119,UA
1541349120,1541349375,PL
1541349376,1541349631,RU
1541349632,1541349887,PL
1541349888,1541350143,UA
1541350144,1541350399,FR
1541350400,1541350655,NO
1541350656,1541350911,RU
1541350912,1541351167,AT
1541351168,1541351423,SI
1541351424,1541351679,FR
1541351680,1541351935,DE
1541351936,1541352191,GR
1541352192,1541352447,SI
1541352448,1541352703,RU
1541352704,1541352959,RO
1541352960,1541353215,GB
1541353216,1541353471,SE
1541353472,1541353727,RU
1541353728,1541353983,SI
1541353984,1541354239,RO
1541354240,1541354495,SE
1541354496,1541354751,PL
1541354752,1541355007,GE
1541355008,1541355263,IL
1541355264,1541355519,PL
1541355520,1541355775,NL
1541355776,1541356031,PL
1541356032,1541356287,GB
1541356288,1541356543,UA
1541356544,1541356799,IL
1541356800,1541357055,IR
1541357056,1541357311,FR
1541357312,1541357567,RU
1541357568,1541357823,PL
1541357824,1541358079,HR
1541358080,1541358335,BG
1541358336,1541358591,GB
1541358592,1541358847,PL
1541358848,1541359103,SK
1541359104,1541359359,RU
1541359360,1541359615,FR
1541359616,1541359871,PL
1541359872,1541360127,FR
1541360128,1541360383,CZ
1541360384,1541360639,RU
1541360640,1541360895,FR
1541360896,1541361151,UA
1541361152,1541361407,PL
1541361408,1541361663,CH
1541361664,1541361919,SI
1541361920,1541362175,PL
1541362176,1541362431,AM
1541362432,1541362687,PL
1541362688,1541362943,FR
1541362944,1541363199,DK
1541363200,1541363455,UA
1541363456,1541363711,IE
1541363712,1541363967,UA
1541363968,1541364479,RU
1541364480,1541364735,AT
1541364736,1541364991,SE
1541364992,1541365247,RU
1541365248,1541365503,UA
1541365504,1541365759,AE
1541365760,1541366015,DE
1541366016,1541366271,UA
1541366272,1541366527,RU
1541366528,1541366783,DE
1541366784,1541367039,NO
1541367040,1541367295,AT
1541367296,1541367551,DE
1541367552,1541367807,UA
1541367808,1541368063,GR
1541368064,1541368319,RU
1541368320,1541368575,IL
1541368576,1541368831,FI
1541368832,1541369343,RU
1541369344,1541369599,UA
1541369600,1541369855,GB
1541369856,1541370111,UA
1541370112,1541370367,SI
1541370368,1541370623,DE
1541370624,1541370879,SI
1541370880,1541371135,IR
1541371136,1541371391,RO
1541371392,1541371647,RU
1541371648,1541371903,NL
1541371904,1541372159,RU
1541372160,1541372415,CH
1541372416,1541372671,UA
1541372672,1541373183,NL
1541373184,1541373439,FR
1541373440,1541373695,DE
1541373696,1541373951,UA
1541373952,1541374207,RU
1541374208,1541374463,DE
1541374464,1541374719,PL
1541374720,1541374975,FR
1541374976,1541375231,CH
1541375232,1541375487,US
1541375488,1541375999,PL
1541376000,1541376255,UA
1541376256,1541376767,RU
1541376768,1541377023,FR
1541377024,1541377279,NL
1541377280,1541377535,DE
1541377536,1541377791,PL
1541377792,1541378047,ES
1541378048,1541378303,RU
1541378304,1541378559,DE
1541378560,1541378815,IR
1541378816,1541379071,AT
1541379072,1541379327,RO
1541379328,1541379583,UA
1541379584,1541379839,FR
1541379840,1541380095,DE
1541380096,1541380351,UA
1541380352,1541380607,RU
1541380608,1541380863,CH
1541380864,1541381119,IT
1541381120,1541381375,RO
1541381376,1541381631,TR
1541381632,1541381887,RO
1541381888,1541382143,FR
1541382144,1541382399,PL
1541382400,1541382655,IM
1541382656,1541382911,RS
1541382912,1541383167,IT
1541383424,1541383679,LV
1541383680,1541383935,SI
1541383936,1541384447,PL
1541384448,1541384703,SE
1541384704,1541384959,RU
1541384960,1541385215,PL
1541385216,1541385471,NL
1541385472,1541385727,SK
1541385728,1541385983,SI
1541385984,1541386239,PL
1541386240,1541386495,RU
1541386496,1541386751,UA
1541386752,1541387007,GB
1541387008,1541387263,CH
1541387264,1541387519,UA
1541387520,1541387775,RU
1541387776,1541388031,SI
1541388032,1541388287,DE
1541388288,1541388543,PL
1541388544,1541388799,RO
1541388800,1541389055,CH
1541389056,1541389311,IR
1541389312,1541389567,RU
1541389568,1541389823,SI
1541389824,1541390079,RO
1541390080,1541390335,US
1541390336,1541390591,FR
1541390592,1541390847,SI
1541390848,1541391103,UA
1541391104,1541391359,BE
1541391360,1541391615,PL
1541391616,1541391871,SI
1541391872,1541392127,DE
1541392128,1541392383,RU
1541392384,1541392639,RO
1541392640,1541392895,AT
1541392896,1541393151,JO
1541393152,1541393407,GB
1541393408,1541393663,DE
1541393664,1541393919,UA
1541393920,1541394175,ES
1541394176,1541394431,FR
1541394432,1541394687,CY
1541394688,1541394943,SK
1541394944,1541395199,SA
1541395200,1541395455,DE
1541395456,1541395711,PL
1541395712,1541395967,NO
1541395968,1541396223,UA
1541396224,1541396479,LB
1541396480,1541396735,UA
1541396736,1541396991,RU
1541396992,1541397247,GB
1541397248,1541397503,SE
1541397504,1541397759,SM
1541397760,1541398015,PL
1541398016,1541398271,HU
1541398272,1541398527,UA
1541398528,1541398783,RU
1541398784,1541399039,PL
1541399040,1541399295,RU
1541399296,1541399551,UA
1541399552,1541400063,DE
1541400064,1541400319,SI
1541400320,1541400831,SE
1541400832,1541401087,NL
1541401344,1541401599,DK
1541401600,1541401855,GB
1541401856,1541402111,HR
1541402112,1541402367,SI
1541402368,1541402623,RU
1541402624,1541402879,FR
1541402880,1541403135,PL
1541403136,1541403391,RU
1541403392,1541403647,EE
1541403648,1541403903,RU
1541403904,1541404159,GE
1541404160,1541404415,RU
1541404416,1541404671,DE
1541404672,1541404927,AT
1541404928,1541405183,FR
1541405184,1541405439,PL
1541405440,1541405951,RU
1541405952,1541406207,FR
1541406208,1541406463,RU
1541406464,1541406719,UA
1541406720,1541407231,RS
1541407232,1541407743,CY
1541407744,1541408255,FI
1541408256,1541408767,FR
1541408768,1541409791,UA
1541409792,1541410303,LV
1541410304,1541410815,RU
1541410816,1541411327,UA
1541411328,1541411839,RU
1541411840,1541412351,IR
1541412352,1541412607,AE
1541412608,1541412863,UZ
1541412864,1541413375,UA
1541413376,1541413887,GB
1541413888,1541414399,PL
1541414400,1541415935,RU
1541415936,1541416447,SE
1541416448,1541416959,PL
1541416960,1541417471,RO
1541417472,1541417983,SK
1541417984,1541418495,UA
1541418496,1541419007,PL
1541419008,1541419519,CZ
1541419520,1541420031,RO
1541420032,1541420543,RU
1541420544,1541421055,NL
1541421056,1541421567,PL
1541421568,1541422079,CZ
1541422080,1541422591,PL
1541422592,1541423103,GE
1541423104,1541423615,CZ
1541423616,1541424127,AT
1541424128,1541424639,UA
1541424640,1541425151,AT
1541425152,1541425663,IT
1541425664,1541425919,KZ
1541425920,1541426175,PL
1541426176,1541426687,RU
1541426688,1541427199,CY
1541427200,1541428223,RU
1541428224,1541428735,UA
1541428736,1541429247,RU
1541429248,1541429759,FI
1541429760,1541430271,CZ
1541430272,1541430783,GB
1541430784,1541431295,CH
1541431296,1541431807,UA
1541431808,1541432319,RU
1541432320,1541432831,CZ
1541432832,1541433343,RU
1541433344,1541433855,PL
1541433856,1541434367,RU
1541434368,1541434879,GB
1541434880,1541435391,IR
1541435392,1541435903,RU
1541435904,1541436415,IE
1541436416,1541437951,PL
1541437952,1541438463,NL
1541438464,1541439487,RU
1541439488,1541439999,PL
1541440000,1541441023,RU
1541441024,1541441535,LT
1541441536,1541442559,RU
1541442560,1541442815,SC
1541442816,1541443071,UA
1541443072,1541444607,PL
1541444608,1541445119,FR
1541445120,1541445631,ES
1541445632,1541446143,GB
1541446144,1541446655,RU
1541446656,1541447167,UA
1541447168,1541447679,DE
1541447680,1541448191,FI
1541448192,1541448703,FR
1541448704,1541448959,AT
1541448960,1541449215,DE
1541449216,1541450239,RU
1541450240,1541450495,TR
1541450496,1541450751,UA
1541450752,1541451263,SI
1541451264,1541451775,DK
1541451776,1541452287,IR
1541452288,1541452799,UA
1541452800,1541453311,PL
1541453312,1541453823,RU
1541453824,1541454335,PL
1541454336,1541454591,BE
1541454848,1541455359,EE
1541455360,1541455871,GB
1541455872,1541456383,PL
1541456384,1541456895,RU
1541456896,1541457919,PL
1541457920,1541458943,UA
1541458944,1541460479,RU
1541460480,1541460991,DK
1541460992,1541461247,DE
1541461248,1541461503,RO
1541461504,1541462527,PL
1541462528,1541463039,RU
1541463040,1541463551,PL
1541463552,1541464063,UA
1541464064,1541464575,PL
1541464576,1541465087,DE
1541465088,1541465599,FI
1541465600,1541466111,FR
1541466112,1541467135,RU
1541467136,1541467647,PL
1541467648,1541468159,SI
1541468160,1541468671,ES
1541468672,1541469183,NL
1541469184,1541470207,SE
1541470208,1541470719,NL
1541470720,1541471231,RS
1541471232,1541471743,UA
1541471744,1541472255,RU
1541472256,1541472511,AT
1541472512,1541472767,FR
1541472768,1541473023,LU
1541473024,1541473279,DE
1541473280,1541474303,UA
1541474304,1541475327,PL
1541475328,1541476095,RO
1541476096,1541476351,DE
1541476352,1541477375,GB
1541477376,1541478911,RU
1541478912,1541479167,KZ
1541479168,1541479423,RU
1541479424,1541480447,PL
1541480448,1541480959,US
1541480960,1541481471,RO
1541481472,1541482495,UA
1541482496,1541483519,RU
1541483520,1541485567,UA
1541485568,1541486591,IR
1541486592,1541487615,UA
1541487616,1541488639,NO
1541488640,1541489663,PL
1541489664,1541490687,FI
1541490688,1541492735,RU
1541492736,1541493759,UA
1541493760,1541494783,CZ
1541494784,1541495807,RU
1541495808,1541496831,UA
1541496832,1541497855,SI
1541497856,1541498879,RU
1541498880,1541499903,LT
1541499904,1541500927,UA
1541500928,1541501951,RU
1541501952,1541503999,UA
1541504000,1541504255,RU
1541504256,1541504511,CY
1541504512,1541504767,GB
1541504768,1541505023,RU
1541505024,1541506047,CZ
1541506048,1541507071,PL
1541507072,1541510143,UA
1541510144,1541511167,RU
1541511168,1541512191,GE
1541512192,1541513215,PL
1541513216,1541517311,UA
1541517312,1541518335,PL
1541518336,1541519359,IT
1541519360,1541521407,PL
1541521408,1541522431,RU
1541522432,1541524479,UA
1541524480,1541525503,SA
1541525504,1541527807,RU
1541527808,1541528063,RS
1541528064,1541528319,IL
1541528320,1541528575,LI
1541528576,1541529855,UA
1541529856,1541530623,US
1541530624,1541531647,RU
1541531648,1541532671,UA
1541532672,1541533695,RU
1541533696,1541534719,PL
1541534720,1541535743,IT
1541535744,1541536767,US
1541536768,1541537791,RU
1541537792,1541538047,RO
1541538048,1541538303,PL
1541538304,1541538815,RO
1541538816,1541539327,UA
1541539328,1541539839,PL
1541539840,1541540351,HR
1541540352,1541540863,RU
1541540864,1541541375,AM
1541541376,1541541887,RU
1541541888,1541542399,PL
1541542400,1541542911,FR
1541542912,1541543423,MK
1541543424,1541543935,PL
1541543936,1541544447,GB
1541544448,1541544959,PL
1541544960,1541545471,FR
1541545472,1541545983,RU
1541545984,1541546495,NL
1541546496,1541547007,UA
1541547008,1541547519,SE
1541547520,1541548031,PL
1541548032,1541548543,SE
1541548544,1541549567,UA
1541549568,1541550079,DE
1541550080,1541550591,RU
1541550592,1541551103,PL
1541551104,1541552127,RO
1541552128,1541552639,UA
1541552640,1541552895,RU
1541552896,1541553151,HK
1541553152,1541555199,RU
1541555200,1541556223,PL
1541556224,1541556479,IL
1541556480,1541556735,RU
1541556736,1541557247,IT
1541557248,1541557503,IL
1541557504,1541557759,SI
1541557760,1541558015,PL
1541558016,1541558271,HU
1541558272,1541559295,RU
1541559296,1541560319,GB
1541560320,1541561343,DE
1541561344,1541562367,RU
1541562368,1541562623,PL
1541562624,1541562879,BZ
1541562880,1541563135,FR
1541563136,1541563391,SI
1541563392,1541564415,GB
1541564416,1541565439,RU
1541565440,1541565951,IT
1541565952,1541566463,PL
1541566464,1541567487,SK
1541567488,1541567743,RU
1541567744,1541567999,PL
1541568000,1541568511,SE
1541568512,1541569535,RU
1541569536,1541570559,CZ
1541570560,1541573119,RU
1541573120,1541573631,UA
1541573632,1541574655,RU
1541574656,1541575167,DK
1541575168,1541575423,PL
1541575424,1541575679,IT
1541575680,1541577727,RU
1541577728,1541578751,AT
1541578752,1541579007,PL
1541579008,1541579263,RU
1541579264,1541579775,DE
1541579776,1541580799,RU
1541580800,1541581311,NL
1541581312,1541581567,HR
1541581568,1541582847,RU
1541582848,1541583359,ES
1541583360,1541583615,RU
1541583616,1541583871,GE
1541583872,1541584127,SE
1541584128,1541584383,GB
1541584384,1541584895,FR
1541584896,1541585151,PL
1541585152,1541585663,RU
1541585664,1541585919,UA
1541585920,1541586431,RU
1541586432,1541587199,UA
1541587200,1541587455,FR
1541587456,1541588991,PL
1541588992,1541589247,RU
1541589248,1541589503,UA
1541589504,1541590015,CH
1541590016,1541590527,RU
1541590528,1541590783,GB
1541590784,1541591039,UA
1541591040,1541592063,RU
1541592064,1541592319,NL
1541592320,1541592575,US
1541592576,1541593087,FR
1541593088,1541594111,CZ
1541594112,1541594367,AL
1541594368,1541594623,SE
1541594624,1541595135,RU
1541595136,1541595647,IR
1541595648,1541595903,DE
1541595904,1541596159,NL
1541596160,1541597695,PL
1541597696,1541597951,RU
1541597952,1541598207,AM
1541598208,1541599231,PL
1541599232,1541600255,RS
1541600256,1541600511,IR
1541600512,1541600767,IL
1541600768,1541601023,IR
1541601024,1541601279,SC
1541601280,1541601791,DE
1541601792,1541602047,RU
1541602048,1541602303,PL
1541602304,1541603327,UA
1541603328,1541604351,PL
1541604352,1541605119,TR
1541605120,1541605375,CZ
1541605376,1541606911,RU
1541606912,1541607423,UZ
1541607424,1541608447,RU
1541608448,1541608703,DE
1541608704,1541608959,PL
1541608960,1541609215,SA
1541609216,1541609471,RU
1541609472,1541609983,SA
1541609984,1541610239,GB
1541610240,1541610495,IR
1541610496,1541611775,RU
1541611776,1541612031,AT
1541612032,1541612543,RU
1541612544,1541613567,FR
1541613568,1541614079,DE
1541614080,1541614335,UA
1541614336,1541614591,SI
1541614592,1541615615,RU
1541615616,1541615871,CH
1541615872,1541616127,SE
1541616128,1541617407,RU
1541617408,1541617663,AT
1541617664,1541619199,PL
1541619200,1541619455,IT
1541619456,1541620735,PL
1541620736,1541620991,RU
1541620992,1541621247,UA
1541621248,1541621759,IL
1541621760,1541622271,PL
1541622272,1541622527,DE
1541622528,1541622783,NL
1541622784,1541623039,PL
1541623040,1541623295,BG
1541623296,1541623551,GB
1541623552,1541623807,RU
1541623808,1541624831,PL
1541624832,1541625855,IR
1541625856,1541626367,PL
1541626368,1541626623,RO
1541626624,1541627903,RU
1541627904,1541628415,CZ
1541628416,1541628927,DE
1541628928,1541629183,PT
1541629184,1541629439,LV
1541629440,1541630975,PL
1541630976,1541631231,GR
1541631232,1541631487,IT
1541631488,1541631999,SI
1541632000,1541632511,RU
1541632512,1541632767,DE
1541632768,1541634303,PL
1541634304,1541634559,MD
1541634560,1541635071,PL
1541635072,1541636095,GB
1541636096,1541636863,AT
1541636864,1541637119,RO
1541637120,1541637631,DK
1541637632,1541638143,CZ
1541638144,1541638399,RU
1541638400,1541638655,LT
1541638656,1541639167,HU
1541639168,1541640191,RU
1541640192,1541641215,NL
1541641216,1541641727,RU
1541641728,1541642239,UA
1541642240,1541643007,RU
1541643008,1541643263,CZ
1541643264,1541644287,PL
1541644288,1541645311,RU
1541645312,1541645823,IL
1541645824,1541646079,RO
1541646080,1541646335,PL
1541646336,1541646591,LT
1541646592,1541646847,RU
1541646848,1541647359,DK
1541647360,1541648383,RU
1541648384,1541648639,PL
1541648640,1541648895,DK
1541648896,1541649151,GB
1541649152,1541649407,NL
1541649408,1541650431,UA
1541650432,1541650687,IT
1541650688,1541650943,MD
1541650944,1541651199,GB
1541651200,1541651455,DE
1541651456,1541652479,RU
1541652480,1541652735,NL
1541652736,1541652991,DE
1541652992,1541653247,FR
1541653248,1541653503,RU
1541653504,1541654015,PL
1541654016,1541654271,RU
1541654272,1541655551,PL
1541655552,1541656063,AT
1541656064,1541656575,UA
1541656576,1541656831,SE
1541656832,1541657087,BE
1541657088,1541657599,RU
1541657600,1541659647,PL
1541659648,1541660671,GB
1541660672,1541661695,SK
1541661696,1541661951,RU
1541661952,1541662207,NL
1541662208,1541662719,AT
1541662720,1541663743,CZ
1541663744,1541664767,AT
1541664768,1541665023,DE
1541665024,1541665279,AT
1541665280,1541666047,RU
1541666048,1541666303,GB
1541666304,1541666815,IR
1541666816,1541667839,NO
1541667840,1541668095,CH
1541668096,1541668351,DE
1541668352,1541668607,UA
1541668608,1541668863,GE
1541668864,1541669887,IE
1541669888,1541670911,GB
1541670912,1541671423,PL
1541671424,1541671679,GB
1541671680,1541671935,PL
1541671936,1541672191,TR
1541672192,1541672447,UA
1541672448,1541672959,TR
1541672960,1541674495,RS
1541674496,1541675007,IR
1541675008,1541675519,IE
1541675520,1541676031,RU
1541676032,1541676287,PL
1541676288,1541676543,RO
1541676544,1541677055,RU
1541677056,1541678079,PL
1541678080,1541678591,RO
1541678592,1541678847,BG
1541678848,1541679103,KZ
1541679104,1541679615,RU
1541679616,1541680127,PL
1541680128,1541681151,CZ
1541681152,1541682175,RU
1541682176,1541682687,DE
1541682688,1541683199,RU
1541683200,1541683455,NL
1541683456,1541683711,RU
1541683712,1541684223,UA
1541684224,1541684735,CH
1541684736,1541686271,RU
1541686272,1541688319,GB
1541688320,1541688831,RU
1541688832,1541689343,GB
1541689344,1541690367,PL
1541690368,1541691391,LT
1541691392,1541691647,RU
1541691648,1541691903,PL
1541691904,1541692159,SE
1541692160,1541692415,ES
1541692416,1541693439,PL
1541693440,1541694463,RU
1541694464,1541694719,CZ
1541694720,1541694975,DE
1541694976,1541695487,RU
1541695488,1541696511,DE
1541696512,1541697535,MD
1541697536,1541698047,PL
1541698048,1541698303,DK
1541698304,1541698559,GB
1541698560,1541699327,RU
1541699328,1541699583,RO
1541699584,1541700095,RU
1541700096,1541700607,UA
1541700608,1541700863,RU
1541700864,1541701119,PL
1541701120,1541701631,IL
1541701632,1541702655,SA
1541702656,1541703167,IR
1541703168,1541703423,US
1541703424,1541703679,DE
1541703680,1541704703,PL
1541704704,1541705983,DE
1541705984,1541706239,FR
1541706240,1541706751,UA
1541706752,1541707007,RU
1541707008,1541707263,US
1541707264,1541707519,CH
1541707520,1541707775,NL
1541707776,1541708799,ES
1541708800,1541709823,PL
1541709824,1541710079,US
1541710080,1541710335,RU
1541710336,1541710847,IL
1541710848,1541711871,SK
1541711872,1541712127,IR
1541712128,1541712383,TR
1541712384,1541713919,DE
1541713920,1541714175,QA
1541714176,1541716223,RU
1541716224,1541716479,PL
1541716480,1541716735,GB
1541716736,1541716991,CZ
1541717248,1541717503,SJ
1541717504,1541718015,DE
1541718016,1541718271,IR
1541718272,1541719039,SE
1541719040,1541720063,PL
1541720064,1541721087,CZ
1541721088,1541721343,PL
1541721344,1541721599,RU
1541721600,1541721855,US
1541721856,1541722111,SI
1541722112,1541723135,RU
1541723136,1541723647,HU
1541723648,1541723903,NO
1541723904,1541724159,EE
1541724160,1541724415,IN
1541724416,1541725183,UA
1541725184,1541726975,RU
1541726976,1541727231,TR
1541727232,1541727487,RU
1541727488,1541727743,UA
1541727744,1541727999,RU
1541728000,1541728255,FR
1541728256,1541729023,GB
1541729024,1541729279,DE
1541729280,1541729535,UA
1541729536,1541729791,PL
1541729792,1541730303,RU
1541730304,1541730815,ES
1541730816,1541731071,GB
1541731072,1541731327,DE
1541731328,1541731839,SK
1541731840,1541732351,RU
1541732352,1541732607,IL
1541732608,1541732863,AM
1541732864,1541733119,RU
1541733120,1541733375,FR
1541733376,1541734143,RS
1541734144,1541734399,TR
1541734400,1541734911,RO
1541734912,1541735167,RU
1541735168,1541735423,DE
1541735424,1541735679,GB
1541735680,1541735935,BR
1541735936,1541736447,RO
1541736448,1541737471,RU
1541737472,1541739007,RO
1541739008,1541739519,NL
1541739520,1541739775,FR
1541739776,1541740031,NO
1541740032,1541740287,PL
1541740288,1541740543,NL
1541740544,1541740799,SK
1541740800,1541741055,FR
1541741056,1541741567,PL
1541741568,1541742079,SK
1541742080,1541742591,RO
1541742592,1541743103,SA
1541743104,1541743615,TR
1541743616,1541744639,SK
1541744640,1541745663,PL
1541745664,1541746175,TR
1541746176,1541746687,IR
1541746688,1541746943,RU
1541746944,1541747199,NL
1541747200,1541747711,RU
1541747712,1541748735,SA
1541748736,1541748991,PL
1541748992,1541749247,AT
1541749248,1541749503,ES
1541749504,1541749759,RU
1541749760,1541750783,NL
1541750784,1541751295,AE
1541751296,1541751807,UA
1541751808,1541752831,PL
1541752832,1541753087,SI
1541753088,1541753343,IQ
1541753344,1541753855,RU
1541753856,1541754879,UA
1541754880,1541755903,CH
1541755904,1541757439,PL
1541757440,1541757951,RU
1541757952,1541758207,GB
1541758208,1541758463,HU
1541758464,1541758719,NL
1541758720,1541758975,FR
1541758976,1541760255,RU
1541760256,1541760511,UA
1541760512,1541761023,CH
1541761024,1541761535,NL
1541761536,1541762047,PL
1541762048,1541763583,RU
1541763584,1541763839,US
1541763840,1541764095,UA
1541764096,1541764607,RU
1541764608,1541764863,NL
1541764864,1541765119,RU
1541765120,1541766143,UA
1541766144,1541767167,GB
1541767168,1541767679,RU
1541767680,1541768191,FR
1541768192,1541768703,HK
1541768704,1541769215,PA
1541769216,1541769471,FR
1541769472,1541770239,FI
1541770240,1541770495,CH
1541770496,1541770751,SE
1541770752,1541771263,NO
1541771264,1541771775,NL
1541771776,1541772031,RU
1541772032,1541772287,FR
1541772288,1541773311,KZ
1541773312,1541773823,NL
1541773824,1541774079,RU
1541774080,1541774335,UA
1541774336,1541775359,RO
1541775360,1541776895,UZ
1541776896,1541777151,GB
1541777152,1541777407,IT
1541777408,1541778431,DE
1541778432,1541778687,FR
1541778688,1541779455,GB
1541779456,1541779967,RU
1541779968,1541780479,DE
1541780480,1541780735,GB
1541780736,1541780991,NL
1541780992,1541781247,PL
1541781248,1541781503,RO
1541781504,1541781759,TR
1541781760,1541782015,PL
1541782016,1541782271,IT
1541782272,1541782527,GB
1541782528,1541782783,IT
1541782784,1541783551,RU
1541783552,1541783807,IE
1541783808,1541784063,PL
1541784064,1541784575,DE
1541784576,1541785855,RU
1541785856,1541786111,GB
1541786112,1541786367,HK
1541786368,1541786623,DK
1541786624,1541787647,UA
1541787648,1541788159,RU
1541788160,1541788415,PL
1541788416,1541788671,RU
1541788672,1541788927,TR
1541788928,1541789183,DE
1541789184,1541789695,IR
1541789696,1541790719,UA
1541790720,1541790975,SA
1541790976,1541791231,RU
1541791232,1541791743,GB
1541791744,1541791999,KG
1541792000,1541792255,SK
1541792256,1541792511,UA
1541792512,1541792767,FR
1541792768,1541793023,US
1541793024,1541793279,DE
1541793280,1541793791,FR
1541793792,1541794047,NL
1541794048,1541794815,RU
1541794816,1541795071,DK
1541795072,1541795327,RU
1541795328,1541795583,PL
1541795584,1541795839,RU
1541795840,1541796863,UA
1541796864,1541797119,DE
1541797120,1541797375,FR
1541797376,1541797631,DE
1541797632,1541797887,PS
1541797888,1541798143,DE
1541798144,1541798911,PL
1541798912,1541799935,CZ
1541799936,1541800447,FR
1541800448,1541800959,AT
1541800960,1541801471,FI
1541801472,1541801983,BG
1541801984,1541802495,PL
1541802496,1541803007,RU
1541803008,1541804031,LT
1541804032,1541804287,GB
1541804288,1541804543,PL
1541804544,1541805567,RU
1541805568,1541805823,DE
1541805824,1541806079,RU
1541806080,1541806335,PL
1541806336,1541806591,UA
1541806592,1541806847,RU
1541806848,1541807103,DE
1541807104,1541808127,CA
1541808128,1541808383,IR
1541808384,1541809151,NL
1541809152,1541809663,PL
1541809664,1541810175,RU
1541810176,1541810431,PT
1541810432,1541810687,AE
1541810688,1541811199,PL
1541811200,1541811711,SK
1541811712,1541811967,NL
1541811968,1541812223,DE
1541812224,1541812479,IL
1541812480,1541812735,NL
1541812736,1541812991,RU
1541812992,1541813247,NL
1541813248,1541814015,RU
1541814016,1541814783,ES
1541814784,1541815295,PL
1541815296,1541816319,RU
1541816320,1541816575,BE
1541816576,1541816831,RU
1541816832,1541817343,FR
1541817344,1541818367,DK
1541818368,1541818623,RU
1541818624,1541818879,US
1541819136,1541819903,PL
1541819904,1541820159,SE
1541820160,1541820415,IL
1541820416,1541820671,GB
1541820672,1541820927,TR
1541820928,1541821183,AT
1541821184,1541821439,DE
1541821440,1541821695,RU
1541821696,1541821951,TR
1541821952,1541822975,PL
1541822976,1541823231,SI
1541823232,1541823487,RU
1541823488,1541823999,UA
1541824000,1541824511,RU
1541824512,1541824767,IT
1541824768,1541825023,GB
1541825024,1541825535,PL
1541825536,1541826047,RU
1541826048,1541826559,IT
1541826560,1541827071,ES
1541827072,1541827327,LV
1541827328,1541827583,RU
1541827584,1541828095,SE
1541828096,1541828607,FR
1541828608,1541830911,PL
1541830912,1541831167,UA
1541831168,1541831423,PL
1541831424,1541831679,RO
1541831680,1541832191,SA
1541832192,1541833983,SE
1541833984,1541834239,RU
1541834240,1541834495,AT
1541834496,1541835775,RU
1541835776,1541836287,CH
1541836288,1541836799,AT
1541836800,1541837055,CZ
1541837056,1541837311,IT
1541837312,1541837567,RU
1541837568,1541837823,AT
1541837824,1541838079,PL
1541838080,1541838335,TR
1541838336,1541838591,RU
1541838592,1541838847,IT
1541838848,1541839871,RU
1541839872,1541840383,PL
1541840384,1541840639,SC
1541840640,1541840895,PL
1541840896,1541841407,DE
1541841408,1541842943,PL
1541842944,1541843199,US
1541843200,1541843455,FR
1541843456,1541843967,BE
1541843968,1541844991,DE
1541844992,1541846015,BE
1541846016,1541846271,PL
1541846272,1541846527,GB
1541846528,1541848063,RU
1541848064,1541848319,MC
1541848320,1541848575,GB
1541848576,1541848831,VC
1541848832,1541849087,RU
1541849088,1541850111,BG
1541850112,1541850623,RU
1541850624,1541851135,UA
1541851136,1541852671,PL
1541852672,1541853183,RO
1541853184,1541854207,RU
1541854208,1541854463,GB
1541854464,1541854719,KW
1541854720,1541854975,MD
1541854976,1541855231,RU
1541855232,1541855487,CH
1541855488,1541855743,IT
1541855744,1541855999,RU
1541856000,1541856255,MK
1541856256,1541856511,UA
1541856512,1541857279,PL
1541857280,1541857535,RU
1541857536,1541857791,NL
1541857792,1541858815,RU
1541858816,1541859327,BG
1541859328,1541859583,RO
1541859584,1541859839,PL
1541859840,1541860095,RO
1541860096,1541860351,FR
1541860352,1541860607,IL
1541860608,1541860863,NL
1541860864,1541861119,SI
1541861120,1541861375,DK
1541861376,1541861887,RO
1541861888,1541862143,AT
1541862144,1541862399,GB
1541862400,1541862911,NL
1541862912,1541863167,GB
1541863168,1541863423,GR
1541863424,1541863679,RO
1541863680,1541863935,CH
1541863936,1541864191,ES
1541864192,1541864959,RU
1541864960,1541865471,AL
1541865472,1541865727,RO
1541865728,1541865983,UA
1541865984,1541866239,PL
1541866240,1541866495,FR
1541866496,1541867263,NL
1541867264,1541867519,RO
1541867520,1541867775,RU
1541867776,1541868031,PL
1541868032,1541868287,MT
1541868288,1541868543,AE
1541868544,1541869567,PL
1541869568,1541870079,RU
1541870080,1541871103,PL
1541871104,1541871359,IT
1541871360,1541872639,PL
1541872640,1541873663,CZ
1541873664,1541874175,PL
1541874176,1541874687,GB
1541874688,1541875711,PL
1541875712,1541876735,UA
1541876736,1541877247,PL
1541877248,1541877503,GB
1541877504,1541877759,FR
1541877760,1541878783,SA
1541878784,1541879039,TR
1541879040,1541879295,IT
1541879296,1541879807,UA
1541879808,1541880831,UZ
1541880832,1541881343,PL
1541881344,1541881599,IT
1541881600,1541881855,SE
1541881856,1541882367,RU
1541882368,1541882879,KZ
1541882880,1541883135,LV
1541883136,1541883391,UA
1541883392,1541884927,PL
1541885952,1541886975,PL
1541886976,1541887999,UA
1541888256,1541888511,FR
1541888512,1541889023,GB
1541889024,1541889535,PL
1541889536,1541890303,RU
1541890304,1541890559,DE
1541890560,1541891071,UA
1541891072,1541893119,PL
1541893120,1541893631,BE
1541893632,1541894143,PL
1541894144,1541895167,RU
1541895168,1541897727,PL
1541897728,1541897983,FR
1541897984,1541898239,UA
1541898240,1541900799,RU
1541900800,1541901055,MT
1541901056,1541901311,FR
1541901312,1541901567,PL
1541901568,1541901823,RU
1541901824,1541902335,GB
1541902336,1541902591,IR
1541902592,1541903103,RU
1541903104,1541903359,DK
1541903360,1541904383,UA
1541904384,1541904639,PL
1541904640,1541904895,SE
1541904896,1541905407,IE
1541905408,1541905663,FR
1541905664,1541905919,PL
1541905920,1541906431,RS
1541906432,1541906687,UA
1541906688,1541907455,RU
1541907456,1541908479,IT
1541908480,1541908991,PL
1541908992,1541909247,UA
1541909248,1541909503,CZ
1541909504,1541910015,IT
1541910016,1541910527,FR
1541910528,1541911039,RU
1541911040,1541911295,PL
1541911296,1541911551,IT
1541911552,1541911807,RU
1541911808,1541912319,UA
1541912320,1541912575,RO
1541912576,1541912831,NL
1541912832,1541913087,US
1541913088,1541913343,GB
1541913344,1541913599,KZ
1541913600,1541914623,CZ
1541914624,1541915647,IL
1541915648,1541916671,RU
1541916672,1541917695,AM
1541917696,1541917951,CH
1541917952,1541918207,PL
1541918208,1541918463,UA
1541918464,1541919743,RO
1541919744,1541919999,GB
1541920000,1541920767,RU
1541920768,1541921279,PT
1541921280,1541921791,RU
1541921792,1541922047,DE
1541922048,1541922303,PL
1541922304,1541922559,SI
1541922560,1541922815,GB
1541922816,1541923327,DE
1541923328,1541923839,RO
1541923840,1541924095,FR
1541924096,1541924351,UA
1541924352,1541924863,PL
1541924864,1541925119,CH
1541925120,1541926911,RU
1541926912,1541927167,UA
1541927168,1541927679,PL
1541927680,1541927935,RU
1541927936,1541929983,PL
1541929984,1541931007,TJ
1541931008,1541932031,UA
1541932032,1541932543,PL
1541932544,1541933055,RU
1541933056,1541933311,ID
1541933312,1541933567,RO
1541933568,1541934079,ID
1541934080,1541935103,RU
1541935104,1541935615,RO
1541935616,1541935871,FR
1541935872,1541936127,RO
1541936128,1541936383,AT
1541936384,1541936639,UA
1541936640,1541937151,DE
1541937152,1541937663,NL
1541937664,1541937919,GE
1541937920,1541938175,PL
1541938176,1541939199,UA
1541939200,1541939711,NO
1541939712,1541939967,RU
1541939968,1541940223,ES
1541940224,1541940479,GB
1541940480,1541940735,CH
1541940736,1541940991,PL
1541940992,1541941247,RU
1541941248,1541942271,FR
1541942272,1541944831,PL
1541944832,1541945087,DE
1541945088,1541945343,RO
1541945344,1541945855,DE
1541945856,1541946111,PL
1541946112,1541946879,SE
1541946880,1541947391,PL
1541947392,1541948927,IR
1541948928,1541949183,RU
1541949184,1541949439,ES
1541949440,1541950463,IR
1541950464,1541951487,ES
1541951488,1541951743,RU
1541951744,1541951999,ES
1541952000,1541952255,CZ
1541952256,1541952511,NO
1541952512,1541953535,CZ
1541953536,1541954047,LU
1541954048,1541954559,PL
1541954560,1541955583,RU
1541955584,1541956095,DE
1541956096,1541956351,RO
1541956352,1541956607,FR
1541956608,1541957119,LB
1541957120,1541957375,PL
1541957376,1541957631,FR
1541957632,1541957887,GB
1541957888,1541958143,NL
1541958144,1541958655,RS
1541958656,1541959679,RU
1541959680,1541959935,PL
1541959936,1541960191,RU
1541960192,1541960703,NL
1541960704,1541962751,RU
1541962752,1541963263,GB
1541963264,1541963519,RU
1541963520,1541963775,PL
1541963776,1541964031,UA
1541964032,1541964287,FK
1541964288,1541964543,NL
1541964544,1541965823,RU
1541965824,1541966847,US
1541966848,1541967871,PL
1541967872,1541968895,RU
1541968896,1541969919,GB
1541969920,1541970175,RO
1541970176,1541970431,GB
1541970432,1541971199,FI
1541971200,1541971967,UA
1541971968,1541972479,PL
1541972480,1541972735,RU
1541972736,1541972991,AT
1541972992,1541974015,PL
1541974016,1541975551,RU
1541975552,1541975807,TR
1541975808,1541976319,PL
1541976320,1541977087,UA
1541977088,1541977343,IT
1541977344,1541977599,GB
1541977600,1541977855,RO
1541977856,1541978111,PL
1541978112,1541978879,RO
1541978880,1541979135,FR
1541979136,1541979647,RU
1541979648,1541981183,PL
1541981184,1541981695,RU
1541981696,1541981951,FK
1541981952,1541982207,UA
1541982208,1541982719,RS
1541982720,1541984255,RU
1541984256,1541984511,FK
1541984512,1541984767,BG
1541984768,1541985279,RO
1541985280,1541986303,CZ
1541986304,1541986815,RU
1541986816,1541988351,SK
1541988352,1541988607,FR
1541988608,1541988863,RU
1541988864,1541989375,FR
1541989376,1541989631,RO
1541989632,1541989887,LI
1541989888,1541990399,RU
1541990400,1541990911,AT
1541990912,1541991167,SI
1541991168,1541991423,FK
1541991424,1541991935,RS
1541991936,1541992191,UA
1541992192,1541992447,SI
1541992448,1541992959,UA
1541992960,1541993215,FR
1541993216,1541994239,RU
1541994240,1541994495,CZ
1541994496,1541994751,DK
1541994752,1541995519,PL
1541995520,1541996031,RU
1541996032,1541996287,RO
1541996288,1541996543,KG
1541996544,1541997055,US
1541997056,1541997567,RO
1541997568,1541997823,RU
1541997824,1541998079,GB
1541998080,1541998335,NL
1541998336,1541998591,AT
1541998592,1541999615,DE
1541999616,1542000127,AT
1542000128,1542000383,NO
1542000384,1542000639,GE
1542000640,1542000895,GB
1542000896,1542001151,CN
1542001152,1542001663,PL
1542001664,1542001919,UZ
1542001920,1542002175,HU
1542002176,1542002687,NL
1542002688,1542002943,RS
1542002944,1542003199,PL
1542003200,1542003711,DE
1542003712,1542004735,RU
1542004736,1542004991,BG
1542004992,1542005247,GB
1542005248,1542005503,PL
1542005504,1542005759,DE
1542005760,1542006271,HR
1542006272,1542006783,DE
1542006784,1542008831,RU
1542008832,1542009343,UA
1542009344,1542009599,SE
1542009600,1542009855,FR
1542009856,1542010367,NL
1542010368,1542010623,BE
1542010624,1542010879,RU
1542010880,1542011903,IR
1542011904,1542012159,PL
1542012160,1542012415,UA
1542012416,1542012671,GB
1542012672,1542012927,RU
1542012928,1542013183,DK
1542013184,1542013439,RU
1542013440,1542013695,FR
1542013696,1542013951,NL
1542013952,1542014207,FR
1542014208,1542017023,PL
1542017024,1542017279,TR
1542017280,1542017535,GB
1542017536,1542017791,RU
1542017792,1542018047,GB
1542018048,1542019071,DE
1542019072,1542019327,RU
1542019328,1542019583,BE
1542019584,1542020095,UA
1542020096,1542021119,RU
1542021120,1542023167,UA
1542023168,1542023423,GE
1542023424,1542023679,NL
1542023680,1542023935,RO
1542023936,1542024191,PL
1542024192,1542025215,US
1542025216,1542026239,PL
1542026240,1542026751,FI
1542026752,1542027007,BE
1542027008,1542027263,FR
1542027264,1542027519,RO
1542027520,1542027775,DE
1542027776,1542028031,FR
1542028032,1542028287,UA
1542028288,1542028543,GB
1542028544,1542028799,SE
1542028800,1542029055,CH
1542029056,1542029311,UA
1542029312,1542029823,GB
1542029824,1542030335,RO
1542030336,1542031359,RU
1542031360,1542032383,PL
1542032384,1542032639,UA
1542032640,1542032895,FI
1542032896,1542033407,DK
1542033408,1542034943,RU
1542034944,1542035199,PL
1542035200,1542036479,GB
1542036480,1542038271,PL
1542038272,1542038527,SI
1542038528,1542041087,RU
1542041088,1542041343,SA
1542041344,1542041599,RU
1542041600,1542042623,LT
1542042624,1542042879,US
1542042880,1542043135,DE
1542043136,1542043391,CH
1542043392,1542043647,UA
1542043648,1542044671,PL
1542044672,1542045183,RU
1542045184,1542045439,RO
1542045440,1542045695,AT
1542045696,1542046719,RO
1542046720,1542047231,ES
1542047232,1542047487,US
1542047488,1542047743,NL
1542047744,1542047999,PL
1542048000,1542048767,RO
1542048768,1542049279,PL
1542049280,1542049791,BE
1542049792,1542050815,CZ
1542050816,1542051327,RU
1542051328,1542051839,LV
1542051840,1542053887,RU
1542053888,1542054399,NL
1542054400,1542054655,RU
1542054656,1542054911,AT
1542054912,1542055423,PL
1542055424,1542055935,RU
1542055936,1542057471,PL
1542057472,1542059007,RU
1542059520,1542060031,RU
1542060032,1542060287,SK
1542060288,1542060543,DE
1542060544,1542061055,PL
1542061056,1542062079,IT
1542062080,1542064127,UA
1542064128,1542064383,PL
1542064384,1542064639,FR
1542064640,1542064895,PL
1542064896,1542065151,RU
1542065152,1542066175,PL
1542066176,1542066431,RU
1542066432,1542066687,NL
1542066688,1542067199,GB
1542067200,1542067455,PL
1542067456,1542067711,BG
1542067712,1542067967,DE
1542067968,1542068223,GB
1542068224,1542069759,UA
1542069760,1542070015,DE
1542070016,1542071295,UA
1542071296,1542071551,CN
1542071552,1542071807,GB
1542071808,1542072319,IR
1542072320,1542073343,UA
1542073344,1542073855,PL
1542073856,1542074111,HR
1542074112,1542074367,US
1542074368,1542074623,RU
1542074624,1542074879,PL
1542074880,1542075391,NL
1542075392,1542075647,IR
1542075648,1542075903,PL
1542075904,1542076159,RU
1542076160,1542077439,DE
1542077440,1542078975,RU
1542078976,1542079487,PL
1542079488,1542080511,RU
1542080512,1542082559,UA
1542082560,1542083583,RU
1542083584,1542084607,GR
1542084608,1542085631,UA
1542085632,1542086655,BG
1542086656,1542087679,RU
1542087680,1542088703,PL
1542088704,1542089727,FR
1542089728,1542090751,RU
1542090752,1542091775,PL
1542091776,1542092799,RU
1542092800,1542093311,SE
1542093312,1542093823,FR
1542093824,1542095871,PL
1542095872,1542096895,RS
1542096896,1542098431,UA
1542098432,1542099199,PL
1542099200,1542099455,BE
1542099456,1542099711,PL
1542099712,1542099967,IR
1542099968,1542100223,NL
1542100224,1542100479,DK
1542100480,1542100991,RO
1542100992,1542102015,RU
1542102016,1542103039,RO
1542103040,1542103295,CH
1542103296,1542103551,MK
1542103552,1542104063,CZ
1542104064,1542105087,RU
1542105088,1542105599,RO
1542105600,1542105855,RU
1542105856,1542106111,DE
1542106112,1542107135,RU
1542107136,1542107391,PL
1542107392,1542107903,RU
1542107904,1542108159,AT
1542108160,1542109183,RU
1542109184,1542109695,GB
1542109696,1542110207,PL
1542110208,1542110463,RU
1542110464,1542110719,CH
1542110720,1542111231,RS
1542111232,1542111487,JP
1542111488,1542111743,NL
1542111744,1542112255,FR
1542112768,1542113279,NL
1542113280,1542113535,LT
1542113536,1542113791,GB
1542113792,1542114047,RO
1542114048,1542114303,BE
1542114304,1542114815,FI
1542114816,1542115071,NL
1542115072,1542115327,PL
1542115328,1542115839,KZ
1542115840,1542116351,UA
1542116352,1542116607,RO
1542116608,1542116863,DE
1542116864,1542117119,GB
1542117120,1542117375,SM
1542117376,1542117631,DE
1542117632,1542117887,PL
1542117888,1542118399,UZ
1542118400,1542119423,RO
1542119424,1542119935,RU
1542119936,1542120447,UA
1542120448,1542120703,GE
1542120704,1542120959,AT
1542120960,1542121471,BE
1542121472,1542121727,PL
1542121728,1542121983,EE
1542121984,1542122239,GB
1542122240,1542122495,AZ
1542122496,1542122751,FR
1542122752,1542123007,IT
1542123008,1542123263,TR
1542123264,1542123519,DE
1542123520,1542123775,SE
1542123776,1542124543,RO
1542124800,1542125567,PL
1542125568,1542126591,CZ
1542126592,1542127103,PL
1542127104,1542127359,NL
1542127360,1542128127,PL
1542128128,1542128383,GB
1542128384,1542129151,RO
1542129152,1542129407,IS
1542129408,1542129663,RU
1542129664,1542130687,DE
1542130688,1542131711,RU
1542131712,1542134271,PL
1542134272,1542136319,RU
1542136320,1542136831,IL
1542136832,1542137855,TJ
1542137856,1542138367,ES
1542138368,1542138623,RU
1542138624,1542138879,RO
1542138880,1542139135,GB
1542139136,1542139391,DE
1542139392,1542139647,UA
1542139648,1542139903,DE
1542139904,1542140927,ES
1542140928,1542141951,SK
1542141952,1542142975,GB
1542142976,1542143999,NO
1542144000,1542144255,TR
1542144256,1542144511,GB
1542144512,1542144767,RU
1542144768,1542146047,UA
1542146048,1542147071,RU
1542147072,1542147583,IE
1542147584,1542148095,FR
1542148096,1542148607,RU
1542148608,1542148863,SI
1542148864,1542149119,NL
1542149120,1542150143,US
1542150144,1542152191,RU
1542152192,1542153215,IE
1542153216,1542153471,DK
1542153472,1542153727,RU
1542153728,1542153983,UA
1542153984,1542154239,RU
1542154240,1542154751,TR
1542154752,1542155007,RU
1542155008,1542155263,IL
1542155264,1542156287,ES
1542156288,1542156543,RU
1542156544,1542156799,BR
1542156800,1542157311,DE
1542157312,1542157567,RO
1542157568,1542157823,IE
1542157824,1542158079,GB
1542158080,1542158335,GI
1542158336,1542158847,IT
1542158848,1542159359,RO
1542159360,1542160127,PL
1542160128,1542160383,RU
1542160384,1542160895,UA
1542160896,1542161407,GB
1542161408,1542162431,US
1542162432,1542162943,RU
1542162944,1542163199,FR
1542163200,1542163455,DK
1542163456,1542163711,GB
1542163712,1542163967,FR
1542163968,1542164479,UA
1542164480,1542165759,RU
1542165760,1542166015,PL
1542166016,1542166527,IL
1542166528,1542167551,PL
1542167552,1542168063,RU
1542168064,1542168319,CO
1542168320,1542168575,AE
1542168576,1542169599,PL
1542169600,1542169855,BG
1542169856,1542170623,RO
1542170624,1542170879,NL
1542170880,1542171135,RU
1542171136,1542171391,GB
1542171392,1542171647,DE
1542171648,1542172159,GB
1542172160,1542172415,NL
1542172416,1542172671,RU
1542172672,1542173695,KZ
1542173696,1542174207,RU
1542174208,1542174463,ES
1542174464,1542174719,CZ
1542174720,1542176767,RU
1542176768,1542177791,PL
1542177792,1542178815,RU
1542178816,1542179327,CZ
1542179328,1542179583,PL
1542179584,1542179839,RU
1542179840,1542180095,DE
1542180096,1542180351,GB
1542180352,1542180607,DE
1542180608,1542180863,RO
1542180864,1542181887,US
1542181888,1542182143,CH
1542182144,1542182399,RU
1542182400,1542182655,GB
1542182656,1542182911,FI
1542182912,1542183935,PL
1542183936,1542184447,RU
1542184448,1542184959,PL
1542184960,1542185983,UA
1542185984,1542187007,PL
1542187008,1542187263,DK
1542187264,1542187519,RU
1542187520,1542187775,EE
1542187776,1542188031,RU
1542188032,1542188287,DE
1542188288,1542188543,NL
1542188544,1542189055,PL
1542189056,1542189311,DE
1542189312,1542189567,RU
1542189568,1542189823,SI
1542189824,1542190079,GE
1542190080,1542191103,RU
1542191104,1542192127,BG
1542192128,1542193407,PL
1542193408,1542193663,SI
1542193664,1542194175,RU
1542194176,1542195711,PL
1542195712,1542196479,RU
1542196480,1542196735,PL
1542196736,1542197247,RU
1542197248,1542197503,DK
1542197504,1542198015,GB
1542198016,1542198271,NL
1542198272,1542198783,PL
1542198784,1542199551,RU
1542199552,1542199807,FR
1542199808,1542200319,GB
1542200320,1542200575,DK
1542200576,1542201343,RU
1542201344,1542202367,PL
1542202368,1542202623,UA
1542202624,1542202879,HR
1542202880,1542203391,EE
1542203392,1542204415,CZ
1542204416,1542204671,EE
1542204672,1542204927,CH
1542204928,1542205439,RO
1542205440,1542206463,RU
1542206464,1542207487,PL
1542207488,1542207743,GB
1542207744,1542207999,PL
1542208000,1542208255,RO
1542208256,1542208511,ES
1542208512,1542209535,RU
1542209536,1542210559,GB
1542210560,1542211583,SK
1542211584,1542212095,PL
1542212096,1542212607,RO
1542212608,1542212863,PL
1542212864,1542213119,RO
1542213120,1542213375,CH
1542213376,1542214143,RU
1542214144,1542214399,SK
1542214400,1542214655,NL
1542214656,1542215679,PL
1542215680,1542216703,RO
1542216704,1542217727,RU
1542217728,1542218751,UA
1542218752,1542220031,RU
1542220032,1542220287,PL
1542220288,1542220799,DE
1542220800,1542222847,RU
1542222848,1542223359,GB
1542223360,1542223871,RU
1542223872,1542224127,GB
1542224128,1542224383,RU
1542224384,1542224639,DE
1542224640,1542224895,DK
1542224896,1542225151,RU
1542225152,1542225407,PL
1542225408,1542225919,UA
1542225920,1542227455,PL
1542227456,1542228223,RU
1542228224,1542228479,PL
1542228480,1542228991,UA
1542228992,1542230015,RU
1542230016,1542231039,BG
1542231040,1542232063,RU
1542232064,1542232319,GB
1542232320,1542232575,FR
1542232576,1542232831,RU
1542232832,1542234111,UA
1542234112,1542234367,AT
1542234368,1542234623,FR
1542234624,1542234879,AE
1542234880,1542235135,PL
1542235136,1542236159,RU
1542236160,1542236671,IR
1542236672,1542236927,RO
1542236928,1542237183,RU
1542237184,1542238207,PL
1542238208,1542239743,RU
1542239744,1542239999,HU
1542240256,1542240767,UA
1542240768,1542241023,DE
1542241024,1542241279,PL
1542241280,1542241535,LV
1542241536,1542241791,NL
1542241792,1542242303,GB
1542242304,1542243071,NL
1542243072,1542243327,DE
1542243328,1542244607,RU
1542244608,1542244863,EE
1542244864,1542245375,NL
1542245376,1542245887,RU
1542245888,1542246143,GB
1542246144,1542246911,SE
1542246912,1542247423,DK
1542247424,1542247679,SE
1542247680,1542247935,RU
1542247936,1542248447,NL
1542248448,1542249471,US
1542249472,1542249727,CH
1542249728,1542249983,UA
1542249984,1542250239,EE
1542250240,1542250495,RO
1542250496,1542251519,UA
1542251520,1542251775,RO
1542251776,1542252031,PL
1542252032,1542252287,US
1542252288,1542252543,NL
1542252544,1542253055,PL
1542253056,1542253567,RU
1542253568,1542253823,LB
1542253824,1542254079,RO
1542254080,1542254335,RU
1542254336,1542254591,FR
1542254592,1542255615,DE
1542255616,1542256127,BE
1542256128,1542256639,RU
1542256640,1542257663,UA
1542257664,1542258175,RU
1542258176,1542258687,FR
1542258688,1542259711,RU
1542259712,1542260735,UA
1542260736,1542261759,GB
1542261760,1542262783,UA
1542262784,1542263295,IT
1542263296,1542263807,PL
1542263808,1542264063,RU
1542264064,1542264831,SA
1542264832,1542265855,UA
1542265856,1542266879,SA
1542266880,1542267135,RU
1542267136,1542267391,SI
1542267392,1542267903,NO
1542267904,1542268159,UA
1542268160,1542268415,RU
1542268416,1542268927,FR
1542268928,1542269439,UA
1542269440,1542269695,LV
1542269696,1542269951,FR
1542269952,1542271487,RO
1542271488,1542271743,PS
1542271744,1542271999,GE
1542272000,1542272255,PL
1542272256,1542273023,RU
1542273024,1542274047,BG
1542274048,1542275071,PL
1542275072,1542275327,UA
1542275328,1542275583,AT
1542275584,1542276095,SE
1542276096,1542277631,PL
1542277632,1542278143,GB
1542278144,1542278399,RU
1542278400,1542278655,PL
1542278656,1542278911,NL
1542278912,1542279679,PL
1542279680,1542280191,RU
1542280192,1542280959,PL
1542280960,1542281215,CZ
1542281216,1542281727,DE
1542281728,1542281983,SE
1542281984,1542282495,RO
1542282496,1542282751,CL
1542282752,1542283007,RU
1542283008,1542283263,SE
1542283264,1542283519,AT
1542283520,1542283775,RU
1542283776,1542284287,LV
1542284288,1542284799,DE
1542284800,1542285311,BG
1542285312,1542285567,BD
1542285568,1542285823,IN
1542285824,1542286079,SE
1542286080,1542287103,UA
1542287104,1542287359,RU
1542287360,1542287871,PL
1542287872,1542288639,UA
1542288640,1542288895,DE
1542288896,1542289151,PL
1542289152,1542290431,UA
1542290432,1542290687,GB
1542290688,1542291711,UA
1542291712,1542291967,NL
1542291968,1542292479,RO
1542292480,1542293503,SI
1542293504,1542294527,PL
1542294528,1542295039,GB
1542295040,1542295295,UA
1542295296,1542295551,DE
1542295552,1542296831,RU
1542296832,1542297087,PL
1542297088,1542297343,AM
1542297344,1542297599,FI
1542297600,1542297855,UA
1542297856,1542298111,NL
1542298112,1542300159,PL
1542300160,1542300415,KZ
1542300416,1542300671,RU
1542300672,1542301695,KZ
1542301696,1542302463,SK
1542302464,1542303231,PL
1542303232,1542303743,US
1542303744,1542303999,GB
1542304000,1542304255,NL
1542304256,1542304767,RU
1542304768,1542305023,KG
1542305024,1542305791,RU
1542305792,1542306047,FR
1542306048,1542306303,GB
1542306304,1542307327,RU
1542307328,1542307583,PL
1542307584,1542307839,SE
1542307840,1542308095,RU
1542308096,1542308351,RO
1542308352,1542308607,CL
1542308608,1542308863,RO
1542308864,1542309119,PL
1542309120,1542309375,GB
1542309376,1542309631,NL
1542309632,1542310911,RU
1542310912,1542311935,UA
1542311936,1542312191,FR
1542312192,1542312447,RU
1542312448,1542312959,GB
1542312960,1542313215,FR
1542313216,1542313471,RU
1542313472,1542313727,DE
1542313728,1542313983,FR
1542313984,1542314495,TR
1542314496,1542314751,LU
1542314752,1542315007,PL
1542315008,1542316031,RU
1542316032,1542317567,PL
1542317568,1542317823,CY
1542317824,1542318079,GB
1542318080,1542319103,UA
1542319104,1542320127,CZ
1542320128,1542322175,UA
1542322176,1542322431,RO
1542322432,1542322687,RU
1542322688,1542322943,UA
1542322944,1542323199,DE
1542323200,1542323711,RU
1542323712,1542324479,IR
1542324480,1542324735,FR
1542324736,1542325247,RU
1542325248,1542325503,DE
1542325504,1542325759,UA
1542325760,1542326271,RS
1542326272,1542326527,SC
1542326528,1542326783,UA
1542326784,1542327295,RU
1542327296,1542328319,US
1542328320,1542328831,UA
1542328832,1542329087,FR
1542329088,1542329343,AT
1542329344,1542329855,ES
1542329856,1542330111,US
1542330112,1542330367,UA
1542330368,1542331903,RU
1542331904,1542332671,FR
1542332672,1542332927,US
1542332928,1542333439,RU
1542333440,1542333695,PL
1542333696,1542334207,RO
1542334208,1542334463,FR
1542334464,1542334975,RO
1542334976,1542335487,DE
1542335488,1542337023,RU
1542337024,1542337279,RO
1542337280,1542337535,SE
1542337536,1542339839,PL
1542339840,1542340095,RS
1542340096,1542340351,RO
1542340352,1542340607,FR
1542340608,1542342143,RU
1542342144,1542342399,BY
1542342400,1542342655,US
1542342656,1542343167,FR
1542343168,1542343679,RU
1542343680,1542344447,PL
1542344448,1542345215,RU
1542345216,1542345471,DE
1542345472,1542345983,US
1542345984,1542346239,PL
1542346240,1542347775,RU
1542347776,1542348287,US
1542348288,1542348799,MD
1542348800,1542349823,RU
1542349824,1542351359,UA
1542351360,1542351615,BG
1542351616,1542351871,FR
1542351872,1542352895,RU
1542352896,1542353151,US
1542353152,1542353407,SA
1542353408,1542353663,HK
1542353664,1542353919,RU
1542353920,1542354943,IT
1542354944,1542355711,RU
1542355712,1542355967,DE
1542355968,1542356479,PL
1542356480,1542356735,ES
1542356736,1542357503,RU
1542357504,1542357759,GB
1542357760,1542358015,FR
1542358016,1542358271,UA
1542358272,1542358527,RU
1542358528,1542359039,PL
1542359040,1542360319,RU
1542360320,1542360575,NL
1542360576,1542361087,PL
1542361088,1542361343,CH
1542361344,1542361599,PL
1542361600,1542362111,UA
1542362112,1542362623,US
1542362624,1542363135,FR
1542363648,1542364159,NL
1542364160,1542365183,RU
1542365184,1542366719,GB
1542366720,1542367231,PL
1542367232,1542368255,RU
1542368256,1542369279,PL
1542369280,1542369791,NL
1542369792,1542370303,PL
1542370304,1542370815,DE
1542370816,1542371839,RU
1542371840,1542372351,RO
1542372352,1542373375,RU
1542373376,1542375167,GB
1542375168,1542375423,BG
1542375424,1542376191,RU
1542376192,1542376447,HK
1542376448,1542376959,BG
1542376960,1542377215,DK
1542377216,1542377471,HK
1542377472,1542377983,GB
1542377984,1542378495,RU
1542378496,1542378751,DK
1542378752,1542379007,HK
1542379008,1542379519,IE
1542379520,1542379775,PL
1542379776,1542380031,DE
1542380032,1542380287,RO
1542380288,1542380543,BE
1542380544,1542380799,FR
1542380800,1542381055,GB
1542381056,1542381823,RU
1542381824,1542382079,AT
1542382080,1542382335,CH
1542382336,1542383615,RU
1542383616,1542384639,PL
1542384640,1542384895,DE
1542384896,1542385151,BE
1542385152,1542385407,GB
1542385408,1542385663,ES
1542385664,1542386687,PL
1542386688,1542387199,RU
1542387200,1542387711,PL
1542387712,1542388223,RU
1542388224,1542388479,IT
1542388480,1542388735,BG
1542388736,1542389247,RU
1542389248,1542389503,PL
1542389504,1542389759,BG
1542389760,1542390783,US
1542390784,1542391295,RU
1542391296,1542391807,AL
1542391808,1542392831,MD
1542392832,1542393087,RO
1542393088,1542393343,BG
1542393344,1542393599,IR
1542393600,1542393855,AT
1542393856,1542394879,RU
1542394880,1542395135,DE
1542395136,1542395391,ES
1542395392,1542395647,AM
1542395648,1542395903,LV
1542395904,1542396159,DE
1542396160,1542396415,NO
1542396416,1542396927,RU
1542396928,1542397951,PL
1542397952,1542398463,NL
1542398464,1542398975,DE
1542398976,1542399231,PL
1542399232,1542399487,AT
1542399488,1542399999,DK
1542400000,1542400767,RU
1542400768,1542401023,FR
1542401024,1542401535,RU
1542401536,1542401791,GB
1542401792,1542402047,BG
1542402048,1542403071,UA
1542403072,1542403327,CH
1542403328,1542403583,NL
1542403584,1542403839,FR
1542403840,1542404095,GB
1542404096,1542404351,FR
1542404352,1542404607,GB
1542404608,1542404863,IL
1542404864,1542405119,US
1542405120,1542405375,RU
1542405376,1542405631,PL
1542405632,1542405887,GB
1542405888,1542406143,RU
1542406144,1542406399,IT
1542406400,1542406655,UA
1542406656,1542407167,PL
1542407168,1542408191,RU
1542408192,1542408703,GB
1542408704,1542408959,UA
1542408960,1542409215,PL
1542409216,1542409471,NL
1542409472,1542409727,SG
1542409728,1542411263,UA
1542411264,1542411519,DE
1542411520,1542411775,AM
1542411776,1542412031,DE
1542412032,1542412287,GB
1542412288,1542412799,RU
1542412800,1542413055,PL
1542413056,1542413311,GB
1542413312,1542413823,DE
1542413824,1542414079,RU
1542414080,1542414335,UA
1542414336,1542414847,SI
1542414848,1542415359,RU
1542415360,1542415615,DK
1542415616,1542415871,KZ
1542415872,1542416383,RU
1542416384,1542417407,UA
1542417408,1542418431,IR
1542418432,1542418687,RU
1542418688,1542419455,PL
1542419456,1542419711,BG
1542419712,1542419967,FI
1542419968,1542420223,AT
1542420224,1542420479,IQ
1542420480,1542420735,CZ
1542420736,1542420991,RU
1542420992,1542421247,DK
1542421248,1542421503,RO
1542421504,1542422015,GB
1542422016,1542422527,RU
1542422528,1542422783,RO
1542422784,1542423039,PL
1542423040,1542423295,DE
1542423296,1542424575,RU
1542424576,1542425599,UA
1542425600,1542426623,RU
1542426624,1542426879,PL
1542426880,1542427135,AL
1542427136,1542427391,AU
1542427392,1542427407,IE
1542427408,1542427423,GB
1542427424,1542427439,US
1542427440,1542427455,HK
1542427456,1542427471,CA
1542427472,1542427487,JP
1542427488,1542427503,ES
1542427504,1542427519,FR
1542427520,1542427535,IE
1542427536,1542427551,GB
1542427552,1542427567,US
1542427568,1542427583,HK
1542427584,1542427599,CA
1542427600,1542427615,JP
1542427616,1542427631,ES
1542427632,1542427647,IE
1542427648,1542428159,US
1542428160,1542428415,UA
1542428416,1542428671,RS
1542428672,1542429695,PL
1542429696,1542429951,GB
1542429952,1542430207,DE
1542430208,1542430719,RU
1542430720,1542431743,UA
1542431744,1542432767,DE
1542432768,1542433791,PL
1542433792,1542434047,RU
1542434048,1542434303,RO
1542434304,1542434815,NL
1542434816,1542435071,RU
1542435072,1542435327,DE
1542435328,1542435839,RO
1542435840,1542436863,PL
1542436864,1542437119,RU
1542437120,1542437375,PL
1542437376,1542437631,NL
1542437632,1542437887,CZ
1542437888,1542438143,FR
1542438144,1542438399,IR
1542438400,1542438911,RU
1542438912,1542439167,IR
1542439168,1542439423,SI
1542439424,1542439679,RO
1542439680,1542439935,CY
1542439936,1542440959,PL
1542440960,1542441983,CZ
1542441984,1542442239,TR
1542442240,1542442495,PL
1542442496,1542443007,GE
1542443008,1542443263,DE
1542443264,1542443519,US
1542443520,1542443775,IR
1542443776,1542444031,DE
1542444032,1542444287,GE
1542444288,1542444543,IE
1542444544,1542444799,IR
1542444800,1542445055,RU
1542445056,1542445567,DE
1542445568,1542445823,NO
1542445824,1542446079,BE
1542446080,1542447615,RO
1542447616,1542447871,DE
1542447872,1542448639,RU
1542448640,1542448895,RO
1542448896,1542449151,AT
1542449152,1542450175,UA
1542450176,1542450687,CZ
1542450688,1542450943,UA
1542450944,1542451199,RU
1542451200,1542451455,AL
1542451456,1542451711,UA
1542451712,1542451967,TR
1542451968,1542452223,SI
1542452224,1542454271,PL
1542454272,1542454783,NO
1542454784,1542455039,PL
1542455040,1542455295,SE
1542455296,1542455551,GB
1542455552,1542455807,RO
1542455808,1542456319,GB
1542456320,1542456831,RO
1542456832,1542457343,RS
1542457344,1542458367,KZ
1542458368,1542459391,UZ
1542459392,1542459647,RU
1542459648,1542459903,GB
1542459904,1542460415,CH
1542460416,1542461439,LT
1542461440,1542461695,GB
1542461696,1542461951,RU
1542461952,1542462207,TR
1542462208,1542462463,AZ
1542462464,1542463487,PL
1542463488,1542463743,FR
1542463744,1542463999,KH
1542464000,1542464255,DE
1542464256,1542464511,CZ
1542464512,1542464767,RU
1542464768,1542465023,TR
1542465024,1542465535,RU
1542465536,1542466559,DE
1542466560,1542466815,PL
1542466816,1542467071,RU
1542467072,1542467327,CZ
1542467328,1542467583,GB
1542467584,1542468607,UA
1542468608,1542469631,SI
1542469632,1542470655,ES
1542470656,1542471679,IR
1542471680,1542472703,SE
1542472704,1542472959,PL
1542472960,1542473215,BG
1542473216,1542473471,PL
1542473472,1542473727,HK
1542473728,1542473983,FR
1542473984,1542474239,AE
1542474240,1542474751,RU
1542474752,1542475007,PL
1542475008,1542475263,DE
1542475264,1542475775,FR
1542475776,1542476799,LB
1542476800,1542477823,RU
1542477824,1542478079,DK
1542478080,1542478335,US
1542478336,1542478847,RU
1542478848,1542479103,DE
1542479104,1542479359,PL
1542479360,1542479615,RO
1542479616,1542479871,IR
1542479872,1542480895,UA
1542480896,1542481407,PL
1542481408,1542481919,RU
1542481920,1542482431,US
1542482432,1542482943,PL
1542482944,1542483199,TR
1542483200,1542483455,FR
1542483456,1542484991,RU
1542484992,1542485247,IR
1542485248,1542485503,AT
1542485504,1542485759,HK
1542485760,1542488063,RU
1542488064,1542488319,UZ
1542488320,1542488575,DE
1542488576,1542491135,PL
1542491136,1542492159,UA
1542492160,1542492415,RU
1542492416,1542492671,UA
1542492672,1542492927,DE
1542492928,1542493183,US
1542493184,1542493439,PS
1542493440,1542494207,RO
1542494208,1542494719,PL
1542494720,1542494975,RO
1542495232,1542496255,US
1542496256,1542496767,DE
1542496768,1542497023,RU
1542497024,1542497535,DE
1542497536,1542497791,AL
1542497792,1542498303,IT
1542498304,1542499583,RU
1542499584,1542499839,ES
1542499840,1542500095,GB
1542500096,1542500351,EE
1542500352,1542500607,GB
1542500608,1542500863,RO
1542500864,1542501119,GB
1542501120,1542501375,RU
1542501376,1542502399,IR
1542502400,1542502655,RO
1542502656,1542503423,DK
1542503424,1542503679,RO
1542503680,1542503935,DK
1542503936,1542504447,RU
1542504448,1542504703,GB
1542504704,1542504959,PL
1542504960,1542505215,SE
1542505216,1542505471,NO
1542505472,1542506495,PL
1542506496,1542507007,NL
1542507008,1542507263,GB
1542507520,1542508543,NO
1542508544,1542509567,RU
1542510080,1542510591,IT
1542510592,1542510847,SI
1542510848,1542511103,DE
1542511104,1542511871,RU
1542511872,1542512127,GB
1542512128,1542512383,RU
1542512384,1542512639,PL
1542512640,1542512895,GB
1542512896,1542513151,RU
1542513152,1542513663,GB
1542513664,1542513919,NG
1542513920,1542514175,GB
1542514176,1542514687,IT
1542514688,1542514943,TR
1542514944,1542515199,IT
1542515200,1542515711,IL
1542515712,1542516223,RO
1542516224,1542516735,PL
1542516736,1542516991,NL
1542516992,1542517247,FR
1542517248,1542517759,RU
1542517760,1542518015,UA
1542518016,1542518271,KG
1542518272,1542518783,LV
1542518784,1542519807,PL
1542519808,1542520319,SE
1542520320,1542520575,NL
1542520576,1542521343,DE
1542521344,1542521599,NO
1542521600,1542521855,PT
1542521856,1542522111,RU
1542522112,1542522367,PL
1542522368,1542522879,NL
1542522880,1542523903,CZ
1542523904,1542524415,RU
1542524416,1542524927,IT
1542524928,1542525951,RU
1542525952,1542526463,IR
1542526464,1542526719,RU
1542526720,1542526975,CZ
1542526976,1542527999,PL
1542528000,1542528255,BE
1542528256,1542528511,NL
1542528512,1542528767,BE
1542528768,1542531583,PL
1542531584,1542531839,FR
1542531840,1542532095,RU
1542532096,1542532351,DE
1542532352,1542533119,RU
1542533120,1542534399,TR
1542534400,1542534655,HR
1542534656,1542534911,RU
1542534912,1542535167,TR
1542535168,1542535423,GB
1542535424,1542535679,FR
1542535680,1542535935,RU
1542535936,1542536191,UZ
1542536192,1542537215,PL
1542537216,1542538239,LV
1542538240,1542538751,RU
1542538752,1542539007,GB
1542539008,1542539263,UA
1542539264,1542540287,DE
1542540288,1542540543,KZ
1542540544,1542540799,CZ
1542540800,1542541055,GB
1542541056,1542541311,BE
1542541312,1542542335,UA
1542542336,1542542847,RU
1542542848,1542543359,IT
1542543360,1542544383,RU
1542544384,1542544639,IR
1542544640,1542544895,DE
1542544896,1542545407,GR
1542545408,1542553599,UA
1542553600,1542563839,RU
1542563840,1542565887,CZ
1542565888,1542566911,UA
1542566912,1542569983,RU
1542569984,1542586367,UA
1542586368,1542594559,AZ
1542594560,1542597631,RU
1542597632,1542598143,IR
1542598144,1542599679,RO
1542599680,1542600703,UA
1542600704,1542602751,PL
1542602752,1542603775,MD
1542603776,1542604543,US
1542604544,1542604799,MD
1542604800,1542605567,US
1542605568,1542605823,GB
1542605824,1542607359,MD
1542607360,1542607615,US
1542607616,1542610431,MD
1542610432,1542610943,US
1542610944,1542612735,MD
1542612736,1542612991,US
1542612992,1542613247,MD
1542613248,1542613503,US
1542613504,1542617855,MD
1542617856,1542619135,US
1542619136,1542621183,IE
1542621184,1542627327,ES
1542627328,1542627583,NL
1542627584,1542627839,RU
1542627840,1542628095,FR
1542628096,1542628351,SK
1542628352,1542630399,RU
1542630400,1542630655,GB
1542630656,1542630911,DE
1542630912,1542631423,PL
1542631424,1542635519,RU
1542635520,1542637567,UA
1542637568,1542639615,NO
1542639616,1542640639,RU
1542640640,1542640895,DE
1542640896,1542641151,RU
1542641152,1542641632,US
1542641633,1542641633,AU
1542641634,1542641663,US
1542641664,1542641919,RO
1542641920,1542642175,GB
1542642176,1542642431,PL
1542642432,1542642687,SE
1542642688,1542643199,PL
1542643200,1542643455,UA
1542643456,1542643711,NL
1542643712,1542643967,FR
1542643968,1542644479,NL
1542644480,1542644735,CA
1542644736,1542644991,SE
1542644992,1542645247,NL
1542645248,1542645503,IT
1542645504,1542645759,PL
1542645760,1542646271,US
1542646272,1542646527,DE
1542646528,1542646783,IT
1542646784,1542647039,RU
1542647040,1542647295,US
1542647296,1542647551,SC
1542647552,1542647807,VN
1542647808,1542648063,SC
1542648064,1542648319,SG
1542648320,1542648575,NL
1542648576,1542648831,ES
1542648832,1542649087,NL
1542649088,1542649343,ZA
1542649344,1542649599,UA
1542649600,1542649855,AT
1542649856,1542650111,DE
1542650112,1542650367,LT
1542650368,1542650623,IT
1542650624,1542650879,NZ
1542650880,1542651135,US
1542651136,1542651391,NL
1542651392,1542651903,RU
1542651904,1542660095,UA
1542660096,1542668287,RU
1542668288,1542668799,NL
1542668800,1542669311,PL
1542669312,1542669567,JP
1542669568,1542669823,NO
1542669824,1542670079,DE
1542670080,1542670335,KZ
1542670336,1542670847,SG
1542670848,1542671359,DE
1542671616,1542671871,IQ
1542671872,1542672127,DE
1542672128,1542672383,GB
1542672384,1542672639,RU
1542672640,1542672895,SG
1542672896,1542673663,RU
1542673664,1542673919,LU
1542673920,1542674175,RU
1542674176,1542674431,MD
1542674432,1542681087,RU
1542681088,1542681343,IR
1542681344,1542681599,PL
1542681600,1542681855,TR
1542681856,1542682111,FR
1542682112,1542682367,IT
1542682368,1542682623,IR
1542682624,1542683135,RU
1542683136,1542683391,SK
1542683392,1542683647,RS
1542683648,1542684159,RU
1542684160,1542684671,IR
1542684672,1542692863,ES
1542692864,1542696959,IR
1542696960,1542697215,GB
1542697216,1542697471,DE
1542697472,1542697727,SG
1542697728,1542697983,GB
1542697984,1542699007,UA
1542699008,1542700031,IT
1542700032,1542701055,RU
1542701056,1542709247,UA
1542709248,1542717439,RU
1542717440,1542733823,LV
1542733824,1542734847,RU
1542734848,1542735103,NL
1542735104,1542735359,UA
1542735360,1542735615,AT
1542735616,1542735871,DE
1542735872,1542742015,RU
1542742016,1542746111,KZ
1542746112,1542747135,RU
1542747136,1542747391,TR
1542747392,1542747647,GB
1542747648,1542748159,UA
1542748160,1542749183,IR
1542749184,1542749439,UA
1542749440,1542749695,DE
1542749696,1542749951,FI
1542749952,1542758399,UA
1542758400,1542763519,RU
1542763520,1542763775,DE
1542763776,1542764031,GB
1542764032,1542764287,PL
1542764288,1542764543,RU
1542764544,1542766591,PL
1542766592,1542767615,GB
1542767616,1542767871,US
1542767872,1542768127,LT
1542768128,1542768383,DE
1542768384,1542768639,US
1542768640,1542769663,FR
1542769664,1542770687,NL
1542770688,1542774783,PL
1542774784,1542775039,NL
1542775040,1542775295,PL
1542775296,1542775551,SK
1542775552,1542775807,TR
1542775808,1542776063,NL
1542776064,1542776319,GB
1542776320,1542776831,PL
1542776832,1542777855,RU
1542777856,1542778367,GB
1542778368,1542778623,FR
1542778624,1542778879,GB
1542778880,1542780159,RU
1542780160,1542780415,GB
1542780416,1542780671,FR
1542780672,1542780927,RO
1542780928,1542781951,PL
1542781952,1542782975,RU
1542782976,1542791167,CZ
1542791168,1542801407,RU
1542801408,1542803455,UA
1542803456,1542805503,PL
1542805504,1542806271,RO
1542806272,1542806527,CH
1542806528,1542807551,RO
1542807552,1542815743,UA
1542815744,1542823935,RU
1542823936,1542828031,CH
1542828032,1542832127,RO
1542832128,1542832383,BG
1542832384,1542832639,SI
1542832640,1542832895,LV
1542832896,1542833151,GR
1542833152,1542834175,KZ
1542834176,1542836223,ES
1542836224,1542836479,RO
1542836480,1542836735,PL
1542836736,1542837247,RU
1542837248,1542837503,GB
1542837504,1542837759,IT
1542837760,1542838015,RS
1542838016,1542838783,DE
1542838784,1542839039,CH
1542839040,1542839295,PL
1542839296,1542839551,NL
1542839808,1542840063,CY
1542840064,1542840319,UA
1542840320,1542840831,CH
1542840832,1542841087,GB
1542841088,1542841343,RU
1542841344,1542842367,IR
1542842368,1542842879,BZ
1542842880,1542843135,IT
1542843136,1542843903,US
1542843904,1542844159,PT
1542844160,1542844415,RO
1542844416,1542845439,NL
1542845440,1542846463,IE
1542846464,1542847487,LB
1542847488,1542847743,US
1542847744,1542847999,SG
1542848000,1542848255,CA
1542848256,1542848511,HK
1542848512,1542849535,RU
1542849536,1542850559,UA
1542850560,1542851583,GB
1542851584,1542851839,BG
1542851840,1542852095,PL
1542852096,1542852351,KW
1542852352,1542852607,PL
1542852608,1542855167,RU
1542855168,1542856191,GB
1542856192,1542856447,CA
1542856448,1542856703,IR
1542856704,1542856959,US
1542856960,1542857215,GB
1542857216,1542857471,UA
1542857472,1542857727,NZ
1542857728,1542858239,US
1542858240,1542858495,PL
1542858496,1542858751,US
1542858752,1542859263,NL
1542859264,1542859327,CI
1542859328,1542859391,NE
1542859392,1542859455,PR
1542859456,1542859519,RU
1542859520,1542859775,HK
1542859776,1542860287,IR
1542860288,1542860543,US
1542860544,1542860799,DE
1542860800,1542861055,UA
1542861056,1542861311,RO
1542861312,1542861567,GE
1542861568,1542861823,US
1542861824,1542862079,ES
1542862080,1542862591,UA
1542862592,1542862847,SE
1542862848,1542863103,UA
1542863104,1542863615,US
1542863616,1542863871,NL
1542863872,1542864127,PL
1542864128,1542864383,ES
1542864384,1542864639,UA
1542864640,1542864895,US
1542864896,1542868991,PL
1542868992,1542875135,KZ
1542875136,1542877183,PL
1542877184,1542881279,RU
1542881280,1542889471,UA
1542889472,1542891519,RU
1542891520,1542892543,PL
1542892544,1542893567,RO
1542893568,1542894591,US
1542894592,1542897663,RO
1542897664,1542898687,DE
1542898688,1542900223,RO
1542900224,1542900735,DE
1542900736,1542901759,RO
1542901760,1542903807,PL
1542903808,1542904319,RO
1542904320,1542904575,IL
1542904576,1542904831,RU
1542904832,1542905855,UA
1542905856,1542914047,SI
1542914048,1542923263,RU
1542923264,1542923775,BG
1542923776,1542924031,SC
1542924032,1542924287,UA
1542924288,1542924543,LT
1542924544,1542927359,FR
1542927360,1542928383,SA
1542928384,1542930431,KG
1542930432,1542930943,GE
1542930944,1542931455,IR
1542931456,1542932479,RU
1542932480,1542932735,LV
1542932736,1542932991,GB
1542932992,1542933247,NO
1542933248,1542933503,FR
1542933504,1542933759,UA
1542933760,1542934015,SC
1542934016,1542934271,US
1542934272,1542934527,SC
1542934528,1542938623,UA
1542938624,1542950911,RU
1542950912,1542951423,DE
1542951424,1542951935,PL
1542951936,1542955007,RU
1542955008,1542955263,DE
1542955264,1542955775,UA
1542955776,1542956031,US
1542956032,1542956287,TR
1542956288,1542957055,UA
1542957056,1542957311,TR
1542957312,1542957823,UA
1542957824,1542958079,IR
1542958080,1542958335,US
1542958336,1542958591,UA
1542958592,1542958847,IR
1542958848,1542959103,ES
1542959104,1542959359,CH
1542959360,1542959615,RO
1542959616,1542959871,CY
1542959872,1542960127,RO
1542960128,1542960383,BG
1542960384,1542960639,GB
1542960640,1542961151,UA
1542961152,1542961407,NL
1542961408,1542961663,LT
1542961664,1542961919,UA
1542961920,1542962175,DE
1542962176,1542962431,TR
1542962432,1542962687,UA
1542962688,1542962943,RU
1542962944,1542963199,US
1542963200,1542970623,RU
1542970624,1542970879,GB
1542970880,1542971391,RU
1542971392,1542972415,UA
1542972416,1542973439,NO
1542973440,1542975487,RU
1542975488,1542977535,RO
1542977536,1542978559,RU
1542978560,1542978815,PL
1542978816,1542979071,CH
1542979072,1542979583,RU
1542979584,1543110655,DE
1543110656,1543127039,UA
1543127040,1543143423,DE
1543143424,1543159807,ES
1543159808,1543167999,SE
1543168000,1543172095,IR
1543172096,1543172351,IN
1543172352,1543172607,ES
1543172608,1543172863,DE
1543172864,1543173119,PL
1543173120,1543173375,FR
1543173376,1543173631,MD
1543173632,1543174143,RO
1543174144,1543174399,GR
1543174400,1543174655,IE
1543174656,1543175423,RO
1543175424,1543175679,FR
1543175680,1543176191,RO
1543176192,1543241727,IR
1543241728,1543503871,IT
